gene,priority_reason,spatial_tier,top_region,top_region_name,top_region_division,top_region_structure,subcategory,max_region_expression,top_region_fraction,normalized_entropy,evidence_grade,discovery_score,targetability_score,known_role,source_url,region_specific_evidence,interpretation
Ano1,ION_CHANNEL,STRICT_EXCLUSIVE,MH,Medial habenula,TH,MH,Anoctamin-1 (Transmembrane protein 16A),6.6784994,0.1489227655,0.5986471013,C,48.19116796,46.40735519,"TMEM16A/ANO1 (calcium-activated Cl- channel) is highly expressed in ventral medial habenula cholinergic neurons and drives their spontaneous firing; conditional deletion in MHb cholinergic neurons causes anxiety, anhedonia, reduced social motivation and schizophrenia-like phenotypes in mice.",https://www.embopress.org/doi/full/10.15252/embr.201948097,True,"Ano1: predicted fine-region profile is strict-exclusive, with 5 positive regions out of 554 (limit 12); direct spatial validation is required."
Lrrc55,ION_CHANNEL,STRICT_EXCLUSIVE,MH,Medial habenula,TH,MH,Leucine-rich repeat-containing protein 55 (BK channel auxiliary gamma subunit LRRC55),5.595679048,0.07060969714,0.7156297977,C,42.20062582,41.99726144,"Lrrc55 encodes the neuronal-specific gamma-auxiliary subunit of BK (Slo1) channels; its mRNA is richly and selectively expressed in the medial habenula (MHb), conferring distinct BK channel biophysics there.",https://journals.plos.org/plosone/article?id=10.1371/journal.pone.0191749,True,"Lrrc55: predicted fine-region profile is strict-exclusive, with 11 positive regions out of 554 (limit 12); direct spatial validation is required."
Tac1,NEUROPEPTIDE_SUPPLEMENT,STRICT_EXCLUSIVE,OT,Olfactory tubercle,STR,OT,,5.533086506,0.09137931796,0.6580636718,C,45.05241409,43.6608911,"Tac1 (protachykinin-1, precursor of substance P/neurokinin A) is expressed by striatal-type medium spiny neurons in the olfactory tubercle, consistent with the OT's striosome-like neurochemistry.",https://www.sciencedirect.com/topics/neuroscience/olfactory-tubercle,True,"Tac1: predicted fine-region profile is strict-exclusive, with 8 positive regions out of 554 (limit 12); direct spatial validation is required."
Tac2,NEUROPEPTIDE_SUPPLEMENT,STRICT_EXCLUSIVE,MH,Medial habenula,TH,MH,,5.466341344,0.2699149367,0.5950575793,C,48.95907115,48.1552471,Tac2 (neurokinin B) is densely and selectively enriched in the medial habenula; dorsal MHb tachykinin-expressing neurons regulate mood-related behavior and primary reinforcement.,https://www.eneuro.org/content/3/3/ENEURO.0109-16.2016,True,"Tac2: predicted fine-region profile is strict-exclusive, with 1 positive regions out of 554 (limit 12); direct spatial validation is required."
Chrna3,ION_CHANNEL,STRICT_EXCLUSIVE,MH,Medial habenula,TH,MH,Neuronal acetylcholine receptor subunit alpha-3,4.965285844,0.11340216,0.6673045083,C,45.42959552,43.22144237,"Chrna3 co-assembles with Chrnb4 (and Chrna5) to form alpha3beta4 nicotinic receptors most highly expressed in the medial habenula-interpeduncular nucleus circuit, mediating nicotine aversion/withdrawal.",https://www.cell.com/neuron/fulltext/S0896-6273(11)00339-4,True,"Chrna3: predicted fine-region profile is strict-exclusive, with 7 positive regions out of 554 (limit 12); direct spatial validation is required."
Chrnb4,ION_CHANNEL,STRICT_EXCLUSIVE,MH,Medial habenula,TH,MH,Neuronal acetylcholine receptor subunit beta-4,4.851696158,0.2616414005,0.540467125,C,51.28293884,49.32783803,Chrnb4 pairs with Chrna3/Chrna5 to form the dominant nAChR subtype of the medial habenula; balanced beta4/alpha5 activity in MHb neurons regulates aversion to nicotine and withdrawal signs.,https://www.sciencedirect.com/science/article/pii/S0896627311003394,True,"Chrnb4: predicted fine-region profile is strict-exclusive, with 3 positive regions out of 554 (limit 12); direct spatial validation is required."
Gpr151,GPCR,STRICT_EXCLUSIVE,MH,Medial habenula,TH,MH,G protein-coupled receptor 151 protein (G protein-coupled receptor PGR7) (GPCR-2037),4.217945107,0.2981707088,0.4901756957,C,52.29727264,51.2728497,"Gpr151 shows pronounced, highly specific expression in medial (and lateral) habenula neurons and axons forming the fasciculus retroflexus; implicated in addiction vulnerability and social reward via habenular circuits.",https://pubmed.ncbi.nlm.nih.gov/25116430/,True,"Gpr151: predicted fine-region profile is strict-exclusive, with 3 positive regions out of 554 (limit 12); direct spatial validation is required."
Drd3,GPCR,STRICT_EXCLUSIVE,OT,Olfactory tubercle,STR,OT,D(3) dopamine receptor (Dopamine D3 receptor),4.068271607,0.1060597381,0.6255923675,C,47.39547994,43.91829019,"Drd3 (dopamine D3 receptor) is selectively distributed in limbic-striatal regions including the olfactory tubercle and island of Calleja, linked to locomotor signaling.",https://link.springer.com/article/10.1007/s00429-012-0383-8,True,"Drd3: predicted fine-region profile is strict-exclusive, with 12 positive regions out of 554 (limit 12); direct spatial validation is required."
Gpr50,GPCR,STRICT_EXCLUSIVE,OV,Vascular organ of the lamina terminalis,HY,OV,Melatonin-related receptor (G protein-coupled receptor 50) (H9),4.052634514,0.215685875,0.5431260057,C,51.75842126,47.90180488,Gpr50 (melatonin-related orphan GPCR) immunoreactivity is documented in the vascular organ of the lamina terminalis (OVLT) along with other periventricular/hypothalamic regions.,https://www.researchgate.net/publication/224706980_Neuroanatomical_distribution_of_the_orphan_GPR50_receptor_in_adult_sheep_and_rodent_brains,True,"Gpr50: predicted fine-region profile is strict-exclusive, with 5 positive regions out of 554 (limit 12); direct spatial validation is required."
Slc6a4,ION_CHANNEL,STRICT_EXCLUSIVE,DR,Dorsal nucleus raphe,MB,DR,Sodium-dependent serotonin transporter (SERT) (5HT transporter) (5HTT) (Solute carrier family 6 member 4),3.887880184,0.2822223898,0.4848282606,C,53.41612743,50.89079852,"Slc6a4 encodes SERT, the serotonin reuptake transporter, acting primarily in brainstem raphe neurons (dorsal raphe contains ~85% of CNS serotonergic neurons) to terminate serotonergic signaling.",https://pmc.ncbi.nlm.nih.gov/articles/PMC6445781/,True,"Slc6a4: predicted fine-region profile is strict-exclusive, with 3 positive regions out of 554 (limit 12); direct spatial validation is required."
Chrnb3,ION_CHANNEL,STRICT_EXCLUSIVE,MH,Medial habenula,TH,MH,Neuronal acetylcholine receptor subunit beta-3,3.707010757,0.1165704879,0.5991485777,C,49.67713471,44.55527118,"Chrnb3 is expressed in brain regions important for nicotine reward/withdrawal including VTA, substantia nigra, nucleus accumbens, and medial habenula, co-assembling with alpha3/alpha6/beta2 subunits.",https://en.wikipedia.org/wiki/CHRNB3,True,"Chrnb3: predicted fine-region profile is strict-exclusive, with 10 positive regions out of 554 (limit 12); direct spatial validation is required."
Slc6a3,NEUROMODULATORY_SIGNAL,STRICT_EXCLUSIVE,VTA,Ventral tegmental area,MB,VTA,,3.614410439,0.127844274,0.5214105444,C,52.32336716,46.93109163,"Slc6a3 encodes the dopamine transporter (DAT), expressed predominantly in substantia nigra and ventral tegmental area dopaminergic neurons, controlling dopamine reuptake.",https://www.ncbi.nlm.nih.gov/sites/books/NBK442323/,True,"Slc6a3: predicted fine-region profile is strict-exclusive, with 10 positive regions out of 554 (limit 12); direct spatial validation is required."
Fzd5,GPCR,STRICT_EXCLUSIVE,PF,Parafascicular nucleus,TH,PF,Frizzled-5 (Fz-5) (mFz5),3.61425331,0.1163465414,0.6091512709,C,48.19872194,44.18974042,"Fzd5 (Frizzled-5, Wnt receptor) is expressed in the parafascicular nucleus (PFN) of the thalamus and is required continuously for survival of adult PFN neurons; its loss causes sensorimotor coordination deficits.",https://www.jneurosci.org/content/28/22/5641,True,"Fzd5: predicted fine-region profile is strict-exclusive, with 8 positive regions out of 554 (limit 12); direct spatial validation is required."
Avp,NEUROMODULATORY_SIGNAL,STRICT_EXCLUSIVE,SCH,Suprachiasmatic nucleus,HY,SCH,,3.453776951,0.124854044,0.5901175407,C,48.1874833,44.72572611,Avp-expressing neurons in the dorsal shell of the suprachiasmatic nucleus set the ensemble period of the SCN circadian pacemaker network and drive circadian behavioral rhythms.,https://journals.plos.org/plosbiology/article?id=10.1371%2Fjournal.pbio.3002281,True,"Avp: predicted fine-region profile is strict-exclusive, with 7 positive regions out of 554 (limit 12); direct spatial validation is required."
Cftr,ION_CHANNEL,STRICT_EXCLUSIVE,MH,Medial habenula,TH,MH,Cystic fibrosis transmembrane conductance regulator (CFTR) (ATP-binding cassette sub-family C member 7) (Channel conductance-controlling ATPase) (EC 5.6.1.6) (cAMP-dependent chloride channel),3.313853884,0.1202086123,0.679387013,C,43.497234,41.89968843,"Documented in ventricular ependyma and choroid plexus as a general CSF-facing secretory-epithelial chloride channel, not a neuromodulatory signal; not specifically confirmed in medial habenula tissue itself.",https://pubmed.ncbi.nlm.nih.gov/7534334/,False,"Cftr: predicted fine-region profile is strict-exclusive, with 5 positive regions out of 554 (limit 12); direct spatial validation is required."
Adora2a,GPCR,STRICT_EXCLUSIVE,CP,Caudoputamen,STR,CP,Adenosine receptor A2a,3.285299035,0.1425118527,0.6120352867,C,49.17240081,44.14418584,"Adora2a (adenosine A2A receptor) is selectively expressed in striatopallidal indirect-pathway medium spiny neurons of the caudoputamen, heteromerizing with D2 receptors to regulate motor output.",https://www.ncbi.nlm.nih.gov/pmc/articles/PMC2871285/,True,"Adora2a: predicted fine-region profile is strict-exclusive, with 6 positive regions out of 554 (limit 12); direct spatial validation is required."
Htr5b,GPCR,STRICT_EXCLUSIVE,MH,Medial habenula,TH,MH,5-hydroxytryptamine receptor 5B (5-HT-5B) (5-HT5B) (Serotonin receptor 5B),3.284038175,0.1423398536,0.6165350951,C,47.77832924,44.0060748,Htr5b (5-HT5B serotonin receptor) shows specific expression restricted to the medial habenula and hippocampal CA1 pyramidal neurons in rodents (human gene is a nonfunctional pseudogene).,https://www.sciencedirect.com/topics/neuroscience/5-ht5b-receptor,True,"Htr5b: predicted fine-region profile is strict-exclusive, with 8 positive regions out of 554 (limit 12); direct spatial validation is required."
Fzd4,GPCR,STRICT_EXCLUSIVE,AP,Area postrema,MY,AP,Frizzled-4 (Fz-4) (mFz4) (CD antigen CD344),3.202470556,0.09104096527,0.7150662009,C,42.59827855,40.56534165,No area-postrema-specific literature found. General function: Fzd4 (Frizzled-4) is a Wnt/Norrin receptor essential for retinal vascular development and blood-brain barrier formation; a link to area postrema (a circumventricular organ) is plausible but undocumented.,https://en.wikipedia.org/wiki/Frizzled-4,False,"Fzd4: predicted fine-region profile is strict-exclusive, with 3 positive regions out of 554 (limit 12); direct spatial validation is required."
Chrna2,ION_CHANNEL,STRICT_EXCLUSIVE,IPR,"Interpeduncular nucleus, rostral",MB,IPN,Neuronal acetylcholine receptor subunit alpha-2,3.083459472,0.2543269537,0.4750544369,C,54.18476094,50.04034433,"Chrna2 (nAChR alpha2 subunit) transcripts are found primarily in the interpeduncular nucleus (including rostral IPN), forming alpha2beta2 receptors modulating IPN output downstream of the medial habenula.",https://www.sciencedirect.com/science/article/pii/S1043661823002517,True,"Chrna2: predicted fine-region profile is strict-exclusive, with 5 positive regions out of 554 (limit 12); direct spatial validation is required."
Chat,NEUROMODULATORY_SIGNAL,STRICT_EXCLUSIVE,MH,Medial habenula,TH,MH,,2.996786358,0.1397455329,0.5599309275,C,50.72992881,45.44524508,"Chat marks the ventral medial habenula cholinergic neuron population, source of the major MHb-to-interpeduncular-nucleus cholinergic pathway; required for nicotine reward/withdrawal sensitivity.",https://pmc.ncbi.nlm.nih.gov/articles/PMC6404551/,True,"Chat: predicted fine-region profile is strict-exclusive, with 8 positive regions out of 554 (limit 12); direct spatial validation is required."
Crh,NEUROPEPTIDE_SUPPLEMENT,STRICT_EXCLUSIVE,IO,Inferior olivary complex,MY,IO,,2.877442953,0.1271336659,0.652257037,C,46.84390879,42.43064482,"Crh is highly expressed throughout inferior olivary complex subnuclei; reduced IO-CRF impairs motor performance under challenging conditions, linking CRH signaling in the inferior olive to cerebellar-dependent motor control.",https://pmc.ncbi.nlm.nih.gov/articles/PMC5970254/,True,"Crh: predicted fine-region profile is strict-exclusive, with 8 positive regions out of 554 (limit 12); direct spatial validation is required."
Nppa,NEUROPEPTIDE_SUPPLEMENT,STRICT_EXCLUSIVE,MH,Medial habenula,TH,MH,,2.785608767,0.303569666,0.5482038757,C,50.31177394,48.66482136,Nppa (atrial natriuretic peptide) mRNA shows among its highest relative brain concentrations in the medial habenula; ANP signaling in the MHb-to-interpeduncular-nucleus pathway blocks glutamate release from MHb terminals.,https://www.pnas.org/doi/10.1073/pnas.1209185109,True,"Nppa: predicted fine-region profile is strict-exclusive, with 1 positive regions out of 554 (limit 12); direct spatial validation is required."
Gabbr1,GPCR,STRICT_EXCLUSIVE,MH,Medial habenula,TH,MH,Gamma-aminobutyric acid type B receptor subunit 1 (GABA-B receptor 1) (GABA-B-R1) (GABA-BR1) (GABABR1) (Gb1),2.507959575,0.09450967104,0.718502025,C,41.8351362,39.86015032,"Gabbr1 mediates an atypical facilitatory (rather than inhibitory) presynaptic effect at medial habenula terminals in the interpeduncular nucleus, potentiating glutamate/ACh release via Cav2.3 channels.",https://www.pnas.org/doi/10.1073/pnas.2301449121,True,"Gabbr1: predicted fine-region profile is strict-exclusive, with 2 positive regions out of 554 (limit 12); direct spatial validation is required."
Gpr156,GPCR,STRICT_EXCLUSIVE,MH,Medial habenula,TH,MH,Probable G protein-coupled receptor 156 (GABAB-related G protein-coupled receptor),2.487229577,0.09174770237,0.6904708572,C,43.46932494,40.67151432,"Gpr156 is expressed in the medial habenula; a human missense variant introduced into mice causes MHb hyperactivity and stress-sensitivity/depression-like behavior, associated with major depressive disorder risk in humans.",https://www.pnas.org/doi/10.1073/pnas.2404754122,True,"Gpr156: predicted fine-region profile is strict-exclusive, with 10 positive regions out of 554 (limit 12); direct spatial validation is required."
Tshr,GPCR,STRICT_EXCLUSIVE,ME,Median eminence,HY,ME,Thyrotropin receptor (Thyroid-stimulating hormone receptor) (TSH-R),2.470494087,0.124169022,0.6129123582,C,47.0721733,43.20352606,"Tshr is functionally expressed by tanycytes lining the median eminence/third ventricle; TSH stimulation raises tanycyte cAMP, controlling hormonal output of the hypothalamic-pituitary-thyroid axis.",https://jme.bioscientifica.com/view/journals/jme/54/3/241.xml,True,"Tshr: predicted fine-region profile is strict-exclusive, with 9 positive regions out of 554 (limit 12); direct spatial validation is required."
Kctd12b,GPCR,STRICT_EXCLUSIVE,MH,Medial habenula,TH,MH,Potassium channel tetramerisation domain containing 12b,2.341795406,0.07726450772,0.710270215,C,44.49249762,39.92198773,"Kctd12b is a GABA-B receptor auxiliary subunit exclusively expressed in the ventral medial habenula, co-localizing with Cav2.3 channels at axon terminals and restraining neurotransmitter release onto IPN neurons.",https://elifesciences.org/articles/68274,True,"Kctd12b: predicted fine-region profile is strict-exclusive, with 9 positive regions out of 554 (limit 12); direct spatial validation is required."
Gpr6,GPCR,STRICT_EXCLUSIVE,CP,Caudoputamen,STR,CP,G protein-coupled receptor 6 (Sphingosine 1-phosphate receptor GPR6),2.193319435,0.1074369782,0.6442949648,C,46.26806228,41.82354108,"Gpr6 is an orphan GPCR with highly restricted, enriched expression in D2-expressing indirect-pathway medium spiny neurons of the striatum, opposing D2 signaling; GPR6 inverse agonists tested for Parkinson's disease.",https://pmc.ncbi.nlm.nih.gov/articles/PMC11513664/,True,"Gpr6: predicted fine-region profile is strict-exclusive, with 9 positive regions out of 554 (limit 12); direct spatial validation is required."
Cxcr4,GPCR,STRICT_EXCLUSIVE,OV,Vascular organ of the lamina terminalis,HY,OV,C-X-C chemokine receptor type 4 (Fusin) (Leukocyte-derived seven transmembrane domain receptor) (Stromal cell-derived factor 1 receptor),1.996009853,0.1276955225,0.6066297727,C,50.20456494,42.90700339,"No OVLT/circumventricular-organ-specific literature found. General function: Cxcr4 is a chemokine (CXCL12/SDF-1) receptor important for hematopoiesis, neurodevelopment/neuronal migration, and vascularization.",https://www.genecards.org/cgi-bin/carddisp.pl?gene=CXCR4,False,"Cxcr4: predicted fine-region profile is strict-exclusive, with 9 positive regions out of 554 (limit 12); direct spatial validation is required."
Slc6a2,NEUROMODULATORY_SIGNAL,STRICT_EXCLUSIVE,LC,Locus ceruleus,P,LC,,1.839307636,0.3571547013,0.3433523813,C,58.51913128,55.11465705,"Slc6a2 encodes NET, the norepinephrine transporter; NET expression/availability in the locus coeruleus is directly studied, with altered LC NET levels linked to major depression and PTSD symptom severity.",https://pmc.ncbi.nlm.nih.gov/articles/PMC4526154/,True,"Slc6a2: predicted fine-region profile is strict-exclusive, with 3 positive regions out of 554 (limit 12); direct spatial validation is required."
Dbh,NEUROMODULATORY_SIGNAL,STRICT_EXCLUSIVE,LC,Locus ceruleus,P,LC,,1.81479766,0.2422220633,0.4888871672,C,54.47874567,48.13578352,DBH synthesizes norepinephrine from dopamine in noradrenergic neurons; conditional knockdown in LC-NE neurons abolishes LC-stimulation-evoked arousal and reduces wakefulness.,https://www.ncbi.nlm.nih.gov/pmc/articles/PMC6283864/,True,"Dbh: predicted fine-region profile is strict-exclusive, with 4 positive regions out of 554 (limit 12); direct spatial validation is required."
Kcnmb1,ION_CHANNEL,STRICT_EXCLUSIVE,SCO,Subcommissural organ,MB,SCO,"Calcium-activated potassium channel subunit beta-1 (BK channel subunit beta-1) (BKbeta) (BKbeta1) (Calcium-activated potassium channel, subfamily M subunit beta-1) (Calcium-activated potassium channel",1.743625161,0.1466632073,0.6311502204,C,48.92961897,42.08072776,BK channel beta-1 subunit; canonical role in smooth muscle/neuronal excitability. Only a different K+ channel subunit (Kcnb1/Kv2.1) is documented regulating SCO-spondin secretion in zebrafish -- no data on Kcnmb1 itself in SCO.,,False,"Kcnmb1: predicted fine-region profile is strict-exclusive, with 6 positive regions out of 554 (limit 12); direct spatial validation is required."
Agrp,NEUROPEPTIDE_SUPPLEMENT,STRICT_EXCLUSIVE,ARH,Arcuate hypothalamic nucleus,HY,ARH,,1.484474486,0.0708869054,0.7211413928,C,41.7595094,38.48450056,AgRP/NPY/GABA co-releasing neurons in the arcuate nucleus are mandatory drivers of feeding behavior; ablation of these neurons acutely suppresses food intake.,https://www.nature.com/articles/nn1548,True,"Agrp: predicted fine-region profile is strict-exclusive, with 8 positive regions out of 554 (limit 12); direct spatial validation is required."
Sctr,GPCR,STRICT_EXCLUSIVE,OV,Vascular organ of the lamina terminalis,HY,OV,Secretin receptor (SCT-R),1.434081523,0.1219307656,0.6391598568,C,49.7205041,41.07280053,Secretin receptor signaling in circumventricular organs including the OVLT (and SFO) mediates osmotic/hypertonicity sensing and drives vasopressin release for fluid homeostasis.,https://www.cell.com/current-biology/fulltext/S0960-9822(22)01537-8,True,"Sctr: predicted fine-region profile is strict-exclusive, with 6 positive regions out of 554 (limit 12); direct spatial validation is required."
Grin3b,ION_CHANNEL,STRICT_EXCLUSIVE,III,Oculomotor nucleus,MB,III,"Glutamate receptor ionotropic, NMDA 3B (GluN3B) (N-methyl-D-aspartate receptor subunit NR3B) (NMDAR3B) (NR3B) (NMDA receptor 4) (Nr4)",1.385630152,0.1048804474,0.6130945161,C,45.80140582,41.62176353,"GRIN3B/NR3B is a modulatory NMDA receptor subunit expressed selectively in cranial (facial, trigeminal) and spinal motoneurons; oculomotor nucleus not specifically named but general cranial motor-nucleus expression documented.",https://www.researchgate.net/publication/5963483_Genetic_ablatio_of_NMDA_receptor_subunit_NR3B_in_mouse_reveals_motoneuronal_and_nonmotoneuronal_phenotypes,False,"Grin3b: predicted fine-region profile is strict-exclusive, with 10 positive regions out of 554 (limit 12); direct spatial validation is required."
Mtnr1a,GPCR,STRICT_EXCLUSIVE,PBG,Parabigeminal nucleus,MB,PBG,Melatonin receptor type 1A (Mel-1A-R) (Mel1a receptor),1.289834223,0.1326330908,0.6326091264,C,47.14292458,41.14045835,"General function only: MT1 melatonin receptor mediates melatonin's circadian/reproductive effects, expressed in SCN, hypothalamus, thalamus; no parabigeminal-nucleus-specific data found.",https://www.genecards.org/cgi-bin/carddisp.pl?gene=MTNR1A,False,"Mtnr1a: predicted fine-region profile is strict-exclusive, with 4 positive regions out of 554 (limit 12); direct spatial validation is required."
Vip,NEUROPEPTIDE_SUPPLEMENT,STRICT_EXCLUSIVE,IPC,"Interpeduncular nucleus, caudal",MB,IPN,,1.282803509,0.08009572137,0.6850124964,C,46.21482666,39.18673182,"VIP is a broadly acting neuropeptide; VIP-immunoreactive fibers reported in/near the interpeduncular nucleus in some species, but not specific to caudal IPN in mouse.",https://en.wikipedia.org/wiki/Vasoactive_intestinal_peptide,False,"Vip: predicted fine-region profile is strict-exclusive, with 6 positive regions out of 554 (limit 12); direct spatial validation is required."
Spx,NEUROPEPTIDE_SUPPLEMENT,STRICT_EXCLUSIVE,MH,Medial habenula,TH,MH,,1.204642206,0.0865901519,0.6718284709,C,43.53181295,39.43554425,"Spexin is expressed in the medial habenula (mouse) and its zebrafish ortholog dorsal habenula, acting within the habenula-interpeduncular-raphe circuit to regulate anxiety-like behavior via serotonergic modulation.",https://www.ncbi.nlm.nih.gov/pmc/articles/PMC6702259/,True,"Spx: predicted fine-region profile is strict-exclusive, with 8 positive regions out of 554 (limit 12); direct spatial validation is required."
Grpr,GPCR,STRICT_EXCLUSIVE,SCH,Suprachiasmatic nucleus,HY,SCH,Gastrin-releasing peptide receptor (GRP-R) (GRP-preferring bombesin receptor),1.134892602,0.1166622809,0.6691875728,C,46.32472622,39.5647495,GRP/GRPR signaling in ventral/core SCN neurons mediates photic entrainment and light-induced phase-shifting of the circadian clock via Per1 induction.,https://www.jneurosci.org/content/45/25/e0065252025,True,"Grpr: predicted fine-region profile is strict-exclusive, with 6 positive regions out of 554 (limit 12); direct spatial validation is required."
Brs3,GPCR,STRICT_EXCLUSIVE,PD,Posterodorsal preoptic nucleus,HY,PD,Bombesin receptor subtype-3 (BRS-3),1.117878835,0.1179506479,0.594344123,C,49.48526464,41.78756099,"BRS3-expressing neurons in the preoptic area (encompassing the posterodorsal preoptic subregion) regulate body temperature, heart rate, and energy homeostasis.",https://www.sciencedirect.com/science/article/pii/S1550413121002187,True,"Brs3: predicted fine-region profile is strict-exclusive, with 10 positive regions out of 554 (limit 12); direct spatial validation is required."
Gpr52,GPCR,STRICT_EXCLUSIVE,CP,Caudoputamen,STR,CP,G protein-coupled receptor 52,0.918034973,0.1373124757,0.6483667205,C,45.42650745,39.94586548,GPR52 mRNA is enriched almost exclusively in striatal D2-expressing medium spiny neurons of the indirect pathway; knockout mice show reduced D2R/enkephalin signaling.,https://pubmed.ncbi.nlm.nih.gov/32519838/,True,"Gpr52: predicted fine-region profile is strict-exclusive, with 7 positive regions out of 554 (limit 12); direct spatial validation is required."
Kcnj14,ION_CHANNEL,STRICT_EXCLUSIVE,V,Motor nucleus of trigeminal,P,V,"ATP-sensitive inward rectifier potassium channel 14 (Inward rectifier K(+) channel Kir2.4) (IRK-4) (Potassium channel, inwardly rectifying subfamily J member 14)",0.8630311529,0.07667495222,0.6524612208,C,44.35179312,39.21144418,"Kir2.4 (KCNJ14) transcripts are expressed almost exclusively in cranial nerve motoneurons, with strong signal documented specifically in the trigeminal motor nucleus, facial nucleus, and others.",https://pmc.ncbi.nlm.nih.gov/articles/PMC6792806/,True,"Kcnj14: predicted fine-region profile is strict-exclusive, with 10 positive regions out of 554 (limit 12); direct spatial validation is required."
Cngb3,ION_CHANNEL,STRICT_EXCLUSIVE,MH,Medial habenula,TH,MH,Cyclic nucleotide-gated channel beta-3 (CNG channel beta-3) (Cone photoreceptor cGMP-gated channel subunit beta) (Cyclic nucleotide-gated cation channel beta-3) (Cyclic nucleotide-gated cation channel,0.8510385051,0.2914812237,0.5490366466,C,49.04491088,45.80832713,General function only: CNGB3 forms cone photoreceptor cyclic-nucleotide-gated channels with CNGA3 in the retina; mutations cause achromatopsia. No medial-habenula-specific literature found.,https://en.wikipedia.org/wiki/Cyclic_nucleotide_gated_channel_beta_3,False,"Cngb3: predicted fine-region profile is strict-exclusive, with 2 positive regions out of 554 (limit 12); direct spatial validation is required."
Uts2b,NEUROPEPTIDE_SUPPLEMENT,STRICT_EXCLUSIVE,DMX,Dorsal motor nucleus of the vagus nerve,MY,DMX,,0.8337175539,0.1368889934,0.4965586105,C,53.19232107,44.2787872,"Urotensin-II-related peptide is expressed in cholinergic brainstem/spinal motoneurons, and urotensin-II immunoreactivity has been specifically documented in the dorsal motor nucleus of the vagus.",https://pubmed.ncbi.nlm.nih.gov/11356295/,True,"Uts2b: predicted fine-region profile is strict-exclusive, with 10 positive regions out of 554 (limit 12); direct spatial validation is required."
Ucn,NEUROPEPTIDE_SUPPLEMENT,STRICT_EXCLUSIVE,RL,Rostral linear nucleus raphe,MB,RL,,0.8268581261,0.1161084606,0.6432657692,C,50.58127018,39.60546526,Urocortin is prominently expressed in the midbrain Edinger-Westphal nucleus and acts within the dorsal raphe to modulate serotonergic activity/stress behavior; rostral linear nucleus of raphe not directly discussed.,https://www.researchgate.net/publication/274409101_Urocortin_Expression_in_the_Edinger-Westphal_Nucleus_Is_Up-Regulated_by_Stress_and_Corticotropin-Releasing_Hormone_Deficiency,False,"Ucn: predicted fine-region profile is strict-exclusive, with 7 positive regions out of 554 (limit 12); direct spatial validation is required."
Cnga1,ION_CHANNEL,STRICT_EXCLUSIVE,IO,Inferior olivary complex,MY,IO,"Cyclic nucleotide-gated channel alpha-1 (CNG channel alpha-1) (CNG-1) (CNG1) (Cyclic nucleotide-gated cation channel 1) (Cyclic nucleotide-gated channel, photoreceptor) (Rod photoreceptor cGMP-gated c",0.803776725,0.3550488116,0.4840256251,C,50.26852008,49.19183463,General function only: CNGA1 encodes the alpha subunit of the rod photoreceptor cGMP-gated channel mediating phototransduction; no inferior-olive-specific expression data found.,https://en.wikipedia.org/wiki/Cyclic_nucleotide-gated_channel_alpha_1,False,"Cnga1: predicted fine-region profile is strict-exclusive, with 2 positive regions out of 554 (limit 12); direct spatial validation is required."
Opn5,GPCR,STRICT_EXCLUSIVE,MEPO,Median preoptic nucleus,HY,MEPO,Opsin-5 (G protein-coupled receptor 136) (G protein-coupled receptor PGR12) (Neuropsin),0.7276610442,0.1845853907,0.595552045,C,47.49974773,41.80579853,"OPN5 (neuropsin) is expressed in glutamatergic, warm-sensing preoptic area neurons (QPLOT neurons, including median preoptic populations) that project to brown adipose tissue and suppress thermogenesis in response to light.",https://www.nature.com/articles/s41586-020-2683-0,True,"Opn5: predicted fine-region profile is strict-exclusive, with 4 positive regions out of 554 (limit 12); direct spatial validation is required."
Sct,NEUROPEPTIDE_SUPPLEMENT,STRICT_EXCLUSIVE,SCO,Subcommissural organ,MB,SCO,,0.6594281204,0.1164534244,0.6693005403,C,44.89113245,38.32239072,"General function only: SCT encodes secretin, a GI/neuroendocrine hormone from duodenal S-cells; no documented role for secretin specifically in the subcommissural organ (whose characteristic secreted protein is SCO-spondin, not secretin).",,False,"Sct: predicted fine-region profile is strict-exclusive, with 6 positive regions out of 554 (limit 12); direct spatial validation is required."
Apol9b,ION_CHANNEL,STRICT_EXCLUSIVE,RO,Nucleus raphe obscurus,MY,RO,Apolipoprotein L 9b,0.6485183057,0.2559432402,0.5405231882,C,52.63515267,44.72941216,General function only: Apol9b is an interferon-stimulated antiviral gene restricting Theiler's virus replication; no raphe-obscurus-specific data found.,https://journals.plos.org/plosone/article?id=10.1371%2Fjournal.pone.0133190,False,"Apol9b: predicted fine-region profile is strict-exclusive, with 5 positive regions out of 554 (limit 12); direct spatial validation is required."
Npy4r,GPCR,STRICT_EXCLUSIVE,IO,Inferior olivary complex,MY,IO,Neuropeptide Y receptor type 4 (NPY4-R) (NPYR-D) (Pancreatic polypeptide receptor 1) (PP1),0.6263620823,0.2076717417,0.5424040977,C,51.95518386,43.55590161,"General function only: NPY4R/PPYR1 is the high-affinity receptor for pancreatic polypeptide, regulating pancreatic secretion, GI motility, and appetite; no inferior-olive-specific literature found.",https://en.wikipedia.org/wiki/Neuropeptide_Y_receptor_type_4,False,"Npy4r: predicted fine-region profile is strict-exclusive, with 6 positive regions out of 554 (limit 12); direct spatial validation is required."
Cysltr1,GPCR,STRICT_EXCLUSIVE,ME,Median eminence,HY,ME,Cysteinyl leukotriene receptor 1 (CysLTR1) (Cysteinyl leukotriene D4 receptor) (LTD4 receptor),0.6184266095,0.1218401436,0.6802700069,C,49.69308258,37.91629214,General function only: CYSLTR1 mediates cysteinyl leukotriene signaling in allergic/asthmatic bronchoconstriction and immune responses; no median-eminence-specific data found.,https://en.wikipedia.org/wiki/Cysteinyl_leukotriene_receptor_1,False,"Cysltr1: predicted fine-region profile is strict-exclusive, with 3 positive regions out of 554 (limit 12); direct spatial validation is required."
Chrne,ION_CHANNEL,STRICT_EXCLUSIVE,SH,Septohippocampal nucleus,STR,SH,Acetylcholine receptor subunit epsilon,0.5912386,0.3158883024,0.5294584181,C,51.81740817,46.3227613,General function only: CHRNE encodes the epsilon subunit of the muscle-type nicotinic acetylcholine receptor at the neuromuscular junction; no septohippocampal-nucleus-specific data found.,https://medlineplus.gov/genetics/gene/chrne/,False,"Chrne: predicted fine-region profile is strict-exclusive, with 3 positive regions out of 554 (limit 12); direct spatial validation is required."
Npy6r,GPCR,STRICT_EXCLUSIVE,SCH,Suprachiasmatic nucleus,HY,SCH,Neuropeptide Y receptor type 6 (NPY6-R) (Pancreatic polypeptide receptor 2) (PP2),0.5744616721,0.7161977195,0.2449671397,C,64.699648,65.66101412,"Npy6r is specifically expressed in VIP-co-expressing SCN neurons, where pancreatic-polypeptide-driven Npy6r signaling regulates the growth hormone axis, energy expenditure/feeding, and circadian control of peripheral metabolism.",https://www.cell.com/cell-metabolism/fulltext/S1550-4131(13)00490-7,True,"Npy6r: predicted fine-region profile is strict-exclusive, with 1 positive regions out of 554 (limit 12); direct spatial validation is required."
Slc4a11,ION_CHANNEL,STRICT_EXCLUSIVE,CEAl,"Central amygdalar nucleus, lateral part",STR,CEA,Solute carrier family 4 member 11 (Sodium borate cotransporter 1) (NaBC1),0.5692898914,0.08101678233,0.6844616941,C,44.10850457,37.28651229,General function only: SLC4A11 is a Na+-coupled borate/NH3-H+ transporter; loss causes corneal endothelial dystrophy; no central-amygdala-specific data found.,https://www.genecards.org/card/SLC4A11,False,"Slc4a11: predicted fine-region profile is strict-exclusive, with 10 positive regions out of 554 (limit 12); direct spatial validation is required."
Kcnk15,ION_CHANNEL,STRICT_EXCLUSIVE,SOCl,"Superior olivary complex, lateral part",P,SOC,Potassium channel subfamily K member,0.456900779,0.1561673081,0.5594281242,C,50.74080333,41.44113059,"Kcnk15/Task5 is expressed almost exclusively in the central auditory pathway, with expression specifically rising in the superior olivary complex and cochlear nucleus around hearing onset.",https://pmc.ncbi.nlm.nih.gov/articles/PMC11563822/,True,"Kcnk15: predicted fine-region profile is strict-exclusive, with 7 positive regions out of 554 (limit 12); direct spatial validation is required."
Tmc3,ION_CHANNEL,STRICT_EXCLUSIVE,SCO,Subcommissural organ,MB,SCO,Transmembrane channel-like protein 3,0.3942186591,0.128115234,0.6391350369,C,46.54615069,38.30625479,General function only: TMC3 is a predicted mechanosensitive ion channel of the TMC family; no subcommissural-organ-specific data found.,https://www.genecards.org/card/TMC3,False,"Tmc3: predicted fine-region profile is strict-exclusive, with 7 positive regions out of 554 (limit 12); direct spatial validation is required."
Ptger1,GPCR,STRICT_EXCLUSIVE,V,Motor nucleus of trigeminal,P,V,Prostaglandin E2 receptor EP1 subtype (PGE receptor EP1 subtype) (PGE2 receptor EP1 subtype) (Prostanoid EP1 receptor),0.3765165944,0.147171431,0.6698620014,C,44.37951269,37.60398546,"EP1 (PTGER1) mediates PGE2-driven pain perception and blood pressure regulation; highest brain EP1 expression in the trigeminal system reported in the sensory trigeminal nucleus caudalis, not the motor nucleus.",https://pubmed.ncbi.nlm.nih.gov/22061836/,False,"Ptger1: predicted fine-region profile is strict-exclusive, with 4 positive regions out of 554 (limit 12); direct spatial validation is required."
Nppb,NEUROPEPTIDE_SUPPLEMENT,STRICT_EXCLUSIVE,DMX,Dorsal motor nucleus of the vagus nerve,MY,DMX,,0.3730853451,0.3096358688,0.5205936233,C,53.89239676,45.71742211,"A cardiac-projecting dorsal-motor-nucleus-of-the-vagus (DMV) neuron subtype correlates with Nppb/Trpv1 expression, suggesting anatomical specificity within DMV (a suggestive single-paper finding, not a whole-atlas comparison).",https://pmc.ncbi.nlm.nih.gov/articles/PMC11338141/,True,"Nppb: predicted fine-region profile is strict-exclusive, with 1 positive regions out of 554 (limit 12); direct spatial validation is required."
Rln3,NEUROPEPTIDE_SUPPLEMENT,STRICT_EXCLUSIVE,NI,Nucleus incertus,P,NI,,0.3671569548,0.2858504936,0.5325771188,C,54.59634919,44.73604212,"Relaxin-3 is synthesized almost exclusively by GABAergic neurons of the nucleus incertus, which project broadly to hippocampus, septum and hypothalamus and modulate stress response, arousal, and hippocampal theta rhythm/memory.",https://www.eneuro.org/content/7/6/ENEURO.0272-20.2020,True,"Rln3: predicted fine-region profile is strict-exclusive, with 2 positive regions out of 554 (limit 12); direct spatial validation is required."
Gabrr1,ION_CHANNEL,STRICT_EXCLUSIVE,SCsg,"Superior colliculus, superficial gray layer",MB,SCs,Gamma-aminobutyric acid receptor subunit rho-1 (GABA(A) receptor subunit rho-1) (GABAAR subunit rho-1) (GABA(C) receptor),0.3631286209,0.1415805111,0.6079779475,C,48.63588768,39.29747821,"Gabrr1 (GABA-A rho-1) is listed as a marker gene for the superior colliculus superficial gray layer in Allen Brain Atlas adult mouse expression profiles, consistent with GABA-C receptor transcripts documented in that layer.","https://maayanlab.cloud/Harmonizome/gene_set/Superior+colliculus,+superficial+gray+layer/Allen+Brain+Atlas+Adult+Mouse+Brain+Tissue+Gene+Expression+Profiles",True,"Gabrr1: predicted fine-region profile is strict-exclusive, with 6 positive regions out of 554 (limit 12); direct spatial validation is required."
Avpr1b,GPCR,STRICT_EXCLUSIVE,CA2sp,"Field CA2, pyramidal layer",HPF,CA2,Vasopressin V1b receptor (V1bR) (AVPR V1b) (AVPR V3) (Antidiuretic hormone receptor 1b) (Vasopressin V3 receptor),0.3465639116,0.2584735573,0.5044512633,C,54.3387687,44.82159373,"Avpr1b is highly enriched in CA2 pyramidal neurons of the hippocampus, where vasopressin/Avpr1b signaling is required for social memory acquisition and social/aggressive behavior.",https://www.ncbi.nlm.nih.gov/pmc/articles/PMC9928026/,True,"Avpr1b: predicted fine-region profile is strict-exclusive, with 4 positive regions out of 554 (limit 12); direct spatial validation is required."
Gpr55,GPCR,STRICT_EXCLUSIVE,SCO,Subcommissural organ,MB,SCO,G protein-coupled receptor 55,0.3420317781,0.09763006615,0.6802520998,C,44.79942068,36.41552877,"GPR55 is an orphan GPCR activated by lysophosphatidylinositol and cannabinoids; broadly expressed in brain (cerebellum, striatum, hippocampus) but no subcommissural-organ-specific literature found.",https://en.wikipedia.org/wiki/GPR55,False,"Gpr55: predicted fine-region profile is strict-exclusive, with 7 positive regions out of 554 (limit 12); direct spatial validation is required."
Trpm1,ION_CHANNEL,STRICT_EXCLUSIVE,MH,Medial habenula,TH,MH,Transient receptor potential cation channel subfamily M member 1 (Long transient receptor potential channel 1) (LTrpC1) (Melastatin-1),0.3403615863,0.1431268042,0.6714660512,C,46.4968608,37.29995461,TRPM1 is a cation channel required in retinal ON bipolar cells for mGluR6-dependent light-evoked depolarization; mutations cause congenital stationary night blindness. No medial-habenula-specific role found.,https://en.wikipedia.org/wiki/TRPM1,False,"Trpm1: predicted fine-region profile is strict-exclusive, with 2 positive regions out of 554 (limit 12); direct spatial validation is required."
Ucn3,NEUROPEPTIDE_SUPPLEMENT,STRICT_EXCLUSIVE,MEPO,Median preoptic nucleus,HY,MEPO,,0.3140406111,0.1430326083,0.5964638724,C,51.59031118,39.40350499,"Urocortin-3-synthesizing neurons are documented specifically in the median preoptic nucleus (and perifornical area), acting via CRF-R2 as stress/homeostasis modulators.",https://www.jneurosci.org/content/22/3/991,True,"Ucn3: predicted fine-region profile is strict-exclusive, with 9 positive regions out of 554 (limit 12); direct spatial validation is required."
Asic3,ION_CHANNEL,STRICT_EXCLUSIVE,ME,Median eminence,HY,ME,Acid-sensing ion channel 3 (ASIC3) (Amiloride-sensitive cation channel 3) (Dorsal root ASIC) (DRASIC),0.2981939924,0.1168596152,0.7085888444,C,43.29639405,35.52800282,"ASIC3 is a proton-sensitive channel classically in peripheral metaboreceptive sensory neurons, also detected in hypothalamic central chemoreception neurons; no median-eminence-specific data found.",https://pmc.ncbi.nlm.nih.gov/articles/PMC1308857/,False,"Asic3: predicted fine-region profile is strict-exclusive, with 3 positive regions out of 554 (limit 12); direct spatial validation is required."
Nps,NEUROPEPTIDE_SUPPLEMENT,STRICT_EXCLUSIVE,LC,Locus ceruleus,P,LC,,0.2917395091,0.2723286934,0.5499137777,C,50.78358297,43.55680143,"Neuropeptide S is produced by a discrete cell cluster between the locus coeruleus and Barrington's nucleus (pericoerulear area), acting as an excitatory modulator of arousal, anxiety and stress responsiveness.",https://pubmed.ncbi.nlm.nih.gov/17613937/,True,"Nps: predicted fine-region profile is strict-exclusive, with 2 positive regions out of 554 (limit 12); direct spatial validation is required."
Catsper4,ION_CHANNEL,STRICT_EXCLUSIVE,DR,Dorsal nucleus raphe,MB,DR,Cation channel sperm-associated protein 4 (CatSper4),0.2915444026,0.09651395996,0.6917935304,C,44.08188257,35.74246839,"CATSPER4 is a pore-forming subunit of the sperm-specific CatSper calcium channel; expression is restricted to testis/spermatids with no detectable brain expression, so no dorsal-raphe-specific role exists.",https://www.proteinatlas.org/ENSG00000188782-CATSPER4,False,"Catsper4: predicted fine-region profile is strict-exclusive, with 8 positive regions out of 554 (limit 12); direct spatial validation is required."
Ccr6,GPCR,STRICT_EXCLUSIVE,CP,Caudoputamen,STR,CP,C-C chemokine receptor type 6 (C-C CKR-6) (CC-CKR-6) (CCR-6) (KY411) (CD antigen CD196),0.2814603925,0.1803765074,0.6210139825,C,51.07445274,39.21384556,"CCR6 is a chemokine receptor for CCL20 expressed on dendritic/B/Th17/Treg cells and neutrophils, mediating immune cell trafficking; no caudoputamen-specific literature found.",https://en.wikipedia.org/wiki/CCR6,False,"Ccr6: predicted fine-region profile is strict-exclusive, with 3 positive regions out of 554 (limit 12); direct spatial validation is required."
F2rl1,GPCR,STRICT_EXCLUSIVE,SCO,Subcommissural organ,MB,SCO,Proteinase-activated receptor 2 (PAR-2) (Coagulation factor II receptor-like 1) (G protein-coupled receptor 11) (Thrombin receptor-like 1),0.277889696,0.3586775381,0.5598069843,C,53.61724376,45.45065615,"F2RL1/PAR2 is a protease-activated GPCR broadly distributed in CNS/PNS, implicated in inflammation and nociception; no subcommissural-organ-specific data found.",https://en.wikipedia.org/wiki/Protease-activated_receptor_2,False,"F2rl1: predicted fine-region profile is strict-exclusive, with 1 positive regions out of 554 (limit 12); direct spatial validation is required."
Opn4,GPCR,STRICT_EXCLUSIVE,RT,Reticular nucleus of the thalamus,TH,RT,Melanopsin (Opsin-4),0.2668145143,0.1327802514,0.6487294239,C,46.78124596,37.37265892,Opn4/melanopsin is the photopigment of intrinsically photosensitive retinal ganglion cells driving circadian photoentrainment; no mouse reticular-thalamic-nucleus-specific data found.,https://pmc.ncbi.nlm.nih.gov/articles/PMC4763139/,False,"Opn4: predicted fine-region profile is strict-exclusive, with 4 positive regions out of 554 (limit 12); direct spatial validation is required."
Otop1,ION_CHANNEL,STRICT_EXCLUSIVE,RT,Reticular nucleus of the thalamus,TH,RT,Proton channel OTOP1 (Otopetrin-1),0.2426893536,0.2059663166,0.5727678342,C,49.90170984,41.01067628,"OTOP1 is the sour-taste proton channel in taste cells, required for otoconia/otolith formation in the inner ear; also detected in hippocampal astrocytes, but no reticular-thalamic-nucleus-specific data found.",https://elifesciences.org/articles/46710,False,"Otop1: predicted fine-region profile is strict-exclusive, with 4 positive regions out of 554 (limit 12); direct spatial validation is required."
Ccr10,GPCR,STRICT_EXCLUSIVE,OV,Vascular organ of the lamina terminalis,HY,OV,C-C chemokine receptor type 10 (C-C CKR-10) (CC-CKR-10) (CCR-10) (Chemokine C-C receptor 9) (G protein-coupled receptor 2),0.2380043865,0.08240942378,0.7054763072,C,43.31161392,34.82201615,"CCR10 binds CCL27/CCL28 and directs skin-homing T cells, melanocytes and plasma cells; no OVLT-specific literature found.",https://en.wikipedia.org/wiki/CCR10,False,"Ccr10: predicted fine-region profile is strict-exclusive, with 10 positive regions out of 554 (limit 12); direct spatial validation is required."
Ptgir,GPCR,STRICT_EXCLUSIVE,MH,Medial habenula,TH,MH,Prostacyclin receptor (Prostaglandin I2 receptor) (PGI receptor) (PGI2 receptor) (Prostanoid IP receptor),0.2317062653,0.109464212,0.6639313989,C,48.49070837,36.30776739,"PTGIR encodes the prostacyclin (PGI2) receptor, most highly expressed in brain generally; no medial-habenula-specific expression or function found.",https://learn.mapmygenome.in/ptgir,False,"Ptgir: predicted fine-region profile is strict-exclusive, with 8 positive regions out of 554 (limit 12); direct spatial validation is required."
Tpte,ION_CHANNEL,STRICT_EXCLUSIVE,OV,Vascular organ of the lamina terminalis,HY,OV,Transmembrane phosphatase with tensin homology,0.2096525612,0.1165315057,0.6422592846,C,45.97354456,36.89180026,"TPTE is a testis-restricted PTEN-family phosphatase important for spermatogenesis; adult expression restricted to testis, so no OVLT-specific adult role exists.",https://www.nature.com/articles/s41419-026-08614-3,False,"Tpte: predicted fine-region profile is strict-exclusive, with 10 positive regions out of 554 (limit 12); direct spatial validation is required."
Gm5127,GPCR,STRICT_EXCLUSIVE,SNc,"Substantia nigra, compact part",MB,SNc,Predicted gene 5127,0.2034293134,0.1344093226,0.6251290245,C,47.60294705,37.66353831,Gm5127 is a predicted/uncharacterized X-linked gene with a rhodopsin-like GPCR domain; no endogenous function established and no substantia-nigra-specific role found.,https://www.informatics.jax.org/marker/MGI:3648285,False,"Gm5127: predicted fine-region profile is strict-exclusive, with 8 positive regions out of 554 (limit 12); direct spatial validation is required."
Ptgdr2,GPCR,STRICT_EXCLUSIVE,SCO,Subcommissural organ,MB,SCO,Prostaglandin D2 receptor 2 (Chemoattractant receptor-homologous molecule expressed on Th2 cells) (G protein-coupled receptor 44) (CD antigen CD294),0.1926703108,0.4235105384,0.5131770852,C,51.90025198,48.28033442,PTGDR2/CRTH2 is the PGD2 receptor mediating allergic/Th2 immune responses; brain mRNA detected in several regions but not specifically the subcommissural organ.,https://www.proteinatlas.org/ENSG00000183134-PTGDR2/tissue,False,"Ptgdr2: predicted fine-region profile is strict-exclusive, with 1 positive regions out of 554 (limit 12); direct spatial validation is required."
Ltb4r1,GPCR,STRICT_EXCLUSIVE,TMd,"Tuberomammillary nucleus, dorsal part",HY,TMd,Leukotriene B4 receptor 1 (LTB4-R 1) (LTB4-R1),0.1860289505,0.09750800543,0.654339437,C,44.86566302,36.05730649,LTB4R1 (BLT1) is the high-affinity leukotriene B4 receptor mediating inflammatory chemotaxis; no literature tying it to the dorsal tuberomammillary nucleus or histaminergic neurons found.,https://en.wikipedia.org/wiki/Leukotriene_B4_receptor_1,False,"Ltb4r1: predicted fine-region profile is strict-exclusive, with 11 positive regions out of 554 (limit 12); direct spatial validation is required."
Htr3b,ION_CHANNEL,STRICT_EXCLUSIVE,ARH,Arcuate hypothalamic nucleus,HY,ARH,5-hydroxytryptamine receptor 3B (5-HT3-B) (5-HT3B) (Serotonin receptor 3B),0.1812444803,0.2046283967,0.6411537699,C,48.56158881,38.54571885,"Htr3b (5-HT3B subunit) mRNA is expressed predominantly in the dorsal arcuate nucleus, almost exclusively within Crabp1-expressing GABAergic neurons, suggesting a role in serotonergic modulation of this ARC neuron subset.",https://karger.com/nen/article/114/7/681/906239,True,"Htr3b: predicted fine-region profile is strict-exclusive, with 1 positive regions out of 554 (limit 12); direct spatial validation is required."
Hrh4,GPCR,STRICT_EXCLUSIVE,OV,Vascular organ of the lamina terminalis,HY,OV,Histamine H4 receptor (H4R) (HH4R),0.1704396896,0.110709777,0.6281909297,C,47.09324746,36.8873381,"Histamine H4 receptor is difficult to detect in brain neurons but is expressed in brain endothelial cells, regulating blood-brain-barrier permeability; no explicit OVLT localization found.",https://pmc.ncbi.nlm.nih.gov/articles/PMC3764849/,False,"Hrh4: predicted fine-region profile is strict-exclusive, with 10 positive regions out of 554 (limit 12); direct spatial validation is required."
Pkdrej,ION_CHANNEL,STRICT_EXCLUSIVE,V,Motor nucleus of trigeminal,P,V,Polycystin family receptor for egg jelly (PKD and REJ homolog) (Polycystic kidney disease and receptor for egg jelly-related protein),0.1693946998,0.09785424362,0.6947989152,C,43.83810744,34.69163688,PKDREJ is a testis-restricted polycystin-family receptor controlling sperm capacitation/zona pellucida interactions; no CNS or trigeminal-motor-nucleus role found.,https://www.pnas.org/doi/full/10.1073/pnas.0800603105,False,"Pkdrej: predicted fine-region profile is strict-exclusive, with 4 positive regions out of 554 (limit 12); direct spatial validation is required."
Opn1sw,GPCR,STRICT_EXCLUSIVE,ME,Median eminence,HY,ME,Short-wave-sensitive opsin 1 (S opsin) (Blue cone photoreceptor pigment) (Blue-sensitive opsin) (BOP) (Short wavelength-sensitive cone opsin),0.15311316,0.1166857131,0.6314344618,C,46.08843672,36.72662117,Opn1sw encodes the short-wave-sensitive (blue) cone opsin mediating color vision in retinal cones; no adult brain or median-eminence expression data available.,https://www.mousephenotype.org/data/genes/MGI:99438,False,"Opn1sw: predicted fine-region profile is strict-exclusive, with 9 positive regions out of 554 (limit 12); direct spatial validation is required."
Lrrc8e,ION_CHANNEL,STRICT_EXCLUSIVE,MH,Medial habenula,TH,MH,Volume-regulated anion channel subunit LRRC8E (Leucine-rich repeat-containing protein 8E),0.1520024987,0.1245772208,0.6529891611,C,45.45337856,36.21161029,"A recent review states LRRC8E is 'almost absent from brain', unlike its LRRC8 paralogs widely expressed in the nervous system -- this argues against genuine medial habenula enrichment.",https://www.cell.com/trends/biochemical-sciences/fulltext/S0968-0004(25)00164-1,False,"Lrrc8e: predicted fine-region profile is strict-exclusive, with 8 positive regions out of 554 (limit 12); direct spatial validation is required."
Slc26a9,ION_CHANNEL,STRICT_EXCLUSIVE,ME,Median eminence,HY,ME,Solute carrier family 26 member 9 (Anion transporter/exchanger protein 9),0.1454383287,0.1441580135,0.6742269357,C,47.61072296,35.90313194,"SLC26A9 is a multifunctional anion exchanger/channel expressed mainly in lung, stomach and some neural cells; no median-eminence-specific role found.",https://www.ncbi.nlm.nih.gov/pmc/articles/PMC6127633/,False,"Slc26a9: predicted fine-region profile is strict-exclusive, with 3 positive regions out of 554 (limit 12); direct spatial validation is required."
Asic5,ION_CHANNEL,STRICT_EXCLUSIVE,DCO,Dorsal cochlear nucleus,MY,DCO,Bile acid-sensitive ion channel (BASIC) (Acid-sensing ion channel subunit family member 5) (Amiloride-sensitive cation channel 5) (Brain-liver-intestine amiloride-sensitive Na(+) channel) (BLINaC),0.1385341745,0.1739100422,0.5921261078,C,51.17245266,38.96968449,"Asic5 (BASIC) shows restrictive expression in unipolar brush cells, a cell type present in the granule-cell domain of the dorsal cochlear nucleus, helping set intrinsic excitability.",https://pubmed.ncbi.nlm.nih.gov/24663811/,True,"Asic5: predicted fine-region profile is strict-exclusive, with 4 positive regions out of 554 (limit 12); direct spatial validation is required."
Apol10a,ION_CHANNEL,STRICT_EXCLUSIVE,LC,Locus ceruleus,P,LC,Apolipoprotein L 10A,0.1335916898,0.2978924776,0.4413357741,C,57.66354032,46.6554802,Specific data on Apol10a could not be found; the broader apolipoprotein L family is generally involved in HDL-associated cholesterol transport; no locus-coeruleus-specific info found.,https://en.wikipedia.org/wiki/Apolipoprotein_L,False,"Apol10a: predicted fine-region profile is strict-exclusive, with 3 positive regions out of 554 (limit 12); direct spatial validation is required."
Mrgpra6,GPCR,STRICT_EXCLUSIVE,PBG,Parabigeminal nucleus,MB,PBG,Mas-related G protein-coupled receptor member A6,0.1309443539,0.09724912974,0.6839178629,C,44.35077349,34.60712763,"Mrgpra6 belongs to the Mas-related GPCR family expressed mainly in peripheral sensory neurons/mast cells, modulating itch/pain; proposed RFamide (NPFF/NPAF) receptor. No parabigeminal-nucleus-specific data found.",https://doi.org/10.3390/biom16020290,False,"Mrgpra6: predicted fine-region profile is strict-exclusive, with 6 positive regions out of 554 (limit 12); direct spatial validation is required."
Panx3,ION_CHANNEL,STRICT_EXCLUSIVE,PVT,Paraventricular nucleus of the thalamus,TH,PVT,Pannexin-3,0.1206611264,0.1738612965,0.5766147937,C,50.86586523,39.28142294,Panx3 functions as an ER Ca2+ channel important in osteoblast/cartilage/tooth differentiation; multiple sources state it is essentially absent from the nervous system.,https://www.ncbi.nlm.nih.gov/pmc/articles/PMC6904572/,False,"Panx3: predicted fine-region profile is strict-exclusive, with 7 positive regions out of 554 (limit 12); direct spatial validation is required."
Gm14496,GPCR,STRICT_EXCLUSIVE,VII,Facial motor nucleus,MY,VII,Predicted gene 14496,0.1201123814,0.2760120889,0.5491436509,C,51.39198154,42.74098714,Gm14496 is a predicted mouse gene encoding a vomeronasal type-2 pheromone-receptor-like class C GPCR with low overall expression; no facial-motor-nucleus-specific characterization exists.,https://www.ncbi.nlm.nih.gov/gene/672125,False,"Gm14496: predicted fine-region profile is strict-exclusive, with 3 positive regions out of 554 (limit 12); direct spatial validation is required."
Kcna10,ION_CHANNEL,STRICT_EXCLUSIVE,VMH,Ventromedial hypothalamic nucleus,HY,VMH,Potassium voltage-gated channel subfamily A member 10 (Voltage-gated potassium channel subunit Kv1.8),0.1189363416,0.1176885289,0.6929747801,C,44.56807702,34.54882852,Kcna10 (Kv1.8) is essential for outwardly-rectifying conductances of vestibular hair cells supporting balance/vestibulomotor reflexes; no VMH-specific documentation found.,https://elifesciences.org/articles/94342,False,"Kcna10: predicted fine-region profile is strict-exclusive, with 4 positive regions out of 554 (limit 12); direct spatial validation is required."
Ucn2,NEUROPEPTIDE_SUPPLEMENT,STRICT_EXCLUSIVE,VII,Facial motor nucleus,MY,VII,,0.1127598941,0.08488588941,0.7036650197,C,44.02810418,33.62376208,"Urocortin 2 mRNA is expressed in brainstem motor nuclei including the facial, trigeminal and hypoglossal motor nuclei and spinal ventral horn, acting via CRF-R2 to promote motor axon terminal regeneration.",https://www.pnas.org/doi/10.1073/pnas.051626398,True,"Ucn2: predicted fine-region profile is strict-exclusive, with 10 positive regions out of 554 (limit 12); direct spatial validation is required."
Galr2,GPCR,STRICT_EXCLUSIVE,SCO,Subcommissural organ,MB,SCO,Galanin receptor type 2 (GAL2-R) (GALR-2),0.1053658499,0.1200782002,0.5946819729,C,50.50210402,37.39202312,"Galanin receptor 2 is broadly CNS-expressed; galanin-like peptide injection induces c-Fos in ventricular ependymal cells generally, suggesting ependymal responsiveness to galanin signaling, but this does not establish Galr2 as SCO-specific.",https://pmc.ncbi.nlm.nih.gov/articles/PMC3306895/,False,"Galr2: predicted fine-region profile is strict-exclusive, with 12 positive regions out of 554 (limit 12); direct spatial validation is required."
Gpr119,GPCR,STRICT_EXCLUSIVE,IPR,"Interpeduncular nucleus, rostral",MB,IPN,Glucose-dependent insulinotropic receptor (G protein-coupled receptor 119),0.1052377052,0.1006324806,0.6518136884,C,45.96335435,35.31684266,GPR119 is mainly expressed in pancreas/intestine regulating glucose-dependent insulin secretion; minor CNS expression reported but no clear brain function or interpeduncular-nucleus-specific data found.,https://www.proteinatlas.org/ENSG00000147262-GPR119/brain,False,"Gpr119: predicted fine-region profile is strict-exclusive, with 10 positive regions out of 554 (limit 12); direct spatial validation is required."
Prlhr,GPCR,STRICT_EXCLUSIVE,PMv,Ventral premammillary nucleus,HY,PMv,Prolactin-releasing peptide receptor (PrRP receptor) (PrRPR) (G protein-coupled receptor 10),0.1035583555,0.09421367993,0.6792077979,C,46.87991451,34.36916628,"PRLHR (GPR10) is expressed in reticular thalamic nucleus, PVN, DMH, NTS and pituitary, regulating stress, appetite and reproduction; no source directly documents expression in PMv specifically.",https://www.guidetopharmacology.org/GRAC/FamilyIntroductionForward?familyId=57,False,"Prlhr: predicted fine-region profile is strict-exclusive, with 11 positive regions out of 554 (limit 12); direct spatial validation is required."
Gnrhr,GPCR,STRICT_EXCLUSIVE,SH,Septohippocampal nucleus,STR,SH,Gonadotropin-releasing hormone receptor (GnRH receptor) (GnRH-R),0.1004148603,0.1880508619,0.6057477852,C,48.64035923,38.57632266,"GnRH receptor is expressed extrapituitarily in hippocampus and, during postnatal development, appears in the lateral septum as hippocamposeptal projections mature, implicating it in septohippocampal circuit development.",https://pubmed.ncbi.nlm.nih.gov/21123436/,True,"Gnrhr: predicted fine-region profile is strict-exclusive, with 4 positive regions out of 554 (limit 12); direct spatial validation is required."
Kcnh8,ION_CHANNEL,RESTRICTED,SCH,Suprachiasmatic nucleus,HY,SCH,Voltage-gated delayed rectifier potassium channel KCNH8 (Ether-a-go-go-like potassium channel 3) (ELK channel 3) (ELK3) (Potassium voltage-gated channel subfamily H member 8) (Voltage-gated potassium ,5.118766329,0.06060351644,0.6849045994,C,43.70084101,42.78176984,"Kv12.1 channel encoded by Kcnh8 suppresses nighttime firing rates in suprachiasmatic nucleus neurons; knockout mice show elevated nighttime SCN firing, part of the day-night electrical switch of the circadian pacemaker.",https://pmc.ncbi.nlm.nih.gov/articles/PMC9915524/,True,"Kcnh8: fine CCF profile is restricted toward SCH (top regions: SCH, MH, SBPV, PVa, LH; 26 positive regions); direct spatial validation is still required."
Scn4b,ION_CHANNEL,RESTRICTED,CP,Caudoputamen,STR,CP,Sodium channel regulatory subunit beta-4,4.985121341,0.05455219865,0.7087139116,C,43.70606835,42.08741925,"Sodium channel beta-4 subunit is highly expressed in dorsal and ventral striatum, localizes to striatal projection fibers, and its loss reduces resurgent Na+ current and repetitive firing in medium spiny neurons.",https://www.nature.com/articles/ncomms6525,True,"Scn4b: fine CCF profile is restricted toward CP (top regions: CP, OT, ACB, LGd-ip, VPM; 24 positive regions); direct spatial validation is still required."
Cartpt,NEUROPEPTIDE_SUPPLEMENT,RESTRICTED,TMd,"Tuberomammillary nucleus, dorsal part",HY,TMd,,4.754316525,0.06649722745,0.6425955403,C,45.76602051,43.80203395,"CART neuropeptide regulates food intake, energy homeostasis, thermoregulation and stress; well documented in arcuate/lateral hypothalamic neurons, but no literature specifically links it to the dorsal tuberomammillary nucleus.",https://www.wikigenes.org/e/gene/e/9607.html,False,"Cartpt: fine CCF profile is restricted toward TMd (top regions: TMd, PMd, MMp, MMm, MMme; 13 positive regions); direct spatial validation is still required."
Adcyap1,NEUROPEPTIDE_SUPPLEMENT,RESTRICTED,PMd,Dorsal premammillary nucleus,HY,PMd,,4.694097603,0.05071346319,0.6959765146,C,43.65961667,42.38718452,"PACAP and its receptor Adcyap1r1 show strong expression/signaling in premammillary nuclei, with Adcyap1r1 strongly expressed specifically in the dorsal premammillary nucleus (PMd); related PACAP neurons of PMv regulate reproductive function.",https://elifesciences.org/articles/61718,True,"Adcyap1: fine CCF profile is restricted toward PMd (top regions: PMd, TMd, MMm, MMp, MMl; 26 positive regions); direct spatial validation is still required."
Gpr83,GPCR,RESTRICTED,TMd,"Tuberomammillary nucleus, dorsal part",HY,TMd,G protein-coupled receptor 83 (Glucocorticoid-induced receptor),4.655032422,0.05800654958,0.7104715959,C,42.90793065,41.8060281,"Orphan receptor Gpr83 is expressed in hypothalamus, amygdala, hippocampus and striatum, regulating energy metabolism via ghrelin signaling in the arcuate nucleus; no source specifically discussing Gpr83 in the dorsal tuberomammillary nucleus found.",https://www.nature.com/articles/ncomms2968,False,"Gpr83: fine CCF profile is restricted toward TMd (top regions: TMd, PMd, OT, ACB, RSPv2/3; 21 positive regions); direct spatial validation is still required."
Slc18a2,NEUROMODULATORY_SIGNAL,RESTRICTED,DR,Dorsal nucleus raphe,MB,DR,,4.546441485,0.06836620262,0.6633733862,C,44.56576632,43.05002177,"VMAT2 packages serotonin into vesicles at the somatodendritic level of dorsal raphe neurons, enabling activity-independent dendritic serotonin release documented by EM/3-photon imaging in DR.",https://www.jneurosci.org/content/32/45/15737,True,"Slc18a2: fine CCF profile is restricted toward DR (top regions: DR, VTA, IF, IPDM, CLI; 18 positive regions); direct spatial validation is still required."
Prokr2,GPCR,RESTRICTED,AP,Area postrema,MY,AP,Prokineticin receptor 2 (PK-R2) (G protein-coupled receptor 73-like 1),4.519623629,0.09333513986,0.6458318975,C,46.15402222,43.51866538,Prokineticin receptor 2 is expressed in circumventricular organs and directly modulates area postrema neuron excitability via PK2-induced chloride-current-mediated depolarizations/hyperpolarizations.,https://pubmed.ncbi.nlm.nih.gov/20053957/,True,"Prokr2: fine CCF profile is restricted toward AP (top regions: AP, SCH, PVT, TMd, PMd; 15 positive regions); direct spatial validation is still required."
Gpr149,GPCR,RESTRICTED,OT,Olfactory tubercle,STR,OT,Probable G protein-coupled receptor 149 (G protein-coupled receptor PGR10),4.396251922,0.05557045295,0.7147781025,C,43.05282245,41.56722281,"Orphan GPCR Gpr149 shows strongest expression in the islands of Calleja (part of the olfactory tubercle) and ventromedial hypothalamus/rostral IPN, regulating energy homeostasis/insulin sensitivity.",https://peerj.com/articles/16739/,True,"Gpr149: fine CCF profile is restricted toward OT (top regions: OT, VMH, IPR, ACB, VPM; 24 positive regions); direct spatial validation is still required."
Tacr1,GPCR,RESTRICTED,MH,Medial habenula,TH,MH,Substance-P receptor (SPR) (NK-1 receptor) (NK-1R) (Tachykinin receptor 1),4.067021086,0.06867432901,0.7170131176,C,42.9572979,41.1547745,"Tacr1 (NK1 receptor) binds substance P and is best documented at high density in striatum/amygdala; substance P projections from the medial habenula target the interpeduncular nucleus, but direct Tacr1 expression in MHb itself was not found.",https://en.wikipedia.org/wiki/Tachykinin_receptor_1,False,"Tacr1: fine CCF profile is restricted toward MH (top regions: MH, OV, SPFm, MOBipl, CEAc; 17 positive regions); direct spatial validation is still required."
Ano2,ION_CHANNEL,RESTRICTED,SH,Septohippocampal nucleus,STR,SH,Anoctamin-2 (Transmembrane protein 16B),4.00907372,0.07239479185,0.6567832536,C,45.86500394,42.90259871,Anoctamin-2 (Ano2/TMEM16B) narrows action potentials and mediates spike-frequency adaptation in hippocampal and thalamocortical neurons; no septohippocampal-nucleus-specific literature found.,https://www.nature.com/articles/ncomms13791,False,"Ano2: fine CCF profile is restricted toward SH (top regions: SH, LSc, IO, LSr, COApl; 21 positive regions); direct spatial validation is still required."
Penk,NEUROMODULATORY_SIGNAL,RESTRICTED,CP,Caudoputamen,STR,CP,,3.904140125,0.05645532139,0.668543423,C,44.25338236,42.63736265,Proenkephalin is abundantly expressed in striatal medium spiny projection neurons under dopaminergic regulation and serves as a biomarker of striatal integrity in Huntington's/Parkinson's disease.,https://www.ncbi.nlm.nih.gov/pmc/articles/PMC9363351/,True,"Penk: fine CCF profile is restricted toward CP (top regions: CP, ACB, CEAc, OT, CEAl; 24 positive regions); direct spatial validation is still required."
Otp,NEUROPEPTIDE_SUPPLEMENT,RESTRICTED,PVH,Paraventricular hypothalamic nucleus,HY,PVH,,3.900419362,0.05811276022,0.6483861256,C,47.1280426,43.2155761,Orthopedia is strongly expressed in and essential for specification of paraventricular hypothalamic nucleus (PVN) neuroendocrine neurons; Otp-null mice fail to develop the PVN and lose CRH/oxytocin/AVP/somatostatin/TRH secretion.,https://pubmed.ncbi.nlm.nih.gov/11071765/,True,"Otp: fine CCF profile is restricted toward PVH (top regions: PVH, IPR, IPC, IPI, DTN; 27 positive regions); direct spatial validation is still required."
Glp1r,GPCR,RESTRICTED,LSc,"Lateral septal nucleus, caudal (caudodorsal) part",STR,LSc,Glucagon-like peptide 1 receptor (GLP-1 receptor) (GLP-1-R) (GLP-1R),3.895000895,0.09485179277,0.654878469,C,46.12496424,42.8755246,"GLP-1 receptor is highly and specifically expressed in the (dorso)lateral septum, where GLP-1R+ neurons mediate anorectic/weight-lowering effects of GLP-1 agonists and modulate reward/alcohol intake.",https://pmc.ncbi.nlm.nih.gov/articles/PMC11364389/,True,"Glp1r: fine CCF profile is restricted toward LSc (top regions: LSc, SH, OV, TMd, AOBgr; 13 positive regions); direct spatial validation is still required."
Gpr161,GPCR,RESTRICTED,CA1sp,"Field CA1, pyramidal layer",HPF,CA1,G protein-coupled receptor 161,3.808976091,0.07672930105,0.654969544,C,43.83211373,42.80936904,Gpr161 is a ciliary GPCR repressing Sonic hedgehog signaling; its ciliary localization in the adult hippocampus is restricted specifically to pyramidal neurons of the CA1/CA2 regions.,https://www.cell.com/cell/fulltext/S0092-8674(12)01548-6,True,"Gpr161: fine CCF profile is restricted toward CA1sp (top regions: CA1sp, CA2sp, CA1so, CA1sr, CA2so; 13 positive regions); direct spatial validation is still required."
Scn7a,ION_CHANNEL,RESTRICTED,ME,Median eminence,HY,ME,Sodium channel protein type 7 subunit alpha (Nax channel) (Sodium channel Nav2.3),3.765990449,0.06468443815,0.6987840996,C,43.93050131,41.53857744,"Scn7a encodes the Nax sodium sensor channel, expressed in circumventricular structures including the median eminence, where it senses extracellular sodium for hydromineral/salt-intake homeostasis.",https://www.ncbi.nlm.nih.gov/pmc/articles/PMC3400090/,True,"Scn7a: fine CCF profile is restricted toward ME (top regions: ME, OV, AD, VISpor4, NLOT2; 23 positive regions); direct spatial validation is still required."
Clic6,ION_CHANNEL,RESTRICTED,OT,Olfactory tubercle,STR,OT,Chloride intracellular channel protein 6 (Glutaredoxin-like oxidoreductase CLIC6) (EC 1.8.-.-),3.761323355,0.09527740203,0.6175675566,C,47.18986787,43.90813134,"Clic6 encodes an intracellular chloride channel documented in choroid plexus, striatal SVZ and cerebellar Purkinje cells (interacting with D3 receptors); no olfactory-tubercle-specific source found.",https://pmc.ncbi.nlm.nih.gov/articles/PMC10641671/,False,"Clic6: fine CCF profile is restricted toward OT (top regions: OT, SH, ACB, LSr, CP; 14 positive regions); direct spatial validation is still required."
Gal,GPCR,RESTRICTED,PD,Posterodorsal preoptic nucleus,HY,PD,Galanin peptides [Cleaved into: Galanin; Galanin message-associated peptide (GMAP)],3.71715176,0.08745366552,0.651724756,C,46.67620509,42.8353094,Galanin is best documented in ventrolateral preoptic (VLPO) sleep-promoting/heat-loss neurons; no source specifically documenting it in the posterodorsal preoptic nucleus found.,https://www.nature.com/articles/s41467-018-06590-7,False,"Gal: fine CCF profile is restricted toward PD (top regions: PD, VMPO, DMH, MPN, VLPO; 17 positive regions); direct spatial validation is still required."
Npsr1,GPCR,RESTRICTED,SCO,Subcommissural organ,MB,SCO,Neuropeptide S receptor (G protein-coupled receptor 154) (G protein-coupled receptor PGR14),3.551596928,0.07595032526,0.6834414052,C,44.58082069,41.78034405,"Neuropeptide S receptor 1 is broadly expressed in cortex, thalamus, hypothalamus and amygdala, involved in fear/anxiety and arousal regulation; no subcommissural-organ-specific data found.",https://www.ncbi.nlm.nih.gov/pmc/articles/PMC4340626/,False,"Npsr1: fine CCF profile is restricted toward SCO (top regions: SCO, AV, STN, AIp6b, PDTg; 17 positive regions); direct spatial validation is still required."
Nppc,NEUROPEPTIDE_SUPPLEMENT,RESTRICTED,CU,Cuneate nucleus,MY,CU,,3.496204382,0.08933988274,0.6878816474,C,43.72925687,41.59850584,"Nppc encodes C-type natriuretic peptide, abundant in the nervous system with a documented sympatho-inhibitory role via the paraventricular hypothalamic nucleus; no cuneate-nucleus-specific data found.",https://www.ncbi.nlm.nih.gov/pmc/articles/PMC10110992/,False,"Nppc: fine CCF profile is restricted toward CU (top regions: CU, PG, PSV, PVT, AP; 13 positive regions); direct spatial validation is still required."
Kcng4,ION_CHANNEL,RESTRICTED,MH,Medial habenula,TH,MH,Voltage-gated potassium channel regulatory subunit KCNG4 (Potassium voltage-gated channel subfamily G member 4) (Voltage-gated potassium channel subunit Kv6.3) (Voltage-gated potassium channel subunit,3.493663681,0.0711827548,0.690295449,C,46.38776323,41.55434017,Kcng4 (Kv6.3) shows high expression in the interpeduncular nucleus (a target of MHb efferents) and is implicated in subcommissural organ regulation; direct expression within the medial habenula itself was not found.,https://www.biorxiv.org/content/10.1101/2024.12.20.629661.full.pdf,False,"Kcng4: fine CCF profile is restricted toward MH (top regions: MH, RT, III, PSV, V; 20 positive regions); direct spatial validation is still required."
Npffr1,GPCR,RESTRICTED,SH,Septohippocampal nucleus,STR,SH,Neuropeptide FF receptor 1 (G-protein coupled receptor 147) (RFamide-related peptide receptor OT7T022),3.483341285,0.08025418838,0.6743076315,C,44.388618,41.99480581,"Neuropeptide FF receptor 1 is involved in nociception and neuroendocrine modulation, with a rostrocaudal gradient of highest density in caudal lateral septal nuclei; no source specifically named the septohippocampal nucleus.",https://www.genecards.org/card/NPFFR1,False,"Npffr1: fine CCF profile is restricted toward SH (top regions: SH, LSc, LSr, VMH, DR; 16 positive regions); direct spatial validation is still required."
Trpm6,ION_CHANNEL,RESTRICTED,AV,Anteroventral nucleus of thalamus,TH,AV,"Transient receptor potential cation channel subfamily M member 6 (EC 2.7.11.1) (Channel kinase 2) (Melastatin-related TRP cation channel 6) [Cleaved into: TRPM6 kinase, cleaved form]",3.437496031,0.0613695606,0.6551444931,C,44.90532258,42.64999414,Trpm6 encodes a Mg2+-permeable TRP channel essential for magnesium reabsorption in kidney/intestine; no literature on brain (including anteroventral thalamic nucleus) expression found.,https://www.genecards.org/card/TRPM6,False,"Trpm6: fine CCF profile is restricted toward AV (top regions: AV, AD, IAD, AMd, AMv; 26 positive regions); direct spatial validation is still required."
Adgrv1,GPCR,RESTRICTED,SCO,Subcommissural organ,MB,SCO,Adhesion G protein-coupled receptor V1 (ADGRV1) (EC 3.4.-.-) (G protein-coupled receptor 98) (Monogenic audiogenic seizure susceptibility protein 1) (MASS1) (Neurepin) (Protein rueda) (Very large G pr,3.325014575,0.05897457308,0.6675147291,C,44.14552763,42.22366155,"Adgrv1 (Gpr98/Vlgr1) is a giant adhesion GPCR whose mutations cause Usher syndrome type 2C, well documented in cochlear/retinal ciliary complexes; no subcommissural-organ-specific data found.",https://pmc.ncbi.nlm.nih.gov/articles/PMC11139646/,False,"Adgrv1: fine CCF profile is restricted toward SCO (top regions: SCO, ME, OV, PVi, PVpo; 23 positive regions); direct spatial validation is still required."
Chrna5,ION_CHANNEL,RESTRICTED,IPR,"Interpeduncular nucleus, rostral",MB,IPN,Neuronal acetylcholine receptor subunit alpha-5,3.304668403,0.05992409972,0.7215404211,C,45.20090766,40.57516741,"Chrna5 mRNA is expressed at high levels specifically in the interpeduncular nucleus (the principal target of MHb efferents), where alpha5-expressing GABAergic IPN neurons mediate nicotine aversion primed by prior exposure.",https://www.ncbi.nlm.nih.gov/pmc/articles/PMC6070661/,True,"Chrna5: fine CCF profile is restricted toward IPR (top regions: IPR, IPC, IPI, IPDL, CA1sp; 17 positive regions); direct spatial validation is still required."
Fzd1,GPCR,RESTRICTED,MH,Medial habenula,TH,MH,Frizzled-1 (Fz-1) (mFz1),3.2897277,0.06828051205,0.7018545178,C,43.15929585,41.07354038,Frizzled-1 is a Wnt receptor documented to regulate adult hippocampal neurogenesis and neuron/astrocyte fate commitment; no medial-habenula-specific literature found.,https://www.ncbi.nlm.nih.gov/pmc/articles/PMC4791773/,False,"Fzd1: fine CCF profile is restricted toward MH (top regions: MH, AP, RE, IMD, SCzo; 24 positive regions); direct spatial validation is still required."
Htr1b,GPCR,RESTRICTED,CP,Caudoputamen,STR,CP,5-hydroxytryptamine receptor 1B (5-HT-1B) (5-HT1B) (Serotonin receptor 1B),3.289096932,0.07194131388,0.6960825681,C,43.18778926,41.22370516,"5-HT1B receptor is present at high density in the caudate-putamen, acting as a presynaptic heteroreceptor on striatal spiny projection neuron terminals to modulate lateral inhibition and dopamine/GABA release.",https://www.jneurosci.org/content/41/37/7831,True,"Htr1b: fine CCF profile is restricted toward CP (top regions: CP, ACB, OT, NLOT2, LSc; 14 positive regions); direct spatial validation is still required."
Th,NEUROMODULATORY_SIGNAL,RESTRICTED,VTA,Ventral tegmental area,MB,VTA,,3.096196556,0.06136637863,0.6315012571,C,47.32489451,43.09372151,"Tyrosine hydroxylase is the rate-limiting dopamine-synthesis enzyme and the definitive marker of dopaminergic neurons in the ventral tegmental area (A10 cell group), central to reward, motivation and motor circuits.",https://www.ncbi.nlm.nih.gov/pmc/articles/PMC12162536/,True,"Th: fine CCF profile is restricted toward VTA (top regions: VTA, IF, IPDM, PN, CLI; 26 positive regions); direct spatial validation is still required."
Slc17a8,ION_CHANNEL,RESTRICTED,DR,Dorsal nucleus raphe,MB,DR,Vesicular glutamate transporter 3 (VGluT3) (Solute carrier family 17 member 8),2.778342219,0.08917495797,0.6766376132,C,46.16152692,41.35737901,"VGLUT3 is expressed in a subpopulation of dorsal raphe serotonergic neurons, enabling glutamate/serotonin co-release onto targets such as VTA dopamine neurons, implicated in reward and anxiety-related behavior.",https://www.sciencedirect.com/science/article/pii/S2211124719300221,True,"Slc17a8: fine CCF profile is restricted toward DR (top regions: DR, IMD, RH, PT, IAM; 14 positive regions); direct spatial validation is still required."
Chrna6,ION_CHANNEL,RESTRICTED,IF,Interfascicular nucleus raphe,MB,IF,Neuronal acetylcholine receptor subunit alpha-6,2.594895569,0.08952894294,0.5752129432,C,50.4192258,44.22974231,"Nicotinic alpha6 subunit is expressed predominantly in midbrain dopaminergic (VTA, SN) and locus coeruleus noradrenergic neurons, mediating nicotine-evoked dopamine release; no interfascicular-raphe-specific data found.",https://www.mdpi.com/2813-2564/4/1/1,False,"Chrna6: fine CCF profile is restricted toward IF (top regions: IF, VTA, IPDM, PN, SNc; 18 positive regions); direct spatial validation is still required."
Sst,NEUROMODULATORY_SIGNAL,RESTRICTED,RT,Reticular nucleus of the thalamus,TH,RT,,2.36486109,0.06369771024,0.7099132065,C,43.18319149,40.03550584,"Somatostatin is co-expressed with GABA in thalamic reticular nucleus neurons that project to thalamocortical relay cells, inhibiting thalamic oscillations and modulating sensory attention.",https://www.jneurosci.org/content/22/13/5374,True,"Sst: fine CCF profile is restricted toward RT (top regions: RT, LSc, CU, IPR, CEAl; 15 positive regions); direct spatial validation is still required."
Kcnj5,ION_CHANNEL,RESTRICTED,PVT,Paraventricular nucleus of the thalamus,TH,PVT,"G protein-activated inward rectifier potassium channel 4 (GIRK-4) (Cardiac inward rectifier) (CIR) (Heart KATP channel) (Inward rectifier K(+) channel Kir3.4) (KATP-1) (Potassium channel, inwardly rec",2.140695799,0.07829976597,0.6859509647,C,45.0005449,40.4247884,"GIRK4 G-protein-gated inward-rectifier K+ channel; documented strong expression in paraventricular and parafascicular thalamic nuclei (plus PVN/VMH/ARH hypothalamus), implicating it in thalamic/hypothalamic excitability.",https://www.jneurosci.org/content/20/15/5608,True,"Kcnj5: fine CCF profile is restricted toward PVT (top regions: PVT, PT, PF, VMH, Xi; 14 positive regions); direct spatial validation is still required."
Adgrg2,GPCR,RESTRICTED,IO,Inferior olivary complex,MY,IO,"Adhesion G protein-coupled receptor G2 (G protein-coupled receptor 64) (Mouse epididymis-specific protein 6) (Me6) [Cleaved into: Adhesion G protein-coupled receptor G2, N-terminal fragment (ADGRG2 N-",2.103427585,0.06239824281,0.694503076,C,43.54291676,40.21586978,"Adhesion GPCR (GPR64) required for fluid reabsorption in male excurrent ducts; expression also reported in parathyroid/CNS generally, but no inferior-olive-specific data found.",https://en.wikipedia.org/wiki/GPR64,False,"Adgrg2: fine CCF profile is restricted toward IO (top regions: IO, TMd, PVT, MMm, Xi; 22 positive regions); direct spatial validation is still required."
Kcna5,ION_CHANNEL,RESTRICTED,OT,Olfactory tubercle,STR,OT,Potassium voltage-gated channel subfamily A member 5 (Voltage-gated potassium channel subunit Kv1.5) (KV1-5),1.964899861,0.05481098236,0.6896902761,C,43.6648899,40.28738483,"Kv1.5 delayed-rectifier K+ channel controls cardiac atrial repolarization and pulmonary vasoconstriction; general neural expression in olfactory epithelium/retina, no olfactory-tubercle-specific data found.",https://en.wikipedia.org/wiki/KCNA5,False,"Kcna5: fine CCF profile is restricted toward OT (top regions: OT, ACB, ARH, PVH, PMv; 28 positive regions); direct spatial validation is still required."
P2rx6,ION_CHANNEL,RESTRICTED,SCO,Subcommissural organ,MB,SCO,P2X purinoceptor 6 (P2X6) (ATP receptor) (P2XM) (Purinergic receptor) (Purinergic receptor P2X-like 1),1.71405781,0.09329191888,0.5893352047,C,48.17188192,42.78866935,"ATP-gated P2X cation channel, predominantly expressed in skeletal muscle with minor cortical expression; no subcommissural-organ-specific data found.",https://en.wikipedia.org/wiki/P2RX6,False,"P2rx6: fine CCF profile is restricted toward SCO (top regions: SCO, OV, V, III, VI; 16 positive regions); direct spatial validation is still required."
Kcne4,ION_CHANNEL,RESTRICTED,VPM,Ventral posteromedial nucleus of the thalamus,TH,VPM,Potassium voltage-gated channel subfamily E member 4 (MinK-related peptide 3) (Minimum potassium ion channel-related peptide 3) (Potassium channel subunit beta MiRP3),1.712450022,0.07518379137,0.6359113386,C,49.27465915,41.37820047,"Regulatory subunit modulating KCNQ1/KCNQ4/Kv1.x/Kv2.1/Kv4.x/BK channels, best studied in cardiac repolarization/vascular tone; no VPM-specific data found.",https://en.wikipedia.org/wiki/KCNE4,False,"Kcne4: fine CCF profile is restricted toward VPM (top regions: VPM, LGd-ip, VPL, MGv, LGd-co; 18 positive regions); direct spatial validation is still required."
Fzd7,GPCR,RESTRICTED,MH,Medial habenula,TH,MH,Frizzled-7 (Fz-7) (mFz7),1.682215778,0.06725753607,0.6846599516,C,45.17478637,39.9104136,"Wnt3 receptor Frizzled-7 regulates neuronal identity, with restricted expression at the dorsal telencephalic/diencephalic border in developing forebrain; no medial-habenula-specific study found.",https://www.ncbi.nlm.nih.gov/pmc/articles/PMC7911671/,False,"Fzd7: fine CCF profile is restricted toward MH (top regions: MH, TRS, NLOT2, SF, SFO; 16 positive regions); direct spatial validation is still required."
Oxt,NEUROMODULATORY_SIGNAL,RESTRICTED,SO,Supraoptic nucleus,HY,SO,,1.676846771,0.08707656797,0.5993465326,C,47.11331663,42.41734906,"Oxytocin is synthesized by magnocellular neurons of the supraoptic nucleus (and PVN), driving parturition, milk-ejection, maternal/social behavior and food-intake suppression -- well documented specifically in the SO.",https://journals.plos.org/plosone/article?id=10.1371/journal.pone.0283152,True,"Oxt: fine CCF profile is restricted toward SO (top regions: SO, PVH, PD, SBPV, PVa; 18 positive regions); direct spatial validation is still required."
Drd5,GPCR,RESTRICTED,PBG,Parabigeminal nucleus,MB,PBG,D(1B) dopamine receptor (D(5) dopamine receptor) (Dopamine D5 receptor),1.629205785,0.05507688332,0.6763863776,C,44.57713441,40.21197096,D5 dopamine receptor mRNA is localized by in situ hybridization to hippocampus and the parafascicular thalamic nucleus; no parabigeminal-nucleus-specific study found.,https://pubmed.ncbi.nlm.nih.gov/1465219/,False,"Drd5: fine CCF profile is restricted toward PBG (top regions: PBG, CA2sp, CA1sp, Xi, CA1so; 25 positive regions); direct spatial validation is still required."
Lrrc38,ION_CHANNEL,RESTRICTED,RT,Reticular nucleus of the thalamus,TH,RT,Leucine-rich repeat-containing protein 38 (BK channel auxiliary gamma subunit LRRC38),1.59602699,0.06806258867,0.651279176,C,46.53702176,40.7757118,"BK-channel auxiliary gamma-4 subunit, characterized mainly in secretory glands (the related LRRC55 is the primary neural BK gamma subunit); no reticular-thalamic-nucleus data found.",https://www.jbc.org/article/S0021-92582200104-1/fulltext,False,"Lrrc38: fine CCF profile is restricted toward RT (top regions: RT, FOTU, PRM, PYR, LING; 20 positive regions); direct spatial validation is still required."
Piezo2,ION_CHANNEL,RESTRICTED,MH,Medial habenula,TH,MH,Piezo-type mechanosensitive ion channel component 2 (Protein FAM38B),1.552551648,0.05804067469,0.7155964527,C,44.17319242,38.87317225,"Mechanically-activated cation channel mediating touch/proprioception/interoception, characterized mainly in peripheral sensory neurons (DRG, trigeminal, vagal ganglia); no medial-habenula-specific expression data found.",https://en.wikipedia.org/wiki/PIEZO2,False,"Piezo2: fine CCF profile is restricted toward MH (top regions: MH, ME, PA, IMD, PR; 23 positive regions); direct spatial validation is still required."
Agtr1a,GPCR,RESTRICTED,PVH,Paraventricular hypothalamic nucleus,HY,PVH,Type-1 angiotensin II receptor A (Angiotensin II type-1 receptor A) (AT1 receptor A),1.445382797,0.07790912429,0.6536688726,C,46.58983272,40.42099008,Angiotensin II type-1a receptor in the PVH regulates blood pressure/sympathetic outflow and energy homeostasis; PVH-specific AT1a knockout studies show altered food intake and hypertensive responses.,https://www.jneurosci.org/content/33/11/4825,True,"Agtr1a: fine CCF profile is restricted toward PVH (top regions: PVH, OV, MEPO, IPC, SCH; 17 positive regions); direct spatial validation is still required."
Gpr179,GPCR,RESTRICTED,SCO,Subcommissural organ,MB,SCO,G protein-coupled receptor 179,1.442841917,0.06692143546,0.6811743919,C,45.01731522,39.6365171,Orphan GPCR forming the mGluR6/TRPM1 signaling complex at ON-bipolar cell dendritic tips in retina; mutations cause congenital stationary night blindness; no subcommissural-organ-specific data found.,https://pmc.ncbi.nlm.nih.gov/articles/PMC3813323/,False,"Gpr179: fine CCF profile is restricted toward SCO (top regions: SCO, ARH, OV, ME, PVp; 16 positive regions); direct spatial validation is still required."
Hcrtr1,GPCR,RESTRICTED,DR,Dorsal nucleus raphe,MB,DR,Orexin/Hypocretin receptor type 1 (Hypocretin receptor type 1) (Orexin receptor type 1) (Ox-1-R) (Ox1-R) (Ox1R),1.388406113,0.05568503247,0.7087266898,C,43.13757618,38.83342907,"Orexin/hypocretin receptor 1 in the dorsal raphe directly excites serotonergic neurons via Na+/K+ nonselective cation currents, linking hypothalamic arousal signaling to serotonergic output -- documented specifically in DRN.",https://www.jneurosci.org/content/22/21/9453,True,"Hcrtr1: fine CCF profile is restricted toward DR (top regions: DR, LC, RO, SLC, B; 24 positive regions); direct spatial validation is still required."
Htr1d,GPCR,RESTRICTED,OT,Olfactory tubercle,STR,OT,5-hydroxytryptamine receptor 1D (5-HT-1D) (5-HT1D) (Serotonin receptor 1D),1.298596172,0.05647098302,0.6782758025,C,44.66431913,39.5696045,5-HT1D receptor activation suppresses glutamatergic synaptic transmission specifically in the principal cell layer of the rat olfactory tubercle.,https://pubmed.ncbi.nlm.nih.gov/20141530/,True,"Htr1d: fine CCF profile is restricted toward OT (top regions: OT, PVT, CP, ACB, DR; 27 positive regions); direct spatial validation is still required."
Cnga3,ION_CHANNEL,RESTRICTED,MEPO,Median preoptic nucleus,HY,MEPO,Cyclic nucleotide-gated channel alpha-3 (CNG channel alpha-3) (CNG-3) (CNG3) (Cone photoreceptor cGMP-gated channel subunit alpha-3) (Gustatory cyclic nucleotide-gated cation channel) (CNGgust),1.210147006,0.08079095049,0.6492071896,C,46.6404148,40.11900649,"CNGA3 acts as a cold-sensing ion channel in preoptic-area hypothalamic neurons, contributing to thermoregulatory cold sensing; the median preoptic nucleus lies within this region but is not singled out.",https://elifesciences.org/articles/55370,False,"Cnga3: fine CCF profile is restricted toward MEPO (top regions: MEPO, SFO, AVPV, OV, IPR; 21 positive regions); direct spatial validation is still required."
Aqp6,ION_CHANNEL,RESTRICTED,AD,Anterodorsal nucleus,TH,AD,Aquaporin-6 (AQP-6),1.202850656,0.07192403582,0.6482670731,C,47.7794951,40.14944165,"Water/nitrate channel classically kidney-specific; some mouse brain expression reported in cerebellum, habenula and dorsal tegmental nucleus; no anterodorsal-nucleus-specific data found.",https://en.wikipedia.org/wiki/AQP6,False,"Aqp6: fine CCF profile is restricted toward AD (top regions: AD, CENT2, CENT3, SIM, UVU; 20 positive regions); direct spatial validation is still required."
Cx3cr1,GPCR,RESTRICTED,SCO,Subcommissural organ,MB,SCO,CX3C chemokine receptor 1 (C-X3-C CKR-1) (CX3CR1) (mCX3CR1) (Fractalkine receptor),1.187133324,0.06301806245,0.7297716069,C,41.47556954,37.72873207,"Fractalkine receptor expressed exclusively by microglia, mediating microglia-neuron communication and synaptic plasticity broadly across CNS; a general microglial marker, no subcommissural-organ-specific data.",https://www.ncbi.nlm.nih.gov/pmc/articles/PMC9833910/,False,"Cx3cr1: fine CCF profile is restricted toward SCO (top regions: SCO, AId1, TEa1, CA1slm, AUDpo1; 19 positive regions); direct spatial validation is still required."
Adgrf2,GPCR,RESTRICTED,AV,Anteroventral nucleus of thalamus,TH,AV,Adhesion G protein-coupled receptor F2 (G protein-coupled receptor 111) (G protein-coupled receptor PGR20),1.179196446,0.08217796974,0.6454974407,C,44.16448618,40.16790694,Adhesion GPCR (GPR111) reported enriched in hippocampal inhibitory interneurons in a recent aGPCR expression study; no anteroventral-thalamic-nucleus-specific data found.,https://www.cell.com/cell-reports/fulltext/S2211-1247(26)00333-5,False,"Adgrf2: fine CCF profile is restricted toward AV (top regions: AV, AMd, IAD, PCN, VAL; 22 positive regions); direct spatial validation is still required."
Nmbr,GPCR,RESTRICTED,PVT,Paraventricular nucleus of the thalamus,TH,PVT,Neuromedin-B receptor (NMB-R) (Neuromedin-B-preferring bombesin receptor),1.159251503,0.08111896841,0.6515260809,C,45.06472928,39.94538865,"Neuromedin B receptor is broadly expressed across CNS including thalamus, amygdala, hippocampus, hypothalamus and olfactory regions; no PVT-specific study found.",https://pmc.ncbi.nlm.nih.gov/articles/PMC4807040/,False,"Nmbr: fine CCF profile is restricted toward PVT (top regions: PVT, ENTl6a, PERI6a, AON, CM; 17 positive regions); direct spatial validation is still required."
P2rx5,ION_CHANNEL,RESTRICTED,V,Motor nucleus of trigeminal,P,V,P2X purinoceptor 5 (P2X5),0.9718099428,0.06453407021,0.6720733274,C,44.3830656,38.95825953,"P2X5 ATP-gated cation channel shows heavy immunostaining specifically in the motor trigeminal nucleus, among other brain regions.",https://pubmed.ncbi.nlm.nih.gov/18773945/,True,"P2rx5: fine CCF profile is restricted toward V (top regions: V, XII, AD, DMX, DG-po; 22 positive regions); direct spatial validation is still required."
Chrm5,GPCR,RESTRICTED,PMd,Dorsal premammillary nucleus,HY,PMd,Muscarinic acetylcholine receptor M5,0.9550146912,0.05761362412,0.6603610666,C,45.39856976,39.33565269,"M5 muscarinic receptor is the only mAChR on midbrain dopamine neurons, affecting ventral striatal/NAc dopamine terminals; expression also reported in mammillary body, but no confirmation specifically in PMd.",https://en.wikipedia.org/wiki/CHRM5,False,"Chrm5: fine CCF profile is restricted toward PMd (top regions: PMd, MMm, MMl, IPR, TMd; 28 positive regions); direct spatial validation is still required."
Mc3r,GPCR,RESTRICTED,ARH,Arcuate hypothalamic nucleus,HY,ARH,Melanocortin receptor 3 (MC3-R),0.9137606513,0.05276154071,0.6760978054,C,45.46901862,38.82506199,"Melanocortin-3 receptor mRNA is densely expressed in and functions as an autoreceptor on POMC neurons of the arcuate nucleus, regulating energy homeostasis and appetite.",https://pubmed.ncbi.nlm.nih.gov/10844578/,True,"Mc3r: fine CCF profile is restricted toward ARH (top regions: ARH, PVT, LSc, VMH, IF; 28 positive regions); direct spatial validation is still required."
Pmch,NEUROPEPTIDE_SUPPLEMENT,RESTRICTED,PSTN,Parasubthalamic nucleus,HY,PSTN,,0.8467118377,0.08713869207,0.594245813,C,48.93138255,40.92459475,"Pro-melanin-concentrating hormone (MCH) neurons are concentrated in the incertohypothalamic/perifornical/lateral hypothalamic area, regulating arousal, sleep and energy balance; no parasubthalamic-specific documentation found.",https://pmc.ncbi.nlm.nih.gov/articles/PMC6901935/,False,"Pmch: fine CCF profile is restricted toward PSTN (top regions: PSTN, TMv, LHA, STN, ME; 15 positive regions); direct spatial validation is still required."
Casr,GPCR,RESTRICTED,IF,Interfascicular nucleus raphe,MB,IF,Extracellular calcium-sensing receptor (CaSR) (Parathyroid cell calcium-sensing receptor) (PCaR1),0.7540074932,0.06457862584,0.6319398768,C,47.58638811,39.55141177,Calcium-sensing receptor regulates parathyroid hormone release/renal calcium handling and is expressed broadly in brain including hypothalamic GHRH/POMC neurons; no interfascicular-raphe-specific data found.,https://en.wikipedia.org/wiki/Calcium-sensing_receptor,False,"Casr: fine CCF profile is restricted toward IF (top regions: IF, IPDM, BMAa, MEA, PN; 24 positive regions); direct spatial validation is still required."
Adgre1,GPCR,RESTRICTED,LC,Locus ceruleus,P,LC,Adhesion G protein-coupled receptor E1 (Cell surface glycoprotein F4/80) (EGF-like module receptor 1) (EGF-like module-containing mucin-like hormone receptor-like 1) (EMR1 hormone receptor),0.7398711448,0.07669573679,0.6771172729,C,47.30127018,38.10820519,"F4/80/EMR1 is a classic macrophage/microglial adhesion marker involved in immune modulation; a general microglial/macrophage marker, no locus-coeruleus-specific documentation.",https://en.wikipedia.org/wiki/EMR1,False,"Adgre1: fine CCF profile is restricted toward LC (top regions: LC, SLC, DMX, AId1, TEa1; 13 positive regions); direct spatial validation is still required."
Fzd9,GPCR,RESTRICTED,AD,Anterodorsal nucleus,TH,AD,Frizzled-9 (Fz-9) (mFz3) (mFz9) (CD antigen CD349),0.7036166566,0.05644169882,0.7072392911,C,43.16664189,37.20486301,"Frizzled-9 is expressed in brain (amygdala, cingulate cortex, hypothalamus), testis, eye and muscle; its deletion is implicated in Williams syndrome neurodevelopmental phenotype; no anterodorsal-nucleus-specific data found.",https://en.wikipedia.org/wiki/FZD9,False,"Fzd9: fine CCF profile is restricted toward AD (top regions: AD, V, MH, VCO, SNc; 25 positive regions); direct spatial validation is still required."
Ccr9,GPCR,RESTRICTED,LM,Lateral mammillary nucleus,HY,LM,C-C chemokine receptor type 9 (C-C CKR-9) (CC-CKR-9) (CCR-9) (Chemokine C-C receptor 10) (CD antigen CDw199),0.6946820056,0.05817811421,0.6885723424,C,42.97848428,37.71392566,"CCR9 mediates thymocyte migration/maturation and gut lymphocyte homing; essentially immune/GI-tract expression, no brain or lateral-mammillary-nucleus expression found.",https://en.wikipedia.org/wiki/CCR9,False,"Ccr9: fine CCF profile is restricted toward LM (top regions: LM, MMd, NLOT1, TRS, TTv; 27 positive regions); direct spatial validation is still required."
Abcc9,ION_CHANNEL,RESTRICTED,AP,Area postrema,MY,AP,ATP-binding cassette sub-family C member 9 (Sulfonylurea receptor 2),0.6520985638,0.06886652881,0.7088816403,C,45.89394382,36.8768134,ABCC9/SUR2 is the regulatory subunit of ATP-sensitive K+ channels in cardiac/skeletal/smooth muscle; mutations cause Cantu syndrome; no area-postrema/CNS-specific expression data found.,https://en.wikipedia.org/wiki/ABCC9,False,"Abcc9: fine CCF profile is restricted toward AP (top regions: AP, LIN, PMv, MDRNd, PAS; 15 positive regions); direct spatial validation is still required."
Ghsr,GPCR,RESTRICTED,ARH,Arcuate hypothalamic nucleus,HY,ARH,Growth hormone secretagogue receptor type 1 (GH-releasing peptide receptor) (Ghrelin receptor),0.6444767099,0.05516360311,0.6756656569,C,45.54916928,37.95865723,"Ghrelin receptor is most highly expressed in the hypothalamus, specifically the arcuate and ventromedial nuclei, mediating growth-hormone release and appetite stimulation.",https://en.wikipedia.org/wiki/Growth_hormone_secretagogue_receptor,True,"Ghsr: fine CCF profile is restricted toward ARH (top regions: ARH, RL, VTA, IF, EW; 27 positive regions); direct spatial validation is still required."
Nmu,NEUROPEPTIDE_SUPPLEMENT,RESTRICTED,TMd,"Tuberomammillary nucleus, dorsal part",HY,TMd,,0.5781496419,0.1233026139,0.6023709716,C,49.99458975,40.1268866,"Neuromedin U regulates smooth muscle contraction, blood pressure, appetite and stress response, with NMUR2/stress-related signaling documented in the PVN; no tuberomammillary-nucleus-specific documentation found.",https://en.wikipedia.org/wiki/Neuromedin_U,False,"Nmu: fine CCF profile is restricted toward TMd (top regions: TMd, PS, AVP, EW, PAS; 16 positive regions); direct spatial validation is still required."
Cacna1s,ION_CHANNEL,RESTRICTED,PVpo,"Periventricular hypothalamic nucleus, preoptic part",HY,PVpo,"Voltage-dependent L-type calcium channel subunit alpha-1S (Calcium channel, L type, alpha-1 polypeptide, isoform 3, skeletal muscle) (Dihydropyridine receptor) (DHPR) (Voltage-gated calcium channel su",0.5509122014,0.06795689122,0.6581679809,C,45.76198167,38.01019267,"Encodes the skeletal-muscle L-type Ca2+ channel Cav1.1, essential for excitation-contraction coupling; mutations cause hypokalemic periodic paralysis. No PVpo/hypothalamic-specific role found.",https://www.ncbi.nlm.nih.gov/gene/779,False,"Cacna1s: fine CCF profile is restricted toward PVpo (top regions: PVpo, AD, PVT, PVi, SCO; 18 positive regions); direct spatial validation is still required."
Gpr35,GPCR,RESTRICTED,SCO,Subcommissural organ,MB,SCO,G protein-coupled receptor 35 (Kynurenic acid receptor) (KYNA receptor),0.5498943154,0.06280273575,0.6790403405,C,43.18727469,37.4075725,"Kynurenic-acid-sensing GPCR characterized mainly in gut epithelium and immune cells, implicated in inflammation and visceral pain; no subcommissural-organ-specific data found.",https://pmc.ncbi.nlm.nih.gov/articles/PMC10687457/,False,"Gpr35: fine CCF profile is restricted toward SCO (top regions: SCO, MGd, AD, DR, MGv; 23 positive regions); direct spatial validation is still required."
P2ry6,GPCR,RESTRICTED,FC,Fasciola cinerea,HPF,FC,P2Y purinoceptor 6 (P2Y6),0.4754054241,0.05727001061,0.6914013972,C,47.40740423,36.7472253,"UDP-activated GPCR best documented in microglia, driving phagocytosis/calcium signaling in hippocampus during epileptogenesis; no fasciola-cinerea-specific data found.",https://www.sciencedirect.com/science/article/pii/S0896627324001958,False,"P2ry6: fine CCF profile is restricted toward FC (top regions: FC, CA2sp, AId1, CA2sr, TEa1; 27 positive regions); direct spatial validation is still required."
Rbp2,ION_CHANNEL,RESTRICTED,LSc,"Lateral septal nucleus, caudal (caudodorsal) part",STR,LSc,RIMS-binding protein 2 (RIM-BP2),0.4712275882,0.1035247399,0.5839684859,C,48.94483119,40.02252733,"Rimbp2/RIM-binding protein 2 is a presynaptic active-zone scaffold linking RIM proteins to voltage-gated Ca2+ channels, tuning neurotransmitter release probability (studied at hippocampal synapses); no lateral-septal-specific data found.",https://www.pnas.org/doi/10.1073/pnas.1605256113,False,"Rbp2: fine CCF profile is restricted toward LSc (top regions: LSc, SCO, PVpo, SFO, AD; 14 positive regions); direct spatial validation is still required."
Glra4,ION_CHANNEL,RESTRICTED,ICd,"Inferior colliculus, dorsal nucleus",MB,IC,Glycine receptor subunit alpha-4,0.4551137594,0.05848552355,0.688102424,C,44.73432831,36.7339356,"Glycine receptor alpha-4 subunit; a processed pseudogene in humans but functional in other vertebrates, implicated in escape/startle circuitry (zebrafish); no inferior-colliculus-specific data found.",https://en.wikipedia.org/wiki/GLRA4,False,"Glra4: fine CCF profile is restricted toward ICd (top regions: ICd, VCO, ICe, ICc, FL; 22 positive regions); direct spatial validation is still required."
Pkd2l2,ION_CHANNEL,RESTRICTED,SCO,Subcommissural organ,MB,SCO,Polycystin-2-like protein 2 (Polycystin-2L2) (Polycystic kidney disease 2-like 2 protein) (Polycystin-L2),0.4520360523,0.05782085209,0.7087473217,C,42.03404859,36.10530135,Polycystin-family cation channel homolog of Pkd2l1; general databases report expression largely restricted to testis. No subcommissural-organ role found.,https://www.proteinatlas.org/ENSG00000078795-PKD2L2/tissue,False,"Pkd2l2: fine CCF profile is restricted toward SCO (top regions: SCO, IPR, AD, AOBgr, IMD; 27 positive regions); direct spatial validation is still required."
Adgrg5,GPCR,RESTRICTED,PO,Posterior complex of the thalamus,TH,PO,"Adhesion G protein-coupled receptor G5 (G protein-coupled receptor 114) (G protein-coupled receptor PGR27) [Cleaved into: Adhesion G protein-coupled receptor G5, N-terminal fragment (ADGRG5 N-terminal",0.4469936083,0.09780121495,0.5534405163,C,53.24845999,40.77531342,"Orphan adhesion GPCR (GPR114) activated by a tethered peptide agonist, signaling via Gs/cAMP; highest expression in GI tract and male reproductive tissue; no posterior thalamic complex-specific data found.",https://pmc.ncbi.nlm.nih.gov/articles/PMC10622838/,False,"Adgrg5: fine CCF profile is restricted toward PO (top regions: PO, Eth, MGv, MGd, SMT; 20 positive regions); direct spatial validation is still required."
Adgrg3,GPCR,RESTRICTED,AP,Area postrema,MY,AP,"Adhesion G protein-coupled receptor G3 (G protein-coupled receptor 97) [Cleaved into: Adhesion G protein-coupled receptor G3, N-terminal fragment (ADGRG3 N-terminal fragment); Adhesion G protein-coupl",0.4456679389,0.06283157804,0.6964571064,C,43.19164465,36.40236235,"Mechanosensitive adhesion GPCR (GPR97) whose tethered agonist is exposed by shear force, driving neutrophil polarization/migration; detected generally in brain/spinal cord, no area-postrema-specific data found.",https://www.science.org/doi/10.1126/scisignal.abo5234,False,"Adgrg3: fine CCF profile is restricted toward AP (top regions: AP, PF, SCO, AMd, AMv; 17 positive regions); direct spatial validation is still required."
P2rx1,ION_CHANNEL,RESTRICTED,MMd,"Medial mammillary nucleus, dorsal part",HY,MM,P2X purinoceptor 1 (P2X1) (ATP receptor) (Purinergic receptor),0.416999386,0.0686763452,0.6920994686,C,46.71778932,36.35941621,"ATP-gated cation channel documented across hypothalamic nuclei (supraoptic, paraventricular, suprachiasmatic) on neurons/astrocytes/tanycytes, but no medial-mammillary-nucleus-specific data found.",https://www.ncbi.nlm.nih.gov/pmc/articles/PMC12154960/,False,"P2rx1: fine CCF profile is restricted toward MMd (top regions: MMd, IG, MT, CLI, SSp-m1; 18 positive regions); direct spatial validation is still required."
Scnn1b,ION_CHANNEL,RESTRICTED,RO,Nucleus raphe obscurus,MY,RO,Epithelial sodium channel subunit beta (Amiloride-sensitive sodium channel subunit beta) (Beta-NaCH) (Epithelial Na(+) channel subunit beta) (Beta-ENaC) (Nonvoltage-gated sodium channel 1 subunit beta,0.3904867458,0.1060171804,0.6309322103,C,47.60170534,38.24810299,"Encodes the ENaC beta subunit, classically mediating Na+/water reabsorption in kidney/airway epithelium; no nucleus-raphe-obscurus-specific data found.",https://www.genecards.org/card/SCNN1B,False,"Scnn1b: fine CCF profile is restricted toward RO (top regions: RO, FOTU, PRM, PYR, PRE; 15 positive regions); direct spatial validation is still required."
Htr6,GPCR,RESTRICTED,OT,Olfactory tubercle,STR,OT,5-hydroxytryptamine receptor 6 (5-HT-6) (5-HT6) (Serotonin receptor 6),0.3725153068,0.06607939124,0.7129794758,C,42.6161085,35.49099483,"5-HT6 receptor mRNA is reported at its highest levels specifically in the olfactory tubercle (along with striatum, nucleus accumbens, hippocampus), modulating cholinergic/dopaminergic transmission and cognition.",https://www.sciencedirect.com/topics/neuroscience/5-ht6-receptor,True,"Htr6: fine CCF profile is restricted toward OT (top regions: OT, ACB, CA2sp, ENTl6a, AIp6b; 21 positive regions); direct spatial validation is still required."
Drd4,GPCR,RESTRICTED,VPM,Ventral posteromedial nucleus of the thalamus,TH,VPM,D(4) dopamine receptor (D(2C) dopamine receptor) (Dopamine D4 receptor),0.3570821337,0.05927241338,0.6926160784,C,45.95449235,36.04434988,"Dopamine D4 receptor is expressed broadly in thalamus, frontal cortex, hippocampus, amygdala and hypothalamus; D4-selective ligand binding reported in dorsomedial thalamus, but no VPM-specific data found.",https://www.ncbi.nlm.nih.gov/pmc/articles/PMC7223095/,False,"Drd4: fine CCF profile is restricted toward VPM (top regions: VPM, LGd-ip, VPL, PO, LGd-co; 19 positive regions); direct spatial validation is still required."
Chrnb1,ION_CHANNEL,RESTRICTED,ME,Median eminence,HY,ME,Acetylcholine receptor subunit beta,0.3043858271,0.06134024547,0.7178521376,C,42.41046416,34.92504522,"Encodes the muscle-type nicotinic acetylcholine receptor beta subunit, essential for neuromuscular junction development/function; no median-eminence-specific role found.",https://www.proteinatlas.org/ENSG00000170175-CHRNB1,False,"Chrnb1: fine CCF profile is restricted toward ME (top regions: ME, NLOT1, LM, MMd, ENTl1; 20 positive regions); direct spatial validation is still required."
Cacng1,ION_CHANNEL,RESTRICTED,CP,Caudoputamen,STR,CP,"Voltage-dependent calcium channel gamma-1 subunit (Dihydropyridine-sensitive L-type, skeletal muscle calcium channel subunit gamma)",0.3000795043,0.06373310433,0.686799348,C,43.70531858,35.81580959,Gamma-1 auxiliary subunit of the skeletal-muscle Cav1.1 channel complex; variants linked to malignant hyperthermia susceptibility; no caudoputamen/striatal-specific role found.,https://www.genecards.org/card/CACNG1,False,"Cacng1: fine CCF profile is restricted toward CP (top regions: CP, RH, AMd, Eth, IMD; 24 positive regions); direct spatial validation is still required."
Prokr1,GPCR,RESTRICTED,SAG,Nucleus sagulum,MB,SAG,Prokineticin receptor 1 (PK-R1) (G protein-coupled receptor 73),0.2987880349,0.07223048428,0.6513446745,C,47.94799408,36.86124075,"Prokineticin receptor 1 mediates prokineticin signaling in reproductive neuroendocrine function, SCN circadian regulation, angiogenesis and neurogenesis; no nucleus-sagulum-specific data found.",https://www.uniprot.org/uniprotkb/Q8TCW9/entry,False,"Prokr1: fine CCF profile is restricted toward SAG (top regions: SAG, ARH, DMX, PPN, CUN; 18 positive regions); direct spatial validation is still required."
Uts2r,GPCR,RESTRICTED,B,Barrington's nucleus,P,B,Urotensin-2 receptor (UR-2-R) (G protein-coupled receptor 14) (Urotensin II receptor) (UR-II-R),0.2507407031,0.07076746951,0.6655074011,C,45.9702558,36.0747727,Urotensin-2 receptor (GPR14) mRNA centrally is restricted to brainstem cholinergic neurons of the laterodorsal and pedunculopontine tegmental nuclei regulating REM sleep; no Barrington's-nucleus-specific data found (nearby but distinct nuclei documented instead).,https://en.wikipedia.org/wiki/UTS2R,False,"Uts2r: fine CCF profile is restricted toward B (top regions: B, PCG, AD, LDT, LC; 22 positive regions); direct spatial validation is still required."
P2rx2,ION_CHANNEL,RESTRICTED,DMX,Dorsal motor nucleus of the vagus nerve,MY,DMX,P2X purinoceptor 2 (P2X2) (ATP receptor) (Purinergic receptor),0.2507403713,0.09966396235,0.6626163669,C,46.65370009,36.3650393,"ATP-gated cation channel documented as upregulated in supraoptic nucleus after fasting/refeeding; other hypothalamic/brainstem autonomic nuclei express P2X receptors generally, but no P2rx2-specific DMX data found.",https://www.ncbi.nlm.nih.gov/pmc/articles/PMC6607214/,False,"P2rx2: fine CCF profile is restricted toward DMX (top regions: DMX, MEPO, PG, x, SFO; 13 positive regions); direct spatial validation is still required."
Trpv1,ION_CHANNEL,RESTRICTED,SUM,Supramammillary nucleus,HY,SUM,Transient receptor potential cation channel subfamily V member 1 (TrpV1) (Osm-9-like TRP channel 1) (OTRPC1) (Vanilloid receptor 1),0.2347732303,0.06980096985,0.6473458994,C,47.15169199,36.48618726,Trpv1 mRNA is selectively expressed in glutamatergic neurons of the supramammillary nucleus; TRPV1 loss-of-function or antagonism there reduces anxiety- and depression-like behavior -- a directly region-specific documented role.,https://www.sciencedirect.com/science/article/pii/S0924977X23000913,True,"Trpv1: fine CCF profile is restricted toward SUM (top regions: SUM, IF, IPDM, PN, CLI; 17 positive regions); direct spatial validation is still required."
Rln1,NEUROPEPTIDE_SUPPLEMENT,RESTRICTED,DR,Dorsal nucleus raphe,MB,DR,,0.22552842,0.05858589707,0.7138129208,C,43.07369062,34.42903821,Relaxin-1 is best known for reproductive (uterine relaxation) and cardiovascular (vasodilation) effects; relaxin receptors are noted in CNS generally but no dorsal-raphe-specific function described.,https://en.wikipedia.org/wiki/Relaxin,False,"Rln1: fine CCF profile is restricted toward DR (top regions: DR, PMv, RO, VMPO, PD; 25 positive regions); direct spatial validation is still required."
Hcrt,NEUROPEPTIDE_SUPPLEMENT,RESTRICTED,LHA,Lateral hypothalamic area,HY,LHA,,0.2230516913,0.06902465143,0.6792383815,C,43.80529499,35.42663781,"Orexin/hypocretin is produced exclusively by neurons of the lateral hypothalamic and perifornical area, regulating arousal, feeding, reward-seeking, and autonomic/stress responses -- a canonical, well-documented region-specific role.",https://www.ncbi.nlm.nih.gov/pmc/articles/PMC2724663/,True,"Hcrt: fine CCF profile is restricted toward LHA (top regions: LHA, PeF, DMH, PSTN, TU; 17 positive regions); direct spatial validation is still required."
Trpm8,ION_CHANNEL,RESTRICTED,AD,Anterodorsal nucleus,TH,AD,Transient receptor potential cation channel subfamily M member 8 (Long transient receptor potential channel 6) (LTrpC-6) (LTrpC6) (Transient receptor potential p8) (Trp-p8),0.2206386961,0.07216963256,0.6793634538,C,44.63261256,35.40841082,"Central Trpm8 expression is reported in restricted forebrain areas (hypothalamus, septum, reticular thalamic nucleus); TRPM8-expressing CSF-contacting neurons specifically described in the anterodorsal thalamic nucleus.",https://www.ncbi.nlm.nih.gov/pmc/articles/PMC2662787/,True,"Trpm8: fine CCF profile is restricted toward AD (top regions: AD, VLPO, RT, AT, SCO; 22 positive regions); direct spatial validation is still required."
Cnr2,GPCR,RESTRICTED,PCN,Paracentral nucleus,TH,PCN,Cannabinoid receptor 2 (CB-2) (CB2) (mCB2),0.2016691794,0.08772016153,0.650634835,C,47.60879677,36.20142513,"CB2 receptor is present in several thalamic nuclei, with documented roles in retino-thalamic axon guidance (dLGN) and modulation of neuropathic pain in the ventral posterior nucleus; no paracentral-nucleus-specific data found.",https://www.ncbi.nlm.nih.gov/pmc/articles/PMC2327204/,False,"Cnr2: fine CCF profile is restricted toward PCN (top regions: PCN, VPMpc, PO, MGd, VPM; 20 positive regions); direct spatial validation is still required."
Gnrh1,NEUROPEPTIDE_SUPPLEMENT,RESTRICTED,AVP,Anteroventral preoptic nucleus,HY,AVP,,0.1709153041,0.05127174113,0.6791547636,C,43.48241231,34.95822221,"GnRH neuron cell bodies are scattered through the preoptic area, including the anteroventral preoptic/periventricular region, where they receive kisspeptin input driving the LH surge -- a well-documented preoptic-area-specific role.",https://www.ncbi.nlm.nih.gov/books/NBK558992/,True,"Gnrh1: fine CCF profile is restricted toward AVP (top regions: AVP, MEPO, AVPV, SO, ADP; 28 positive regions); direct spatial validation is still required."
Gpr152,GPCR,RESTRICTED,MH,Medial habenula,TH,MH,Probable G protein-coupled receptor 152,0.1694544681,0.07272984187,0.7102652462,C,43.01828236,33.98693725,"Orphan GPCR with no well-characterized ligand or function; no medial-habenula-specific data found (note: the distinct paralog Gpr151, not Gpr152, is the well-documented habenula marker for nicotine withdrawal/addiction).",https://www.ncbi.nlm.nih.gov/gene/?term=GPR152,False,"Gpr152: fine CCF profile is restricted toward MH (top regions: MH, LC, DR, ARH, MEPO; 13 positive regions); direct spatial validation is still required."
Cxcr5,GPCR,RESTRICTED,ME,Median eminence,HY,ME,C-X-C chemokine receptor type 5 (CXC-R5) (CXCR-5) (Burkitt lymphoma receptor 1 homolog) (CD antigen CD185),0.1677025945,0.0797510709,0.6834246037,C,43.67809671,34.82000579,Chemokine receptor best known for directing B-lymphocyte and follicular helper T-cell migration into lymphoid follicles; no median-eminence-specific literature found.,https://www.genecards.org/cgi-bin/carddisp.pl?gene=CXCR5,False,"Cxcr5: fine CCF profile is restricted toward ME (top regions: ME, PVpo, SCO, DR, LC; 15 positive regions); direct spatial validation is still required."
Aplnr,GPCR,RESTRICTED,AP,Area postrema,MY,AP,Apelin receptor (Angiotensin receptor-like 1) (G protein-coupled receptor APJ) (MSR),0.1561941052,0.06086255139,0.6634988279,C,46.85802533,35.21141696,"Apelin receptor (APJ) expression has been specifically documented in sensory circumventricular organs including the area postrema, contributing to autonomic regulation of GI motility.",https://pubmed.ncbi.nlm.nih.gov/?term=apelin+receptor+area+postrema,True,"Aplnr: fine CCF profile is restricted toward AP (top regions: AP, LRNp, CU, LM, VCO; 23 positive regions); direct spatial validation is still required."
Calhm6,ION_CHANNEL,RESTRICTED,LM,Lateral mammillary nucleus,HY,LM,Calcium homeostasis modulator protein 6 (IFN regulatory factor 3-dependent NK-activating molecule) (INAM) (Protein FAM26F),0.1533626789,0.06430488215,0.6869728379,C,44.83501604,34.47536489,"Calhm6 (FAM26F) is a calcium-homeostasis-modulator channel characterized in immune cells, supporting ATP release/immune synapse formation; no lateral-mammillary-nucleus-specific data found.",https://www.ncbi.nlm.nih.gov/gene/?term=CALHM6,False,"Calhm6: fine CCF profile is restricted toward LM (top regions: LM, PBG, MMd, NLOT1, TTv; 22 positive regions); direct spatial validation is still required."
Bdkrb1,GPCR,RESTRICTED,PVpo,"Periventricular hypothalamic nucleus, preoptic part",HY,PVpo,B1 bradykinin receptor (B1R) (BK-1 receptor),0.1507929962,0.07380275972,0.675232386,C,44.24217085,34.83710092,"Bradykinin B1 receptor is an inducible GPCR mainly studied in inflammation/pain; in the preoptic area it is the B2 (not B1) receptor shown to mediate LPS-induced fever, so no B1-specific PVpo role found.",https://www.ncbi.nlm.nih.gov/gene/?term=BDKRB1,False,"Bdkrb1: fine CCF profile is restricted toward PVpo (top regions: PVpo, SCO, OV, PVi, PVa; 13 positive regions); direct spatial validation is still required."
Slc22a22,GPCR,RESTRICTED,SUM,Supramammillary nucleus,HY,SUM,Solute carrier family 22 member 22 (Prostaglandin-specific organic anion transporter),0.1434604737,0.09426271492,0.671503948,C,45.27843785,35.07654244,"Classified among renal organic anion transporters, implicated as a prostaglandin (PGE2) transporter in kidney cortex; no supramammillary-nucleus or other brain-specific data found.",https://www.ncbi.nlm.nih.gov/gene/?term=SLC22A22+human,False,"Slc22a22: fine CCF profile is restricted toward SUM (top regions: SUM, MMme, MMl, ILA2/3, MMd; 13 positive regions); direct spatial validation is still required."
Kcna3,ION_CHANNEL,RESTRICTED,PBG,Parabigeminal nucleus,MB,PBG,Potassium voltage-gated channel subfamily A member 3 (MK3) (Voltage-gated potassium channel subunit Kv1.3),0.140849338,0.05303194015,0.7240603858,C,42.20709583,33.22385878,"Encodes voltage-gated K+ channel Kv1.3, well studied in T-lymphocyte activation and general neuronal excitability; no parabigeminal-nucleus-specific data found.",https://www.ncbi.nlm.nih.gov/gene/?term=KCNA3,False,"Kcna3: fine CCF profile is restricted toward PBG (top regions: PBG, B, PVT, SAG, ILA2/3; 24 positive regions); direct spatial validation is still required."
Tmc8,ION_CHANNEL,RESTRICTED,PBG,Parabigeminal nucleus,MB,PBG,Transmembrane channel-like protein 8 (Epidermodysplasia verruciformis protein 2 homolog),0.1393576794,0.06870342352,0.6723988942,C,44.72538394,34.75651454,"Tmc8 (EVER2) forms a complex with EVER1/CIB1 in keratinocytes restricting beta-papillomavirus infection; characterized almost exclusively in skin/immune contexts, no documented brain expression.",https://pubmed.ncbi.nlm.nih.gov/?term=Tmc8+EVER2+function,False,"Tmc8: fine CCF profile is restricted toward PBG (top regions: PBG, OV, B, PD, VMPO; 23 positive regions); direct spatial validation is still required."
Qrfp,NEUROPEPTIDE_SUPPLEMENT,RESTRICTED,PVpo,"Periventricular hypothalamic nucleus, preoptic part",HY,PVpo,,0.1356866595,0.07732518075,0.6282622194,C,49.07736077,36.09418977,26RFa/pyroglutamylated RFamide peptide is a hypothalamic neuropeptide stimulating food intake and modulating energy homeostasis and HPA/gonadal axes; general hypothalamic role documented but no PVpo-specific citation found.,https://www.ncbi.nlm.nih.gov/gene/?term=QRFP,False,"Qrfp: fine CCF profile is restricted toward PVpo (top regions: PVpo, CA2so, PVi, MH, TU; 20 positive regions); direct spatial validation is still required."
Kcne1,ION_CHANNEL,RESTRICTED,VISli4,"Laterointermediate area, layer 4",Isocortex,VISli,Potassium voltage-gated channel subfamily E member 1 (Delayed rectifier potassium channel subunit IsK) (mISK) (IKs producing slow voltage-gated potassium channel subunit beta Mink) (Minimal potassium ,0.1229181091,0.04455511329,0.6950636028,C,47.15005985,33.91125606,,,,"Kcne1: fine CCF profile is restricted toward VISli4 (top regions: VISli4, VISpor4, AUDpo4, VISam4, AUDp4; 28 positive regions); direct spatial validation is still required."
Fpr3,GPCR,RESTRICTED,AD,Anterodorsal nucleus,TH,AD,Formyl peptide receptor-related sequence 1 (FMLP-related receptor I) (FMLP-R-I) (Formyl peptide receptor related sequence 1) (Formyl peptide receptor-like 1) (Lipoxin A4 receptor) (LXA4 receptor) (N-f,0.1204008992,0.07307228135,0.6976248514,C,42.95195745,33.78314742,Formyl peptide receptor 3 is documented mainly in phagocyte/microglial inflammatory signaling and as a glioma biomarker; no anterodorsal-thalamic-nucleus-specific data found.,https://pubmed.ncbi.nlm.nih.gov/?term=Fpr3+formyl+peptide+receptor+3+brain,False,"Fpr3: fine CCF profile is restricted toward AD (top regions: AD, LC, SNc, ENTm5, ENTm3; 14 positive regions); direct spatial validation is still required."
Mrgprd,GPCR,RESTRICTED,LM,Lateral mammillary nucleus,HY,LM,Mas-related G protein-coupled receptor member D (Beta-alanine receptor) (G protein-coupled receptor TGR7),0.114110071,0.06767766075,0.6896553152,C,48.58858765,33.89764319,"Mas-related GPCR member D is specifically expressed in small-diameter nonpeptidergic nociceptive sensory neurons of the DRG, mediating pain/itch signaling; no CNS/lateral-mammillary-nucleus expression documented.",https://en.wikipedia.org/wiki/MRGPRD,False,"Mrgprd: fine CCF profile is restricted toward LM (top regions: LM, MMd, ME, NLOT1, HATA; 21 positive regions); direct spatial validation is still required."
Mcoln3,ION_CHANNEL,RESTRICTED,PVT,Paraventricular nucleus of the thalamus,TH,PVT,Mucolipin-3 (Transient receptor potential channel mucolipin 3) (TRPML3),0.1117652071,0.0649589144,0.64488685,C,48.88888374,35.19213283,TRPML3/mucolipin-3 is an endolysosomal cation channel best characterized in skin/inner-ear hair cells (varitint-waddler mouse mutant); no paraventricular-thalamic-nucleus-specific data found.,https://www.ncbi.nlm.nih.gov/gene/?term=MCOLN3,False,"Mcoln3: fine CCF profile is restricted toward PVT (top regions: PVT, IMD, PG, LC, x; 21 positive regions); direct spatial validation is still required."
F2rl3,GPCR,RESTRICTED,OV,Vascular organ of the lamina terminalis,HY,OV,Proteinase-activated receptor 4 (PAR-4) (Coagulation factor II receptor-like 3) (Thrombin receptor-like 3),0.1002484221,0.08824362015,0.6810658001,C,44.6052121,34.17936462,PAR4 is a thrombin/trypsin-activated GPCR central to platelet activation and blood coagulation; no vascular-organ-of-the-lamina-terminalis or other brain-specific data found.,https://en.wikipedia.org/wiki/F2RL3,False,"F2rl3: fine CCF profile is restricted toward OV (top regions: OV, LA, LING, PSV, AD; 13 positive regions); direct spatial validation is still required."
Kctd8,GPCR,REGION_BIASED,MH,Medial habenula,TH,MH,BTB/POZ domain-containing protein KCTD8,6.901206028,0.04073083297,0.704091136,C,42.24105175,43.39626807,"Kctd8 is an auxiliary subunit trafficking GABA-B receptors to axon terminals; expression is essentially restricted to medial habenula neurons (and interpeduncular nucleus), a well-documented MHb-specific marker.",https://www.jneurosci.org/content/42/9/1648,True,"Kctd8: fine CCF profile is region-biased toward MH (top regions: MH, CENT2, CENT3, SIM, IPR); this is a discovery lead, not direct proof."
Nxph4,NEUROPEPTIDE_SUPPLEMENT,REGION_BIASED,TMd,"Tuberomammillary nucleus, dorsal part",HY,TMd,,4.983819948,0.04206381723,0.7179593315,C,43.10715567,42.10106792,Neurexophilin-4 is a secreted neurexin-binding protein of largely uncharacterized regional function; general neurexophilin family members modulate synaptic neurexin signaling.,,False,"Nxph4: fine CCF profile is region-biased toward TMd (top regions: TMd, MMp, PMd, MMme, MMm); this is a discovery lead, not direct proof."
Htr4,GPCR,REGION_BIASED,OT,Olfactory tubercle,STR,OT,5-hydroxytryptamine receptor 4 (5-HT-4) (5-HT4) (Serotonin receptor 4),4.497772817,0.04037313695,0.7137476079,C,42.01797724,42.01868888,"Serotonin 5-HT4 receptor shows classic prominent enrichment in the olfactory tubercle (islands of Calleja) and striatum/NAc by ISH and binding mapping, modulating transmitter release and learning/memory.",https://pubmed.ncbi.nlm.nih.gov/15770652/,True,"Htr4: fine CCF profile is region-biased toward OT (top regions: OT, DG-po, DG-sg, MH, CA2sp); this is a discovery lead, not direct proof."
Trpc6,ION_CHANNEL,REGION_BIASED,DG-po,"Dentate gyrus, polymorph layer",HPF,DG,Short transient receptor potential channel 6 (TrpC6) (Calcium entry channel) (Transient receptor protein 6) (TRP-6),4.456266575,0.04363339212,0.7203897099,C,42.4236326,41.69436742,"Trpc6 is expressed in dentate gyrus granule cells and GAD67+ GABAergic interneurons of the hilus (= polymorph layer, DG-po), regulating excitability via Kv4.3 localization.",https://pmc.ncbi.nlm.nih.gov/articles/PMC5742353/,True,"Trpc6: fine CCF profile is region-biased toward DG-po (top regions: DG-po, DG-sg, PL2/3, ACAv2/3, CA3slm); this is a discovery lead, not direct proof."
Gjc1,ION_CHANNEL,REGION_BIASED,LGd-ip,"Dorsal part of the lateral geniculate complex, ipsilateral zone",TH,LGd,Gap junction gamma-1 protein (Connexin-45) (Cx45) (Gap junction alpha-7 protein),3.586097105,0.04173614052,0.6501079461,C,44.12399847,43.3034796,"Adult mouse brain neuronal Cx45/Gjc1 expression is reported restricted to thalamus, hippocampal CA3, and cerebellum -- thalamus-level evidence, not specific to the dorsal lateral geniculate ipsilateral zone.",https://pubmed.ncbi.nlm.nih.gov/12809690/,False,"Gjc1: fine CCF profile is region-biased toward LGd-ip (top regions: LGd-ip, LGd-sh, VPM, PO, LGd-co); this is a discovery lead, not direct proof."
Gabre,ION_CHANNEL,REGION_BIASED,ARH,Arcuate hypothalamic nucleus,HY,ARH,Gamma-aminobutyric acid receptor subunit epsilon (GABA(A) receptor subunit epsilon),3.540020928,0.05268349137,0.6658519687,C,44.72785248,42.53160834,"Encodes the GABA-A receptor epsilon subunit; reported expressed in identified peptidergic neurons of rat hypothalamus, but no epsilon-subunit-specific arcuate-nucleus study found.",https://www.ncbi.nlm.nih.gov/gene/14404,False,"Gabre: fine CCF profile is region-biased toward ARH (top regions: ARH, MEPO, PD, DMH, AVPV); this is a discovery lead, not direct proof."
Kcng2,ION_CHANNEL,REGION_BIASED,DG-po,"Dentate gyrus, polymorph layer",HPF,DG,Voltage-gated potassium channel regulatory subunit KCNG2 (Cardiac potassium channel subunit) (Potassium voltage-gated channel subfamily G member 2) (Voltage-gated potassium channel subunit Kv6.2),3.477965042,0.04900652451,0.6736993425,C,44.01352508,42.32531725,,,,"Kcng2: fine CCF profile is region-biased toward DG-po (top regions: DG-po, DG-sg, CA2sp, MMp, CA3sp); this is a discovery lead, not direct proof."
Kcnmb2,ION_CHANNEL,REGION_BIASED,RT,Reticular nucleus of the thalamus,TH,RT,"Calcium-activated potassium channel subunit beta-2 (BK channel subunit beta-2) (BKbeta2) (Calcium-activated potassium channel, subfamily M subunit beta-2) (Charybdotoxin receptor subunit beta-2) (K(VC",3.443738401,0.04241673365,0.7103079992,C,42.42466868,41.37294832,,,,"Kcnmb2: fine CCF profile is region-biased toward RT (top regions: RT, CU, AD, SAG, AV); this is a discovery lead, not direct proof."
Cacnb3,ION_CHANNEL,REGION_BIASED,MH,Medial habenula,TH,MH,Voltage-dependent L-type calcium channel subunit beta-3 (CAB3) (Calcium channel voltage-dependent subunit beta 3) (CCHB3),3.394716798,0.04960216462,0.7341515291,C,41.22531732,40.43699167,"Listed among genes with elevated standardized expression in the medial habenula in a Harmonizome/Allen Brain Atlas aggregation, but this rests on a secondary database aggregation that could not be independently cross-checked (tentative, low confidence).",https://maayanlab.cloud/Harmonizome/gene_set/Medial+habenula/Allen+Brain+Atlas+Adult+Mouse+Brain+Tissue+Gene+Expression+Profiles,False,"Cacnb3: fine CCF profile is region-biased toward MH (top regions: MH, AUDpo2/3, VISpm2/3, TEa2/3, AUDv2/3); this is a discovery lead, not direct proof."
Pdyn,NEUROMODULATORY_SIGNAL,REGION_BIASED,ACB,Nucleus accumbens,STR,ACB,,3.370117521,0.05174214171,0.6901853243,C,44.60263404,41.69394341,Prodynorphin is the precursor of dynorphin opioid peptides in NAc D1-neurons; viral knockdown of Pdyn specifically in rat nucleus accumbens reduces depression-like behavior and cocaine locomotor sensitization.,https://pmc.ncbi.nlm.nih.gov/articles/PMC4016270/,True,"Pdyn: fine CCF profile is region-biased toward ACB (top regions: ACB, OT, VMH, CP, CEAl); this is a discovery lead, not direct proof."
Trpc4,ION_CHANNEL,REGION_BIASED,SH,Septohippocampal nucleus,STR,SH,Short transient receptor potential channel 4 (TrpC4) (Capacitative calcium entry channel Trp4) (Receptor-activated cation channel TRP4),3.333044003,0.04239746801,0.683647154,C,42.98894906,42.08985411,,,,"Trpc4: fine CCF profile is region-biased toward SH (top regions: SH, CA1sp, CA2sp, LSr, CA2so); this is a discovery lead, not direct proof."
Gpr139,GPCR,REGION_BIASED,MH,Medial habenula,TH,MH,Probable G protein-coupled receptor 139 (G protein-coupled receptor PGR3) (G(q)-coupled orphan receptor GPRg1),3.034155491,0.04585571111,0.7135047005,C,42.76519341,40.85793691,"Gpr139 (activated by L-Trp/L-Phe) is one of the best-established medial-habenula-enriched marker genes, implicated in fear learning, reward/addiction and mood via habenulo-interpeduncular projections.",https://pubmed.ncbi.nlm.nih.gov/26349500/,True,"Gpr139: fine CCF profile is region-biased toward MH (top regions: MH, MMp, TMd, MMme, PMd); this is a discovery lead, not direct proof."
Adgrf5,GPCR,REGION_BIASED,PO,Posterior complex of the thalamus,TH,PO,Adhesion G protein-coupled receptor F5 (G protein-coupled hepta-helical receptor Ig-hepta) (Ig-Hepta) (G protein-coupled receptor 116),2.977593652,0.04157076384,0.7008983675,C,44.95236787,41.30981456,,,,"Adgrf5: fine CCF profile is region-biased toward PO (top regions: PO, Eth, VPM, MGv, LP); this is a discovery lead, not direct proof."
Kcnma1,ION_CHANNEL,REGION_BIASED,MH,Medial habenula,TH,MH,"Calcium-activated potassium channel subunit alpha-1 (BK channel) (BKCA alpha) (Calcium-activated potassium channel, subfamily M subunit alpha-1) (K(VCA)alpha) (KCa1.1) (Maxi K channel) (Slo-alpha) (Sl",2.955779994,0.04276099323,0.7395705115,C,40.86543531,40.09456778,"Kcnma1 encodes the BK (Slo1) channel pore-forming subunit; combined with its habenula-specific gamma auxiliary subunit Lrrc55 (see above), BK channels shape the distinctive firing properties of medial habenula neurons.",,True,"Kcnma1: fine CCF profile is region-biased toward MH (top regions: MH, VISp6a, VISpm6a, VISl6a, VISli6a); this is a discovery lead, not direct proof."
Drd2,GPCR,REGION_BIASED,CP,Caudoputamen,STR,CP,D(2) dopamine receptor (Dopamine D2 receptor),2.929891903,0.0460600908,0.6913684463,C,43.59923021,41.42770654,"Dopamine D2 receptor is the canonical marker of indirect-pathway striatal medium spiny neurons in the caudoputamen, central to basal ganglia motor gating and the primary target of antipsychotic and Parkinson's drugs.",,True,"Drd2: fine CCF profile is region-biased toward CP (top regions: CP, SH, VTA, TMd, IPDM); this is a discovery lead, not direct proof."
Fzd10,GPCR,REGION_BIASED,AP,Area postrema,MY,AP,Frizzled-10 (Fz-10) (CD antigen CD350),2.736228218,0.07128853294,0.6565682931,C,47.48692757,41.94746312,"Wnt-family GPCR involved in tissue morphogenesis/polarity signaling; adult brain expression highest in cerebellum, cortex, medulla and spinal cord, but no area-postrema-specific study found.",https://en.wikipedia.org/wiki/Frizzled-10,False,"Fzd10: fine CCF profile is region-biased toward AP (top regions: AP, PF, LGd-sh, LD, LGd-ip); this is a discovery lead, not direct proof."
Smo,GPCR,REGION_BIASED,AP,Area postrema,MY,AP,Protein smoothened,2.721061399,0.04247906844,0.7108922023,C,43.69277361,40.75237785,"Smoothened is the core transducer of Sonic hedgehog signaling; in circumventricular organs like the area postrema, Shh-pathway signaling has developmental roles, though an adult-specific AP function is not well characterized.",,False,"Smo: fine CCF profile is region-biased toward AP (top regions: AP, ME, OV, LM, SCO); this is a discovery lead, not direct proof."
Chrna7,ION_CHANNEL,REGION_BIASED,CA2sp,"Field CA2, pyramidal layer",HPF,CA2,Neuronal acetylcholine receptor subunit alpha-7 (nAChR7) (Nicotinic acetylcholine receptor subunit alpha-7),2.701578362,0.04215941574,0.7201666834,C,41.73690926,40.46549039,"Alpha7 nicotinic receptor is a major fast-desensitizing nicotinic receptor subtype in hippocampal (including CA2) interneurons, implicated in cognition and a schizophrenia-associated risk gene.",,True,"Chrna7: fine CCF profile is region-biased toward CA2sp (top regions: CA2sp, CA1sp, CA2so, DG-po, PDTg); this is a discovery lead, not direct proof."
Gpr176,GPCR,REGION_BIASED,SCH,Suprachiasmatic nucleus,HY,SCH,G protein-coupled receptor 176 (G protein-coupled receptor AGR9),2.679233701,0.04181044409,0.7210613455,C,41.53707597,40.42819799,"Orphan Gz-coupled Gpr176 is strongly and specifically enriched in the suprachiasmatic nucleus, where it represses cAMP signaling in a time-of-day-dependent manner to set the pace of the master circadian clock.",https://www.nature.com/articles/ncomms10583,True,"Gpr176: fine CCF profile is region-biased toward SCH (top regions: SCH, MEPO, SBPV, PVa, ARH); this is a discovery lead, not direct proof."
Cngb1,ION_CHANNEL,REGION_BIASED,ARH,Arcuate hypothalamic nucleus,HY,ARH,Cyclic nucleotide-gated channel beta-1 (Cyclic nucleotide-gated cation channel 4) (CNG channel 4) (CNG-4) (CNG4),2.639379748,0.05567148957,0.6823733887,C,44.47215828,41.23888203,"Modulatory CNG channel subunit; an older cloning study (uncertain CNGB1 identity) reported transcripts in arcuate, periventricular and supraoptic hypothalamic nuclei.",https://pubmed.ncbi.nlm.nih.gov/9379842/,True,"Cngb1: fine CCF profile is region-biased toward ARH (top regions: ARH, MEPO, PMv, AVPV, LC); this is a discovery lead, not direct proof."
Fzd6,GPCR,REGION_BIASED,VPM,Ventral posteromedial nucleus of the thalamus,TH,VPM,Frizzled-6 (Fz-6) (mFz6),2.638707355,0.04752870195,0.716560896,C,44.51596439,40.36971668,,,,"Fzd6: fine CCF profile is region-biased toward VPM (top regions: VPM, LGd-ip, LGd-co, VPL, PO); this is a discovery lead, not direct proof."
Orai2,ION_CHANNEL,REGION_BIASED,DG-po,"Dentate gyrus, polymorph layer",HPF,DG,Protein orai-2 (Transmembrane protein 142B),2.612397532,0.04401575083,0.7261294652,C,41.36620817,40.14708858,,,,"Orai2: fine CCF profile is region-biased toward DG-po (top regions: DG-po, DG-sg, CA2sp, CA3sp, CA3slu); this is a discovery lead, not direct proof."
Adra2c,GPCR,REGION_BIASED,OT,Olfactory tubercle,STR,OT,Alpha-2C adrenergic receptor (Alpha-2 adrenergic receptor subtype C4) (Alpha-2C adrenoreceptor) (Alpha-2C adrenoceptor) (Alpha-2CAR),2.565772842,0.04027738727,0.734168491,C,41.43647555,39.9739206,"Alpha-2C adrenergic autoreceptor binding is most abundant in the olfactory tubercle, striatum (accumbens/caudoputamen), and hippocampal CA1 by autoradiographic mapping.",https://pubmed.ncbi.nlm.nih.gov/12654340/,True,"Adra2c: fine CCF profile is region-biased toward OT (top regions: OT, CA1sp, CA2sp, ACB, CP); this is a discovery lead, not direct proof."
Pnoc,NEUROPEPTIDE_SUPPLEMENT,REGION_BIASED,TMd,"Tuberomammillary nucleus, dorsal part",HY,TMd,,2.544886153,0.04286541044,0.6930626233,C,43.42135834,41.10534671,"Prepronociceptin (Pnoc) is broadly distributed across hypothalamic and limbic circuits, including tuberomammillary-adjacent regions, and its cleavage product nociceptin/orphanin FQ modulates arousal, stress, and feeding via NOP receptor signaling.",,False,"Pnoc: fine CCF profile is region-biased toward TMd (top regions: TMd, SH, LSc, PMd, MPN); this is a discovery lead, not direct proof."
Nts,NEUROPEPTIDE_SUPPLEMENT,REGION_BIASED,PMd,Dorsal premammillary nucleus,HY,PMd,,2.46894344,0.04320317519,0.678031582,C,44.74711606,41.46936661,"Neurotensin is a classic hypothalamic/midbrain neuropeptide implicated in reward, thermoregulation, and analgesia; premammillary neurotensinergic populations have been linked to social/defensive behaviors.",,False,"Nts: fine CCF profile is region-biased toward PMd (top regions: PMd, OT, PD, STN, VMPO); this is a discovery lead, not direct proof."
Calcrl,GPCR,REGION_BIASED,MH,Medial habenula,TH,MH,Calcitonin gene-related peptide type 1 receptor (CGRP type 1 receptor) (Calcitonin receptor-like receptor),2.379454372,0.05088103104,0.7072019531,C,44.15202978,40.3156089,Calcitonin-receptor-like receptor forms the CGRP receptor with RAMP1 (and adrenomedullin receptors with RAMP2/3); no medial-habenula-specific report found.,https://www.genecards.org/card/CALCRL,False,"Calcrl: fine CCF profile is region-biased toward MH (top regions: MH, AP, TMv, CEAc, TU); this is a discovery lead, not direct proof."
Celsr1,GPCR,REGION_BIASED,SCO,Subcommissural organ,MB,SCO,Cadherin EGF LAG seven-pass G-type receptor 1,2.32484294,0.04954343213,0.7134795344,C,44.7910218,40.09582328,"Core planar-cell-polarity gene extensively documented as a driver of multiciliated ependymal cell biology (orienting ciliary basal bodies for CSF flow) -- a GENERAL ependymal/multiciliated-cell gene, not a neuromodulatory signal. Its SCO enrichment is best explained by SCO being a specialized ciliated ependymal structure.",https://pmc.ncbi.nlm.nih.gov/articles/PMC9878842/,False,"Celsr1: fine CCF profile is region-biased toward SCO (top regions: SCO, OV, AP, TMd, ME); this is a discovery lead, not direct proof."
Clic5,ION_CHANNEL,REGION_BIASED,MOp6b,"Primary motor area, Layer 6b",Isocortex,MOp,Chloride intracellular channel protein 5 (Glutaredoxin-like oxidoreductase CLIC5) (EC 1.8.-.-),2.199570604,0.04328292904,0.6785014926,C,45.53999815,41.15946083,,,,"Clic5: fine CCF profile is region-biased toward MOp6b (top regions: MOp6b, SSp-ul6b, RSPagl6b, SSp-un6b, MOs6b); this is a discovery lead, not direct proof."
Tpcn1,ION_CHANNEL,REGION_BIASED,AP,Area postrema,MY,AP,Two pore calcium channel protein 1 (Voltage-dependent calcium channel protein TPC1),2.188054013,0.05666064451,0.7116167944,C,41.97184941,39.8725266,"Endolysosomal two-pore channel gated by NAADP/PI(3,5)P2, involved in membrane trafficking and mTOR nutrient sensing; brain expression noted generally but no area-postrema-specific data found.",https://www.genecards.org/card/TPCN1,False,"Tpcn1: fine CCF profile is region-biased toward AP (top regions: AP, LM, ME, AOBgl, MMd); this is a discovery lead, not direct proof."
Kcnab2,ION_CHANNEL,REGION_BIASED,CA2sp,"Field CA2, pyramidal layer",HPF,CA2,Voltage-gated potassium channel subunit beta-2 (EC 1.1.1.-) (K(+) channel subunit beta-2) (Kv-beta-2) (Neuroimmune protein F5),2.133292331,0.04840860239,0.7280585766,C,41.37214595,39.465355,,,,"Kcnab2: fine CCF profile is region-biased toward CA2sp (top regions: CA2sp, CA1sp, DG-po, VISp6a, VISli6a); this is a discovery lead, not direct proof."
Pth2r,GPCR,REGION_BIASED,MGd,"Medial geniculate complex, dorsal part",TH,MG,Parathyroid hormone 2 receptor (PTH2 receptor),2.091942867,0.0456002278,0.7010040069,C,43.85952079,40.29448602,"PTH2R (activated by TIP39) shows high-density expression specifically in the medial subdivision of the medial geniculate body, part of the auditory thalamus.",https://pmc.ncbi.nlm.nih.gov/articles/PMC2923585/,True,"Pth2r: fine CCF profile is region-biased toward MGd (top regions: MGd, SGN, PBG, POL, PIL); this is a discovery lead, not direct proof."
Ryr1,ION_CHANNEL,REGION_BIASED,CP,Caudoputamen,STR,CP,Ryanodine receptor 1 (RYR-1) (RyR1) (Skeletal muscle calcium release channel) (Skeletal muscle ryanodine receptor) (Skeletal muscle-type ryanodine receptor) (Type 1 ryanodine receptor),2.073379683,0.04371041,0.7215902153,C,42.27214017,39.70485739,Ryanodine receptor 1 is the principal skeletal-muscle sarcoplasmic-reticulum Ca2+ release channel; its striatal (caudoputamen) neuronal role is less well characterized than its canonical muscle function.,,False,"Ryr1: fine CCF profile is region-biased toward CP (top regions: CP, OT, ACB, DG-po, CEAc); this is a discovery lead, not direct proof."
S1pr3,GPCR,REGION_BIASED,OV,Vascular organ of the lamina terminalis,HY,OV,Sphingosine 1-phosphate receptor 3 (S1P receptor 3) (S1P3) (Endothelial differentiation G protein-coupled receptor 3) (Lysophospholipid receptor B3) (Sphingosine 1-phosphate receptor Edg-3) (S1P recep,2.048197159,0.06046448773,0.6924240635,C,42.8118932,40.23247464,"Sphingosine-1-phosphate receptor coupled to Gq/G12/13, drives endothelial barrier disruption; well documented in vascular endothelium generally but no OVLT-specific report found.",https://pmc.ncbi.nlm.nih.gov/articles/PMC3954688/,False,"S1pr3: fine CCF profile is region-biased toward OV (top regions: OV, ME, AUDp4, VISli4, VISal4); this is a discovery lead, not direct proof."
Tacr3,GPCR,REGION_BIASED,IPR,"Interpeduncular nucleus, rostral",MB,IPN,Neuromedin-K receptor (NKR) (NK-3 receptor) (NK-3R) (Neurokinin B receptor) (Tachykinin receptor 3),2.010824285,0.04605741408,0.7016791573,C,43.35213331,40.16258832,Tacr3 (NK3 receptor) binds neurokinin B and is best known for its role in GnRH neuron regulation (KNDy neurons); interpeduncular nucleus NK3 signaling is a less-established extension of tachykinin signaling in the habenulo-interpeduncular pathway.,,False,"Tacr3: fine CCF profile is region-biased toward IPR (top regions: IPR, IPDM, IPC, VTA, IF); this is a discovery lead, not direct proof."
Kcns2,ION_CHANNEL,REGION_BIASED,PVT,Paraventricular nucleus of the thalamus,TH,PVT,Delayed-rectifier potassium channel regulatory subunit KCNS2 (Delayed-rectifier K(+) channel alpha subunit 2) (Delayed-rectifier potassium channel subunit Kv9.2) (Potassium voltage-gated channel subfa,1.975215617,0.04214555169,0.6863555142,C,42.75173961,40.6844292,,,,"Kcns2: fine CCF profile is region-biased toward PVT (top regions: PVT, IMD, IAM, PT, IAD); this is a discovery lead, not direct proof."
Calcr,GPCR,REGION_BIASED,ARH,Arcuate hypothalamic nucleus,HY,ARH,Calcitonin receptor (CT-R),1.944023742,0.0447869346,0.6477814574,C,46.51522121,41.72670101,"Calcitonin receptor is one of the top-3 most highly expressed obesity-GWAS genes (with Pomc, Asb4) in arcuate nucleus feeding-circuit neurons.",https://insight.jci.org/articles/view/149137,True,"Calcr: fine CCF profile is region-biased toward ARH (top regions: ARH, PVH, LC, SCH, PD); this is a discovery lead, not direct proof."
Kcnj2,ION_CHANNEL,REGION_BIASED,CP,Caudoputamen,STR,CP,"Inward rectifier potassium channel 2 (Inward rectifier K(+) channel Kir2.1) (IRK-1) (Potassium channel, inwardly rectifying subfamily J member 2)",1.915785219,0.04757639976,0.6931932684,C,43.40973248,40.25834654,"Kir2.1 is the principal Kir2 subunit setting resting/'down-state' conductance and dendritic excitability of striatal medium spiny neurons, regulated by D2 dopamine signaling.",https://pubmed.ncbi.nlm.nih.gov/22396414/,True,"Kcnj2: fine CCF profile is region-biased toward CP (top regions: CP, NLOT2, OT, TMd, ACB); this is a discovery lead, not direct proof."
Lrrc8d,ION_CHANNEL,REGION_BIASED,OV,Vascular organ of the lamina terminalis,HY,OV,Volume-regulated anion channel subunit LRRC8D (Leucine-rich repeat-containing protein 5) (Leucine-rich repeat-containing protein 8D),1.907845462,0.04940767153,0.7111409693,C,41.77621065,39.66905114,,,,"Lrrc8d: fine CCF profile is region-biased toward OV (top regions: OV, SCH, ME, CA2sp, MH); this is a discovery lead, not direct proof."
Lpar4,GPCR,REGION_BIASED,ME,Median eminence,HY,ME,Lysophosphatidic acid receptor 4 (LPA receptor 4) (LPA-4) (G protein-coupled receptor 23) (P2Y purinoceptor 9) (P2Y9) (Purinergic receptor 9),1.894405591,0.04208782978,0.7161303632,C,44.66451182,39.68712757,,,,"Lpar4: fine CCF profile is region-biased toward ME (top regions: ME, ENTl1, IG, SCO, ENTm1); this is a discovery lead, not direct proof."
Asic4,ION_CHANNEL,REGION_BIASED,SCsg,"Superior colliculus, superficial gray layer",MB,SCs,Acid-sensing ion channel 4 (ASIC4) (Amiloride-sensitive cation channel 4),1.877382492,0.04640053466,0.690849734,C,44.2741187,40.30543921,,,,"Asic4: fine CCF profile is region-biased toward SCsg (top regions: SCsg, CP, OT, IPR, ACB); this is a discovery lead, not direct proof."
Cckar,GPCR,REGION_BIASED,RT,Reticular nucleus of the thalamus,TH,RT,Cholecystokinin receptor type A (CCK-A receptor) (CCK-AR) (Cholecystokinin-1 receptor) (CCK1-R),1.709596271,0.06466636997,0.6703740513,C,45.82695384,40.39933584,"CCK-A receptor; cholecystokinin applied to rat thalamic reticular nucleus neurons causes prolonged depolarization via suppression of a K+ conductance, directly modulating intrathalamic oscillatory activity.",https://pubmed.ncbi.nlm.nih.gov/7500167/,True,"Cckar: fine CCF profile is region-biased toward RT (top regions: RT, PD, MPN, B, IPR); this is a discovery lead, not direct proof."
Htr1a,GPCR,REGION_BIASED,DR,Dorsal nucleus raphe,MB,DR,5-hydroxytryptamine receptor 1A (5-HT-1A) (5-HT1A) (Serotonin receptor 1A),1.692324593,0.04162411422,0.7051410469,C,42.94041579,39.74567094,"Serotonin 1A receptor acts as the somatodendritic autoreceptor on dorsal raphe serotonergic neurons, providing negative feedback on serotonin release; a major anxiolytic/antidepressant drug target.",,True,"Htr1a: fine CCF profile is region-biased toward DR (top regions: DR, CA2sp, CA1sp, CA2so, ENTm6); this is a discovery lead, not direct proof."
Galr1,GPCR,REGION_BIASED,PVT,Paraventricular nucleus of the thalamus,TH,PVT,Galanin receptor type 1 (GAL1-R) (GALR-1),1.658505918,0.04451893131,0.7037628028,C,43.8469549,39.65330329,"Galanin receptor 1 is a Gi-coupled inhibitory galanin receptor broadly implicated in mood, nociception, and feeding circuits; thalamic (including paraventricular thalamic) expression is part of its broader CNS distribution.",,False,"Galr1: fine CCF profile is region-biased toward PVT (top regions: PVT, BMAa, PT, PMd, DMH); this is a discovery lead, not direct proof."
Kcns3,ION_CHANNEL,REGION_BIASED,RT,Reticular nucleus of the thalamus,TH,RT,Delayed-rectifier potassium channel regulatory subunit KCNS3 (Delayed-rectifier potassium channel subunit Kv9.3) (Potassium voltage-gated channel subfamily S member 3),1.633665087,0.04123584761,0.7184952314,C,43.21131971,39.26798901,,,,"Kcns3: fine CCF profile is region-biased toward RT (top regions: RT, VTA, PAR, SNc, PDTg); this is a discovery lead, not direct proof."
Agtrap,GPCR,REGION_BIASED,SCO,Subcommissural organ,MB,SCO,Type-1 angiotensin II receptor-associated protein (AT1 receptor-associated protein),1.602431452,0.04232011517,0.7200205459,C,41.97463829,39.14058544,,,,"Agtrap: fine CCF profile is region-biased toward SCO (top regions: SCO, OV, MEPO, ME, LM); this is a discovery lead, not direct proof."
Gpr165,GPCR,REGION_BIASED,PD,Posterodorsal preoptic nucleus,HY,PD,G-protein coupled receptor 165,1.560142341,0.0459684551,0.6842160415,C,43.2314996,40.0486553,,,,"Gpr165: fine CCF profile is region-biased toward PD (top regions: PD, VMPO, MPN, VMH, PVH); this is a discovery lead, not direct proof."
Asic1,ION_CHANNEL,REGION_BIASED,MH,Medial habenula,TH,MH,"Acid-sensing ion channel 1 (ASIC1) (Acid-sensing ion channel) (Amiloride-sensitive cation channel 2, neuronal) (Brain sodium channel 2)",1.537009132,0.04366675031,0.722070865,C,41.44283846,38.93558186,"Immunostaining shows intense ASIC1 expression in the habenula as part of the habenula-interpeduncular pathway, implicated in aversive/fear behavior (medial-vs-lateral subdivision not fully resolved in this source).",https://pmc.ncbi.nlm.nih.gov/articles/PMC3998777/,True,"Asic1: fine CCF profile is region-biased toward MH (top regions: MH, MMp, TMd, MPN, PD); this is a discovery lead, not direct proof."
Gpr182,GPCR,REGION_BIASED,LM,Lateral mammillary nucleus,HY,LM,Atypical chemokine receptor 5 (G protein-coupled receptor 182) (G10D) (NOW),1.373625002,0.06052050138,0.6887782118,C,44.51518938,39.34357425,Atypical chemokine receptor (ACKR5) expressed on endothelial cells that scavenges CXCL10/12/13 to maintain hematopoietic stem cell homeostasis; no lateral-mammillary-nucleus-specific data found.,https://www.pnas.org/doi/10.1073/pnas.2021596118,False,"Gpr182: fine CCF profile is region-biased toward LM (top regions: LM, MMd, NLOT1, TTv, IG); this is a discovery lead, not direct proof."
Pomc,NEUROPEPTIDE_SUPPLEMENT,REGION_BIASED,ARH,Arcuate hypothalamic nucleus,HY,ARH,,1.367041689,0.05464801536,0.6985284503,C,42.37086138,39.1164547,"POMC is processed to alpha-MSH in arcuate nucleus neurons; arcuate POMC/alpha-MSH neurons potently reduce food intake and increase energy expenditure -- a canonical, extensively documented arcuate-specific function.",https://pmc.ncbi.nlm.nih.gov/articles/PMC3095770/,True,"Pomc: fine CCF profile is region-biased toward ARH (top regions: ARH, PVH, PD, LC, MH); this is a discovery lead, not direct proof."
Adm,NEUROPEPTIDE_SUPPLEMENT,REGION_BIASED,ME,Median eminence,HY,ME,,1.334845854,0.04803714371,0.6982721658,C,45.26825188,39.18786577,Adrenomedullin acting at circumventricular organs including the median eminence participates in fluid balance and cardiovascular/neuroendocrine regulation.,,False,"Adm: fine CCF profile is region-biased toward ME (top regions: ME, LM, PO, VPM, VAL); this is a discovery lead, not direct proof."
Mchr1,GPCR,REGION_BIASED,CA2sp,"Field CA2, pyramidal layer",HPF,CA2,Melanin-concentrating hormone receptor 1 (MCH receptor 1) (MCH-R1) (MCHR-1) (G protein-coupled receptor 24) (MCH-1R) (MCH1R) (MCHR) (SLC-1) (Somatostatin receptor-like protein),1.281208449,0.04585069149,0.7160335667,C,42.11641983,38.60335035,"MCH receptor 1 is the primary receptor for melanin-concentrating hormone, mediating MCH's effects on feeding, arousal, and mood; densely expressed in hippocampal CA fields including CA2.",,True,"Mchr1: fine CCF profile is region-biased toward CA2sp (top regions: CA2sp, ACB, CA1sp, CP, OT); this is a discovery lead, not direct proof."
Hcar1,GPCR,REGION_BIASED,LM,Lateral mammillary nucleus,HY,LM,Hydroxycarboxylic acid receptor 1 (G protein-coupled receptor 81),1.176779378,0.04932284066,0.6918196616,C,50.6340647,39.04026883,,,,"Hcar1: fine CCF profile is region-biased toward LM (top regions: LM, NLOT1, MMd, ENTl1, AUDd1); this is a discovery lead, not direct proof."
Tmco1,ION_CHANNEL,REGION_BIASED,AP,Area postrema,MY,AP,Calcium load-activated calcium channel (CLAC channel) (GEL complex subunit TMCO1) (Transmembrane and coiled-coil domain-containing protein 1),1.157791645,0.04036881772,0.712359809,C,41.59641913,38.61420257,,,,"Tmco1: fine CCF profile is region-biased toward AP (top regions: AP, ME, OV, SCO, MMd); this is a discovery lead, not direct proof."
Trpm4,ION_CHANNEL,REGION_BIASED,MH,Medial habenula,TH,MH,Transient receptor potential cation channel subfamily M member 4 (Calcium-activated non-selective cation channel 1) (Long transient receptor potential channel 4) (LTrpC-4) (LTrpC4),1.146686696,0.04326264215,0.7145179499,C,41.87551272,38.4393186,"A medial-habenula-focused study explicitly found no obvious TRPM4/TRPM5 expression in MHb neurons, arguing against MH-specificity despite this screen's prediction.",https://pmc.ncbi.nlm.nih.gov/articles/PMC11922023/,False,"Trpm4: fine CCF profile is region-biased toward MH (top regions: MH, AP, SSp-bfd4, LC, SSp-n4); this is a discovery lead, not direct proof."
Grina,ION_CHANNEL,REGION_BIASED,CA2sp,"Field CA2, pyramidal layer",HPF,CA2,Protein lifeguard 1 (Glutamate [NMDA] receptor-associated protein 1) (NMDA receptor glutamate-binding subunit),1.060793319,0.05213144381,0.7272134173,C,41.3291661,37.6687725,"GRINA/Lifeguard1 regulates ER calcium homeostasis; immunostaining reported in pyramidal neurons of the hippocampus generally, not CA2-layer-specific.",https://pmc.ncbi.nlm.nih.gov/articles/PMC6719933/,False,"Grina: fine CCF profile is region-biased toward CA2sp (top regions: CA2sp, MGd, CA1sp, DG-po, PERI6a); this is a discovery lead, not direct proof."
Calhm5,ION_CHANNEL,REGION_BIASED,CA2sp,"Field CA2, pyramidal layer",HPF,CA2,Calcium homeostasis modulator protein 5 (Protein FAM26E),1.042260989,0.04865698779,0.7299320206,C,42.40286922,37.60978579,,,,"Calhm5: fine CCF profile is region-biased toward CA2sp (top regions: CA2sp, COApm, PA, COApl, CA3sp); this is a discovery lead, not direct proof."
Pkd2,ION_CHANNEL,REGION_BIASED,ME,Median eminence,HY,ME,Polycystin-2 (Polycystic kidney disease 2 protein homolog) (Transient receptor potential cation channel subfamily P member 2),1.020512973,0.04273564463,0.7211947457,C,41.38374347,37.96358111,,,,"Pkd2: fine CCF profile is region-biased toward ME (top regions: ME, ARH, LM, MMd, AP); this is a discovery lead, not direct proof."
Ptgdr,GPCR,REGION_BIASED,AP,Area postrema,MY,AP,Prostaglandin D2 receptor (PGD receptor) (PGD2 receptor) (Prostanoid DP receptor),1.019473304,0.05217164793,0.6883133942,C,46.00982532,38.73717375,DP1 prostaglandin D2 receptor implicated in allergic/asthma responses and circadian regulation of sleep; no area-postrema-specific report found.,https://en.wikipedia.org/wiki/Prostaglandin_D2_receptor,False,"Ptgdr: fine CCF profile is region-biased toward AP (top regions: AP, NLOT1, LM, ENTl1, VISpor1); this is a discovery lead, not direct proof."
Tmem38b,ION_CHANNEL,REGION_BIASED,DG-po,"Dentate gyrus, polymorph layer",HPF,DG,Trimeric intracellular cation channel type B (TRIC-B) (TRICB) (Mitsugumin-33B) (Transmembrane protein 38B),0.9988267075,0.04400771688,0.7156494891,C,41.62993975,38.04202751,,,,"Tmem38b: fine CCF profile is region-biased toward DG-po (top regions: DG-po, CA1sp, CA2sp, LSc, DG-sg); this is a discovery lead, not direct proof."
Adgrf4,GPCR,REGION_BIASED,AV,Anteroventral nucleus of thalamus,TH,AV,Adhesion G protein-coupled receptor F4 (G protein-coupled receptor 115),0.9043719218,0.05483330758,0.702722128,C,42.67106615,37.96914977,"Adhesion GPCR (GPR115) regulating epidermal differentiation via KRT1 in keratinocytes; predominantly skin-expressed, no anteroventral-thalamic-nucleus-specific data found.",https://pmc.ncbi.nlm.nih.gov/articles/PMC9563031/,False,"Adgrf4: fine CCF profile is region-biased toward AV (top regions: AV, AMd, IAD, PCN, VAL); this is a discovery lead, not direct proof."
Avpr1a,GPCR,REGION_BIASED,LSc,"Lateral septal nucleus, caudal (caudodorsal) part",STR,LSc,Vasopressin V1a receptor,0.8142237948,0.05010845894,0.666721286,C,45.41525624,38.87109715,"V1a vasopressin receptor is densely expressed in the lateral septum, a major target of vasopressinergic innervation; AVPR1a signaling there mediates social recognition, social play and sociability.",https://pmc.ncbi.nlm.nih.gov/articles/PMC12287534/,True,"Avpr1a: fine CCF profile is region-biased toward LSc (top regions: LSc, IF, SCH, MS, PSTN); this is a discovery lead, not direct proof."
Kcnq4,ION_CHANNEL,REGION_BIASED,ICc,"Inferior colliculus, central nucleus",MB,IC,Potassium voltage-gated channel subfamily KQT member 4 (KQT-like 4) (Potassium channel subunit alpha KvLQT4) (Voltage-gated potassium channel subunit Kv7.4),0.7887526342,0.04553335468,0.7070166791,C,42.57728642,37.68119208,"Kv7.4 is a classic marker of the central auditory pathway, restricted to auditory brainstem/midbrain nuclei including the inferior colliculus.",https://pubmed.ncbi.nlm.nih.gov/10760300/,True,"Kcnq4: fine CCF profile is region-biased toward ICc (top regions: ICc, SOCl, VCO, SPVO, RSPv2/3); this is a discovery lead, not direct proof."
Kcnd1,ION_CHANNEL,REGION_BIASED,V,Motor nucleus of trigeminal,P,V,A-type voltage-gated potassium channel KCND1 (Potassium voltage-gated channel subfamily D member 1) (Voltage-gated potassium channel subunit Kv4.1) (mShal),0.7813372616,0.05440757132,0.7342521539,C,41.3735325,36.67409463,"Kv4.1 forms A-type voltage-gated K+ channels shaping repolarization/repetitive firing, with a documented role in suprachiasmatic-nucleus circadian excitability; no trigeminal-motor-nucleus-specific report found.",https://en.wikipedia.org/wiki/KCND1,False,"Kcnd1: fine CCF profile is region-biased toward V (top regions: V, PERI6a, PA, PF, EPd); this is a discovery lead, not direct proof."
Best3,ION_CHANNEL,REGION_BIASED,DG-po,"Dentate gyrus, polymorph layer",HPF,DG,Bestrophin-3 (Vitelliform macular dystrophy 2-like protein 3),0.7779189147,0.04970735295,0.6814772334,C,45.12983809,38.32488421,,,,"Best3: fine CCF profile is region-biased toward DG-po (top regions: DG-po, IPR, AV, DG-sg, PSV); this is a discovery lead, not direct proof."
Best1,ION_CHANNEL,REGION_BIASED,MEPO,Median preoptic nucleus,HY,MEPO,Bestrophin-1 (Vitelliform macular dystrophy protein 2 homolog),0.7580359518,0.05500397299,0.6853920092,C,43.32398011,38.05830207,"Bestrophin-1 is a calcium-activated anion channel permeable to Cl-/glutamate/GABA, expressed by astrocytes across multiple brain regions; MEPO-specific osmoregulation not confirmed.",https://pubmed.ncbi.nlm.nih.gov/28680296/,False,"Best1: fine CCF profile is region-biased toward MEPO (top regions: MEPO, OV, TMd, AVPV, ME); this is a discovery lead, not direct proof."
Tmem37,ION_CHANNEL,REGION_BIASED,OV,Vascular organ of the lamina terminalis,HY,OV,Voltage-dependent calcium channel gamma-like subunit (Neuronal voltage-gated calcium channel gamma-like subunit) (Transmembrane protein 37),0.7057366472,0.04073487149,0.7192839095,C,46.04563819,37.16958766,,,,"Tmem37: fine CCF profile is region-biased toward OV (top regions: OV, LM, ME, MMd, NLOT1); this is a discovery lead, not direct proof."
Crhr2,GPCR,REGION_BIASED,DR,Dorsal nucleus raphe,MB,DR,Corticotropin-releasing hormone receptor 2 (CRH-R-2) (CRH-R2) (CRF-RB) (Corticotropin-releasing factor receptor 2) (CRF-R-2) (CRF-R2) (CRFR-2) (Heart and muscle corticotropin-releasing factor receptor,0.6807726829,0.04794345187,0.6969239357,C,44.98798322,37.57269553,"CRH receptor 2 in the dorsal raphe modulates serotonergic neuron activity in response to stress, part of the CRH-serotonin stress-coping circuit.",,True,"Crhr2: fine CCF profile is region-biased toward DR (top regions: DR, LSr, SH, PAR, LSv); this is a discovery lead, not direct proof."
Ghrh,NEUROPEPTIDE_SUPPLEMENT,REGION_BIASED,PVpo,"Periventricular hypothalamic nucleus, preoptic part",HY,PVpo,,0.6213533867,0.04642177202,0.6788991334,C,44.85580626,37.92525498,GHRH neurons cluster in the periventricular/preoptic and arcuate hypothalamic region (matching this screen's top hits PVpo/OV/PD/ARH/PVH) and are the classic hypophysiotropic population driving pituitary growth-hormone release.,https://en.wikipedia.org/wiki/Growth_hormone-releasing_hormone,True,"Ghrh: fine CCF profile is region-biased toward PVpo (top regions: PVpo, OV, PD, ARH, AOBgr); this is a discovery lead, not direct proof."
Mrgprf,GPCR,REGION_BIASED,LM,Lateral mammillary nucleus,HY,LM,Mas-related G protein-coupled receptor member F (Mas-related gene F protein),0.6031538543,0.04077069579,0.7114365551,C,49.73170199,37.02139217,,,,"Mrgprf: fine CCF profile is region-biased toward LM (top regions: LM, MMd, NLOT1, TTv, ENTl1); this is a discovery lead, not direct proof."
Npbwr1,GPCR,REGION_BIASED,PS,Parastrial nucleus,HY,PS,Neuropeptides B/W receptor type 1 (G protein-coupled receptor 7),0.5443684778,0.04081235884,0.6904429784,C,44.62608229,37.40225467,"Receptor for neuropeptides B/W involved in energy homeostasis, pain, and emotion; expression reported specifically in the parastrial nucleus among other hypothalamic/limbic sites.",https://pmc.ncbi.nlm.nih.gov/articles/PMC3600615/,True,"Npbwr1: fine CCF profile is region-biased toward PS (top regions: PS, VMPO, DMH, IF, SCH); this is a discovery lead, not direct proof."
Mc5r,GPCR,REGION_BIASED,LM,Lateral mammillary nucleus,HY,LM,Melanocortin receptor 5 (MC5-R),0.5185280275,0.04304965857,0.717467484,C,44.12934408,36.4139865,,,,"Mc5r: fine CCF profile is region-biased toward LM (top regions: LM, MMd, ENTl2, PERI1, MT); this is a discovery lead, not direct proof."
Adora2b,GPCR,REGION_BIASED,SCO,Subcommissural organ,MB,SCO,Adenosine receptor A2b,0.5020570672,0.04896285634,0.7292083095,C,43.85926986,35.85697217,,,,"Adora2b: fine CCF profile is region-biased toward SCO (top regions: SCO, SNr, VII, PVpo, III); this is a discovery lead, not direct proof."
Gpr17,GPCR,REGION_BIASED,LT,Lateral terminal nucleus of the accessory optic tract,MB,LT,Uracil nucleotide/cysteinyl leukotriene receptor (UDP/CysLT receptor) (G protein-coupled receptor 17),0.4975507477,0.04470282121,0.7161608915,C,44.4587239,36.3146487,,,,"Gpr17: fine CCF profile is region-biased toward LT (top regions: LT, GPi, ECT1, TEa1, VISli1); this is a discovery lead, not direct proof."
S1pr2,GPCR,REGION_BIASED,ME,Median eminence,HY,ME,Sphingosine 1-phosphate receptor 2 (S1P receptor 2) (S1P2) (Endothelial differentiation G protein-coupled receptor 5) (Lysophospholipid receptor B2) (Sphingosine 1-phosphate receptor Edg-5) (S1P recep,0.49438814,0.04720449464,0.7097913376,C,43.03466104,36.43671666,,,,"S1pr2: fine CCF profile is region-biased toward ME (top regions: ME, LM, MMd, NLOT1, SSp-m1); this is a discovery lead, not direct proof."
Gper1,GPCR,REGION_BIASED,MMd,"Medial mammillary nucleus, dorsal part",HY,MM,G protein-coupled estrogen receptor 1 (Chemoattractant receptor-like 2) (G protein-coupled receptor 30) (Membrane estrogen receptor) (mER),0.4674737467,0.04028002901,0.7230262372,C,44.96925906,36.07548965,,,,"Gper1: fine CCF profile is region-biased toward MMd (top regions: MMd, IG, SSp-m1, AMBd, AIp1); this is a discovery lead, not direct proof."
Bdkrb2,GPCR,REGION_BIASED,LC,Locus ceruleus,P,LC,B2 bradykinin receptor (B2R) (BK-2 receptor),0.4628536858,0.04897764959,0.7053852369,C,43.55733102,36.38040857,,,,"Bdkrb2: fine CCF profile is region-biased toward LC (top regions: LC, LM, SLC, NLOT1, RE); this is a discovery lead, not direct proof."
Gpr1,GPCR,REGION_BIASED,TMd,"Tuberomammillary nucleus, dorsal part",HY,TMd,Chemerin-like receptor 2 (Chemerin chemokine-like receptor 2) (Chemokine-like receptor 2) (G protein-coupled receptor 1),0.4481707336,0.04009337638,0.7055720037,C,42.36352228,36.50424921,,,,"Gpr1: fine CCF profile is region-biased toward TMd (top regions: TMd, MEPO, MPN, PMv, PD); this is a discovery lead, not direct proof."
Cmklr1,GPCR,REGION_BIASED,ME,Median eminence,HY,ME,Chemerin-like receptor 1 (Chemokine-like receptor 1) (G protein-coupled receptor DEZ),0.4476039543,0.04869835165,0.7060399641,C,43.71427969,36.28745697,"Chemerin receptor CMKLR1 is expressed in hypothalamic tanycytes/ependymal cells lining the third ventricle extending into the arcuate-median eminence complex, linked to energy homeostasis.",https://pmc.ncbi.nlm.nih.gov/articles/PMC9196942/,True,"Cmklr1: fine CCF profile is region-biased toward ME (top regions: ME, AId1, MMd, AUDd1, SSp-m1); this is a discovery lead, not direct proof."
Lhcgr,GPCR,REGION_BIASED,IMD,Intermediodorsal nucleus of the thalamus,TH,IMD,Lutropin-choriogonadotropic hormone receptor (LH/CG-R) (Luteinizing hormone receptor) (LSH-R),0.4301694688,0.05465933819,0.6974393268,C,44.19326145,36.3649513,"LH/choriogonadotropin receptor is expressed in extragonadal CNS sites linked to hippocampal LTP/learning-memory; detected in subcommissural organ and premammillary hypothalamic nucleus, but not intermediodorsal thalamic nucleus specifically.",https://pmc.ncbi.nlm.nih.gov/articles/PMC9473692/,False,"Lhcgr: fine CCF profile is region-biased toward IMD (top regions: IMD, MD, PT, PR, CM); this is a discovery lead, not direct proof."
Gpr63,GPCR,REGION_BIASED,CA1sp,"Field CA1, pyramidal layer",HPF,CA1,Probable G protein-coupled receptor 63 (PSP24-2) (PSP24-beta),0.3283145691,0.04864271398,0.6794315357,C,44.15535965,36.37521302,,,,"Gpr63: fine CCF profile is region-biased toward CA1sp (top regions: CA1sp, CA2sp, CA1sr, CA1so, PF); this is a discovery lead, not direct proof."
Gpr20,GPCR,REGION_BIASED,MMd,"Medial mammillary nucleus, dorsal part",HY,MM,G protein-coupled receptor 20,0.311103448,0.05258192575,0.7179313342,C,46.92506953,35.04412736,"Constitutively active Gi/o-coupled orphan GPCR; human expression reported in caudate nucleus, putamen and thalamus generally; no GPR20-specific medial-mammillary-nucleus evidence found.",https://pubmed.ncbi.nlm.nih.gov/18347022/,False,"Gpr20: fine CCF profile is region-biased toward MMd (top regions: MMd, CLI, IG, AMBd, SSp-m1); this is a discovery lead, not direct proof."
Tbxa2r,GPCR,REGION_BIASED,MMd,"Medial mammillary nucleus, dorsal part",HY,MM,Thromboxane A2 receptor (TXA2-R) (Prostanoid TP receptor),0.2909339174,0.04683018813,0.7138176342,C,43.48593187,35.10342327,,,,"Tbxa2r: fine CCF profile is region-biased toward MMd (top regions: MMd, AIp1, IG, AUDd1, LM); this is a discovery lead, not direct proof."
Gpr157,GPCR,REGION_BIASED,AD,Anterodorsal nucleus,TH,AD,G protein-coupled receptor 157,0.2726519115,0.04539552077,0.7149731517,C,42.23325807,34.95058684,,,,"Gpr157: fine CCF profile is region-biased toward AD (top regions: AD, RT, VCO, ND, SNc); this is a discovery lead, not direct proof."
Kcnj8,ION_CHANNEL,REGION_BIASED,LIN,Linear nucleus of the medulla,MY,LIN,"ATP-sensitive inward rectifier potassium channel 8 (Inward rectifier K(+) channel Kir6.1) (Potassium channel, inwardly rectifying subfamily J member 8) (uKATP-1)",0.2291760008,0.05154992602,0.7093510365,C,47.57032861,34.65186029,Kir6.1 forms KATP channels central to vascular smooth muscle/cardiac excitability regulation (mutations cause Cantu syndrome); no linear-nucleus/brainstem-specific study found.,https://en.wikipedia.org/wiki/KCNJ8,False,"Kcnj8: fine CCF profile is region-biased toward LIN (top regions: LIN, AIp1, ECT1, INC, GU1); this is a discovery lead, not direct proof."
Fshr,GPCR,REGION_BIASED,PSTN,Parasubthalamic nucleus,HY,PSTN,Follicle-stimulating hormone receptor (FSH-R) (Follitropin receptor),0.2288542073,0.04849694174,0.718866789,C,41.95579394,34.40148595,,,,"Fshr: fine CCF profile is region-biased toward PSTN (top regions: PSTN, RE, RH, IPR, IMD); this is a discovery lead, not direct proof."
Scnn1g,ION_CHANNEL,REGION_BIASED,POST,Postsubiculum,HPF,POST,Epithelial sodium channel subunit gamma (Epithelial Na(+) channel subunit gamma) (Gamma-ENaC) (Amiloride-sensitive sodium channel subunit gamma) (Gamma-NaCH) (Nonvoltage-gated sodium channel 1 subunit,0.2238233586,0.04680273163,0.6487647418,C,47.95375641,36.48222038,,,,"Scnn1g: fine CCF profile is region-biased toward POST (top regions: POST, PRE, FOTU, PRM, RSPv2/3); this is a discovery lead, not direct proof."
Tmc5,ION_CHANNEL,REGION_BIASED,ARH,Arcuate hypothalamic nucleus,HY,ARH,Transmembrane channel-like protein 5,0.2103802607,0.05370342021,0.6857747571,C,45.33698682,35.15969661,"Predicted ion-channel-family component (TMC family, related to hearing-associated TMC1/2); function uncharacterized, tissue-enhanced expression reported in intestine/stomach rather than brain.",https://rest.uniprot.org/uniprotkb/Q6UXY8.txt,False,"Tmc5: fine CCF profile is region-biased toward ARH (top regions: ARH, PBG, IMD, CL, PO); this is a discovery lead, not direct proof."
Kcnk7,ION_CHANNEL,REGION_BIASED,SCO,Subcommissural organ,MB,SCO,Potassium channel subfamily K member 7 (Double-pore K(+) channel 3) (Neuromuscular two p domain potassium channel) (Putative potassium channel DP3),0.2020911294,0.04817287851,0.6912978718,C,44.13190051,34.97023762,"Two-pore-domain 'leak' K+ channel of the silent/non-conducting KCNK subgroup; the related paralog Kcnk1 (TWIK-1) is well documented in choroid plexus/ependymal epithelium, but no Kcnk7-specific SCO data was found.",,False,"Kcnk7: fine CCF profile is region-biased toward SCO (top regions: SCO, PVpo, PVi, LM, AP); this is a discovery lead, not direct proof."
Opn1mw,GPCR,REGION_BIASED,TMd,"Tuberomammillary nucleus, dorsal part",HY,TMd,Medium-wave-sensitive opsin 1 (Green cone photoreceptor pigment) (Green-sensitive opsin) (M opsin) (Medium wavelength-sensitive cone opsin),0.1736853587,0.04575975561,0.7231618582,C,41.99188543,33.73483981,,,,"Opn1mw: fine CCF profile is region-biased toward TMd (top regions: TMd, PBG, MMp, MMme, PMd); this is a discovery lead, not direct proof."
Rrh,GPCR,REGION_BIASED,OV,Vascular organ of the lamina terminalis,HY,OV,Visual pigment-like receptor peropsin,0.1648618569,0.04861657132,0.7275473004,C,41.69652477,33.46092815,,,,"Rrh: fine CCF profile is region-biased toward OV (top regions: OV, LA, PMv, CEAl, VISpor2/3); this is a discovery lead, not direct proof."
Gprc5a,GPCR,REGION_BIASED,OV,Vascular organ of the lamina terminalis,HY,OV,Retinoic acid-induced protein 3 (G protein-coupled receptor family C group 5 member A) (Retinoic acid-induced gene 1 protein) (RAIG-1),0.1537858479,0.04532823428,0.6850128997,C,47.04463893,34.63928433,,,,"Gprc5a: fine CCF profile is region-biased toward OV (top regions: OV, AP, SSp-m1, ENTl1, NLOT1); this is a discovery lead, not direct proof."
Oxgr1,GPCR,REGION_BIASED,PVpo,"Periventricular hypothalamic nucleus, preoptic part",HY,PVpo,2-oxoglutarate receptor 1 (Alpha-ketoglutarate receptor 1) (G protein-coupled receptor 99),0.1456237719,0.0510940823,0.7029685753,C,43.91396346,33.932397,"GPCR activated by alpha-ketoglutarate/succinate and leukotriene E4, regulating renal ion handling, glucose tolerance and immune responses; no preoptic/hypothalamic-specific function found.",https://en.wikipedia.org/wiki/OXGR1,False,"Oxgr1: fine CCF profile is region-biased toward PVpo (top regions: PVpo, PVi, SPA, PRC, SPFm); this is a discovery lead, not direct proof."
Pkd1l1,ION_CHANNEL,REGION_BIASED,ARH,Arcuate hypothalamic nucleus,HY,ARH,Polycystin-1-like protein 1 (Polycystin-1L1) (PC1-like 1 protein) (Polycystic kidney disease protein 1-like 1) (Protein rikishi),0.1342687649,0.05166898208,0.6973547967,C,44.18774687,33.94325718,Polycystin-family mechanosensory/calcium-channel protein required for nodal cilia flow detection and left-right axis specification during development; no brain/arcuate-nucleus-specific role found.,https://en.wikipedia.org/wiki/PKD1L1,False,"Pkd1l1: fine CCF profile is region-biased toward ARH (top regions: ARH, MEPO, PVH, MPN, AVPV); this is a discovery lead, not direct proof."
Chrna1,ION_CHANNEL,REGION_BIASED,CA2sp,"Field CA2, pyramidal layer",HPF,CA2,Acetylcholine receptor subunit alpha,0.1304128346,0.04487034165,0.6905948709,C,44.23776591,34.15448121,,,,"Chrna1: fine CCF profile is region-biased toward CA2sp (top regions: CA2sp, CA3sp, CA3so, CA3slu, ENTm3); this is a discovery lead, not direct proof."
Cnga4,ION_CHANNEL,REGION_BIASED,PT,Parataenial nucleus,TH,PT,Cyclic nucleotide-gated channel alpha-4 (CNG channel alpha-4) (CNGa4) (Olfactory cyclic nucleotide-gated channel subunit 2) (OCNC2),0.120467004,0.04551864563,0.7324376296,C,42.11403143,32.74048593,,,,"Cnga4: fine CCF profile is region-biased toward PT (top regions: PT, ILA2/3, PL2/3, ACAv2/3, PERI6a); this is a discovery lead, not direct proof."
Trpa1,ION_CHANNEL,REGION_BIASED,RL,Rostral linear nucleus raphe,MB,RL,Transient receptor potential cation channel subfamily A member 1 (Ankyrin-like with transmembrane domains protein 1) (Wasabi receptor),0.113706517,0.04881537269,0.6954896528,C,45.61173405,33.71230557,"A reporter-mouse study shows Trpa1 expression is largely restricted to peripheral sensory neuron subsets (DRG, trigeminal, vagal), with little evidence for central raphe expression.",https://pmc.ncbi.nlm.nih.gov/articles/PMC10698635/,False,"Trpa1: fine CCF profile is region-biased toward RL (top regions: RL, VMH, SCdg, EPv, DMH); this is a discovery lead, not direct proof."
