VGAT_threshold,VGLUT2_threshold,validation_objective,I_only_recall,E_only_recall,I_to_E_wrong,E_to_I_wrong,IE_cofraction,IE_neither
0.5,0.5,-0.07785589324277731,0.1493006993006993,0.13391188251001335,0.02368881118881119,0.15594125500667558,0.7188061278394083,0.06196513470681458
0.5,0.75,-0.07785589324277731,0.1493006993006993,0.13391188251001335,0.02368881118881119,0.15594125500667558,0.7188061278394083,0.06196513470681458
0.5,1.0,-0.07785589324277731,0.1493006993006993,0.13391188251001335,0.02368881118881119,0.15594125500667558,0.7188061278394083,0.06196513470681458
0.5,1.25,-0.07774523712657441,0.14947552447552448,0.13391188251001335,0.02368881118881119,0.15594125500667558,0.7187004754358162,0.06196513470681458
0.5,1.5,-0.07763458101037155,0.14965034965034965,0.13391188251001335,0.02368881118881119,0.15594125500667558,0.718594823032224,0.06196513470681458
0.5,1.75,-0.07757925295227011,0.14973776223776225,0.13391188251001335,0.02368881118881119,0.15594125500667558,0.7185419968304279,0.06196513470681458
0.5,2.0,-0.07697919132129036,0.1506993006993007,0.13391188251001335,0.0236013986013986,0.1560747663551402,0.7179080824088748,0.06201796090861067
0.5,2.25,-0.0756271074569244,0.1527097902097902,0.13391188251001335,0.023251748251748253,0.1560747663551402,0.7166930797675647,0.06222926571579503
0.5,2.5,-0.07373029001968012,0.1555944055944056,0.13391188251001335,0.022814685314685314,0.15620827770360482,0.7148969889064977,0.06249339672477549
0.5,2.75,-0.06881953377107561,0.16337412587412586,0.13377837116154873,0.022552447552447553,0.15620827770360482,0.7101954569466455,0.06270470153195985
0.5,3.0,-0.06007279210365098,0.17727272727272728,0.1336448598130841,0.022202797202797202,0.15647530040053403,0.7016904384574749,0.06296883254094031
0.5,3.25,-0.04567075833113275,0.20052447552447553,0.13311081441922562,0.021678321678321677,0.15714285714285714,0.6873745377707343,0.06349709455890122
0.5,3.5,-0.02754645112726038,0.2299825174825175,0.13230974632843792,0.02054195804195804,0.15874499332443257,0.6689381933438986,0.06450079239302695
0.5,3.75,-2.6660583616571268e-05,0.2742132867132867,0.13204272363150868,0.019493006993006993,0.16141522029372496,0.6411516111991548,0.06524035921817221
0.5,4.0,0.029981846516463736,0.32194055944055944,0.13177570093457944,0.017482517482517484,0.1638184245660881,0.6113576333861596,0.06656101426307448
0.5,4.25,0.0669869864215103,0.3826048951048951,0.1307076101468625,0.015909090909090907,0.16929238985313752,0.5725303750660328,0.06793449550977285
0.5,4.5,0.10512539417250454,0.4450174825174825,0.12990654205607477,0.013986013986013986,0.17570093457943925,0.5322768092974115,0.0694136291600634
0.5,4.75,0.14321716373416318,0.5100524475524476,0.12830440587449934,0.012762237762237762,0.18731642189586115,0.48837823560486,0.07078711040676175
0.5,5.0,0.1794256291484138,0.5747377622377622,0.1260347129506008,0.011363636363636364,0.20520694259012015,0.44220813523507657,0.07253037506603276
0.5,5.25,0.21187692692864357,0.6358391608391608,0.12403204272363151,0.009527972027972028,0.23124165554072096,0.3949815108293714,0.07443211833069202
0.5,5.5,0.23938457198586868,0.6951923076923077,0.11909212283044059,0.007867132867132868,0.26755674232309745,0.344743792921289,0.07739038563127311
0.5,5.75,0.26422471470795605,0.7532342657342658,0.11428571428571428,0.005856643356643356,0.3132176234979973,0.29160063391442154,0.08050713153724247
0.5,6.0,0.28416727797408586,0.8039335664335664,0.10854472630173564,0.004195804195804196,0.35727636849132177,0.24352879027997887,0.08378235604860011
0.5,6.25,0.2948080148482825,0.8447552447552448,0.09946595460614152,0.003409090909090909,0.4061415220293725,0.19952456418383518,0.0878499735868991
0.5,6.5,0.2982213084667503,0.8765734265734266,0.08838451268357811,0.0022727272727272726,0.45740987983978637,0.16001056524035923,0.09292128895932382
0.5,6.75,0.29615346282023935,0.8993006993006993,0.07730307076101468,0.0013111888111888112,0.5072096128170894,0.1265715795034337,0.09788695192815637
0.5,7.0,0.28768363790087204,0.9131118881118881,0.06475300400534045,0.0005244755244755245,0.5566088117489987,0.09867934495509773,0.10332805071315372
0.75,0.5,-0.07787049525460596,0.1493006993006993,0.13391188251001335,0.023776223776223775,0.15594125500667558,0.7187533016376123,0.06196513470681458
0.75,0.75,-0.07787049525460596,0.1493006993006993,0.13391188251001335,0.023776223776223775,0.15594125500667558,0.7187533016376123,0.06196513470681458
0.75,1.0,-0.07787049525460596,0.1493006993006993,0.13391188251001335,0.023776223776223775,0.15594125500667558,0.7187533016376123,0.06196513470681458
0.75,1.25,-0.07775983913840304,0.14947552447552448,0.13391188251001335,0.023776223776223775,0.15594125500667558,0.71864764923402,0.06196513470681458
0.75,1.5,-0.07764918302220017,0.14965034965034965,0.13391188251001335,0.023776223776223775,0.15594125500667558,0.7185419968304279,0.06196513470681458
0.75,1.75,-0.07759385496409876,0.14973776223776225,0.13391188251001335,0.023776223776223775,0.15594125500667558,0.7184891706286318,0.06196513470681458
0.75,2.0,-0.07699379333311898,0.1506993006993007,0.13391188251001335,0.02368881118881119,0.1560747663551402,0.7178552562070787,0.06201796090861067
0.75,2.25,-0.07567715289484621,0.15262237762237763,0.13391188251001335,0.023251748251748253,0.1560747663551402,0.7166930797675647,0.062282091917591126
0.75,2.5,-0.07378033545760193,0.155506993006993,0.13391188251001335,0.022814685314685314,0.15620827770360482,0.7148969889064977,0.06254622292657158
0.75,2.75,-0.06886957920899743,0.1632867132867133,0.13377837116154873,0.022552447552447553,0.15620827770360482,0.7101954569466455,0.06275752773375594
0.75,3.0,-0.06012283754157282,0.17718531468531468,0.1336448598130841,0.022202797202797202,0.15647530040053403,0.7016904384574749,0.0630216587427364
0.75,3.25,-0.0457208037690546,0.20043706293706293,0.13311081441922562,0.021678321678321677,0.15714285714285714,0.6873745377707343,0.0635499207606973
0.75,3.5,-0.027596496565182222,0.2298951048951049,0.13230974632843792,0.02054195804195804,0.15874499332443257,0.6689381933438986,0.06455361859482303
0.75,3.75,-7.670602153841619e-05,0.27412587412587414,0.13204272363150868,0.019493006993006993,0.16141522029372496,0.6411516111991548,0.0652931854199683
0.75,4.0,0.02993180107854189,0.32185314685314687,0.13177570093457944,0.017482517482517484,0.1638184245660881,0.6113576333861596,0.06661384046487058
0.75,4.25,0.06693694098358852,0.3825174825174825,0.1307076101468625,0.015909090909090907,0.16929238985313752,0.5725303750660328,0.06798732171156893
0.75,4.5,0.10507534873458274,0.44493006993006995,0.12990654205607477,0.013986013986013986,0.17570093457943925,0.5322768092974115,0.06946645536185948
0.75,4.75,0.14316711829624132,0.509965034965035,0.12830440587449934,0.012762237762237762,0.18731642189586115,0.48837823560486,0.07083993660855785
0.75,5.0,0.17937558371049195,0.5746503496503497,0.1260347129506008,0.011363636363636364,0.20520694259012015,0.44220813523507657,0.07258320126782884
0.75,5.25,0.2118268814907217,0.6357517482517483,0.12403204272363151,0.009527972027972028,0.23124165554072096,0.3949815108293714,0.07448494453248812
0.75,5.5,0.2393345265479469,0.6951048951048951,0.11909212283044059,0.007867132867132868,0.26755674232309745,0.344743792921289,0.07744321183306921
0.75,5.75,0.2641746692700342,0.7531468531468531,0.11428571428571428,0.005856643356643356,0.3132176234979973,0.29160063391442154,0.08055995773903857
0.75,6.0,0.284117232536164,0.8038461538461539,0.10854472630173564,0.004195804195804196,0.35727636849132177,0.24352879027997887,0.0838351822503962
0.75,6.25,0.29475796941036064,0.8446678321678321,0.09946595460614152,0.003409090909090909,0.4061415220293725,0.19952456418383518,0.0879027997886952
0.75,6.5,0.2981712630288285,0.876486013986014,0.08838451268357811,0.0022727272727272726,0.45740987983978637,0.16001056524035923,0.09297411516111992
0.75,6.75,0.29610341738231755,0.8992132867132867,0.07730307076101468,0.0013111888111888112,0.5072096128170894,0.1265715795034337,0.09793977812995246
0.75,7.0,0.28763359246295017,0.9130244755244755,0.06475300400534045,0.0005244755244755245,0.5566088117489987,0.09867934495509773,0.10338087691494982
1.0,0.5,-0.07787049525460596,0.1493006993006993,0.13391188251001335,0.023776223776223775,0.15594125500667558,0.7187533016376123,0.06196513470681458
1.0,0.75,-0.07787049525460596,0.1493006993006993,0.13391188251001335,0.023776223776223775,0.15594125500667558,0.7187533016376123,0.06196513470681458
1.0,1.0,-0.07787049525460596,0.1493006993006993,0.13391188251001335,0.023776223776223775,0.15594125500667558,0.7187533016376123,0.06196513470681458
1.0,1.25,-0.07775983913840304,0.14947552447552448,0.13391188251001335,0.023776223776223775,0.15594125500667558,0.71864764923402,0.06196513470681458
1.0,1.5,-0.07764918302220017,0.14965034965034965,0.13391188251001335,0.023776223776223775,0.15594125500667558,0.7185419968304279,0.06196513470681458
1.0,1.75,-0.07759385496409876,0.14973776223776225,0.13391188251001335,0.023776223776223775,0.15594125500667558,0.7184891706286318,0.06196513470681458
1.0,2.0,-0.07699379333311898,0.1506993006993007,0.13391188251001335,0.02368881118881119,0.1560747663551402,0.7178552562070787,0.06201796090861067
1.0,2.25,-0.07567715289484621,0.15262237762237763,0.13391188251001335,0.023251748251748253,0.1560747663551402,0.7166930797675647,0.062282091917591126
1.0,2.5,-0.07378033545760193,0.155506993006993,0.13391188251001335,0.022814685314685314,0.15620827770360482,0.7148969889064977,0.06254622292657158
1.0,2.75,-0.06886957920899743,0.1632867132867133,0.13377837116154873,0.022552447552447553,0.15620827770360482,0.7101954569466455,0.06275752773375594
1.0,3.0,-0.06012283754157282,0.17718531468531468,0.1336448598130841,0.022202797202797202,0.15647530040053403,0.7016904384574749,0.0630216587427364
1.0,3.25,-0.0457208037690546,0.20043706293706293,0.13311081441922562,0.021678321678321677,0.15714285714285714,0.6873745377707343,0.0635499207606973
1.0,3.5,-0.027596496565182222,0.2298951048951049,0.13230974632843792,0.02054195804195804,0.15874499332443257,0.6689381933438986,0.06455361859482303
1.0,3.75,-7.670602153841619e-05,0.27412587412587414,0.13204272363150868,0.019493006993006993,0.16141522029372496,0.6411516111991548,0.0652931854199683
1.0,4.0,0.02993180107854189,0.32185314685314687,0.13177570093457944,0.017482517482517484,0.1638184245660881,0.6113576333861596,0.06661384046487058
1.0,4.25,0.06693694098358852,0.3825174825174825,0.1307076101468625,0.015909090909090907,0.16929238985313752,0.5725303750660328,0.06798732171156893
1.0,4.5,0.10507534873458274,0.44493006993006995,0.12990654205607477,0.013986013986013986,0.17570093457943925,0.5322768092974115,0.06946645536185948
1.0,4.75,0.14316711829624132,0.509965034965035,0.12830440587449934,0.012762237762237762,0.18731642189586115,0.48837823560486,0.07083993660855785
1.0,5.0,0.17937558371049195,0.5746503496503497,0.1260347129506008,0.011363636363636364,0.20520694259012015,0.44220813523507657,0.07258320126782884
1.0,5.25,0.2118268814907217,0.6357517482517483,0.12403204272363151,0.009527972027972028,0.23124165554072096,0.3949815108293714,0.07448494453248812
1.0,5.5,0.2393345265479469,0.6951048951048951,0.11909212283044059,0.007867132867132868,0.26755674232309745,0.344743792921289,0.07744321183306921
1.0,5.75,0.2641746692700342,0.7531468531468531,0.11428571428571428,0.005856643356643356,0.3132176234979973,0.29160063391442154,0.08055995773903857
1.0,6.0,0.284117232536164,0.8038461538461539,0.10854472630173564,0.004195804195804196,0.35727636849132177,0.24352879027997887,0.0838351822503962
1.0,6.25,0.29475796941036064,0.8446678321678321,0.09946595460614152,0.003409090909090909,0.4061415220293725,0.19952456418383518,0.0879027997886952
1.0,6.5,0.2981712630288285,0.876486013986014,0.08838451268357811,0.0022727272727272726,0.45740987983978637,0.16001056524035923,0.09297411516111992
1.0,6.75,0.29610341738231755,0.8992132867132867,0.07730307076101468,0.0013111888111888112,0.5072096128170894,0.1265715795034337,0.09793977812995246
1.0,7.0,0.28763359246295017,0.9130244755244755,0.06475300400534045,0.0005244755244755245,0.5566088117489987,0.09867934495509773,0.10338087691494982
1.25,0.5,-0.07789969927826321,0.1493006993006993,0.13391188251001335,0.02395104895104895,0.15594125500667558,0.71864764923402,0.06196513470681458
1.25,0.75,-0.07789969927826321,0.1493006993006993,0.13391188251001335,0.02395104895104895,0.15594125500667558,0.71864764923402,0.06196513470681458
1.25,1.0,-0.07789969927826321,0.1493006993006993,0.13391188251001335,0.02395104895104895,0.15594125500667558,0.71864764923402,0.06196513470681458
1.25,1.25,-0.07778904316206034,0.14947552447552448,0.13391188251001335,0.02395104895104895,0.15594125500667558,0.7185419968304279,0.06196513470681458
1.25,1.5,-0.07767838704585747,0.14965034965034965,0.13391188251001335,0.02395104895104895,0.15594125500667558,0.7184363444268357,0.06196513470681458
1.25,1.75,-0.07762305898775604,0.14973776223776225,0.13391188251001335,0.02395104895104895,0.15594125500667558,0.7183835182250397,0.06196513470681458
1.25,2.0,-0.07702299735677624,0.1506993006993007,0.13391188251001335,0.023863636363636365,0.1560747663551402,0.7177496038034865,0.06201796090861067
1.25,2.25,-0.07570635691850347,0.15262237762237763,0.13391188251001335,0.023426573426573425,0.1560747663551402,0.7165874273639725,0.062282091917591126
1.25,2.5,-0.0738095394812592,0.155506993006993,0.13391188251001335,0.02298951048951049,0.15620827770360482,0.7147913365029055,0.06254622292657158
1.25,2.75,-0.06893422665874786,0.1631993006993007,0.13377837116154873,0.02263986013986014,0.15620827770360482,0.7101426307448494,0.06281035393555204
1.25,3.0,-0.060187484991323266,0.1770979020979021,0.1336448598130841,0.022290209790209792,0.15647530040053403,0.7016376122556788,0.0630744849445325
1.25,3.25,-0.04578545121880504,0.20034965034965035,0.13311081441922562,0.021765734265734266,0.15714285714285714,0.6873217115689382,0.06360274696249339
1.25,3.5,-0.02766114401493266,0.2298076923076923,0.13230974632843792,0.02062937062937063,0.15874499332443257,0.6688853671421024,0.06460644479661912
1.25,3.75,-0.0001413534712888572,0.27403846153846156,0.13204272363150868,0.019580419580419582,0.16141522029372496,0.6410987849973587,0.0653460116217644
1.25,4.0,0.029867153628791478,0.3217657342657343,0.13177570093457944,0.01756993006993007,0.1638184245660881,0.6113048071843634,0.06666666666666667
1.25,4.25,0.06687229353383807,0.38243006993006995,0.1307076101468625,0.015996503496503497,0.16929238985313752,0.5724775488642366,0.06804014791336503
1.25,4.5,0.10497525785873905,0.44475524475524475,0.12990654205607477,0.013986013986013986,0.17570093457943925,0.5322768092974115,0.06957210776545167
1.25,4.75,0.1430670274203977,0.5097902097902098,0.12830440587449934,0.012762237762237762,0.18731642189586115,0.48837823560486,0.07094558901215002
1.25,5.0,0.1792754928346484,0.5744755244755245,0.1260347129506008,0.011363636363636364,0.20520694259012015,0.44220813523507657,0.07268885367142103
1.25,5.25,0.21172679061487804,0.635576923076923,0.12403204272363151,0.009527972027972028,0.23124165554072096,0.3949815108293714,0.07459059693608029
1.25,5.5,0.2392344356721032,0.6949300699300699,0.11909212283044059,0.007867132867132868,0.26755674232309745,0.344743792921289,0.07754886423666138
1.25,5.75,0.2640745783941905,0.752972027972028,0.11428571428571428,0.005856643356643356,0.3132176234979973,0.29160063391442154,0.08066561014263074
1.25,6.0,0.2840171416603203,0.8036713286713286,0.10854472630173564,0.004195804195804196,0.35727636849132177,0.24352879027997887,0.08394083465398838
1.25,6.25,0.294657878534517,0.844493006993007,0.09946595460614152,0.003409090909090909,0.4061415220293725,0.19952456418383518,0.08800845219228738
1.25,6.5,0.29807117215298495,0.8763111888111889,0.08838451268357811,0.0022727272727272726,0.45740987983978637,0.16001056524035923,0.09307976756471209
1.25,6.75,0.2960033265064739,0.8990384615384616,0.07730307076101468,0.0013111888111888112,0.5072096128170894,0.1265715795034337,0.09804543053354464
1.25,7.0,0.2875335015871066,0.9128496503496504,0.06475300400534045,0.0005244755244755245,0.5566088117489987,0.09867934495509773,0.10348652931854199
1.5,0.5,-0.07794350531374913,0.1493006993006993,0.13391188251001335,0.024213286713286715,0.15594125500667558,0.7184891706286318,0.06196513470681458
1.5,0.75,-0.07794350531374913,0.1493006993006993,0.13391188251001335,0.024213286713286715,0.15594125500667558,0.7184891706286318,0.06196513470681458
1.5,1.0,-0.07794350531374913,0.1493006993006993,0.13391188251001335,0.024213286713286715,0.15594125500667558,0.7184891706286318,0.06196513470681458
1.5,1.25,-0.07783284919754624,0.14947552447552448,0.13391188251001335,0.024213286713286715,0.15594125500667558,0.7183835182250397,0.06196513470681458
1.5,1.5,-0.07772219308134337,0.14965034965034965,0.13391188251001335,0.024213286713286715,0.15594125500667558,0.7182778658214475,0.06196513470681458
1.5,1.75,-0.07766686502324194,0.14973776223776225,0.13391188251001335,0.024213286713286715,0.15594125500667558,0.7182250396196513,0.06196513470681458
1.5,2.0,-0.07706680339226218,0.1506993006993007,0.13391188251001335,0.024125874125874126,0.1560747663551402,0.7175911251980983,0.06201796090861067
1.5,2.25,-0.07575016295398938,0.15262237762237763,0.13391188251001335,0.02368881118881119,0.1560747663551402,0.7164289487585842,0.062282091917591126
1.5,2.5,-0.07388878894283828,0.15541958041958043,0.13391188251001335,0.023164335664335664,0.15620827770360482,0.7146856840993132,0.06259904912836767
1.5,2.75,-0.06904891954642017,0.16302447552447552,0.13377837116154873,0.022727272727272728,0.15620827770360482,0.7100898045430534,0.06291600633914421
1.5,3.0,-0.060302177878995576,0.17692307692307693,0.1336448598130841,0.022377622377622378,0.15647530040053403,0.7015847860538827,0.06318013734812467
1.5,3.25,-0.04590014410647735,0.20017482517482518,0.13311081441922562,0.021853146853146852,0.15714285714285714,0.6872688853671421,0.06370839936608558
1.5,3.5,-0.027775836902604975,0.22963286713286712,0.13230974632843792,0.020716783216783215,0.15874499332443257,0.6688325409403064,0.0647120972002113
1.5,3.75,-0.00025604635896119693,0.27386363636363636,0.13204272363150868,0.019667832167832168,0.16141522029372496,0.6410459587955626,0.06545166402535657
1.5,4.0,0.029717017315026,0.3215034965034965,0.13177570093457944,0.01756993006993007,0.1638184245660881,0.6113048071843634,0.06682514527205494
1.5,4.25,0.06672215722007253,0.3821678321678322,0.1307076101468625,0.015996503496503497,0.16929238985313752,0.5724775488642366,0.0681986265187533
1.5,4.5,0.10482512154497357,0.444493006993007,0.12990654205607477,0.013986013986013986,0.17570093457943925,0.5322768092974115,0.06973058637083994
1.5,4.75,0.14291689110663222,0.5095279720279721,0.12830440587449934,0.012762237762237762,0.18731642189586115,0.48837823560486,0.0711040676175383
1.5,5.0,0.17912535652088285,0.5742132867132868,0.1260347129506008,0.011363636363636364,0.20520694259012015,0.44220813523507657,0.0728473322768093
1.5,5.25,0.2115766543011126,0.6353146853146853,0.12403204272363151,0.009527972027972028,0.23124165554072096,0.3949815108293714,0.07474907554146856
1.5,5.5,0.23908429935833772,0.6946678321678321,0.11909212283044059,0.007867132867132868,0.26755674232309745,0.344743792921289,0.07770734284204965
1.5,5.75,0.2639244420804251,0.7527097902097902,0.11428571428571428,0.005856643356643356,0.3132176234979973,0.29160063391442154,0.08082408874801902
1.5,6.0,0.2838670053465549,0.803409090909091,0.10854472630173564,0.004195804195804196,0.35727636849132177,0.24352879027997887,0.08409931325937665
1.5,6.25,0.29450774222075154,0.8442307692307692,0.09946595460614152,0.003409090909090909,0.4061415220293725,0.19952456418383518,0.08816693079767565
1.5,6.5,0.2979210358392194,0.8760489510489511,0.08838451268357811,0.0022727272727272726,0.45740987983978637,0.16001056524035923,0.09323824617010038
1.5,6.75,0.2958531901927084,0.8987762237762238,0.07730307076101468,0.0013111888111888112,0.5072096128170894,0.1265715795034337,0.09820390913893291
1.5,7.0,0.2873833652733411,0.9125874125874126,0.06475300400534045,0.0005244755244755245,0.5566088117489987,0.09867934495509773,0.10364500792393026
1.75,0.5,-0.07797270933740638,0.1493006993006993,0.13391188251001335,0.024388111888111887,0.15594125500667558,0.7183835182250397,0.06196513470681458
1.75,0.75,-0.07797270933740638,0.1493006993006993,0.13391188251001335,0.024388111888111887,0.15594125500667558,0.7183835182250397,0.06196513470681458
1.75,1.0,-0.07797270933740638,0.1493006993006993,0.13391188251001335,0.024388111888111887,0.15594125500667558,0.7183835182250397,0.06196513470681458
1.75,1.25,-0.07786205322120351,0.14947552447552448,0.13391188251001335,0.024388111888111887,0.15594125500667558,0.7182778658214475,0.06196513470681458
1.75,1.5,-0.07775139710500065,0.14965034965034965,0.13391188251001335,0.024388111888111887,0.15594125500667558,0.7181722134178553,0.06196513470681458
1.75,1.75,-0.07769606904689921,0.14973776223776225,0.13391188251001335,0.024388111888111887,0.15594125500667558,0.7181193872160592,0.06196513470681458
1.75,2.0,-0.0770960074159194,0.1506993006993007,0.13391188251001335,0.0243006993006993,0.1560747663551402,0.717485472794506,0.06201796090861067
1.75,2.25,-0.07577936697764667,0.15262237762237763,0.13391188251001335,0.023863636363636365,0.1560747663551402,0.716323296354992,0.062282091917591126
1.75,2.5,-0.07395343639258878,0.15533216783216783,0.13391188251001335,0.023251748251748253,0.15620827770360482,0.7146328578975172,0.06265187533016377
1.75,2.75,-0.06914901042226385,0.16284965034965035,0.13377837116154873,0.022727272727272728,0.15620827770360482,0.7100898045430534,0.0630216587427364
1.75,3.0,-0.060402268754839214,0.17674825174825176,0.1336448598130841,0.022377622377622378,0.15647530040053403,0.7015847860538827,0.06328578975171685
1.75,3.25,-0.04600023498232099,0.2,0.13311081441922562,0.021853146853146852,0.15714285714285714,0.6872688853671421,0.06381405176967776
1.75,3.5,-0.027875927778448637,0.22945804195804195,0.13230974632843792,0.020716783216783215,0.15874499332443257,0.6688325409403064,0.06481774960380349
1.75,3.75,-0.00035613723480483125,0.27368881118881117,0.13204272363150868,0.019667832167832168,0.16141522029372496,0.6410459587955626,0.06555731642894876
1.75,4.0,0.02961692643918231,0.3213286713286713,0.13177570093457944,0.01756993006993007,0.1638184245660881,0.6113048071843634,0.06693079767564712
1.75,4.25,0.0666220663442289,0.381993006993007,0.1307076101468625,0.015996503496503497,0.16929238985313752,0.5724775488642366,0.06830427892234549
1.75,4.5,0.10472503066912994,0.44431818181818183,0.12990654205607477,0.013986013986013986,0.17570093457943925,0.5322768092974115,0.06983623877443212
1.75,4.75,0.14281680023078852,0.5093531468531468,0.12830440587449934,0.012762237762237762,0.18731642189586115,0.48837823560486,0.07120972002113048
1.75,5.0,0.17902526564503915,0.5740384615384615,0.1260347129506008,0.011363636363636364,0.20520694259012015,0.44220813523507657,0.07295298468040148
1.75,5.25,0.2114765634252689,0.6351398601398601,0.12403204272363151,0.009527972027972028,0.23124165554072096,0.3949815108293714,0.07485472794506075
1.75,5.5,0.23898420848249408,0.694493006993007,0.11909212283044059,0.007867132867132868,0.26755674232309745,0.344743792921289,0.07781299524564184
1.75,5.75,0.26382435120458136,0.7525349650349651,0.11428571428571428,0.005856643356643356,0.3132176234979973,0.29160063391442154,0.0809297411516112
1.75,6.0,0.28376691447071123,0.8032342657342657,0.10854472630173564,0.004195804195804196,0.35727636849132177,0.24352879027997887,0.08420496566296884
1.75,6.25,0.29440765134490793,0.8440559440559441,0.09946595460614152,0.003409090909090909,0.4061415220293725,0.19952456418383518,0.08827258320126782
1.75,6.5,0.2978209449633757,0.8758741258741258,0.08838451268357811,0.0022727272727272726,0.45740987983978637,0.16001056524035923,0.09334389857369255
1.75,6.75,0.2957530993168648,0.8986013986013986,0.07730307076101468,0.0013111888111888112,0.5072096128170894,0.1265715795034337,0.0983095615425251
1.75,7.0,0.2872832743974975,0.9124125874125875,0.06475300400534045,0.0005244755244755245,0.5566088117489987,0.09867934495509773,0.10375066032752245
2.0,0.5,-0.07800191336106369,0.1493006993006993,0.13391188251001335,0.024562937062937062,0.15594125500667558,0.7182778658214475,0.06196513470681458
2.0,0.75,-0.07800191336106369,0.1493006993006993,0.13391188251001335,0.024562937062937062,0.15594125500667558,0.7182778658214475,0.06196513470681458
2.0,1.0,-0.07800191336106369,0.1493006993006993,0.13391188251001335,0.024562937062937062,0.15594125500667558,0.7182778658214475,0.06196513470681458
2.0,1.25,-0.07792670067095397,0.14938811188811188,0.13391188251001335,0.024475524475524476,0.15594125500667558,0.7182250396196513,0.06201796090861067
2.0,1.5,-0.07781604455475113,0.14956293706293705,0.13391188251001335,0.024475524475524476,0.15594125500667558,0.7181193872160592,0.06201796090861067
2.0,1.75,-0.07776071649664965,0.14965034965034965,0.13391188251001335,0.024475524475524476,0.15594125500667558,0.718066561014263,0.06201796090861067
2.0,2.0,-0.07716065486566988,0.1506118881118881,0.13391188251001335,0.024388111888111887,0.1560747663551402,0.71743264659271,0.06207078711040676
2.0,2.25,-0.07584401442739713,0.15253496503496503,0.13391188251001335,0.02395104895104895,0.1560747663551402,0.716270470153196,0.06233491811938722
2.0,2.5,-0.0740180838423392,0.15524475524475526,0.13391188251001335,0.02333916083916084,0.15620827770360482,0.714580031695721,0.06270470153195985
2.0,2.75,-0.06921365787201428,0.16276223776223775,0.13377837116154873,0.022814685314685314,0.15620827770360482,0.7100369783412572,0.0630744849445325
2.0,3.0,-0.060466916204589695,0.17666083916083916,0.1336448598130841,0.022465034965034963,0.15647530040053403,0.7015319598520866,0.06333861595351294
2.0,3.25,-0.04606488243207147,0.1999125874125874,0.13311081441922562,0.02194055944055944,0.15714285714285714,0.687216059165346,0.06386687797147385
2.0,3.5,-0.02794057522819908,0.22937062937062938,0.13230974632843792,0.020804195804195805,0.15874499332443257,0.6687797147385103,0.06487057580559957
2.0,3.75,-0.0004207846845553278,0.2736013986013986,0.13204272363150868,0.019755244755244754,0.16141522029372496,0.6409931325937666,0.06561014263074486
2.0,4.0,0.02955227898943187,0.32124125874125875,0.13177570093457944,0.01765734265734266,0.1638184245660881,0.6112519809825674,0.06698362387744321
2.0,4.25,0.06655741889447846,0.3819055944055944,0.1307076101468625,0.016083916083916083,0.16929238985313752,0.5724247226624406,0.06835710512414157
2.0,4.5,0.10466038321937945,0.4442307692307692,0.12990654205607477,0.014073426573426574,0.17570093457943925,0.5322239830956155,0.06988906497622821
2.0,4.75,0.1427167093549449,0.5091783216783217,0.12830440587449934,0.012762237762237762,0.18731642189586115,0.48837823560486,0.07131537242472266
2.0,5.0,0.1789251747691956,0.5738636363636364,0.1260347129506008,0.011363636363636364,0.20520694259012015,0.44220813523507657,0.07305863708399365
2.0,5.25,0.21137647254942535,0.634965034965035,0.12403204272363151,0.009527972027972028,0.23124165554072096,0.3949815108293714,0.07496038034865293
2.0,5.5,0.23888411760665046,0.6943181818181818,0.11909212283044059,0.007867132867132868,0.26755674232309745,0.344743792921289,0.07791864764923402
2.0,5.75,0.2637242603287377,0.7523601398601398,0.11428571428571428,0.005856643356643356,0.3132176234979973,0.29160063391442154,0.08103539355520338
2.0,6.0,0.28366682359486767,0.8030594405594406,0.10854472630173564,0.004195804195804196,0.35727636849132177,0.24352879027997887,0.08431061806656101
2.0,6.25,0.2943075604690642,0.8438811188811188,0.09946595460614152,0.003409090909090909,0.4061415220293725,0.19952456418383518,0.08837823560486001
2.0,6.5,0.2977208540875321,0.8756993006993007,0.08838451268357811,0.0022727272727272726,0.45740987983978637,0.16001056524035923,0.09344955097728473
2.0,6.75,0.2956530084410211,0.8984265734265734,0.07730307076101468,0.0013111888111888112,0.5072096128170894,0.1265715795034337,0.09841521394611727
2.0,7.0,0.28718318352165384,0.9122377622377622,0.06475300400534045,0.0005244755244755245,0.5566088117489987,0.09867934495509773,0.10385631273111463
2.25,0.5,-0.07809576483447139,0.1492132867132867,0.13391188251001335,0.024825174825174826,0.15594125500667558,0.7181193872160592,0.06201796090861067
2.25,0.75,-0.07809576483447139,0.1492132867132867,0.13391188251001335,0.024825174825174826,0.15594125500667558,0.7181193872160592,0.06201796090861067
2.25,1.0,-0.07809576483447139,0.1492132867132867,0.13391188251001335,0.024825174825174826,0.15594125500667558,0.7181193872160592,0.06201796090861067
2.25,1.25,-0.0780205521443617,0.1493006993006993,0.13391188251001335,0.024737762237762237,0.15594125500667558,0.718066561014263,0.06207078711040676
2.25,1.5,-0.07790989602815883,0.14947552447552448,0.13391188251001335,0.024737762237762237,0.15594125500667558,0.7179609086106709,0.06207078711040676
2.25,1.75,-0.07785456797005742,0.14956293706293705,0.13391188251001335,0.024737762237762237,0.15594125500667558,0.7179080824088748,0.06207078711040676
2.25,2.0,-0.07725450633907764,0.15052447552447554,0.13391188251001335,0.02465034965034965,0.1560747663551402,0.7172741679873217,0.062123613312202855
2.25,2.25,-0.07597330932689807,0.15236013986013985,0.13391188251001335,0.024125874125874126,0.1560747663551402,0.7161648177496038,0.0624405705229794
2.25,2.5,-0.07414737874184017,0.15506993006993006,0.13391188251001335,0.023513986013986014,0.15620827770360482,0.7144743792921289,0.06281035393555204
2.25,2.75,-0.06937839619760841,0.1625,0.13377837116154873,0.022902097902097903,0.15620827770360482,0.7099841521394612,0.06323296354992076
2.25,3.0,-0.060631654530183834,0.1763986013986014,0.1336448598130841,0.022552447552447553,0.15647530040053403,0.7014791336502906,0.06349709455890122
2.25,3.25,-0.04622962075766557,0.19965034965034964,0.13311081441922562,0.022027972027972027,0.15714285714285714,0.68716323296355,0.06402535657686212
2.25,3.5,-0.02810531355379318,0.2291083916083916,0.13230974632843792,0.02089160839160839,0.15874499332443257,0.6687268885367142,0.06502905441098784
2.25,3.75,-0.0005855230101494309,0.2733391608391608,0.13204272363150868,0.019842657342657343,0.16141522029372496,0.6409403063919704,0.06576862123613313
2.25,4.0,0.02938754066383774,0.320979020979021,0.13177570093457944,0.017744755244755245,0.1638184245660881,0.6111991547807712,0.06714210248283148
2.25,4.25,0.06639268056888432,0.38164335664335663,0.1307076101468625,0.016171328671328672,0.16929238985313752,0.5723718964606445,0.06851558372952984
2.25,4.5,0.10449564489378542,0.4439685314685315,0.12990654205607477,0.014160839160839161,0.17570093457943925,0.5321711568938193,0.07004754358161648
2.25,4.75,0.14251652760325761,0.5088286713286714,0.12830440587449934,0.012762237762237762,0.18731642189586115,0.48837823560486,0.07152667723190703
2.25,5.0,0.1787249930175083,0.5735139860139861,0.1260347129506008,0.011363636363636364,0.20520694259012015,0.44220813523507657,0.07326994189117803
2.25,5.25,0.21117629079773798,0.6346153846153846,0.12403204272363151,0.009527972027972028,0.23124165554072096,0.3949815108293714,0.07517168515583729
2.25,5.5,0.23868393585496314,0.6939685314685314,0.11909212283044059,0.007867132867132868,0.26755674232309745,0.344743792921289,0.07812995245641838
2.25,5.75,0.2635240785770504,0.7520104895104895,0.11428571428571428,0.005856643356643356,0.3132176234979973,0.29160063391442154,0.08124669836238775
2.25,6.0,0.28346664184318027,0.8027097902097902,0.10854472630173564,0.004195804195804196,0.35727636849132177,0.24352879027997887,0.08452192287374538
2.25,6.25,0.29410737871737697,0.8435314685314685,0.09946595460614152,0.003409090909090909,0.4061415220293725,0.19952456418383518,0.08858954041204438
2.25,6.5,0.29752067233584484,0.8753496503496504,0.08838451268357811,0.0022727272727272726,0.45740987983978637,0.16001056524035923,0.0936608557844691
2.25,6.75,0.2954528266893338,0.8980769230769231,0.07730307076101468,0.0013111888111888112,0.5072096128170894,0.1265715795034337,0.09862651875330164
2.25,7.0,0.28698300176996655,0.9118881118881119,0.06475300400534045,0.0005244755244755245,0.5566088117489987,0.09867934495509773,0.10406761753829899
2.5,0.5,-0.07799741800453103,0.1492132867132867,0.1341789052069426,0.025174825174825177,0.15594125500667558,0.7178024300052827,0.06201796090861067
2.5,0.75,-0.07799741800453103,0.1492132867132867,0.1341789052069426,0.025174825174825177,0.15594125500667558,0.7178024300052827,0.06201796090861067
2.5,1.0,-0.07799741800453103,0.1492132867132867,0.1341789052069426,0.025174825174825177,0.15594125500667558,0.7178024300052827,0.06201796090861067
2.5,1.25,-0.07792220531442136,0.1493006993006993,0.1341789052069426,0.025087412587412587,0.15594125500667558,0.7177496038034865,0.06207078711040676
2.5,1.5,-0.07781154919821849,0.14947552447552448,0.1341789052069426,0.025087412587412587,0.15594125500667558,0.7176439513998943,0.06207078711040676
2.5,1.75,-0.07775622114011708,0.14956293706293705,0.1341789052069426,0.025087412587412587,0.15594125500667558,0.7175911251980983,0.06207078711040676
2.5,2.0,-0.07715615950913729,0.15052447552447554,0.1341789052069426,0.025,0.1560747663551402,0.7169572107765452,0.062123613312202855
2.5,2.25,-0.0758749624969577,0.15236013986013985,0.1341789052069426,0.024475524475524476,0.1560747663551402,0.7158478605388272,0.0624405705229794
2.5,2.5,-0.07404903191189979,0.15506993006993006,0.1341789052069426,0.023863636363636365,0.15620827770360482,0.7141574220813524,0.06281035393555204
2.5,2.75,-0.06931549279376124,0.1624125874125874,0.13404539385847797,0.023164335664335664,0.15620827770360482,0.7097200211304807,0.06328578975171685
2.5,3.0,-0.06056875112633661,0.17631118881118882,0.13391188251001335,0.022814685314685314,0.15647530040053403,0.7012150026413101,0.0635499207606973
2.5,3.25,-0.04616671735381836,0.19956293706293707,0.13337783711615486,0.022290209790209792,0.15714285714285714,0.6868991019545695,0.06407818277865822
2.5,3.5,-0.028042410149946063,0.229020979020979,0.13257676902536716,0.021153846153846155,0.15874499332443257,0.6684627575277338,0.06508188061278394
2.5,3.75,-0.0005226196063022014,0.27325174825174825,0.13230974632843792,0.020104895104895104,0.16141522029372496,0.6406761753829899,0.06582144743792921
2.5,4.0,0.029450444067684912,0.3208916083916084,0.13204272363150868,0.018006993006993006,0.1638184245660881,0.6109350237717908,0.06719492868462758
2.5,4.25,0.0664555839727315,0.38155594405594406,0.1309746328437917,0.016433566433566433,0.16929238985313752,0.572107765451664,0.06856840993132594
2.5,4.5,0.10455854829763254,0.44388111888111886,0.130173564753004,0.014423076923076924,0.17570093457943925,0.5319070258848388,0.07010036978341257
2.5,4.75,0.14254398758101158,0.5086538461538461,0.12857142857142856,0.012937062937062937,0.18731642189586115,0.48816693079767565,0.0716323296354992
2.5,5.0,0.17871700956916906,0.5732517482517483,0.12630173564753003,0.011451048951048952,0.20520694259012015,0.4420496566296883,0.0734284204965663
2.5,5.25,0.21112364417109517,0.6343531468531468,0.12416555407209613,0.009615384615384616,0.23110814419225634,0.3948758584257792,0.07538298996302166
2.5,5.5,0.23859584580222717,0.6936188811188811,0.11922563417890521,0.007867132867132868,0.26742323097463283,0.34469096671949284,0.07839408346539883
2.5,5.75,0.26343598852431444,0.7516608391608391,0.1144192256341789,0.005856643356643356,0.3130841121495327,0.29154780771262545,0.0815108293713682
2.5,6.0,0.28337855179044436,0.8023601398601399,0.10867823765020027,0.004195804195804196,0.35714285714285715,0.24347596407818278,0.08478605388272584
2.5,6.25,0.29401928866464094,0.8431818181818181,0.09959946595460614,0.003409090909090909,0.40600801068090786,0.1994717379820391,0.08885367142102484
2.5,6.5,0.29743258228310876,0.875,0.08851802403204273,0.0022727272727272726,0.45727636849132175,0.15995773903856314,0.09392498679344954
2.5,6.75,0.2953200734582942,0.8977272727272727,0.07730307076101468,0.0013111888111888112,0.5069425901201602,0.1265715795034337,0.09894347596407818
2.5,7.0,0.2868502485389269,0.9115384615384615,0.06475300400534045,0.0005244755244755245,0.5563417890520694,0.09867934495509773,0.10438457474907555
2.75,0.5,-0.07788707035148304,0.14903846153846154,0.13457943925233645,0.025524475524475523,0.15580774365821096,0.71743264659271,0.06217643951399894
2.75,0.75,-0.07788707035148304,0.14903846153846154,0.13457943925233645,0.025524475524475523,0.15580774365821096,0.71743264659271,0.06217643951399894
2.75,1.0,-0.07788707035148304,0.14903846153846154,0.13457943925233645,0.025524475524475523,0.15580774365821096,0.71743264659271,0.06217643951399894
2.75,1.25,-0.07781185766137333,0.14912587412587414,0.13457943925233645,0.025437062937062938,0.15580774365821096,0.7173798203909139,0.06222926571579503
2.75,1.5,-0.07770120154517049,0.1493006993006993,0.13457943925233645,0.025437062937062938,0.15580774365821096,0.7172741679873217,0.06222926571579503
2.75,1.75,-0.07764587348706906,0.14938811188811188,0.13457943925233645,0.025437062937062938,0.15580774365821096,0.7172213417855257,0.06222926571579503
2.75,2.0,-0.07704581185608923,0.15034965034965034,0.13457943925233645,0.025349650349650348,0.15594125500667558,0.7165874273639725,0.062282091917591126
2.75,2.25,-0.07576461484390971,0.15218531468531468,0.13457943925233645,0.024825174825174826,0.15594125500667558,0.7154780771262547,0.06259904912836767
2.75,2.5,-0.07393868425885176,0.15489510489510488,0.13457943925233645,0.024213286713286715,0.1560747663551402,0.7137876386687797,0.06296883254094031
2.75,2.75,-0.06924058856680643,0.16215034965034966,0.13444592790387183,0.023426573426573425,0.1560747663551402,0.7094030639197042,0.06349709455890122
2.75,3.0,-0.06049384689938181,0.17604895104895105,0.1343124165554072,0.023076923076923078,0.1563417890520694,0.7008980454305336,0.06376122556788166
2.75,3.25,-0.04612725655295677,0.19921328671328672,0.13377837116154873,0.022465034965034963,0.15700934579439252,0.686634970945589,0.06434231378763867
2.75,3.5,-0.02808305595348117,0.2285839160839161,0.1328437917222964,0.02124125874125874,0.15847797062750335,0.6683042789223455,0.06545166402535657
2.75,3.75,-0.0005632654098373657,0.27281468531468533,0.13257676902536716,0.020192307692307693,0.16114819759679572,0.6405176967776017,0.06619123085050185
2.75,4.0,0.029409798264149776,0.32045454545454544,0.13230974632843792,0.018094405594405595,0.16355140186915887,0.6107765451664026,0.0675647120972002
2.75,4.25,0.06637949474310317,0.3810314685314685,0.13124165554072095,0.016433566433566433,0.16902536715620828,0.5720021130480718,0.06899101954569467
2.75,4.5,0.1044824590680042,0.4433566433566434,0.13044058744993325,0.014423076923076924,0.17543391188251,0.5318013734812467,0.0705229793977813
2.75,4.75,0.1424678983513832,0.5081293706293706,0.1288384512683578,0.012937062937062937,0.1870493991989319,0.4880612783940835,0.07205493924986793
2.75,5.0,0.17859625716123712,0.5727272727272728,0.12643524699599465,0.011451048951048952,0.20480640854472631,0.44199683042789223,0.07390385631273111
2.75,5.25,0.21100289176316334,0.6338286713286714,0.12429906542056075,0.009615384615384616,0.23070761014686247,0.3948230322239831,0.07585842577918647
2.75,5.5,0.23847509339429523,0.6930944055944056,0.11935914552736983,0.007867132867132868,0.26702269692923897,0.34463814051769676,0.07886951928156366
2.75,5.75,0.26331523611638247,0.7511363636363636,0.11455273698264352,0.005856643356643356,0.3126835781041388,0.29149498151082937,0.08198626518753302
2.75,6.0,0.2832577993825124,0.8018356643356643,0.10881174899866489,0.004195804195804196,0.3567423230974633,0.2434231378763867,0.08526148969889065
2.75,6.25,0.2938985362567091,0.8426573426573427,0.09973297730307076,0.003409090909090909,0.405607476635514,0.199418911780243,0.08932910723718965
2.75,6.5,0.29731182987517685,0.8744755244755245,0.08865153538050734,0.0022727272727272726,0.4568758344459279,0.15990491283676703,0.09440042260961437
2.75,6.75,0.29519932105036223,0.8972027972027972,0.0774365821094793,0.0013111888111888112,0.5065420560747663,0.12651875330163762,0.099418911780243
2.75,7.0,0.28668483295269137,0.911013986013986,0.06475300400534045,0.0005244755244755245,0.555807743658211,0.09867934495509773,0.10491283676703644
3.0,0.5,-0.07795645707704522,0.14886363636363636,0.13497997329773032,0.02674825174825175,0.15580774365821096,0.7165346011621765,0.062282091917591126
3.0,0.75,-0.07795645707704522,0.14886363636363636,0.13497997329773032,0.02674825174825175,0.15580774365821096,0.7165346011621765,0.062282091917591126
3.0,1.0,-0.07795645707704522,0.14886363636363636,0.13497997329773032,0.02674825174825175,0.15580774365821096,0.7165346011621765,0.062282091917591126
3.0,1.25,-0.07788124438693553,0.14895104895104896,0.13497997329773032,0.02666083916083916,0.15580774365821096,0.7164817749603803,0.06233491811938722
3.0,1.5,-0.07777058827073269,0.14912587412587414,0.13497997329773032,0.02666083916083916,0.15580774365821096,0.7163761225567882,0.06233491811938722
3.0,1.75,-0.07771526021263125,0.1492132867132867,0.13497997329773032,0.02666083916083916,0.15580774365821096,0.716323296354992,0.06233491811938722
3.0,2.0,-0.07711519858165146,0.15017482517482517,0.13497997329773032,0.026573426573426574,0.15594125500667558,0.715689381933439,0.062387744321183304
3.0,2.25,-0.0758340015694719,0.1520104895104895,0.13497997329773032,0.02604895104895105,0.15594125500667558,0.714580031695721,0.06270470153195985
3.0,2.5,-0.07404351441050715,0.15463286713286714,0.13497997329773032,0.025349650349650348,0.1560747663551402,0.7129424194400422,0.06312731114632858
3.0,2.75,-0.06941630557064815,0.16171328671328672,0.1348464619492657,0.024388111888111887,0.1560747663551402,0.7086634970945589,0.06376122556788166
3.0,3.0,-0.06066956390322356,0.1756118881118881,0.13471295060080107,0.02403846153846154,0.1563417890520694,0.7001584786053883,0.06402535657686212
3.0,3.25,-0.0464093038350781,0.198513986013986,0.1341789052069426,0.023164335664335664,0.15700934579439252,0.686053882725832,0.0647649234020074
3.0,3.5,-0.028471433513882097,0.2276223776223776,0.13324432576769024,0.021678321678321677,0.15847797062750335,0.6678816693079768,0.06603275224511358
3.0,3.75,-0.0010317495746350325,0.27176573426573425,0.1328437917222964,0.02054195804195804,0.1610146862483311,0.6402007395668251,0.06687797147385104
3.0,4.0,0.028905870673258918,0.31931818181818183,0.13257676902536716,0.018356643356643356,0.16341789052069425,0.6105124141574221,0.06830427892234549
3.0,4.25,0.06587556715221231,0.3798951048951049,0.1315086782376502,0.016695804195804197,0.16889185580774366,0.5717379820390914,0.06973058637083994
3.0,4.5,0.10390764462492692,0.4420454545454545,0.1307076101468625,0.01451048951048951,0.1753004005340454,0.5316428948758585,0.07136819862651875
3.0,4.75,0.141893083908306,0.5068181818181818,0.12910547396528704,0.013024475524475524,0.18691588785046728,0.4879027997886952,0.07290015847860538
3.0,5.0,0.1780214427181598,0.5714160839160839,0.1267022696929239,0.011538461538461539,0.2046728971962617,0.44183835182250397,0.07474907554146856
3.0,5.25,0.21039263389399282,0.6324300699300699,0.12456608811748998,0.009615384615384616,0.23057409879839785,0.3947173798203909,0.07675647120972003
3.0,5.5,0.2378648355251248,0.6916958041958042,0.11962616822429907,0.007867132867132868,0.26688918558077435,0.3445324881141046,0.0797675647120972
3.0,5.75,0.26270497824721206,0.7497377622377622,0.11481975967957277,0.005856643356643356,0.3125500667556742,0.2913893291072372,0.08288431061806656
3.0,6.0,0.282647541513342,0.800437062937063,0.10907877169559413,0.004195804195804196,0.35660881174899867,0.2433174854727945,0.08615953512942419
3.0,6.25,0.29328827838753857,0.8412587412587412,0.1,0.003409090909090909,0.4054739652870494,0.19931325937665081,0.09022715266772319
3.0,6.5,0.2967015720060064,0.8730769230769231,0.08891855807743658,0.0022727272727272726,0.45674232309746327,0.15979926043317486,0.09529846804014791
3.0,6.75,0.2945890631811918,0.8958041958041958,0.07770360480640855,0.0013111888111888112,0.5064085447263017,0.12641310089804544,0.10031695721077655
3.0,7.0,0.28602991190521737,0.9096153846153846,0.06488651535380507,0.0005244755244755245,0.5555407209612817,0.09862651875330164,0.10586370839936608
3.25,0.5,-0.07813497454848524,0.14833916083916085,0.13538050734312418,0.028234265734265733,0.15527369826435247,0.7154780771262547,0.06281035393555204
3.25,0.75,-0.07813497454848524,0.14833916083916085,0.13538050734312418,0.028234265734265733,0.15527369826435247,0.7154780771262547,0.06281035393555204
3.25,1.0,-0.07813497454848524,0.14833916083916085,0.13538050734312418,0.028234265734265733,0.15527369826435247,0.7154780771262547,0.06281035393555204
3.25,1.25,-0.07805976185837553,0.14842657342657342,0.13538050734312418,0.028146853146853147,0.15527369826435247,0.7154252509244585,0.06286318013734812
3.25,1.5,-0.07794910574217266,0.1486013986013986,0.13538050734312418,0.028146853146853147,0.15527369826435247,0.7153195985208664,0.06286318013734812
3.25,1.75,-0.0778937776840712,0.1486888111888112,0.13538050734312418,0.028146853146853147,0.15527369826435247,0.7152667723190702,0.06286318013734812
3.25,2.0,-0.07729371605309145,0.14965034965034965,0.13538050734312418,0.028059440559440558,0.1554072096128171,0.7146328578975172,0.06291600633914421
3.25,2.25,-0.07604796246700508,0.1513986013986014,0.13538050734312418,0.027447552447552447,0.1554072096128171,0.7135763338615954,0.06328578975171685
3.25,2.5,-0.07425747530804033,0.15402097902097903,0.13538050734312418,0.02674825174825175,0.15554072096128171,0.7119387216059165,0.06370839936608558
3.25,2.75,-0.06966570989427452,0.161013986013986,0.13524699599465956,0.0256993006993007,0.15554072096128171,0.7077126254622292,0.06439513998943476
3.25,3.0,-0.060918968226849925,0.17491258741258742,0.13511348464619494,0.025349650349650348,0.15580774365821096,0.6992076069730586,0.06465927099841522
3.25,3.25,-0.046694151584797665,0.19772727272727272,0.13457943925233645,0.024388111888111887,0.15647530040053403,0.6851558372952985,0.06545166402535657
3.25,3.5,-0.028827168115788022,0.22666083916083915,0.1336448598130841,0.022727272727272728,0.15794392523364487,0.6670892762810354,0.06682514527205494
3.25,3.75,-0.0014938144548205905,0.270541958041958,0.13324432576769024,0.02132867132867133,0.16048064085447264,0.6395668251452721,0.06782884310618066
3.25,4.0,0.028443805793073443,0.3180944055944056,0.13297730307076103,0.019143356643356643,0.1628838451268358,0.6098784997358689,0.06925515055467511
3.25,4.25,0.06534261541984039,0.3784965034965035,0.13190921228304406,0.01730769230769231,0.16835781041388517,0.5712097200211305,0.07078711040676175
3.25,4.5,0.10333924946646185,0.4405594405594406,0.13110814419225633,0.015034965034965035,0.17476635514018693,0.5311674590596936,0.07247754886423666
3.25,4.75,0.14124458214544414,0.5052447552447552,0.12937249666221629,0.013461538461538462,0.1862483311081442,0.48753301637612256,0.07411516111991548
3.25,5.0,0.17737294095529796,0.5698426573426574,0.12696929238985313,0.011975524475524475,0.2040053404539386,0.4414685684099313,0.07596407818277866
3.25,5.25,0.20974413213113097,0.6308566433566434,0.12483311081441922,0.010052447552447552,0.22990654205607478,0.3943475964078183,0.07797147385103011
3.25,5.5,0.23713622715786617,0.6900349650349651,0.11975967957276369,0.008216783216783216,0.2660881174899867,0.34426835710512416,0.08108821975699947
3.25,5.75,0.2619763698799535,0.7480769230769231,0.11495327102803739,0.0062062937062937066,0.31174899866488653,0.2911251980982567,0.08420496566296884
3.25,6.0,0.2818480462938969,0.7986013986013986,0.10921228304405875,0.004370629370629371,0.35580774365821094,0.24315900686740624,0.08758584257791865
3.25,6.25,0.29245333974200033,0.8393356643356643,0.10013351134846461,0.0034965034965034965,0.4046728971962617,0.19920760697305864,0.09170628631801374
3.25,6.5,0.29586663336046826,0.8711538461538462,0.0890520694259012,0.00236013986013986,0.4559412550066756,0.15969360802958268,0.09677760169043846
3.25,6.75,0.2937186811095604,0.8937937062937062,0.07783711615487317,0.0013111888111888112,0.505607476635514,0.12636027469624933,0.10184891706286318
3.25,7.0,0.28515952983358595,0.9076048951048951,0.0650200267022697,0.0005244755244755245,0.554739652870494,0.09857369255150554,0.10739566825145272
3.5,0.5,-0.0789427781970142,0.14702797202797202,0.13591455273698264,0.030856643356643357,0.15500667556742323,0.7136819862651875,0.06370839936608558
3.5,0.75,-0.0789427781970142,0.14702797202797202,0.13591455273698264,0.030856643356643357,0.15500667556742323,0.7136819862651875,0.06370839936608558
3.5,1.0,-0.0789427781970142,0.14702797202797202,0.13591455273698264,0.030856643356643357,0.15500667556742323,0.7136819862651875,0.06370839936608558
3.5,1.25,-0.07886756550690449,0.14711538461538462,0.13591455273698264,0.03076923076923077,0.15500667556742323,0.7136291600633914,0.06376122556788166
3.5,1.5,-0.07875690939070162,0.1472902097902098,0.13591455273698264,0.03076923076923077,0.15500667556742323,0.7135235076597992,0.06376122556788166
3.5,1.75,-0.07870158133260019,0.1473776223776224,0.13591455273698264,0.03076923076923077,0.15500667556742323,0.7134706814580032,0.06376122556788166
3.5,2.0,-0.07813696312771361,0.14825174825174825,0.13591455273698264,0.030594405594405596,0.15514018691588785,0.7128895932382462,0.06386687797147385
3.5,2.25,-0.07696209639381359,0.14982517482517482,0.13591455273698264,0.02980769230769231,0.15514018691588785,0.7119387216059165,0.06434231378763867
3.5,2.5,-0.07517160923484886,0.15244755244755245,0.13591455273698264,0.02910839160839161,0.15527369826435247,0.7103011093502377,0.0647649234020074
3.5,2.75,-0.07061528724717625,0.15935314685314686,0.13578104138851801,0.027972027972027972,0.15527369826435247,0.7061278394083466,0.06550449022715267
3.5,3.0,-0.06198409561024158,0.17307692307692307,0.13551401869158877,0.027447552447552447,0.1554072096128171,0.6977812995245641,0.0659270998415214
3.5,3.25,-0.04779472239428252,0.1958041958041958,0.13497997329773032,0.0263986013986014,0.1560747663551402,0.6837823560486002,0.06677231907025885
3.5,3.5,-0.029963182351366094,0.22465034965034966,0.13404539385847797,0.02465034965034965,0.157543391188251,0.6657686212361331,0.0681986265187533
3.5,3.75,-0.0027007155425849937,0.26835664335664333,0.1336448598130841,0.023076923076923078,0.16008010680907878,0.6383518225039619,0.06930797675647121
3.5,4.0,0.027024244148749828,0.3153846153846154,0.13337783711615486,0.02036713286713287,0.16248331108144193,0.6089804543053354,0.0710512414157422
3.5,4.25,0.0637011734667473,0.37534965034965034,0.1321762349799733,0.018094405594405595,0.16782376502002672,0.5706286318013735,0.07290015847860538
3.5,4.5,0.10155603380899604,0.4370629370629371,0.13137516688918557,0.015472027972027971,0.17423230974632845,0.530797675647121,0.07480190174326466
3.5,4.75,0.13942592306188512,0.5016608391608391,0.12963951935914553,0.01381118881118881,0.18571428571428572,0.487216059165346,0.07649234020073957
3.5,5.0,0.17551883844564573,0.5661713286713287,0.12723631508678238,0.012237762237762238,0.2034712950600801,0.4412044374009509,0.07839408346539883
3.5,5.25,0.20785458619538558,0.6270979020979021,0.12510013351134847,0.010227272727272727,0.2293724966622163,0.3941362916006339,0.08045430533544638
3.5,5.5,0.23516657461772394,0.6861888111888111,0.1198931909212283,0.008304195804195804,0.26542056074766357,0.344162704701532,0.08367670364500793
3.5,5.75,0.26000671733981123,0.7442307692307693,0.11508678237650201,0.006293706293706294,0.31108144192256343,0.29101954569466454,0.08679344955097729
3.5,6.0,0.2798429503276616,0.7946678321678322,0.10934579439252337,0.004370629370629371,0.35514018691588783,0.24310618066561016,0.09022715266772319
3.5,6.25,0.29040358059746135,0.8354020979020979,0.10013351134846461,0.0034965034965034965,0.403871829105474,0.19920760697305864,0.09440042260961437
3.5,6.5,0.2938168742159293,0.8672202797202797,0.0890520694259012,0.00236013986013986,0.45514018691588787,0.15969360802958268,0.0994717379820391
3.5,6.75,0.2916689219650215,0.8898601398601399,0.07783711615487317,0.0013111888111888112,0.5048064085447262,0.12636027469624933,0.10454305335446382
3.5,7.0,0.2831097706890471,0.9036713286713287,0.0650200267022697,0.0005244755244755245,0.5539385847797063,0.09857369255150554,0.11008980454305335
3.75,0.5,-0.07885616622319973,0.14606643356643356,0.1376502002670227,0.03435314685314685,0.1542056074766355,0.7108821975699947,0.06460644479661912
3.75,0.75,-0.07885616622319973,0.14606643356643356,0.1376502002670227,0.03435314685314685,0.1542056074766355,0.7108821975699947,0.06460644479661912
3.75,1.0,-0.07885616622319973,0.14606643356643356,0.1376502002670227,0.03435314685314685,0.1542056074766355,0.7108821975699947,0.06460644479661912
3.75,1.25,-0.07878095353309,0.14615384615384616,0.1376502002670227,0.03426573426573427,0.1542056074766355,0.7108293713681987,0.06465927099841522
3.75,1.5,-0.07867029741688714,0.14632867132867133,0.1376502002670227,0.03426573426573427,0.1542056074766355,0.7107237189646064,0.06465927099841522
3.75,1.75,-0.0786149693587857,0.1464160839160839,0.1376502002670227,0.03426573426573427,0.1542056074766355,0.7106708927628104,0.06465927099841522
3.75,2.0,-0.07805035115389916,0.1472902097902098,0.1376502002670227,0.03409090909090909,0.15433911882510012,0.7100898045430534,0.0647649234020074
3.75,2.25,-0.07687548441999911,0.14886363636363636,0.1376502002670227,0.0333041958041958,0.15433911882510012,0.7091389329107237,0.06524035921817221
3.75,2.5,-0.07508499726103438,0.151486013986014,0.1376502002670227,0.03260489510489511,0.15447263017356475,0.7075013206550449,0.06566296883254094
3.75,2.75,-0.07059956212554817,0.15821678321678323,0.1375166889185581,0.03129370629370629,0.15447263017356475,0.7034337031167459,0.0665081880612784
3.75,3.0,-0.062110144192986286,0.1715909090909091,0.13724966622162885,0.03041958041958042,0.15460614152202937,0.6952984680401479,0.06714210248283148
3.75,3.25,-0.048027101255306744,0.19405594405594406,0.13671562082777036,0.02910839160839161,0.15527369826435247,0.6814580031695721,0.06814580031695722
3.75,3.5,-0.03027566781678709,0.22281468531468532,0.1356475300400534,0.02727272727272727,0.15660881174899866,0.6635499207606973,0.06967776016904384
3.75,3.75,-0.003199637890682361,0.26617132867132864,0.13511348464619494,0.025349650349650348,0.1590120160213618,0.6363972530375066,0.0710512414157422
3.75,4.0,0.026383548096279713,0.31284965034965034,0.1348464619492657,0.022290209790209792,0.16141522029372496,0.6072371896460644,0.07300581088219757
3.75,4.25,0.06288326028381122,0.3723776223776224,0.1336448598130841,0.019580419580419582,0.16675567423230975,0.569149498151083,0.0751188589540412
3.75,4.5,0.1006672337738736,0.43391608391608394,0.1328437917222964,0.016783216783216783,0.17316421895861148,0.5294241944004227,0.07712625462229265
3.75,4.75,0.13850167960066948,0.4984265734265734,0.13110814419225633,0.015034965034965035,0.18464619492656875,0.48589540412044374,0.07886951928156366
3.75,5.0,0.1743727146756606,0.5625,0.12857142857142856,0.013024475524475524,0.20226969292389854,0.44020073956682515,0.08108821975699947
3.75,5.25,0.20662835582100358,0.6233391608391609,0.12630173564753003,0.010926573426573426,0.22803738317757008,0.3932382461701004,0.0832540940306392
3.75,5.5,0.23394034424334204,0.6824300699300699,0.12109479305740987,0.009003496503496503,0.26408544726301736,0.3432646592709984,0.08647649234020074
3.75,5.75,0.2585756105783321,0.7402972027972028,0.11588785046728972,0.006818181818181818,0.30934579439252335,0.29038563127311146,0.08985736925515056
3.75,6.0,0.2783317369617857,0.7906468531468531,0.11001335113484646,0.004807692307692308,0.3532710280373832,0.24257791864764924,0.09339672477548865
3.75,6.25,0.2888569238054923,0.8312937062937062,0.10080106809078772,0.0038461538461538464,0.4020026702269693,0.19873217115689382,0.09762282091917591
3.75,6.5,0.2921100042151666,0.862937062937063,0.08945260347129506,0.002534965034965035,0.45300400534045393,0.15942947702060223,0.102905441098785
3.75,6.75,0.28992660853816565,0.8854895104895105,0.07823765020026702,0.0013986013986013986,0.5026702269692924,0.126148969889065,0.10802958267300582
3.75,7.0,0.281332013836098,0.8992132867132867,0.06542056074766354,0.0005244755244755245,0.5518024032042723,0.09841521394611727,0.11362916006339144
4.0,0.5,-0.0795064859258618,0.14388111888111887,0.14018691588785046,0.04108391608391608,0.15327102803738318,0.70581088219757,0.06629688325409402
4.0,0.75,-0.0795064859258618,0.14388111888111887,0.14018691588785046,0.04108391608391608,0.15327102803738318,0.70581088219757,0.06629688325409402
4.0,1.0,-0.0795064859258618,0.14388111888111887,0.14018691588785046,0.04108391608391608,0.15327102803738318,0.70581088219757,0.06629688325409402
4.0,1.25,-0.07943127323575212,0.14396853146853147,0.14018691588785046,0.040996503496503495,0.15327102803738318,0.7057580559957739,0.06634970945589012
4.0,1.5,-0.07932061711954923,0.14414335664335665,0.14018691588785046,0.040996503496503495,0.15327102803738318,0.7056524035921817,0.06634970945589012
4.0,1.75,-0.07926528906144782,0.14423076923076922,0.14018691588785046,0.040996503496503495,0.15327102803738318,0.7055995773903856,0.06634970945589012
4.0,2.0,-0.07873611428265442,0.1450174825174825,0.14018691588785046,0.04073426573426574,0.1534045393858478,0.7050713153724247,0.0665081880612784
4.0,2.25,-0.0776321344009408,0.1464160839160839,0.14018691588785046,0.03977272727272727,0.1534045393858478,0.7042260961436873,0.06708927628103539
4.0,2.5,-0.07591253409416245,0.14886363636363636,0.14018691588785046,0.0388986013986014,0.15353805073431243,0.7026941362916006,0.0676175382989963
4.0,2.75,-0.07142709895867619,0.1555944055944056,0.14005340453938583,0.037587412587412584,0.15353805073431243,0.6986265187533016,0.06846275752773376
4.0,3.0,-0.0631503415826734,0.16844405594405595,0.13978638184245662,0.03618881118881119,0.15367156208277705,0.6908082408874802,0.0694136291600634
4.0,3.25,-0.04939550923204297,0.1902097902097902,0.13911882510013351,0.03417832167832168,0.1542056074766355,0.6774432118330692,0.07089276281035393
4.0,3.5,-0.03189217977617566,0.21835664335664334,0.13805073431241655,0.03173076923076923,0.15554072096128171,0.659904912836767,0.07279450607501321
4.0,3.75,-0.004922480128350492,0.2614510489510489,0.1375166889185581,0.029545454545454545,0.15794392523364487,0.6329107237189646,0.07432646592709984
4.0,4.0,0.024358718945445244,0.3076048951048951,0.1369826435246996,0.025961538461538463,0.16008010680907878,0.6041732699418911,0.07670364500792393
4.0,4.25,0.060539440298138125,0.3663461538461538,0.13578104138851801,0.022465034965034963,0.16542056074766356,0.5665610142630745,0.07929212889593239
4.0,4.5,0.0981461966577345,0.42744755244755245,0.13497997329773032,0.019230769230769232,0.1718291054739653,0.5270998415213947,0.08156365557316429
4.0,4.75,0.1356786555713641,0.49143356643356645,0.13297730307076103,0.01695804195804196,0.18304405874499333,0.4839936608557845,0.08372952984680401
4.0,5.0,0.17128314715928208,0.5550699300699301,0.130173564753004,0.01451048951048951,0.20040053404539385,0.4386687797147385,0.08631801373481247
4.0,5.25,0.20343245802634552,0.6156468531468532,0.12790387182910548,0.01215034965034965,0.2261682242990654,0.391864764923402,0.08864236661384046
4.0,5.5,0.23048712271382119,0.6742132867132867,0.12256341789052069,0.009702797202797203,0.26208277703604804,0.3422609614368727,0.09223454833597464
4.0,5.75,0.2551223890488113,0.7320804195804196,0.11735647530040054,0.007517482517482518,0.3073431241655541,0.2893819334389857,0.09561542525092445
4.0,6.0,0.2747367417278921,0.7820804195804196,0.11148197596795728,0.005157342657342657,0.3512683578104139,0.24178552562070788,0.09936608557844691
4.0,6.25,0.285012389006198,0.8225524475524476,0.10173564753004005,0.004020979020979021,0.39946595460614154,0.198256735340729,0.10390913893291072
4.0,6.5,0.2882208062375687,0.8541958041958042,0.09025367156208278,0.0027097902097902096,0.45033377837116156,0.1590068674062335,0.1092445853143159
4.0,6.75,0.28595730395617086,0.8766608391608391,0.07890520694259012,0.001486013986013986,0.4998664886515354,0.12583201267828842,0.11447437929212889
4.0,7.0,0.2773627092541032,0.8903846153846153,0.06608811748998665,0.0006118881118881119,0.5489986648865154,0.09809825673534073,0.12007395668251453
4.25,0.5,-0.0804065692097299,0.14152097902097902,0.14352469959946595,0.052534965034965034,0.15166889185580773,0.6975699947173798,0.06835710512414157
4.25,0.75,-0.0804065692097299,0.14152097902097902,0.14352469959946595,0.052534965034965034,0.15166889185580773,0.6975699947173798,0.06835710512414157
4.25,1.0,-0.0804065692097299,0.14152097902097902,0.14352469959946595,0.052534965034965034,0.15166889185580773,0.6975699947173798,0.06835710512414157
4.25,1.25,-0.08033135651962019,0.14160839160839161,0.14352469959946595,0.05244755244755245,0.15166889185580773,0.6975171685155838,0.06840993132593766
4.25,1.5,-0.08022070040341735,0.1417832167832168,0.14352469959946595,0.05244755244755245,0.15166889185580773,0.6974115161119916,0.06840993132593766
4.25,1.75,-0.08016537234531589,0.14187062937062936,0.14352469959946595,0.05244755244755245,0.15166889185580773,0.6973586899101955,0.06840993132593766
4.25,2.0,-0.07963619756652253,0.14265734265734265,0.14352469959946595,0.052185314685314683,0.15180240320427235,0.6968304278922346,0.06856840993132594
4.25,2.25,-0.07860310453699526,0.14388111888111887,0.14352469959946595,0.05104895104895105,0.15180240320427235,0.6960908610670893,0.06925515055467511
4.25,2.5,-0.07695439108240328,0.14615384615384616,0.14352469959946595,0.05,0.15193591455273697,0.6946645536185948,0.06988906497622821
4.25,2.75,-0.07261072965128977,0.15253496503496503,0.14339118825100133,0.04833916083916084,0.15193591455273697,0.6908082408874802,0.07094558901215002
4.25,3.0,-0.06436941570138026,0.1652972027972028,0.1431241655540721,0.04685314685314685,0.1520694259012016,0.6830427892234548,0.07194928684627576
4.25,3.25,-0.05096901761168167,0.1861888111888112,0.14245660881174899,0.04396853146853147,0.15260347129506008,0.6702060221870048,0.07395668251452721
4.25,3.5,-0.03364290528628025,0.2138986013986014,0.14138851802403204,0.04108391608391608,0.15393858477970626,0.652931854199683,0.07612255678816693
4.25,3.75,-0.007027639899387031,0.2561188811188811,0.14085447263017356,0.03802447552447553,0.1563417890520694,0.6264659270998415,0.07818277865821448
4.25,4.0,0.021694248526379696,0.3012237762237762,0.13991989319092124,0.033391608391608395,0.1580774365821095,0.5985208663497095,0.08135235076597992
4.25,4.25,0.057334098735464294,0.35874125874125873,0.13858477970627503,0.028671328671328673,0.16328437917222963,0.5617010036978342,0.08473322768092974
4.25,4.5,0.09448009055584924,0.4187062937062937,0.1377837116154873,0.0243006993006993,0.16969292389853138,0.5229265715795034,0.08769149498151083
4.25,4.75,0.13155178493026737,0.48155594405594404,0.13578104138851801,0.02089160839160839,0.18090787716955942,0.48050713153724245,0.09054410987849974
4.25,5.0,0.1666770724745531,0.5442307692307692,0.13271028037383178,0.017482517482517484,0.1979973297730307,0.4358689910195457,0.09381933438985737
4.25,5.25,0.19844428982405346,0.6041958041958042,0.1300400534045394,0.01451048951048951,0.22336448598130842,0.3895932382461701,0.09667194928684628
4.25,5.5,0.22524163077666637,0.6622377622377622,0.12456608811748998,0.011538461538461539,0.25914552736982643,0.34035921817221343,0.10063391442155309
4.25,5.75,0.2496904602289802,0.7197552447552448,0.11922563417890521,0.009003496503496503,0.3042723631508678,0.2877443211833069,0.10427892234548336
4.25,6.0,0.2690474891731983,0.7692307692307693,0.11321762349799733,0.006118881118881119,0.348064085447263,0.24051769677760168,0.10839936608557844
4.25,6.25,0.27899349028170656,0.8094405594405595,0.102803738317757,0.00472027972027972,0.3955941255006676,0.19741151611199154,0.11336502905441098
4.25,6.5,0.2821125811564701,0.8410839160839161,0.09105473965287049,0.003409090909090909,0.44619492656875837,0.15826730058108823,0.11880612783940835
4.25,6.75,0.27962719856630275,0.8631118881118881,0.07957276368491321,0.0017482517482517483,0.49559412550066756,0.1254094030639197,0.12435287902799788
4.25,7.0,0.270881610407652,0.8765734265734266,0.06662216288384512,0.0006118881118881119,0.5445927903871829,0.09788695192815637,0.1301637612255679
4.5,0.5,-0.08116384998356949,0.13776223776223775,0.1492656875834446,0.06678321678321679,0.1500667556742323,0.6866877971473851,0.07126254622292658
4.5,0.75,-0.08116384998356949,0.13776223776223775,0.1492656875834446,0.06678321678321679,0.1500667556742323,0.6866877971473851,0.07126254622292658
4.5,1.0,-0.08116384998356949,0.13776223776223775,0.1492656875834446,0.06678321678321679,0.1500667556742323,0.6866877971473851,0.07126254622292658
4.5,1.25,-0.08112408071955299,0.13776223776223775,0.1492656875834446,0.0666083916083916,0.1500667556742323,0.6866877971473851,0.07136819862651875
4.5,1.5,-0.08104886802944329,0.13784965034965035,0.1492656875834446,0.06652097902097902,0.1500667556742323,0.686634970945589,0.07142102482831485
4.5,1.75,-0.08099353997134183,0.13793706293706293,0.1492656875834446,0.06652097902097902,0.1500667556742323,0.6865821447437929,0.07142102482831485
4.5,2.0,-0.08046436519254849,0.1387237762237762,0.1492656875834446,0.06625874125874126,0.15020026702269693,0.686053882725832,0.07157950343370312
4.5,2.25,-0.0794312721630212,0.13994755244755244,0.1492656875834446,0.06512237762237762,0.15020026702269693,0.6853143159006867,0.0722662440570523
4.5,2.5,-0.07778255870842922,0.14222027972027973,0.1492656875834446,0.06407342657342657,0.15033377837116155,0.6838880084521923,0.07290015847860538
4.5,2.75,-0.07358067098168848,0.14825174825174825,0.14913217623497999,0.062062937062937064,0.15033377837116155,0.680243000528262,0.07416798732171156
4.5,3.0,-0.0656583478666176,0.16022727272727272,0.14886515353805074,0.05979020979020979,0.15046728971962617,0.6729529846804014,0.07564712097200212
4.5,3.25,-0.05254149718566459,0.18041958041958042,0.14819759679572764,0.05620629370629371,0.15100133511348465,0.6605388272583201,0.07807712625462229
4.5,3.5,-0.035649925725591836,0.20716783216783216,0.14699599465954605,0.05236013986013986,0.15220293724966621,0.6438985736925515,0.08087691494981511
4.5,3.75,-0.009859078891052277,0.24746503496503497,0.14632843791722297,0.04737762237762238,0.15447263017356475,0.61864764923402,0.08415213946117274
4.5,4.0,0.018206388360616152,0.29117132867132867,0.14512683578104138,0.041346153846153845,0.15594125500667558,0.5916534601162177,0.08827258320126782
4.5,4.25,0.053145154217299,0.3472902097902098,0.14339118825100133,0.035227272727272725,0.16074766355140188,0.555837295298468,0.09265715795034336
4.5,4.5,0.08979493807237929,0.40603146853146854,0.1425901201602136,0.029632867132867134,0.1671562082777036,0.5178024300052826,0.09635499207606973
4.5,4.75,0.12636120472928242,0.46774475524475523,0.1404539385847797,0.025087412587412587,0.17823765020026702,0.47612255678816695,0.0999471737982039
4.5,5.0,0.16111361850821537,0.5297202797202797,0.13711615487316423,0.02097902097902098,0.1950600801068091,0.43201267828843104,0.10375066032752245
4.5,5.25,0.1924448594096387,0.5891608391608392,0.13377837116154873,0.017482517482517484,0.21975967957276368,0.38631801373481245,0.10718436344426836
4.5,5.5,0.21893099369687483,0.6467657342657342,0.12790387182910548,0.014073426573426574,0.25514018691588786,0.3375066032752245,0.1115689381933439
4.5,5.75,0.24289139935334597,0.7034090909090909,0.12216288384512683,0.010664335664335665,0.29986648865153537,0.2855784469096672,0.11590068674062334
4.5,6.0,0.2617862281756042,0.7521853146853147,0.11562082777036048,0.007080419580419581,0.3431241655540721,0.23898573692551506,0.12065504490227152
4.5,6.25,0.27153657264922576,0.7921328671328671,0.10493991989319092,0.005419580419580419,0.3903871829105474,0.19614368726888537,0.12588483888008453
4.5,6.5,0.27446000688910255,0.8235139860139861,0.09292389853137517,0.0038461538461538464,0.44072096128170896,0.1572636027469625,0.13159006867406234
4.5,6.75,0.27176052815962765,0.8454545454545455,0.08090787716955941,0.002097902097902098,0.48958611481975967,0.12466983623877444,0.13740095087163232
4.5,7.0,0.26273917676169334,0.8585664335664336,0.06755674232309747,0.0006118881118881119,0.5381842456608812,0.09751716851558373,0.14358161648177495
4.75,0.5,-0.0838836915857518,0.13033216783216783,0.15740987983978638,0.08924825174825175,0.14806408544726302,0.6698890649762282,0.07654516640253566
4.75,0.75,-0.0838836915857518,0.13033216783216783,0.15740987983978638,0.08924825174825175,0.14806408544726302,0.6698890649762282,0.07654516640253566
4.75,1.0,-0.0838836915857518,0.13033216783216783,0.15740987983978638,0.08924825174825175,0.14806408544726302,0.6698890649762282,0.07654516640253566
4.75,1.25,-0.08384392232173532,0.13033216783216783,0.15740987983978638,0.08907342657342657,0.14806408544726302,0.6698890649762282,0.07665081880612784
4.75,1.5,-0.0837687096316256,0.13041958041958043,0.15740987983978638,0.08898601398601398,0.14806408544726302,0.6698362387744321,0.07670364500792393
4.75,1.75,-0.08371338157352422,0.130506993006993,0.15740987983978638,0.08898601398601398,0.14806408544726302,0.6697834125726361,0.07670364500792393
4.75,2.0,-0.08329975682522078,0.13111888111888112,0.15727636849132176,0.08854895104895105,0.14806408544726302,0.6694136291600634,0.07702060221870048
4.75,2.25,-0.08237299407397308,0.13208041958041958,0.15727636849132176,0.08715034965034965,0.14806408544726302,0.6688325409403064,0.07786582144743794
4.75,2.5,-0.08083061089766069,0.1340909090909091,0.15727636849132176,0.08583916083916084,0.14819759679572764,0.6675647120972003,0.07865821447437929
4.75,2.75,-0.07691227057966545,0.13942307692307693,0.15714285714285714,0.08312937062937063,0.14819759679572764,0.6643423137876386,0.0803486529318542
4.75,3.0,-0.06945071200380602,0.15026223776223777,0.1568758344459279,0.07972027972027972,0.14833110814419226,0.6577390385631273,0.08251452720549393
4.75,3.25,-0.056652852157691655,0.16966783216783216,0.15620827770360482,0.07534965034965035,0.14886515353805074,0.6458003169572107,0.08541996830427892
4.75,3.5,-0.04071825320213506,0.19405594405594406,0.15500667556742323,0.06914335664335665,0.1500667556742323,0.6305863708399366,0.08964606444796619
4.75,3.75,-0.01588437887211159,0.23199300699300698,0.15433911882510012,0.0618006993006993,0.15233644859813084,0.6067617538298996,0.09434759640781827
4.75,4.0,0.011321226401109965,0.27368881118881117,0.15300400534045394,0.053758741258741256,0.15367156208277705,0.5810353935552034,0.09973586899101955
4.75,4.25,0.04523069731834192,0.3277097902097902,0.1507343124165554,0.04554195804195804,0.15794392523364487,0.5466983623877443,0.10559957739038563
4.75,4.5,0.08091428891669572,0.38417832167832167,0.14979973297730306,0.03767482517482518,0.16421895861148197,0.5100898045430533,0.11072371896460645
4.75,4.75,0.11673480804289342,0.444493006993007,0.14712950600801067,0.03173076923076923,0.17476635514018693,0.4694664553618595,0.11537242472266244
4.75,5.0,0.15073369012165916,0.5047202797202798,0.14365821094793058,0.025874125874125874,0.19145527369826434,0.42646592709984155,0.1202852614896989
4.75,5.25,0.18156872305777766,0.5629370629370629,0.14032042723631508,0.021153846153846155,0.21615487316421897,0.3815108293713682,0.12445853143159007
4.75,5.5,0.2075217703708677,0.6196678321678322,0.13391188251001335,0.01687062937062937,0.25100133511348466,0.33343898573692554,0.1295826730058109
4.75,5.75,0.23100297198370645,0.6753496503496503,0.12790387182910548,0.0125,0.2954606141522029,0.2821975699947174,0.13460116217643953
4.75,6.0,0.24945404018842554,0.7232517482517482,0.12109479305740987,0.008041958041958041,0.3384512683578104,0.23623877443211833,0.1399894347596408
4.75,6.25,0.2588747384922496,0.762937062937063,0.10974632843791722,0.006118881118881119,0.3850467289719626,0.19381933438985738,0.1456418383518225
4.75,6.5,0.26154863316672566,0.7941433566433567,0.09719626168224299,0.004370629370629371,0.4348464619492657,0.15525620707871104,0.15166402535657686
4.75,6.75,0.25848406484136005,0.8157342657342658,0.08451268357810414,0.0022727272727272726,0.48304405874499334,0.1231378763866878,0.15795034337031166
4.75,7.0,0.24919473437360415,0.8288461538461539,0.07036048064085447,0.0007867132867132868,0.5308411214953271,0.09630216587427363,0.16444796619123084
5.0,0.5,-0.08387616045501464,0.12342657342657343,0.17356475300400534,0.12674825174825174,0.14512683578104138,0.6408346539883782,0.08188061278394083
5.0,0.75,-0.08387616045501464,0.12342657342657343,0.17356475300400534,0.12674825174825174,0.14512683578104138,0.6408346539883782,0.08188061278394083
5.0,1.0,-0.08387616045501464,0.12342657342657343,0.17356475300400534,0.12674825174825174,0.14512683578104138,0.6408346539883782,0.08188061278394083
5.0,1.25,-0.08383639119099816,0.12342657342657343,0.17356475300400534,0.12657342657342657,0.14512683578104138,0.6408346539883782,0.08198626518753302
5.0,1.5,-0.08379662192698166,0.12342657342657343,0.17356475300400534,0.1263986013986014,0.14512683578104138,0.6408346539883782,0.0820919175911252
5.0,1.75,-0.08374129386888023,0.12351398601398601,0.17356475300400534,0.1263986013986014,0.14512683578104138,0.6407818277865821,0.0820919175911252
5.0,2.0,-0.08336311254667003,0.12403846153846154,0.17343124165554072,0.1258741258741259,0.14512683578104138,0.6404648705758056,0.08246170100369783
5.0,2.25,-0.0825072366476087,0.12482517482517483,0.17343124165554072,0.1243006993006993,0.14512683578104138,0.6399894347596408,0.08341257263602747
5.0,2.5,-0.08111584692787943,0.12657342657342657,0.1732977303070761,0.12272727272727273,0.14512683578104138,0.6389329107237189,0.0844162704701532
5.0,2.75,-0.07765827114909568,0.13076923076923078,0.17316421895861148,0.11888111888111888,0.14512683578104138,0.6363972530375066,0.08679344955097729
5.0,3.0,-0.07076380739072727,0.1402097902097902,0.17289719626168223,0.11407342657342658,0.145260347129506,0.6306391970417327,0.08980454305335446
5.0,3.25,-0.0586039292142903,0.15804195804195803,0.17222963951935916,0.10812937062937063,0.14579439252336449,0.6196513470681458,0.0936608557844691
5.0,3.5,-0.04344908563278383,0.180506993006993,0.17102803738317757,0.1,0.14699599465954605,0.6055995773903856,0.09904912836767037
5.0,3.75,-0.020069827355329493,0.2152972027972028,0.169826435246996,0.08951048951048951,0.14873164218958612,0.5838880084521922,0.10586370839936608
5.0,4.0,0.005602490843674533,0.25332167832167835,0.16835781041388517,0.0777972027972028,0.14993324432576768,0.560433174854728,0.11352350765979927
5.0,4.25,0.037747574625709004,0.30332167832167833,0.16568758344459278,0.06555944055944056,0.15380507343124167,0.5286846275752773,0.1219756999471738
5.0,4.5,0.07180855279323814,0.3561188811188811,0.1643524699599466,0.05402097902097902,0.1596795727636849,0.49445324881141045,0.1294770206022187
5.0,4.75,0.10588168870591073,0.4126748251748252,0.1610146862483311,0.04431818181818182,0.16955941255006676,0.45636555731642897,0.13666138404648706
5.0,5.0,0.13878038899303913,0.4706293706293706,0.15700934579439252,0.03618881118881119,0.18571428571428572,0.4149498151082937,0.14315900686740624
5.0,5.25,0.16837346643314774,0.5262237762237763,0.15313751668891856,0.028846153846153848,0.20987983978638183,0.3717908082408875,0.1491283676703645
5.0,5.5,0.1931015621719,0.5805944055944056,0.1459279038718291,0.022202797202797202,0.24392523364485982,0.3254622292657158,0.1559957739038563
5.0,5.75,0.21551658983644634,0.6345279720279721,0.13885180240320427,0.016083916083916083,0.28731642189586115,0.2756999471737982,0.1624933967247755
5.0,6.0,0.23308792097554928,0.6810314685314686,0.13110814419225633,0.010227272727272727,0.3293724966622163,0.23095615425250923,0.16909667194928685
5.0,6.25,0.24197553230522703,0.7198426573426573,0.11922563417890521,0.00743006993006993,0.37543391188251,0.18927628103539357,0.17548864236661385
5.0,6.5,0.24393625170959393,0.7506118881118881,0.10507343124165554,0.005244755244755245,0.4236315086782376,0.15161119915478077,0.18240887480190174
5.0,6.75,0.24019395154021247,0.7718531468531469,0.09078771695594126,0.002797202797202797,0.47022696929238983,0.12033808769149498,0.189540412044374
5.0,7.0,0.23028077215895468,0.784527972027972,0.0753004005340454,0.0008741258741258741,0.5166889185580774,0.09429477020602219,0.19683042789223454
5.25,0.5,-0.08431923357288082,0.11302447552447552,0.1951935914552737,0.1756118881118881,0.14125500667556742,0.6027469624933968,0.08969889064976229
5.25,0.75,-0.08431923357288082,0.11302447552447552,0.1951935914552737,0.1756118881118881,0.14125500667556742,0.6027469624933968,0.08969889064976229
5.25,1.0,-0.08431923357288082,0.11302447552447552,0.1951935914552737,0.1756118881118881,0.14125500667556742,0.6027469624933968,0.08969889064976229
5.25,1.25,-0.08427946430886431,0.11302447552447552,0.1951935914552737,0.17543706293706293,0.14125500667556742,0.6027469624933968,0.08980454305335446
5.25,1.5,-0.08423969504484782,0.11302447552447552,0.1951935914552737,0.17526223776223776,0.14125500667556742,0.6027469624933968,0.08991019545694665
5.25,1.75,-0.08418436698674639,0.11311188811188812,0.1951935914552737,0.17526223776223776,0.14125500667556742,0.6026941362916006,0.08991019545694665
5.25,2.0,-0.08391251594281571,0.11337412587412588,0.1950600801068091,0.17447552447552447,0.14125500667556742,0.6025356576862123,0.09043845747490756
5.25,2.25,-0.0831275268959408,0.11398601398601399,0.1950600801068091,0.17272727272727273,0.14125500667556742,0.6021658742736398,0.09149498151082937
5.25,2.5,-0.08187791088058428,0.11538461538461539,0.19492656875834447,0.1708041958041958,0.14125500667556742,0.6013206550449023,0.09270998415213946
5.25,2.75,-0.07863299565835967,0.11905594405594405,0.19479305740987984,0.16643356643356644,0.14125500667556742,0.5991019545694665,0.0954041204437401
5.25,3.0,-0.07237651356966864,0.12692307692307692,0.1945260347129506,0.16005244755244755,0.14138851802403204,0.5942947702060222,0.09936608557844691
5.25,3.25,-0.061350825028213686,0.14195804195804196,0.1938584779706275,0.15131118881118882,0.14192256341789053,0.5849973586899102,0.10491283676703644
5.25,3.5,-0.04716217370343365,0.16215034965034966,0.1925233644859813,0.1409090909090909,0.14299065420560747,0.5723718964606445,0.11172741679873217
5.25,3.75,-0.025121981448058578,0.19396853146853146,0.1909212283044059,0.12744755244755246,0.14432576769025368,0.5526148969889065,0.12049656629688325
5.25,4.0,-0.0012310543059243367,0.2277097902097902,0.18931909212283043,0.11145104895104894,0.14539385847797062,0.5318013734812467,0.13079767564712097
5.25,4.25,0.029460849006289376,0.27412587412587414,0.18664886515353804,0.09562937062937063,0.1492656875834446,0.5022187004754358,0.14141574220813524
5.25,4.5,0.06195166109075939,0.3236013986013986,0.18464619492656875,0.08076923076923077,0.15447263017356475,0.47025884838880083,0.15118858954041203
5.25,4.75,0.09420652693772062,0.37622377622377623,0.18064085447263017,0.06713286713286713,0.1636849132176235,0.43481246698362386,0.16101426307448494
5.25,5.0,0.12471986234164645,0.4288461538461538,0.1759679572763685,0.05367132867132867,0.17917222963951937,0.39688325409403064,0.17099841521394613
5.25,5.25,0.15272433419427509,0.48129370629370627,0.1711615487316422,0.04318181818181818,0.20240320427236316,0.35599577390385634,0.1792393026941363
5.25,5.5,0.1758453848411267,0.5326923076923077,0.16275033377837117,0.033566433566433566,0.23524699599465954,0.3119387216059165,0.18837823560486
5.25,5.75,0.19655625688770303,0.5833041958041958,0.15460614152202937,0.024125874125874126,0.2775700934579439,0.2646064447966191,0.19730586370839936
5.25,6.0,0.21212922966513173,0.6263111888111889,0.14512683578104138,0.014772727272727272,0.317890520694259,0.22266244057052298,0.20670892762810353
5.25,6.25,0.2198521209376994,0.6634615384615384,0.13177570093457944,0.010314685314685315,0.36248331108144194,0.18256735340729002,0.21468568409931327
5.25,6.5,0.2204602478195314,0.6926573426573427,0.11548731642189586,0.006555944055944056,0.40854472630173566,0.1466983623877443,0.22340200739566826
5.25,6.75,0.21607709481497567,0.7131993006993007,0.10013351134846461,0.003409090909090909,0.4540720961281709,0.11627047015319598,0.23137876386687797
5.25,7.0,0.20554006652021597,0.7254370629370629,0.08331108144192256,0.001048951048951049,0.4991989319092123,0.09101954569466456,0.23946117274167988
5.5,0.5,-0.07798619557592852,0.10122377622377622,0.232977303070761,0.24073426573426573,0.1341789052069426,0.5484416270470153,0.09963021658742736
5.5,0.75,-0.07798619557592852,0.10122377622377622,0.232977303070761,0.24073426573426573,0.1341789052069426,0.5484416270470153,0.09963021658742736
5.5,1.0,-0.07798619557592852,0.10122377622377622,0.232977303070761,0.24073426573426573,0.1341789052069426,0.5484416270470153,0.09963021658742736
5.5,1.25,-0.07794642631191202,0.10122377622377622,0.232977303070761,0.24055944055944056,0.1341789052069426,0.5484416270470153,0.09973586899101955
5.5,1.5,-0.07790665704789553,0.10122377622377622,0.232977303070761,0.2403846153846154,0.1341789052069426,0.5484416270470153,0.09984152139461172
5.5,1.75,-0.07788677241588729,0.10122377622377622,0.232977303070761,0.2402972027972028,0.1341789052069426,0.5484416270470153,0.09989434759640782
5.5,2.0,-0.07765036479804982,0.10139860139860139,0.23284379172229638,0.23942307692307693,0.1341789052069426,0.5483359746434231,0.10047543581616482
5.5,2.25,-0.07700714945554765,0.10166083916083916,0.23284379172229638,0.23732517482517482,0.1341789052069426,0.5481774960380349,0.101743264659271
5.5,2.5,-0.07579297686628436,0.10297202797202797,0.23271028037383176,0.2353146853146853,0.1341789052069426,0.5473851030110936,0.10301109350237718
5.5,2.75,-0.07272527877452563,0.10620629370629371,0.23257676902536717,0.230506993006993,0.1341789052069426,0.5454305335446381,0.10596936080295827
5.5,3.0,-0.06692956122504606,0.11293706293706293,0.23230974632843793,0.2229895104895105,0.1343124165554072,0.5413100898045431,0.11061806656101426
5.5,3.25,-0.05679917808813124,0.1258741258741259,0.2315086782376502,0.21215034965034965,0.13471295060080107,0.5333333333333333,0.11748547279450608
5.5,3.5,-0.04335483871130817,0.14423076923076922,0.23017356475300402,0.1999125874125874,0.13578104138851801,0.5218172213417855,0.1254094030639197
5.5,3.75,-0.02320236779108249,0.1715034965034965,0.22843791722296394,0.1819055944055944,0.1369826435246996,0.5048600105652403,0.1369783412572636
5.5,4.0,-0.0007830606231897866,0.20183566433566433,0.22656875834445928,0.1625,0.1377837116154873,0.4862123613312203,0.14944532488114104
5.5,4.25,0.027497254131938757,0.24274475524475525,0.22336448598130842,0.14117132867132867,0.1411214953271028,0.46016904384574747,0.16360274696249338
5.5,4.5,0.056858389385249314,0.2850524475524476,0.22069425901201603,0.11914335664335664,0.14566088117489986,0.43280507131537244,0.1779714738510301
5.5,4.75,0.08624868630537577,0.3313811188811189,0.2157543391188251,0.09921328671328672,0.15393858477970626,0.4015319598520866,0.19197041732699419
5.5,5.0,0.11395911988244291,0.37797202797202795,0.21001335113484645,0.07972027972027972,0.16835781041388517,0.3676703645007924,0.20602218700475436
5.5,5.25,0.13942579781253742,0.42526223776223776,0.20387182910547397,0.06407342657342657,0.19025367156208278,0.3304278922345483,0.2179080824088748
5.5,5.5,0.15995517160634096,0.4715909090909091,0.1938584779706275,0.04938811188811189,0.22149532710280373,0.29006867406233494,0.2307448494453249
5.5,5.75,0.17831325103031118,0.5178321678321678,0.18397863818424567,0.035576923076923075,0.26208277703604804,0.24606444796619123,0.24300052826201796
5.5,6.0,0.19219907211144227,0.5577797202797202,0.17316421895861148,0.023164335664335664,0.30106809078771696,0.20649762282091919,0.2547807712625462
5.5,6.25,0.1977697404002557,0.5920454545454545,0.1568758344459279,0.01582167832167832,0.34272363150867824,0.16930797675647122,0.2656629688325409
5.5,6.5,0.1965892983114757,0.6191433566433566,0.1377837116154873,0.009965034965034964,0.385981308411215,0.1358161648177496,0.27675647120972
5.5,6.75,0.1901311577620655,0.6377622377622377,0.11855807743658212,0.0048951048951048955,0.42763684913217626,0.1080824088748019,0.2874273639725304
5.5,7.0,0.1781323355009945,0.6490384615384616,0.09853137516688919,0.0015734265734265735,0.4695594125500668,0.08468040147913365,0.2973586899101955
5.75,0.5,-0.06358903119038342,0.08968531468531468,0.2850467289719626,0.31433566433566434,0.1233644859813084,0.48335974643423135,0.11088219756999472
5.75,0.75,-0.06358903119038342,0.08968531468531468,0.2850467289719626,0.31433566433566434,0.1233644859813084,0.48335974643423135,0.11088219756999472
5.75,1.0,-0.06358903119038342,0.08968531468531468,0.2850467289719626,0.31433566433566434,0.1233644859813084,0.48335974643423135,0.11088219756999472
5.75,1.25,-0.06354926192636694,0.08968531468531468,0.2850467289719626,0.31416083916083914,0.1233644859813084,0.48335974643423135,0.1109878499735869
5.75,1.5,-0.06350949266235045,0.08968531468531468,0.2850467289719626,0.313986013986014,0.1233644859813084,0.48335974643423135,0.11109350237717908
5.75,1.75,-0.06348960803034219,0.08968531468531468,0.2850467289719626,0.3138986013986014,0.1233644859813084,0.48335974643423135,0.11114632857897518
5.75,2.0,-0.0632886438385979,0.08977272727272727,0.28491321762349797,0.3129370629370629,0.1233644859813084,0.48330692023243527,0.11178024300052826
5.75,2.25,-0.06264542849609575,0.09003496503496504,0.28491321762349797,0.31083916083916086,0.1233644859813084,0.483148441627047,0.11304807184363444
5.75,2.5,-0.061537586185112,0.09108391608391608,0.28477970627503335,0.30856643356643354,0.1233644859813084,0.4825145272054939,0.11447437929212889
5.75,2.75,-0.0587179920760056,0.0937062937062937,0.2846461949265688,0.30314685314685313,0.1233644859813084,0.4809297411516112,0.11780243000528262
5.75,3.0,-0.053383039065737464,0.0993006993006993,0.28437917222963954,0.294493006993007,0.12349799732977303,0.4774960380348653,0.1231378763866878
5.75,3.25,-0.043890637598500065,0.11066433566433566,0.2835781041388518,0.2820804195804196,0.12389853137516689,0.47047015319598523,0.13095615425250925
5.75,3.5,-0.03144793390449669,0.12666083916083917,0.282109479305741,0.2674825174825175,0.12483311081441922,0.46043317485472796,0.14035921817221342
5.75,3.75,-0.01294430008897848,0.1500874125874126,0.28010680907877167,0.24562937062937062,0.12576769025367157,0.44590596936080296,0.1543581616481775
5.75,4.0,0.008128156887373096,0.1770979020979021,0.27823765020026703,0.2229020979020979,0.12656875834445927,0.42926571579503436,0.1688325409403064
5.75,4.25,0.034209543641975475,0.21302447552447554,0.2744993324432577,0.1965909090909091,0.12937249666221629,0.4064447966191231,0.1862123613312203
5.75,4.5,0.06088332709891728,0.24947552447552448,0.2708945260347129,0.1687062937062937,0.13297730307076103,0.3829899630216587,0.20449022715266774
5.75,4.75,0.08713472743567388,0.2887237762237762,0.2651535380507343,0.1416958041958042,0.1404539385847797,0.35631273111463285,0.22308505018489172
5.75,5.0,0.11129507607242839,0.3283216783216783,0.25727636849132174,0.1152097902097902,0.1527369826435247,0.32752245113576334,0.2422081352350766
5.75,5.25,0.1333952347793899,0.36984265734265737,0.24806408544726302,0.0937937062937063,0.17156208277703605,0.29498151082937135,0.2587955625990491
5.75,5.5,0.15026532218910438,0.4097902097902098,0.2348464619492657,0.07272727272727272,0.19959946595460615,0.2597464342313788,0.27675647120972
5.75,5.75,0.16472235983304676,0.4498251748251748,0.22082777036048065,0.05270979020979021,0.23604806408544726,0.22113048071843636,0.29440042260961435
5.75,6.0,0.17478581015579847,0.48409090909090907,0.2054739652870494,0.03461538461538462,0.2704939919893191,0.1867934495509773,0.3114104595879556
5.75,6.25,0.17734439348241057,0.5134615384615384,0.18611481975967958,0.022377622377622378,0.3090787716955941,0.1537770734284205,0.3264659270998415
5.75,6.5,0.17393018622273101,0.5380244755244755,0.16341789052069425,0.013986013986013986,0.34873164218958613,0.12324352879027999,0.3405176967776017
5.75,6.75,0.16546159639393943,0.5541083916083916,0.14125500667556742,0.006381118881118881,0.38744993324432575,0.09820390913893291,0.3538827258320127
5.75,7.0,0.15170677742285263,0.5642482517482518,0.11735647530040054,0.0019230769230769232,0.4255006675567423,0.07702060221870048,0.36603275224511356
6.0,0.5,-0.04078319116714262,0.07762237762237763,0.35166889185580774,0.39501748251748253,0.10720961281708945,0.40824088748019016,0.12456418383518225
6.0,0.75,-0.04078319116714262,0.07762237762237763,0.35166889185580774,0.39501748251748253,0.10720961281708945,0.40824088748019016,0.12456418383518225
6.0,1.0,-0.04078319116714262,0.07762237762237763,0.35166889185580774,0.39501748251748253,0.10720961281708945,0.40824088748019016,0.12456418383518225
6.0,1.25,-0.04074342190312612,0.07762237762237763,0.35166889185580774,0.39484265734265733,0.10720961281708945,0.40824088748019016,0.12466983623877444
6.0,1.5,-0.04070365263910963,0.07762237762237763,0.35166889185580774,0.3946678321678322,0.10720961281708945,0.40824088748019016,0.12477548864236661
6.0,1.75,-0.04068376800710136,0.07762237762237763,0.35166889185580774,0.39458041958041956,0.10720961281708945,0.40824088748019016,0.12482831484416271
6.0,2.0,-0.04051824724145029,0.07762237762237763,0.3515353805073431,0.39353146853146853,0.10720961281708945,0.40824088748019016,0.12551505546751188
6.0,2.25,-0.0398750318989481,0.07788461538461539,0.3515353805073431,0.3914335664335664,0.10720961281708945,0.4080824088748019,0.12678288431061807
6.0,2.5,-0.038802633014057536,0.07884615384615384,0.3514018691588785,0.3890734265734266,0.10720961281708945,0.4075013206550449,0.1282620179609086
6.0,2.75,-0.03608936918323073,0.0812062937062937,0.3512683578104139,0.3833916083916084,0.10720961281708945,0.40607501320655043,0.1317485472794506
6.0,3.0,-0.03117973728608087,0.08575174825174825,0.35100133511348464,0.3736888111888112,0.10734312416555407,0.4032752245113576,0.13771790808240889
6.0,3.25,-0.022537978045079943,0.09501748251748252,0.3502002670226969,0.3591783216783217,0.10774365821094793,0.3975171685155837,0.1468040147913365
6.0,3.5,-0.011221679816596618,0.10856643356643357,0.34833110814419227,0.3421328671328671,0.1082777036048064,0.38911780243000527,0.1578446909667195
6.0,3.75,0.005890440629076808,0.12867132867132866,0.34619492656875833,0.31695804195804195,0.10907877169559413,0.37665081880612783,0.17390385631273111
6.0,4.0,0.025269397322417318,0.15183566433566434,0.34392523364485983,0.2903846153846154,0.10947930574098798,0.3624933967247755,0.19086106708927628
6.0,4.25,0.048504654654605794,0.18129370629370628,0.3395193591455274,0.2576048951048951,0.1116154873164219,0.3438457474907554,0.21241415742208136
6.0,4.5,0.07234152844134406,0.2111888111888112,0.3353805073431242,0.22316433566433566,0.11468624833110815,0.32456418383518226,0.23486529318541996
6.0,4.75,0.09556036247301039,0.2436188811188811,0.3288384512683578,0.18933566433566434,0.12136181575433912,0.302324352879028,0.2578975171685156
6.0,5.0,0.11626773669552157,0.2765734265734266,0.3186915887850467,0.15620629370629371,0.13137516688918557,0.27844690966719493,0.2819334389857369
6.0,5.25,0.13386575096161943,0.30996503496503497,0.30587449933244326,0.12666083916083917,0.1465954606141522,0.25224511357633383,0.30486001056524037
6.0,5.5,0.14677743623957537,0.3421328671328671,0.29025367156208276,0.09781468531468532,0.17222963951935916,0.22266244057052298,0.328473322768093
6.0,5.75,0.15648135429450505,0.3743006993006993,0.27156208277703603,0.06993006993006994,0.2040053404539386,0.1906497622820919,0.3527205493924987
6.0,6.0,0.16280110488052565,0.4034090909090909,0.2512683578104139,0.04667832167832168,0.2335113484646195,0.1613840464870576,0.37480190174326466
6.0,6.25,0.1619796424835489,0.4284090909090909,0.22710280373831776,0.03006993006993007,0.2672897196261682,0.13291072371896462,0.3944004226096144
6.0,6.5,0.15561071061339882,0.44965034965034967,0.19959946595460615,0.018356643356643356,0.3021361815754339,0.10628631801373481,0.4123613312202853
6.0,6.75,0.14461128170450635,0.4638986013986014,0.17209612817089454,0.008916083916083915,0.3355140186915888,0.08446909667194928,0.4289487585842578
6.0,7.0,0.12918979238001113,0.4729020979020979,0.14459279038718292,0.003321678321678322,0.3699599465954606,0.06539883782356049,0.4432118330692023
6.25,0.5,-0.006168071698778834,0.06442307692307692,0.43951935914552737,0.47692307692307695,0.09025367156208278,0.32398309561542527,0.1392498679344955
6.25,0.75,-0.006168071698778834,0.06442307692307692,0.43951935914552737,0.47692307692307695,0.09025367156208278,0.32398309561542527,0.1392498679344955
6.25,1.0,-0.006168071698778834,0.06442307692307692,0.43951935914552737,0.47692307692307695,0.09025367156208278,0.32398309561542527,0.1392498679344955
6.25,1.25,-0.006128302434762322,0.06442307692307692,0.43951935914552737,0.47674825174825175,0.09025367156208278,0.32398309561542527,0.13935552033808768
6.25,1.5,-0.006088533170745845,0.06442307692307692,0.43951935914552737,0.47657342657342655,0.09025367156208278,0.32398309561542527,0.13946117274167988
6.25,1.75,-0.006068648538737575,0.06442307692307692,0.43951935914552737,0.476486013986014,0.09025367156208278,0.32398309561542527,0.13951399894347596
6.25,2.0,-0.005903127773086499,0.06442307692307692,0.43938584779706275,0.47543706293706295,0.09025367156208278,0.32398309561542527,0.14020073956682513
6.25,2.25,-0.005295355856677463,0.0645979020979021,0.43938584779706275,0.47325174825174826,0.09025367156208278,0.3238774432118331,0.1415213946117274
6.25,2.5,-0.004293843823973242,0.06538461538461539,0.4392523364485981,0.47071678321678323,0.09025367156208278,0.32340200739566827,0.14310618066561015
6.25,2.75,-0.0017932405497056055,0.06722027972027972,0.4391188251001335,0.4645104895104895,0.09025367156208278,0.32229265715795036,0.14690966719492868
6.25,3.0,0.0029037307908851215,0.07124125874125874,0.43885180240320426,0.45428321678321676,0.0903871829105474,0.31980982567353405,0.1531959852086635
6.25,3.25,0.010685628053439103,0.0784965034965035,0.4379172229639519,0.43776223776223777,0.09065420560747664,0.31531959852086633,0.1635499207606973
6.25,3.5,0.021035734025195905,0.08977272727272727,0.43591455273698265,0.4184440559440559,0.09105473965287049,0.30834653988378236,0.17601690438457476
6.25,3.75,0.03672868184439344,0.10681818181818181,0.43324432576769023,0.3902097902097902,0.09132176234979973,0.2979397781299525,0.19413629160063392
6.25,4.0,0.05398103297214267,0.12473776223776224,0.4309746328437917,0.3583916083916084,0.0917222963951936,0.28695192815636555,0.21426307448494453
6.25,4.25,0.07492025177773586,0.14886363636363636,0.4261682242990654,0.3202797202797203,0.09345794392523364,0.2716851558372953,0.23919704173269943
6.25,4.5,0.09605276984643293,0.17263986013986013,0.4213618157543391,0.27972027972027974,0.0958611481975968,0.25636555731642896,0.26561014263074484
6.25,4.75,0.11570451501611437,0.19781468531468532,0.4129506008010681,0.23863636363636365,0.1006675567423231,0.2392498679344955,0.29376650818806127
6.25,5.0,0.1328632398810613,0.22333916083916083,0.40120160213618156,0.19807692307692307,0.10907877169559413,0.22049656629688325,0.32292657157950344
6.25,5.25,0.1465092006021143,0.24973776223776223,0.3850467289719626,0.16153846153846155,0.12096128170894525,0.19984152139461173,0.3513998943475964
6.25,5.5,0.1539560266036968,0.2731643356643357,0.3636849132176235,0.12395104895104896,0.14085447263017356,0.17781299524564184,0.38256735340729003
6.25,5.75,0.15827088523840457,0.2979895104895105,0.3377837116154873,0.08872377622377622,0.16542056074766356,0.1530903328050713,0.4141045958795563
6.25,6.0,0.16064636644884212,0.32045454545454544,0.3137516688918558,0.058828671328671325,0.1911882510013351,0.12931854199683043,0.4416798732171157
6.25,6.25,0.15597200287135787,0.3409090909090909,0.2835781041388518,0.03767482517482518,0.21895861148197596,0.10596936080295827,0.4664025356576862
6.25,6.5,0.146120172420556,0.3591783216783217,0.24926568758344458,0.02298951048951049,0.24699599465954605,0.0838351822503962,0.4888536714210248
6.25,6.75,0.13186894499199178,0.3708041958041958,0.21522029372496662,0.010926573426573426,0.2738317757009346,0.06619123085050185,0.5096143687268886
6.25,7.0,0.11369964928259135,0.37875874125874126,0.1807743658210948,0.004283216783216783,0.3013351134846462,0.050501848917062865,0.5272583201267829
6.5,0.5,0.03299028252037869,0.051923076923076926,0.5315086782376502,0.5513986013986014,0.07142857142857142,0.24257791864764924,0.1542525092445853
6.5,0.75,0.03299028252037869,0.051923076923076926,0.5315086782376502,0.5513986013986014,0.07142857142857142,0.24257791864764924,0.1542525092445853
6.5,1.0,0.03299028252037869,0.051923076923076926,0.5315086782376502,0.5513986013986014,0.07142857142857142,0.24257791864764924,0.1542525092445853
6.5,1.25,0.033030051784395165,0.051923076923076926,0.5315086782376502,0.5512237762237763,0.07142857142857142,0.24257791864764924,0.1543581616481775
6.5,1.5,0.03306982104841168,0.051923076923076926,0.5315086782376502,0.551048951048951,0.07142857142857142,0.24257791864764924,0.15446381405176968
6.5,1.75,0.03308970568041992,0.051923076923076926,0.5315086782376502,0.5509615384615385,0.07142857142857142,0.24257791864764924,0.15451664025356576
6.5,2.0,0.03325522644607102,0.051923076923076926,0.5313751668891856,0.5499125874125874,0.07142857142857142,0.24257791864764924,0.15520338087691496
6.5,2.25,0.03386299836248,0.0520979020979021,0.5313751668891856,0.5477272727272727,0.07142857142857142,0.24247226624405704,0.1565240359218172
6.5,2.5,0.03475818011690462,0.05262237762237762,0.531241655540721,0.54493006993007,0.07142857142857142,0.2421553090332805,0.15826730058108823
6.5,2.75,0.03715245311289272,0.05419580419580419,0.5311081441922564,0.5384615384615384,0.07142857142857142,0.24120443740095088,0.16222926571579505
6.5,3.0,0.04137944016206159,0.05716783216783217,0.5307076101468625,0.5271853146853147,0.07142857142857142,0.23940834653988377,0.16920232435287902
6.5,3.25,0.048585022854914145,0.06311188811188811,0.5296395193591455,0.5093531468531468,0.07156208277703605,0.2357633386159535,0.1804014791336503
6.5,3.5,0.05773005233950255,0.07141608391608392,0.5276368491321762,0.4870629370629371,0.07196261682242991,0.2305863708399366,0.19466455361859483
6.5,3.75,0.07211159339325206,0.08522727272727272,0.5249666221628838,0.4555944055944056,0.07222963951935915,0.22213417855256207,0.21473851030110935
6.5,4.0,0.08793698772506334,0.09973776223776223,0.5225634178905207,0.42036713286713284,0.07249666221628838,0.21325937665081882,0.2369783412572636
6.5,4.25,0.10718270624764548,0.12001748251748252,0.5173564753004005,0.3784090909090909,0.07383177570093458,0.2004754358161648,0.26439513998943476
6.5,4.5,0.126284293694072,0.13933566433566433,0.5118825100133512,0.3333916083916084,0.07556742323097464,0.18811410459587954,0.29376650818806127
6.5,4.75,0.14318558438466017,0.15882867132867132,0.5021361815754339,0.28662587412587415,0.07903871829105474,0.17496038034865294,0.3258848388800845
6.5,5.0,0.15730108760955808,0.17805944055944056,0.48891855807743656,0.23977272727272728,0.08598130841121496,0.16059165346011622,0.35942947702060224
6.5,5.25,0.16692554351612807,0.19685314685314687,0.4699599465954606,0.19562937062937064,0.09506008010680908,0.1456418383518225,0.393608029582673
6.5,5.5,0.16941293795885232,0.21267482517482517,0.44299065420560746,0.15043706293706294,0.10934579439252337,0.13042789223454834,0.43159006867406235
6.5,5.75,0.16876836503470163,0.2298951048951049,0.41148197596795727,0.1076048951048951,0.12830440587449934,0.11251980982567353,0.4699418911780243
6.5,6.0,0.1662403394552631,0.24676573426573425,0.3795727636849132,0.07211538461538461,0.14619492656875835,0.09524564183835182,0.504014791336503
6.5,6.25,0.15755429707122615,0.26206293706293704,0.3436582109479306,0.045804195804195806,0.16822429906542055,0.07728473322768092,0.5341257263602747
6.5,6.5,0.14330295196531476,0.2763111888111888,0.30106809078771696,0.027097902097902096,0.18798397863818425,0.060855784469096674,0.5622820919175912
6.5,6.75,0.1259062562953583,0.28557692307692306,0.26048064085447264,0.012674825174825174,0.2082777036048064,0.04722662440570523,0.5870575805599577
6.5,7.0,0.10476583830953472,0.29248251748251747,0.2184245660881175,0.004982517482517482,0.2281708945260347,0.03518225039619651,0.6083465398837824
6.75,0.5,0.06959128464043528,0.04003496503496504,0.6154873164218959,0.6157342657342657,0.05220293724966622,0.1704701531959852,0.16904384574749076
6.75,0.75,0.06959128464043528,0.04003496503496504,0.6154873164218959,0.6157342657342657,0.05220293724966622,0.1704701531959852,0.16904384574749076
6.75,1.0,0.06959128464043528,0.04003496503496504,0.6154873164218959,0.6157342657342657,0.05220293724966622,0.1704701531959852,0.16904384574749076
6.75,1.25,0.06963105390445176,0.04003496503496504,0.6154873164218959,0.6155594405594406,0.05220293724966622,0.1704701531959852,0.16914949815108293
6.75,1.5,0.06967082316846823,0.04003496503496504,0.6154873164218959,0.6153846153846154,0.05220293724966622,0.1704701531959852,0.16925515055467513
6.75,1.75,0.06969070780047651,0.04003496503496504,0.6154873164218959,0.6152972027972028,0.05220293724966622,0.1704701531959852,0.16930797675647122
6.75,2.0,0.06985622856612761,0.04003496503496504,0.6153538050734313,0.6142482517482517,0.05220293724966622,0.1704701531959852,0.1699947173798204
6.75,2.25,0.07042855705644338,0.04012237762237762,0.6153538050734313,0.6119755244755245,0.05220293724966622,0.17041732699418913,0.17136819862651875
6.75,2.5,0.07128829538477484,0.04055944055944056,0.6152202937249667,0.6090909090909091,0.05220293724966622,0.17015319598520867,0.17316428948758583
6.75,2.75,0.07354079467639023,0.04178321678321678,0.615086782376502,0.6022727272727273,0.05220293724966622,0.1694136291600634,0.17733755942947702
6.75,3.0,0.07744879089072032,0.04396853146853147,0.6146862483311082,0.5902097902097903,0.05220293724966622,0.1680929741151611,0.18478605388272584
6.75,3.25,0.08404261558777834,0.048513986013986016,0.6134846461949266,0.570979020979021,0.05220293724966622,0.1653460116217644,0.19688325409403065
6.75,3.5,0.0923724462722234,0.05480769230769231,0.6114819759679573,0.5466783216783216,0.05260347129506008,0.1613840464870576,0.21236133122028525
6.75,3.75,0.10512358972568622,0.0645979020979021,0.6088117489986649,0.5111888111888112,0.05287049399198932,0.15536185948230322,0.23486529318541996
6.75,4.0,0.11942491673549041,0.07534965034965035,0.6064085447263018,0.4722027972027972,0.05313751668891856,0.14875858425779187,0.2593766508188061
6.75,4.25,0.13641004015757044,0.09038461538461538,0.6008010680907877,0.425,0.0540720961281709,0.1393026941362916,0.290121500264131
6.75,4.5,0.1531354824730049,0.10428321678321678,0.5947930574098799,0.3745629370629371,0.05527369826435247,0.13042789223454834,0.3229793977812995
6.75,4.75,0.16756064634103496,0.11888111888111888,0.5835781041388518,0.3229020979020979,0.05727636849132176,0.1208135235076598,0.35863708399366084
6.75,5.0,0.17892282392134282,0.1333041958041958,0.5679572763684914,0.27124125874125876,0.061815754339118824,0.11030110935023772,0.3960380348652932
6.75,5.25,0.18546574359627369,0.14659090909090908,0.5464619492656876,0.2215909090909091,0.06835781041388518,0.09968304278922345,0.43454833597464343
6.75,5.5,0.18431720416329478,0.15708041958041957,0.515086782376502,0.17106643356643356,0.07823765020026702,0.08943475964078183,0.4774960380348653
6.75,5.75,0.17927885891502837,0.16853146853146853,0.4774365821094793,0.12246503496503497,0.09105473965287049,0.07744321183306921,0.5217643951399894
6.75,6.0,0.17281782555068542,0.18076923076923077,0.43938584779706275,0.08234265734265735,0.102803738317757,0.06539883782356049,0.561067089276281
6.75,6.25,0.16007257001629527,0.19178321678321678,0.3965287049399199,0.05174825174825175,0.11789052069425901,0.05277337559429477,0.596513470681458
6.75,6.5,0.14253398296461894,0.20332167832167833,0.3473965287049399,0.03033216783216783,0.13110814419225633,0.04057052297939778,0.6288959323824617
6.75,6.75,0.12206761890942171,0.21162587412587414,0.2987983978638184,0.014947552447552448,0.14339118825100133,0.03069202324352879,0.6574220813523508
6.75,7.0,0.0979575142299234,0.21704545454545454,0.24966622162883845,0.0057692307692307696,0.15620827770360482,0.022345483359746433,0.6824088748019017
7.0,0.5,0.09985323189358097,0.028496503496503497,0.6854472630173565,0.6691433566433567,0.03351134846461949,0.11051241415742208,0.18341257263602748
7.0,0.75,0.09985323189358097,0.028496503496503497,0.6854472630173565,0.6691433566433567,0.03351134846461949,0.11051241415742208,0.18341257263602748
7.0,1.0,0.09985323189358097,0.028496503496503497,0.6854472630173565,0.6691433566433567,0.03351134846461949,0.11051241415742208,0.18341257263602748
7.0,1.25,0.0998930011575975,0.028496503496503497,0.6854472630173565,0.6689685314685314,0.03351134846461949,0.11051241415742208,0.18351822503961965
7.0,1.5,0.09993277042161398,0.028496503496503497,0.6854472630173565,0.6687937062937063,0.03351134846461949,0.11051241415742208,0.18362387744321182
7.0,1.75,0.09995265505362219,0.028496503496503497,0.6854472630173565,0.6687062937062938,0.03351134846461949,0.11051241415742208,0.18367670364500793
7.0,2.0,0.1001181758192733,0.028496503496503497,0.6853137516688919,0.6676573426573427,0.03351134846461949,0.11051241415742208,0.1843634442683571
7.0,2.25,0.10065506088349593,0.028496503496503497,0.6853137516688919,0.6652972027972028,0.03351134846461949,0.11051241415742208,0.18578975171685155
7.0,2.5,0.10137302550745464,0.028583916083916083,0.6851802403204272,0.6620629370629371,0.03351134846461949,0.11045958795562599,0.187797147385103
7.0,2.75,0.1034837510946972,0.02945804195804196,0.6850467289719626,0.6548951048951049,0.03351134846461949,0.10993132593766508,0.19218172213417856
7.0,3.0,0.1071436433263751,0.031031468531468532,0.6846461949265688,0.6422202797202797,0.03351134846461949,0.10898045430533544,0.2
7.0,3.25,0.11309948635375569,0.0340034965034965,0.6834445927903872,0.6214160839160839,0.03351134846461949,0.10718436344426836,0.21304807184363445
7.0,3.5,0.12067578533803339,0.03854895104895105,0.6813084112149532,0.5953671328671328,0.033778371161548734,0.10433174854727945,0.22963549920760698
7.0,3.75,0.13218640887823468,0.04527972027972028,0.6786381842456609,0.5568181818181818,0.03404539385847797,0.10015847860538828,0.2539883782356049
7.0,4.0,0.1452025527964736,0.05297202797202797,0.6761014686248331,0.5147727272727273,0.03417890520694259,0.09545694664553618,0.28040147913365027
7.0,4.25,0.1600872943268451,0.06293706293706294,0.6703604806408545,0.4625,0.03497997329773031,0.08911780243000528,0.31426307448494456
7.0,4.5,0.17488957188103701,0.07220279720279721,0.664218958611482,0.4074300699300699,0.036048064085447265,0.08309561542525093,0.34997358689910196
7.0,4.75,0.1870172616397234,0.0819055944055944,0.6520694259012016,0.35087412587412586,0.03711615487316422,0.07680929741151611,0.388959323824617
7.0,5.0,0.19578632678423466,0.0916958041958042,0.6343124165554072,0.2945804195804196,0.03951935914552737,0.0699418911780243,0.4300052826201796
7.0,5.25,0.19971913010169676,0.10008741258741259,0.6109479305740988,0.24003496503496505,0.044192256341789055,0.0630216587427364,0.4722134178552562
7.0,5.5,0.19580373852367203,0.10716783216783217,0.57543391188251,0.1861013986013986,0.04993324432576769,0.05647120972002113,0.5188589540412044
7.0,5.75,0.1870989289775744,0.11442307692307692,0.5319092122830441,0.1333041958041958,0.056875834445927906,0.04933967247754886,0.567987321711569
7.0,6.0,0.17742584726789815,0.12281468531468531,0.48891855807743656,0.08933566433566434,0.0636849132176235,0.04157422081352351,0.6115689381933439
7.0,6.25,0.1611792536484355,0.13103146853146852,0.4389853137516689,0.055944055944055944,0.07169559412550067,0.03343898573692552,0.6515055467511885
7.0,6.5,0.14088651162514043,0.14073426573426573,0.38384512683578104,0.032692307692307694,0.07890520694259012,0.024722662440570524,0.6873745377707343
7.0,6.75,0.1180126426897944,0.14772727272727273,0.32963951935914554,0.015996503496503497,0.0855807743658211,0.01785525620707871,0.7189117802430005
7.0,7.0,0.09162615149956119,0.1527097902097902,0.27423230974632845,0.006381118881118881,0.09212283044058744,0.01225567881669308,0.7466455361859482
