vgat_thr,vglut_thr,section,broad,n,vgat_detect,vglut_detect,vgat_only,vglut_only,co_positive,neither,vgat_only_pct,vglut_only_pct,co_positive_pct,neither_pct,co_of_any_pct,vglut_purity_E_pct
8,0,0,ALL,71950,0.42665740097289784,0.8066018068102849,3739,31076,26959,10176,5.196664350243225,43.19110493398193,37.46907574704656,14.143154968728284,43.641337779648396,45.622411516828535
8,0,0,neuronal_EI,67517,0.4253743501636625,0.8189493016573604,3636,30209,25084,8588,5.385310366278123,44.74280551564791,37.152124650088126,12.71975946798584,42.56647830440021,
8,0,0,E,30523,0.1254463846935098,0.8264587360351211,429,21826,3400,4868,1.4054974936932805,71.5067326278544,11.139140975657702,15.948628902794614,13.252777236406159,
8,0,0,I,36994,0.672838838730605,0.8127534194734282,3207,8383,21684,3720,8.668973347029247,22.660431421311564,58.614910526031245,10.05568470562794,65.16799903828816,
8,0,0,NE,1833,0.6633933442444081,0.9159847244953628,45,508,1171,109,2.454991816693944,27.714129841789415,63.884342607746866,5.946535733769776,67.92343387470997,
8,0,0,ChAT,834,0.8764988009592326,0.9220623501199041,37,75,694,28,4.436450839328537,8.992805755395683,83.21342925659472,3.357314148681055,86.10421836228288,
8,0,0,Other,1766,0.017553793884484713,0.1664779161947905,21,284,10,1451,1.189127972819932,16.08154020385051,0.5662514156285391,82.16308040770102,3.1746031746031744,
8,0,500,ALL,31461,0.5040844219827724,0.7905343123231938,2371,11383,13488,4219,7.536314802453831,36.18130383649598,42.8721273958234,13.410253965226788,49.511783275824094,34.27575358190553
8,0,500,neuronal_EI,29396,0.49921758062321403,0.8001428765818479,2301,11147,12374,3574,7.827595591236903,37.92012518710028,42.0941624710845,12.15811675057831,47.92037797227171,
8,0,500,E,10052,0.14395145244727417,0.8020294468762436,234,6849,1213,1756,2.3278949462793475,68.13569438917628,12.06725029844807,17.4691603660963,14.621504339440694,
8,0,500,I,19344,0.6838296112489661,0.7991625310173698,2067,4298,11161,1818,10.685483870967742,22.218775847808107,57.69747725392887,9.398263027295286,63.68252881433299,
8,0,500,NE,596,0.87751677852349,0.9379194630872483,20,56,503,17,3.3557046979865772,9.395973154362416,84.39597315436242,2.8523489932885906,86.87392055267703,
8,0,500,ChAT,722,0.8905817174515236,0.9168975069252078,37,56,606,23,5.124653739612189,7.756232686980609,83.93351800554017,3.185595567867036,86.69527896995709,
8,0,500,Other,747,0.024096385542168676,0.17269076305220885,13,124,5,605,1.7402945113788488,16.599732262382865,0.6693440428380187,80.99062918340027,3.5211267605633805,
8,0,530,ALL,20513,0.4352361916833228,0.7744357236874178,1034,7992,7894,3593,5.0407058938234295,38.96065909423292,38.482913274508846,17.5157217374348,46.6548463356974,38.834755728781666
8,0,530,neuronal_EI,18930,0.44025356576862124,0.7861067089276281,1006,7553,7328,3043,5.314315900686741,39.899630216587425,38.71104067617539,16.075013206550448,46.125763202618494,
8,0,530,E,7490,0.13391188251001335,0.7715620827770361,101,4877,902,1610,1.3484646194926568,65.11348464619492,12.042723631508679,21.49532710280374,15.34013605442177,
8,0,530,I,11440,0.6408216783216784,0.7956293706293707,905,2676,6426,1433,7.910839160839161,23.39160839160839,56.17132867132867,12.526223776223777,64.21504946537424,
8,0,530,NE,962,0.5353430353430353,0.8877338877338877,24,363,491,84,2.494802494802495,37.733887733887734,51.03950103950104,8.731808731808732,55.92255125284738,
8,0,530,ChAT,92,0.8043478260869565,0.9456521739130435,0,13,74,5,0.0,14.130434782608695,80.43478260869566,5.434782608695652,85.05747126436782,
8,0,530,Other,529,0.00945179584120983,0.12098298676748583,4,63,1,461,0.7561436672967864,11.909262759924385,0.1890359168241966,87.14555765595463,1.4705882352941178,
8,0,560,ALL,19976,0.295905086103324,0.8649379255106128,334,11701,5577,2364,1.6720064076892271,58.5752903484181,27.91850220264317,11.8342010412495,31.66590960708608,67.4027588656681
8,0,560,neuronal_EI,19191,0.29758741076546297,0.8801521546558283,329,11509,5382,1971,1.7143452660101088,59.97081965504664,28.044395810536187,10.270439268407065,31.254355400696863,
8,0,560,E,12981,0.10623218550188737,0.8770510746475618,94,10100,1285,1502,0.7241352746321547,77.8060241891996,9.899083275556583,11.570757260611662,11.194354908964195,
8,0,560,I,6210,0.6975845410628019,0.886634460547504,235,1409,4097,469,3.784219001610306,22.689210950080515,65.97423510466989,7.552334943639291,71.36387388956628,
8,0,560,NE,275,0.6472727272727272,0.9672727272727273,1,89,177,8,0.36363636363636365,32.36363636363637,64.36363636363636,2.909090909090909,66.29213483146067,
8,0,560,ChAT,20,0.7,1.0,0,6,14,0,0.0,30.0,70.0,0.0,70.0,
8,0,560,Other,490,0.0163265306122449,0.20612244897959184,4,97,4,385,0.8163265306122449,19.79591836734694,0.8163265306122449,78.57142857142857,3.8095238095238093,
8,1,0,ALL,71950,0.42665740097289784,0.7497289784572619,5018,28263,25680,12989,6.974287699791522,39.281445448227934,35.69145239749826,18.05281445448228,43.554213802343924,45.66596605947377
8,1,0,neuronal_EI,67517,0.4253743501636625,0.7610527718944858,4884,27548,23836,11249,7.233733726320779,40.80157589940311,35.30370129004547,16.66098908423064,42.36155541337883,
8,1,0,E,30523,0.1254463846935098,0.7687645382170822,558,20194,3271,6500,1.8281296071814697,66.1599449595387,10.716508862169512,21.29541657111031,13.616117887024934,
8,1,0,I,36994,0.672838838730605,0.7546899497215764,4326,7354,20565,4749,11.69378818186733,19.878899280964482,55.59009569119316,12.837216845975023,63.777329818576526,
8,1,0,NE,1833,0.6633933442444081,0.8870703764320785,62,472,1154,145,3.382433169667212,25.75013638843426,62.9569012547736,7.910529187124932,68.36492890995261,
8,1,0,ChAT,834,0.8764988009592326,0.9028776978417267,47,69,684,34,5.635491606714628,8.273381294964029,82.01438848920863,4.07673860911271,85.5,
8,1,0,Other,1766,0.017553793884484713,0.10192525481313704,25,174,6,1561,1.4156285390713477,9.85277463193658,0.33975084937712347,88.39184597961494,2.926829268292683,
8,1,500,ALL,31461,0.5040844219827724,0.7334159753345412,3059,10274,12800,5328,9.723149295953721,32.65630463113061,40.68529290232351,16.935253170592162,48.98021658439521,34.2299747532706
8,1,500,neuronal_EI,29396,0.49921758062321403,0.7410872227513947,2971,10081,11704,4640,10.10681725404817,34.29378146686624,39.814940808273235,15.784460470812355,47.277427694296335,
8,1,500,E,10052,0.14395145244727417,0.7418424194190211,293,6303,1154,2302,2.9148428173497813,62.70393951452447,11.480302427377636,22.90091524074811,14.890322580645162,
8,1,500,I,19344,0.6838296112489661,0.7406947890818859,2678,3778,10550,2338,13.844086021505376,19.53060380479735,54.538875103391234,12.086435070306038,62.03692814300835,
8,1,500,NE,596,0.87751677852349,0.9211409395973155,28,54,495,19,4.697986577181208,9.060402684563758,83.05369127516778,3.1879194630872485,85.78856152512998,
8,1,500,ChAT,722,0.8905817174515236,0.8988919667590027,44,50,599,29,6.094182825484765,6.925207756232687,82.96398891966759,4.016620498614959,86.43578643578644,
8,1,500,Other,747,0.024096385542168676,0.12182061579651941,16,89,2,640,2.14190093708166,11.914323962516734,0.2677376171352075,85.6760374832664,1.8691588785046729,
8,1,530,ALL,20513,0.4352361916833228,0.7076488080729294,1513,7101,7415,4484,7.37581046165846,34.61707210061912,36.147808706673814,21.859308731048603,46.259903924137504,38.76904954722815
8,1,530,neuronal_EI,18930,0.44025356576862124,0.7175382989963022,1474,6723,6860,3873,7.786582144743793,35.515055467511885,36.23877443211833,20.45958795562599,45.56020455602046,
8,1,530,E,7490,0.13391188251001335,0.7030707610146862,139,4402,864,2085,1.855807743658211,58.771695594125504,11.535380507343124,27.837116154873165,15.985198889916743,
8,1,530,I,11440,0.6408216783216784,0.7270104895104895,1335,2321,5996,1788,11.66958041958042,20.28846153846154,52.41258741258741,15.62937062937063,62.12184003315375,
8,1,530,NE,962,0.5353430353430353,0.8461538461538461,33,332,482,115,3.4303534303534304,34.51143451143451,50.103950103950105,11.954261954261954,56.90672963400236,
8,1,530,ChAT,92,0.8043478260869565,0.9347826086956522,1,13,73,5,1.0869565217391304,14.130434782608695,79.34782608695652,5.434782608695652,83.9080459770115,
8,1,530,Other,529,0.00945179584120983,0.062381852551984876,5,33,0,491,0.945179584120983,6.238185255198488,0.0,92.81663516068053,0.0,
8,1,560,ALL,19976,0.295905086103324,0.8186323588305967,446,10888,5465,3177,2.2326792150580697,54.50540648778534,27.35782939527433,15.904084901882259,32.53169831537591,67.07042957042957
8,1,560,neuronal_EI,19191,0.29758741076546297,0.8345578656661977,439,10744,5272,2736,2.2875306133083217,55.98457610338179,27.471210463237977,14.256682820071909,32.038893953205715,
8,1,560,E,12981,0.10623218550188737,0.8275171404360219,126,9489,1253,2113,0.9706494106771435,73.0991449040906,9.652569139511593,16.277636545720668,11.52926021347074,
8,1,560,I,6210,0.6975845410628019,0.8492753623188406,313,1255,4019,623,5.040257648953301,20.209339774557165,64.7181964573269,10.032206119162641,71.93484875604081,
8,1,560,NE,275,0.6472727272727272,0.9563636363636364,1,86,177,11,0.36363636363636365,31.272727272727273,64.36363636363636,4.0,67.04545454545455,
8,1,560,ChAT,20,0.7,0.9,2,6,12,0,10.0,30.0,60.0,0.0,60.0,
8,1,560,Other,490,0.0163265306122449,0.11428571428571428,4,52,4,430,0.8163265306122449,10.612244897959183,0.8163265306122449,87.75510204081633,6.666666666666667,
8,2,0,ALL,71950,0.42665740097289784,0.6135788742182071,8668,22117,22030,19135,12.047255038220987,30.73940236275191,30.6184850590688,26.594857539958305,41.71163495219161,45.67615870368164
8,2,0,neuronal_EI,67517,0.4253743501636625,0.6215471658989588,8413,21658,20307,17139,12.460565487210628,32.07784706074026,30.07686952915562,25.384717922893493,40.30926197943547,
8,2,0,E,30523,0.1254463846935098,0.627985453592373,1003,16342,2826,10352,3.2860465878190217,53.53995347770534,9.25859188153196,33.91540805294368,14.010212681572554,
8,2,0,I,36994,0.672838838730605,0.6162350651456993,7410,5316,17481,6787,20.03027517975888,14.369897821268314,47.253608693301615,18.34621830567119,57.87069222365677,
8,2,0,NE,1833,0.6633933442444081,0.7943262411347518,127,367,1089,250,6.928532460447354,20.021822149481725,59.41080196399346,13.638843426077468,68.7934301958307,
8,2,0,ChAT,834,0.8764988009592326,0.8189448441247003,99,51,632,52,11.870503597122303,6.115107913669065,75.77937649880096,6.235011990407674,80.81841432225065,
8,2,0,Other,1766,0.017553793884484713,0.02434881087202718,29,41,2,1694,1.6421291053227633,2.32163080407701,0.11325028312570781,95.92298980747452,2.7777777777777777,
8,2,500,ALL,31461,0.5040844219827724,0.5785893646101522,5244,7588,10615,8014,16.668255935920662,24.118750198658656,33.740186262356566,25.472807603064112,45.27231628779801,33.89393495458541
8,2,500,neuronal_EI,29396,0.49921758062321403,0.580521159341407,5088,7478,9587,7243,17.308477343856307,25.438835215675603,32.6132807184651,24.639406722002995,43.2763056922313,
8,2,500,E,10052,0.14395145244727417,0.575407879029049,500,4837,947,3768,4.974134500596896,48.119777158774376,9.421010744130522,37.48507759649821,15.070019096117123,
8,2,500,I,19344,0.6838296112489661,0.5831782464846981,4588,2641,8640,3475,23.71794871794872,13.65281224152192,44.66501240694789,17.96422663358147,54.4457747810196,
8,2,500,NE,596,0.87751677852349,0.87751677852349,49,49,474,24,8.221476510067115,8.221476510067115,79.53020134228188,4.026845637583893,82.86713286713287,
8,2,500,ChAT,722,0.8905817174515236,0.817174515235457,90,37,553,42,12.465373961218837,5.124653739612189,76.59279778393352,5.8171745152354575,81.32352941176471,
8,2,500,Other,747,0.024096385542168676,0.03346720214190094,17,24,1,705,2.2757697456492636,3.21285140562249,0.13386880856760375,94.37751004016064,2.380952380952381,
8,2,530,ALL,20513,0.4352361916833228,0.5778286939989276,2558,5483,6370,6102,12.470140886267245,26.72939111782772,31.053478282065033,29.746989713840005,44.202345430573864,38.30190381665614
8,2,530,neuronal_EI,18930,0.44025356576862124,0.585472794506075,2478,5227,5856,5369,13.090332805071315,27.612255678816695,30.935023771790807,28.362387744321182,43.182656146301895,
8,2,530,E,7490,0.13391188251001335,0.5667556742323098,240,3482,763,3005,3.2042723631508676,46.488651535380505,10.186915887850468,40.120160213618156,17.01226309921962,
8,2,530,I,11440,0.6408216783216784,0.5977272727272728,2238,1745,5093,2364,19.562937062937063,15.253496503496503,44.51923076923077,20.664335664335663,56.11502864698105,
8,2,530,NE,962,0.5353430353430353,0.7089397089397089,71,238,444,209,7.38045738045738,24.74012474012474,46.15384615384615,21.725571725571726,58.96414342629482,
8,2,530,ChAT,92,0.8043478260869565,0.8804347826086957,4,11,70,7,4.3478260869565215,11.956521739130435,76.08695652173913,7.608695652173913,82.3529411764706,
8,2,530,Other,529,0.00945179584120983,0.013232514177693762,5,7,0,517,0.945179584120983,1.3232514177693762,0.0,97.73156899810964,0.0,
8,2,560,ALL,19976,0.295905086103324,0.7053964757709251,866,9046,5045,5019,4.33520224269123,45.28434120945134,25.255306367641168,25.12515018021626,33.73002607474761,66.14315698053123
8,2,560,neuronal_EI,19191,0.29758741076546297,0.7199729039654005,847,8953,4864,4527,4.413527174196238,46.652076494189984,25.34521390235006,23.58918242926372,33.1696672122204,
8,2,560,E,12981,0.10623218550188737,0.7040289654109853,263,8023,1116,3579,2.026038055619752,61.80571604652954,8.597180494568985,27.571065403281718,11.86981493299298,
8,2,560,I,6210,0.6975845410628019,0.7533011272141706,584,930,3748,948,9.404186795491142,14.97584541062802,60.35426731078905,15.265700483091788,71.22767008741923,
8,2,560,NE,275,0.6472727272727272,0.9127272727272727,7,80,171,17,2.5454545454545454,29.09090909090909,62.18181818181818,6.181818181818182,66.27906976744185,
8,2,560,ChAT,20,0.7,0.6,5,3,9,3,25.0,15.0,45.0,15.0,52.94117647058823,
8,2,560,Other,490,0.0163265306122449,0.022448979591836733,7,10,1,472,1.4285714285714286,2.0408163265306123,0.20408163265306123,96.3265306122449,5.555555555555555,
8,3,0,ALL,71950,0.42665740097289784,0.5130229325920779,11658,17872,19040,23380,16.20291869353718,24.839471855455177,26.462821403752606,32.494788047255035,39.2011529750875,45.758060827807
8,3,0,neuronal_EI,67517,0.4253743501636625,0.5181509841965727,11266,17530,17454,21267,16.686167928077374,25.963831331368397,25.851267088288875,31.498733652265354,37.73837837837838,
8,3,0,E,30523,0.1254463846935098,0.5244569668774367,1351,13530,2478,13164,4.426170428856928,44.32722864724961,8.118468040494054,43.1281328833994,14.275015841926379,
8,3,0,I,36994,0.672838838730605,0.512948045629021,9915,4000,14976,8103,26.80164350975834,10.812564199599935,40.482240363302154,21.903551927339567,51.83621196912533,
8,3,0,NE,1833,0.6633933442444081,0.7037643207855974,220,294,996,323,12.002182214948173,16.0392798690671,54.337152209492636,17.621385706492088,65.96026490066225,
8,3,0,ChAT,834,0.8764988009592326,0.750599520383693,142,37,589,66,17.026378896882495,4.436450839328537,70.62350119904077,7.913669064748201,76.69270833333333,
8,3,0,Other,1766,0.017553793884484713,0.006795016987542469,30,11,1,1724,1.6987542468856172,0.622876557191393,0.056625141562853906,97.62174405436014,2.380952380952381,
8,3,500,ALL,31461,0.5040844219827724,0.46533803757032516,6988,5769,8871,9833,22.21162709386224,18.336988652617528,28.19681510441499,31.25456914910524,41.01627519881635,33.357808943387916
8,3,500,neuronal_EI,29396,0.49921758062321403,0.46329432575860663,6751,5695,7924,9026,22.96570962035651,19.37338413389577,26.956048441964892,30.70485780378283,38.90034364261168,
8,3,500,E,10052,0.14395145244727417,0.451949860724234,653,3749,794,4856,6.496219657779546,37.29606048547553,7.898925586947871,48.308794269797055,15.280985373364127,
8,3,500,I,19344,0.6838296112489661,0.46918941273779985,6098,1946,7130,4170,31.52398676592225,10.059966914805624,36.85897435897436,21.557071960297765,46.988269408198235,
8,3,500,NE,596,0.87751677852349,0.7986577181208053,89,42,434,31,14.93288590604027,7.046979865771812,72.81879194630872,5.201342281879195,76.8141592920354,
8,3,500,ChAT,722,0.8905817174515236,0.7451523545706371,130,25,513,54,18.005540166204987,3.4626038781163433,71.05263157894737,7.479224376731302,76.79640718562874,
8,3,500,Other,747,0.024096385542168676,0.009370816599732263,18,7,0,722,2.4096385542168677,0.9370816599732262,0.0,96.6532797858099,0.0,
8,3,530,ALL,20513,0.4352361916833228,0.4863744942231755,3388,4437,5540,7148,16.516355481889534,21.63018573587481,27.007263686442744,34.846195095792915,41.45155256266367,38.39142091152815
8,3,530,neuronal_EI,18930,0.44025356576862124,0.4926043317485473,3255,4246,5079,6350,17.194928684627577,22.43000528262018,26.83042789223455,33.5446381405177,40.37360890302067,
8,3,530,E,7490,0.13391188251001335,0.4779706275033378,326,2903,677,3584,4.352469959946595,38.75834445927904,9.038718291054739,47.850467289719624,17.33230926779314,
8,3,530,I,11440,0.6408216783216784,0.5021853146853147,2929,1343,4402,2766,25.603146853146853,11.73951048951049,38.47902097902098,24.178321678321677,50.74936592114365,
8,3,530,NE,962,0.5353430353430353,0.5956340956340956,122,180,393,267,12.681912681912682,18.71101871101871,40.852390852390855,27.754677754677754,56.54676258992806,
8,3,530,ChAT,92,0.8043478260869565,0.8369565217391305,6,9,68,9,6.521739130434782,9.782608695652174,73.91304347826087,9.782608695652174,81.92771084337349,
8,3,530,Other,529,0.00945179584120983,0.003780718336483932,5,2,0,522,0.945179584120983,0.3780718336483932,0.0,98.67674858223063,0.0,
8,3,560,ALL,19976,0.295905086103324,0.6154885863035643,1282,7666,4629,6399,6.417701241489787,38.376051261513815,23.172807368842612,32.033440128153785,34.09442439419607,65.49003322259136
8,3,560,neuronal_EI,19191,0.29758741076546297,0.6273774164973165,1260,7589,4451,5891,6.5655776145068,39.544578187692146,23.193163462039497,30.696680735761554,33.46616541353384,
8,3,560,E,12981,0.10623218550188737,0.6074262383483553,372,6878,1007,4724,2.8657268315229953,52.98513211616979,7.757491718665742,36.391649333641475,12.19571272859392,
8,3,560,I,6210,0.6975845410628019,0.6690821256038647,888,711,3444,1167,14.29951690821256,11.44927536231884,55.45893719806763,18.792270531400966,68.29268292682927,
8,3,560,NE,275,0.6472727272727272,0.8763636363636363,9,72,169,25,3.272727272727273,26.181818181818183,61.45454545454545,9.090909090909092,67.6,
8,3,560,ChAT,20,0.7,0.55,6,3,8,3,30.0,15.0,40.0,15.0,47.05882352941177,
8,3,560,Other,490,0.0163265306122449,0.006122448979591836,7,2,1,480,1.4285714285714286,0.40816326530612246,0.20408163265306123,97.95918367346938,10.0,
8,4,0,ALL,71950,0.42665740097289784,0.42851980542043083,14382,14516,16316,26736,19.988881167477416,20.175121612230715,22.67685892981237,37.1591382904795,36.086168001061615,45.66545404626261
8,4,0,neuronal_EI,67517,0.4253743501636625,0.43156538353303614,13852,14270,14868,24527,20.516314409704222,21.135417746641586,22.021120606662027,36.32714723699217,34.584787159804605,
8,4,0,E,30523,0.1254463846935098,0.4359335583002981,1717,11194,2112,15500,5.625266192707139,36.67398355338597,6.919372276643842,50.78137797726305,14.058443719629901,
8,4,0,I,36994,0.672838838730605,0.42796129102016545,12135,3076,12756,9027,32.8026166405363,8.31486186949235,34.481267232524196,24.401254257447153,45.610898559015986,
8,4,0,NE,1833,0.6633933442444081,0.6192034915439171,302,221,914,396,16.475722858701584,12.056737588652481,49.86361156573923,21.60392798690671,63.60473208072373,
8,4,0,ChAT,834,0.8764988009592326,0.6678657074340527,198,24,533,79,23.741007194244606,2.8776978417266186,63.908872901678656,9.47242206235012,70.59602649006622,
8,4,0,Other,1766,0.017553793884484713,0.0011325028312570782,30,1,1,1734,1.6987542468856172,0.056625141562853906,0.056625141562853906,98.18799546998868,3.125,
8,4,500,ALL,31461,0.5040844219827724,0.36772511998982865,8582,4292,7277,11310,27.278217475604716,13.642287276310352,23.130224722672516,35.949270525412416,36.112351744330304,32.151233699221315
8,4,500,neuronal_EI,29396,0.49921758062321403,0.36260035378963124,8260,4244,6415,10477,28.099061096747857,14.437338413389577,21.82269696557355,35.640903524289016,33.90771182409218,
8,4,500,E,10052,0.14395145244727417,0.34092717867091127,831,2811,616,5794,8.26701153999204,27.96458416235575,6.128133704735376,57.640270592916835,14.466885861906999,
8,4,500,I,19344,0.6838296112489661,0.3738626964433416,7429,1433,5799,4683,38.40467328370554,7.407981803143094,29.97828784119107,24.2090570719603,39.553918559443424,
8,4,500,NE,596,0.87751677852349,0.7298657718120806,121,33,402,40,20.302013422818792,5.5369127516778525,67.4496644295302,6.7114093959731544,72.3021582733813,
8,4,500,ChAT,722,0.8905817174515236,0.6578947368421053,183,15,460,64,25.346260387811633,2.0775623268698062,63.71191135734072,8.86426592797784,69.90881458966565,
8,4,500,Other,747,0.024096385542168676,0.0,18,0,0,729,2.4096385542168677,0.0,0.0,97.59036144578313,0.0,
8,4,530,ALL,20513,0.4352361916833228,0.41349388192853315,4110,3664,4818,7921,20.036074684346513,17.861843708867546,23.487544483985765,38.61453712280017,38.26238881829733,38.805594053168704
8,4,530,neuronal_EI,18930,0.44025356576862124,0.4192815636555732,3931,3534,4403,7062,20.765979926043318,18.66877971473851,23.259376650818805,37.305863708399364,37.09976407145265,
8,4,530,E,7490,0.13391188251001335,0.411214953271028,405,2482,598,4005,5.4072096128170895,33.13751668891856,7.9839786381842455,53.47129506008011,17.159253945480632,
8,4,530,I,11440,0.6408216783216784,0.4245629370629371,3526,1052,3805,3057,30.821678321678323,9.195804195804195,33.26048951048951,26.722027972027973,45.389478706906836,
8,4,530,NE,962,0.5353430353430353,0.49272349272349275,165,124,350,323,17.151767151767153,12.88981288981289,36.38253638253638,33.57588357588357,54.77308294209703,
8,4,530,ChAT,92,0.8043478260869565,0.7717391304347826,9,6,65,12,9.782608695652174,6.521739130434782,70.65217391304348,13.043478260869565,81.25,
8,4,530,Other,529,0.00945179584120983,0.0,5,0,0,524,0.945179584120983,0.0,0.0,99.05482041587902,0.0,
8,4,560,ALL,19976,0.295905086103324,0.5396976371645975,1690,6560,4221,7505,8.460152182619144,32.83940728874649,21.130356427713256,37.57008410092111,33.84652393553043,64.49440333902486
8,4,560,neuronal_EI,19191,0.29758741076546297,0.549319993747069,1661,6492,4050,6988,8.655098744203011,33.828357042363606,21.103642332343284,36.41290188109009,33.18856019011719,
8,4,560,E,12981,0.10623218550188737,0.5237655034280873,481,5901,898,5701,3.7054156074262385,45.45874740004622,6.917802942762499,43.91803404976504,12.335164835164836,
8,4,560,I,6210,0.6975845410628019,0.6027375201288244,1180,591,3152,1287,19.00161030595813,9.516908212560386,50.75684380032206,20.72463768115942,64.02600040625634,
8,4,560,NE,275,0.6472727272727272,0.8218181818181818,16,64,162,33,5.818181818181818,23.272727272727273,58.90909090909091,12.0,66.94214876033058,
8,4,560,ChAT,20,0.7,0.55,6,3,8,3,30.0,15.0,40.0,15.0,47.05882352941177,
8,4,560,Other,490,0.0163265306122449,0.004081632653061225,7,1,1,481,1.4285714285714286,0.20408163265306123,0.20408163265306123,98.16326530612245,11.11111111111111,
8,5,0,ALL,71950,0.42665740097289784,0.35901320361362055,16727,11860,13971,29392,23.24808895066018,16.483669214732455,19.417651146629606,40.850590687977764,32.82814042013253,45.42129058775175
8,5,0,neuronal_EI,67517,0.4253743501636625,0.36035368870062356,16063,11673,12657,27124,23.791045218241333,17.288979071937437,18.746389798124916,40.173585911696314,31.33463718961206,
8,5,0,E,30523,0.1254463846935098,0.36205484388821546,2034,9256,1795,17438,6.663827277790519,30.32467319726108,5.880811191560462,57.13068833338794,13.717997707298434,
8,5,0,I,36994,0.672838838730605,0.35895010001621885,14029,2417,10862,9686,37.92236578904687,6.533491917608261,29.361518084013625,26.182624209331244,39.77588984912846,
8,5,0,NE,1833,0.6633933442444081,0.5379159847244953,395,165,821,452,21.5493726132024,9.00163666121113,44.789961811238406,24.659028914348063,59.44967414916727,
8,5,0,ChAT,834,0.8764988009592326,0.6163069544364509,239,22,492,81,28.65707434052758,2.6378896882494005,58.992805755395686,9.712230215827338,65.33864541832669,
8,5,0,Other,1766,0.017553793884484713,0.0005662514156285391,30,0,1,1735,1.6987542468856172,0.0,0.056625141562853906,98.24462061155153,3.225806451612903,
8,5,500,ALL,31461,0.5040844219827724,0.2896919996185754,9895,3150,5964,12452,31.45163853660087,10.012396300181177,18.95680366167636,39.57916150154159,31.374612025882477,30.851833976833976
8,5,500,neuronal_EI,29396,0.49921758062321403,0.28194312151313106,9501,3114,5174,11607,32.3207239080147,10.593277997006396,17.60103415430671,39.4849639406722,29.085389847658664,
8,5,500,E,10052,0.14395145244727417,0.2543772383605253,955,2065,492,6540,9.500596896140072,20.54317548746518,4.894548348587346,65.0616792678074,14.009111617312072,
8,5,500,I,19344,0.6838296112489661,0.296267576509512,8546,1049,4682,5067,44.17907361455749,5.422870140612076,24.203887510339122,26.194168734491313,32.79400434264902,
8,5,500,NE,596,0.87751677852349,0.6577181208053692,154,23,369,50,25.838926174496645,3.859060402684564,61.91275167785235,8.389261744966444,67.58241758241758,
8,5,500,ChAT,722,0.8905817174515236,0.6011080332409973,222,13,421,66,30.74792243767313,1.8005540166204985,58.310249307479225,9.141274238227147,64.17682926829268,
8,5,500,Other,747,0.024096385542168676,0.0,18,0,0,729,2.4096385542168677,0.0,0.0,97.59036144578313,0.0,
8,5,530,ALL,20513,0.4352361916833228,0.3559693852678789,4724,3098,4204,8487,23.02929849363818,15.102617852093795,20.494320674694098,41.373762979573925,34.95759188425079,38.89618922470434
8,5,530,neuronal_EI,18930,0.44025356576862124,0.3618066561014263,4491,3006,3843,7590,23.724247226624406,15.879556259904913,20.301109350237716,40.09508716323296,33.888888888888886,
8,5,530,E,7490,0.13391188251001335,0.3556742323097463,467,2128,536,4359,6.2349799732977305,28.411214953271028,7.1562082777036045,58.197596795727634,17.119131267965507,
8,5,530,I,11440,0.6408216783216784,0.36582167832167833,4024,878,3307,3231,35.17482517482517,7.674825174825175,28.907342657342657,28.243006993006993,40.28505299062005,
8,5,530,NE,962,0.5353430353430353,0.3991683991683992,217,86,298,361,22.557172557172557,8.93970893970894,30.977130977130976,37.525987525987524,49.58402662229617,
8,5,530,ChAT,92,0.8043478260869565,0.75,11,6,63,12,11.956521739130435,6.521739130434782,68.47826086956522,13.043478260869565,78.75,
8,5,530,Other,529,0.00945179584120983,0.0,5,0,0,524,0.945179584120983,0.0,0.0,99.05482041587902,0.0,
8,5,560,ALL,19976,0.295905086103324,0.4713155786944333,2108,5612,3803,8453,10.552663195835002,28.093712454945933,19.037845414497397,42.31577893472166,33.00355810118893,63.41781790492766
8,5,560,neuronal_EI,19191,0.29758741076546297,0.47902662706476995,2071,5553,3640,7927,10.791516856859987,28.935438486790684,18.96722421968631,41.30582043666302,32.31534090909091,
8,5,560,E,12981,0.10623218550188737,0.449117941606964,612,5063,767,6539,4.714582851860412,39.00315846236808,5.908635698328326,50.373622987443184,11.906240298044086,
8,5,560,I,6210,0.6975845410628019,0.5415458937198068,1459,490,2873,1388,23.494363929146537,7.890499194847021,46.26409017713365,22.351046698872786,59.581086686022395,
8,5,560,NE,275,0.6472727272727272,0.7636363636363637,24,56,154,41,8.727272727272727,20.363636363636363,56.0,14.909090909090908,65.8119658119658,
8,5,560,ChAT,20,0.7,0.55,6,3,8,3,30.0,15.0,40.0,15.0,47.05882352941177,
8,5,560,Other,490,0.0163265306122449,0.0020408163265306124,7,0,1,482,1.4285714285714286,0.0,0.20408163265306123,98.36734693877551,12.5,
8,7,0,ALL,71950,0.42665740097289784,0.2539124391938846,20340,7911,10358,33341,28.26963168867269,10.99513551077137,14.396108408617096,46.339124391938846,26.827941671630967,44.97984930786753
8,7,0,neuronal_EI,67517,0.4253743501636625,0.25358057970585185,19399,7800,9321,30997,28.73202304604766,11.5526460002666,13.805411970318586,45.90991898336715,25.52300109529025,
8,7,0,E,30523,0.1254463846935098,0.25230154309864694,2455,6327,1374,20367,8.043115028011663,20.728630868525375,4.501523441339318,66.72673066212364,13.528948404883813,
8,7,0,I,36994,0.672838838730605,0.2546358869005785,16944,1473,7947,10630,45.802021949505324,3.981726766502676,21.481861923555172,28.73438936043683,30.143377332726445,
8,7,0,NE,1833,0.6633933442444081,0.408619749045281,566,99,650,518,30.878341516639388,5.400981996726678,35.46099290780142,28.259683578832515,49.42965779467681,
8,7,0,ChAT,834,0.8764988009592326,0.4784172661870504,344,12,387,91,41.247002398081534,1.4388489208633093,46.402877697841724,10.911270983213429,52.08613728129206,
8,7,0,Other,1766,0.017553793884484713,0.0,31,0,0,1735,1.7553793884484712,0.0,0.0,98.24462061155153,0.0,
8,7,500,ALL,31461,0.5040844219827724,0.18092241187501987,11804,1637,4055,13965,37.519468548361466,5.203267537586218,12.88897364991577,44.38829026413655,23.176726108824873,28.82972382276972
8,7,500,neuronal_EI,29396,0.49921758062321403,0.17121377058103143,11261,1619,3414,13102,38.307933052115935,5.507552047897673,11.61382501020547,44.57068988978092,20.95249785197005,
8,7,500,E,10052,0.14395145244727417,0.14434938320732194,1090,1094,357,7511,10.843613211301234,10.88340628730601,3.551532033426184,74.72144846796657,14.049586776859504,
8,7,500,I,19344,0.6838296112489661,0.18517369727047148,10171,525,3057,5591,52.57961124896609,2.714019851116625,15.803349875930522,28.903019023986765,22.227877553988222,
8,7,500,NE,596,0.87751677852349,0.5453020134228188,210,12,313,61,35.23489932885906,2.0134228187919465,52.51677852348993,10.234899328859061,58.504672897196265,
8,7,500,ChAT,722,0.8905817174515236,0.4626038781163435,315,6,328,73,43.62880886426593,0.8310249307479224,45.42936288088643,10.110803324099724,50.53929121725732,
8,7,500,Other,747,0.024096385542168676,0.0,18,0,0,729,2.4096385542168677,0.0,0.0,97.59036144578313,0.0,
8,7,530,ALL,20513,0.4352361916833228,0.26831765222054305,5640,2216,3288,9369,27.49475942085507,10.802905474577097,16.02885974747721,45.673475357090624,29.504666188083274,38.59480269489894
8,7,530,neuronal_EI,18930,0.44025356576862124,0.27443211833069203,5307,2168,3027,8428,28.03486529318542,11.452720549392499,15.990491283676704,44.521922873745375,28.82308131784422,
8,7,530,E,7490,0.13391188251001335,0.2676902536715621,571,1573,432,4914,7.623497997329773,21.001335113484647,5.767690253671562,65.60747663551402,16.770186335403725,
8,7,530,I,11440,0.6408216783216784,0.27884615384615385,4736,595,2595,3514,41.3986013986014,5.201048951048951,22.683566433566433,30.716783216783217,32.74034822104466,
8,7,530,NE,962,0.5353430353430353,0.262993762993763,306,44,209,403,31.80873180873181,4.573804573804574,21.725571725571726,41.891891891891895,37.38819320214669,
8,7,530,ChAT,92,0.8043478260869565,0.6086956521739131,22,4,52,14,23.91304347826087,4.3478260869565215,56.52173913043478,15.217391304347826,66.66666666666667,
8,7,530,Other,529,0.00945179584120983,0.0,5,0,0,524,0.945179584120983,0.0,0.0,99.05482041587902,0.0,
8,7,560,ALL,19976,0.295905086103324,0.3540748898678414,2896,4058,3015,10007,14.497396876251502,20.314377252703245,15.093111734080898,50.095114136964355,30.243755642491724,61.584215871173654
8,7,560,neuronal_EI,19191,0.29758741076546297,0.3591787817205982,2831,4013,2880,9467,14.751706529102183,20.910843624615705,15.007034547444114,49.330415298838,29.617441382147266,
8,7,560,E,12981,0.10623218550188737,0.3270164085971805,794,3660,585,7942,6.116632000616286,28.195054310145597,4.506586549572452,61.18172713966567,11.609446318714031,
8,7,560,I,6210,0.6975845410628019,0.42640901771336553,2037,353,2295,1525,32.80193236714976,5.6843800322061195,36.95652173913044,24.55716586151369,48.986125933831374,
8,7,560,NE,275,0.6472727272727272,0.6218181818181818,50,43,128,54,18.181818181818183,15.636363636363637,46.54545454545455,19.636363636363637,57.918552036199095,
8,7,560,ChAT,20,0.7,0.45,7,2,7,4,35.0,10.0,35.0,20.0,43.75,
8,7,560,Other,490,0.0163265306122449,0.0,8,0,0,482,1.6326530612244898,0.0,0.0,98.36734693877551,0.0,
8,10,0,ALL,71950,0.42665740097289784,0.1543849895760945,24070,4480,6628,36772,33.45378735232801,6.226546212647672,9.21195274496178,51.107713690062546,18.84132128034567,44.00272161741835
8,10,0,neuronal_EI,67517,0.4253743501636625,0.1523764385265933,22846,4414,5874,34383,33.83740391308856,6.537612749381637,8.700031103277693,50.92495223425212,17.728013520854713,
8,10,0,E,30523,0.1254463846935098,0.14831438587294826,2949,3647,880,23047,9.661566687416046,11.948366805359893,2.8830717819349343,75.50699472528913,11.771000535045479,
8,10,0,I,36994,0.672838838730605,0.15572795588473806,19897,767,4994,11336,53.784397469859975,2.0733091852732874,13.49948640320052,30.642806941666215,19.463715020656327,
8,10,0,NE,1833,0.6633933442444081,0.28696126568466995,748,58,468,559,40.807419530823786,3.1642116748499727,25.53191489361702,30.49645390070922,36.734693877551024,
8,10,0,ChAT,834,0.8764988009592326,0.35251798561151076,445,8,286,95,53.357314148681056,0.9592326139088729,34.29256594724221,11.390887290167866,38.700947225981054,
8,10,0,Other,1766,0.017553793884484713,0.0,31,0,0,1735,1.7553793884484712,0.0,0.0,98.24462061155153,0.0,
8,10,500,ALL,31461,0.5040844219827724,0.09179619211086743,13622,651,2237,14951,43.2980515558946,2.06922856870411,7.110390642382632,47.52232923301866,13.549364021804967,26.317974263179742
8,10,500,neuronal_EI,29396,0.49921758062321403,0.0819499251598857,12906,640,1769,14081,43.903932507824194,2.1771669614913596,6.01782555449721,47.90107497618724,11.550767221678093,
8,10,500,E,10052,0.14395145244727417,0.06307202546756864,1266,453,181,8152,12.594508555511341,4.506565857540788,1.8006366892160763,81.09828889773179,9.526315789473685,
8,10,500,I,19344,0.6838296112489661,0.0917597187758478,11640,187,1588,5929,60.173697270471465,0.9667080231596361,8.209263854425144,30.650330851943757,11.837495341036153,
8,10,500,NE,596,0.87751677852349,0.40436241610738255,289,7,234,66,48.48993288590604,1.174496644295302,39.261744966442954,11.073825503355705,44.15094339622642,
8,10,500,ChAT,722,0.8905817174515236,0.3296398891966759,409,4,234,75,56.64819944598338,0.554016620498615,32.40997229916898,10.387811634349031,36.16692426584235,
8,10,500,Other,747,0.024096385542168676,0.0,18,0,0,729,2.4096385542168677,0.0,0.0,97.59036144578313,0.0,
8,10,530,ALL,20513,0.4352361916833228,0.17515721737434797,6648,1313,2280,10272,32.40871642373129,6.400818992833813,11.114902744600984,50.07556183883391,22.263450834879407,36.6412213740458
8,10,530,neuronal_EI,18930,0.44025356576862124,0.17992604331748546,6218,1290,2116,9306,32.8473322768093,6.814580031695721,11.178024300052826,49.16006339144216,21.986699916874482,
8,10,530,E,7490,0.13391188251001335,0.16662216288384513,696,941,307,5546,9.292389853137516,12.563417890520695,4.098798397863819,74.04539385847796,15.792181069958847,
8,10,530,I,11440,0.6408216783216784,0.18863636363636363,5522,349,1809,3760,48.26923076923077,3.050699300699301,15.812937062937063,32.86713286713287,23.5546875,
8,10,530,NE,962,0.5353430353430353,0.14241164241164242,398,20,117,427,41.37214137214137,2.079002079002079,12.162162162162161,44.38669438669439,21.869158878504674,
8,10,530,ChAT,92,0.8043478260869565,0.5434782608695652,27,3,47,15,29.347826086956523,3.260869565217391,51.08695652173913,16.304347826086957,61.03896103896104,
8,10,530,Other,529,0.00945179584120983,0.0,5,0,0,524,0.945179584120983,0.0,0.0,99.05482041587902,0.0,
8,10,560,ALL,19976,0.295905086103324,0.2316279535442531,3800,2516,2111,11549,19.022827392871445,12.595114136964357,10.567681217460953,57.814377252703245,25.05043313160081,59.13257321708026
8,10,560,neuronal_EI,19191,0.29758741076546297,0.2330780053149914,3722,2484,1989,10996,19.394507842217706,12.94356729717055,10.36423323432859,57.297691626283154,24.270896888346552,
8,10,560,E,12981,0.10623218550188737,0.2037593405746861,987,2253,392,9349,7.603420383637625,17.356135890917496,3.019798166551113,72.02064555889376,10.79295154185022,
8,10,560,I,6210,0.6975845410628019,0.29436392914653786,2735,231,1597,1647,44.04186795491143,3.7198067632850242,25.71658615136876,26.52173913043478,34.998904229673464,
8,10,560,NE,275,0.6472727272727272,0.5381818181818182,61,31,117,66,22.181818181818183,11.272727272727273,42.54545454545455,24.0,55.98086124401914,
8,10,560,ChAT,20,0.7,0.3,9,1,5,5,45.0,5.0,25.0,25.0,33.333333333333336,
8,10,560,Other,490,0.0163265306122449,0.0,8,0,0,482,1.6326530612244898,0.0,0.0,98.36734693877551,0.0,
8,15,0,ALL,71950,0.42665740097289784,0.06958999305072967,27394,1703,3304,39549,38.073662265462126,2.366921473245309,4.592077831827658,54.96733842946491,10.197216135304465,40.3030968592137
8,15,0,neuronal_EI,67517,0.4253743501636625,0.06743486825540235,25842,1675,2878,37122,38.274804863960185,2.4808566731341735,4.262630152406061,54.98170831049958,9.46866260898174,
8,15,0,E,30523,0.1254463846935098,0.06011859908921142,3381,1387,448,25307,11.076892834911378,4.544114274481538,1.467745634439603,82.91124725616748,8.588957055214724,
8,15,0,I,36994,0.672838838730605,0.07347137373628156,22461,288,2430,11815,60.71525112180353,0.7785046223711953,6.568632751256961,31.93761150456831,9.65089955915644,
8,15,0,NE,1833,0.6633933442444081,0.16803055100927441,934,26,282,591,50.95471903982542,1.4184397163120568,15.384615384615385,32.242225859247135,22.705314009661837,
8,15,0,ChAT,834,0.8764988009592326,0.1750599520383693,587,2,144,101,70.38369304556355,0.23980815347721823,17.26618705035971,12.11031175059952,19.645293315143245,
8,15,0,Other,1766,0.017553793884484713,0.0,31,0,0,1735,1.7553793884484712,0.0,0.0,98.24462061155153,0.0,
8,15,500,ALL,31461,0.5040844219827724,0.03232573662629923,15000,158,859,15444,47.67807761991037,0.5022090842630559,2.730364578366867,49.089348717459714,5.363051757507648,25.202156334231805
8,15,500,neuronal_EI,29396,0.49921758062321403,0.025241529459790447,14088,155,587,14566,47.92488773982855,0.5272826234861886,1.9968703224928561,49.550959314192404,3.9581928523263654,
8,15,500,E,10052,0.14395145244727417,0.018603263032232392,1377,117,70,8488,13.698766414643853,1.1639474731396737,0.6963788300835655,84.44090728213291,4.475703324808184,
8,15,500,I,19344,0.6838296112489661,0.02869106699751861,12711,38,517,6078,65.71029776674938,0.19644334160463192,2.672663358147229,31.42059553349876,3.8971807628524044,
8,15,500,NE,596,0.87751677852349,0.27181208053691275,363,2,160,71,60.90604026845637,0.33557046979865773,26.845637583892618,11.912751677852349,30.476190476190474,
8,15,500,ChAT,722,0.8905817174515236,0.15650969529085873,531,1,112,78,73.54570637119113,0.13850415512465375,15.512465373961218,10.803324099722992,17.391304347826086,
8,15,500,Other,747,0.024096385542168676,0.0,18,0,0,729,2.4096385542168677,0.0,0.0,97.59036144578313,0.0,
8,15,530,ALL,20513,0.4352361916833228,0.08672549115195242,7654,505,1274,11080,37.31292351191927,2.461853458782236,6.210695656413006,54.01452737288549,13.50577758931411,30.488522660388465
8,15,530,neuronal_EI,18930,0.44025356576862124,0.08975171685155837,7135,500,1199,10096,37.69149498151083,2.641310089804543,6.333861595351294,53.333333333333336,13.572560561467059,
8,15,530,E,7490,0.13391188251001335,0.0691588785046729,839,354,164,6133,11.201602136181576,4.72630173564753,2.1895861148197597,81.88251001335114,12.08548268238762,
8,15,530,I,11440,0.6408216783216784,0.10323426573426574,6296,146,1035,3963,55.03496503496503,1.2762237762237763,9.047202797202797,34.64160839160839,13.842450180553698,
8,15,530,NE,962,0.5353430353430353,0.05301455301455302,468,4,47,443,48.648648648648646,0.4158004158004158,4.885654885654886,46.04989604989605,9.05587668593449,
8,15,530,ChAT,92,0.8043478260869565,0.31521739130434784,46,1,28,17,50.0,1.0869565217391304,30.434782608695652,18.47826086956522,37.333333333333336,
8,15,530,Other,529,0.00945179584120983,0.0,5,0,0,524,0.945179584120983,0.0,0.0,99.05482041587902,0.0,
8,15,560,ALL,19976,0.295905086103324,0.11068281938325991,4740,1040,1171,13025,23.728474169002805,5.206247496996395,5.8620344413295955,65.20324389267121,16.846496906919867,53.503787878787875
8,15,560,neuronal_EI,19191,0.29758741076546297,0.11005158668125684,4619,1020,1092,12460,24.068573810640405,5.314991402219791,5.6901672659058935,64.92626752123391,16.22344376764225,
8,15,560,E,12981,0.10623218550188737,0.08705030429088668,1165,916,214,10686,8.974655265387874,7.056467144287805,1.648563284800863,82.32031430552345,9.324618736383442,
8,15,560,I,6210,0.6975845410628019,0.15813204508856682,3454,104,878,1774,55.61996779388084,1.674718196457327,14.138486312399356,28.56682769726248,19.792605951307483,
8,15,560,NE,275,0.6472727272727272,0.34545454545454546,103,20,75,77,37.45454545454545,7.2727272727272725,27.272727272727273,28.0,37.878787878787875,
8,15,560,ChAT,20,0.7,0.2,10,0,4,6,50.0,0.0,20.0,30.0,28.571428571428573,
8,15,560,Other,490,0.0163265306122449,0.0,8,0,0,482,1.6326530612244898,0.0,0.0,98.36734693877551,0.0,
8,20,0,ALL,71950,0.42665740097289784,0.033453787352328006,29015,724,1683,40528,40.32661570535094,1.0062543432939541,2.3391243919388462,56.32800555941626,5.356119915982433,37.64976958525346
8,20,0,neuronal_EI,67517,0.4253743501636625,0.03214005361612631,27258,708,1462,38089,40.37205444554705,1.0486247907934299,2.165380570819201,56.41394019284032,4.9680576321870324,
8,20,0,E,30523,0.1254463846935098,0.026766700520918653,3589,577,240,26117,11.758346165186909,1.8903777479277921,0.786292304164073,85.56498378272123,5.447117566954153,
8,20,0,I,36994,0.672838838730605,0.03657349840514678,23669,131,1222,11972,63.98064551008272,0.35411147753689787,3.30323836297778,32.36200464940261,4.8837023419390935,
8,20,0,NE,1833,0.6633933442444081,0.09110747408619749,1065,16,151,601,58.10147299509001,0.872885979268958,8.237861429350792,32.787779596290235,12.256493506493506,
8,20,0,ChAT,834,0.8764988009592326,0.08393285371702638,661,0,70,103,79.25659472422062,0.0,8.393285371702637,12.350119904076738,9.575923392612859,
8,20,0,Other,1766,0.017553793884484713,0.0,31,0,0,1735,1.7553793884484712,0.0,0.0,98.24462061155153,0.0,
8,20,500,ALL,31461,0.5040844219827724,0.012364514796096755,15512,42,347,15560,49.305489336003305,0.13349861733574903,1.1029528622739264,49.45805918438702,2.1822526885101565,21.88679245283019
8,20,500,neuronal_EI,29396,0.49921758062321403,0.00901483194992516,14450,40,225,14681,49.1563478024221,0.13607293509320997,0.765410259899306,49.94216900258539,1.529051987767584,
8,20,500,E,10052,0.14395145244727417,0.0057699960206923995,1420,31,27,8574,14.126541981695185,0.3083963390370076,0.26860326303223236,85.29645841623558,1.8267929634641407,
8,20,500,I,19344,0.6838296112489661,0.010700992555831266,13030,9,198,6107,67.35938792390405,0.04652605459057072,1.0235732009925558,31.57051282051282,1.4958072070710886,
8,20,500,NE,596,0.87751677852349,0.13087248322147652,447,2,76,71,75.0,0.33557046979865773,12.751677852348994,11.912751677852349,14.476190476190476,
8,20,500,ChAT,722,0.8905817174515236,0.06371191135734072,597,0,46,79,82.68698060941828,0.0,6.371191135734072,10.941828254847646,7.153965785381026,
8,20,500,Other,747,0.024096385542168676,0.0,18,0,0,729,2.4096385542168677,0.0,0.0,97.59036144578313,0.0,
8,20,530,ALL,20513,0.4352361916833228,0.04572709988787598,8206,216,722,11369,40.0038999658753,1.0529907863306196,3.5197192024569786,55.4233900453371,7.89588801399825,27.659574468085108
8,20,530,neuronal_EI,18930,0.44025356576862124,0.047173798203909136,7655,214,679,10382,40.43845747490755,1.1304807184363443,3.5868991019545695,54.84416270470153,7.943378568086102,
8,20,530,E,7490,0.13391188251001335,0.032977303070761015,912,156,91,6331,12.176234979973298,2.082777036048064,1.2149532710280373,84.5260347129506,7.851596203623814,
8,20,530,I,11440,0.6408216783216784,0.056468531468531466,6743,58,588,4051,58.94230769230769,0.506993006993007,5.13986013986014,35.41083916083916,7.957775071051564,
8,20,530,NE,962,0.5353430353430353,0.02494802494802495,493,2,22,445,51.24740124740125,0.2079002079002079,2.286902286902287,46.25779625779626,4.25531914893617,
8,20,530,ChAT,92,0.8043478260869565,0.22826086956521738,53,0,21,18,57.608695652173914,0.0,22.82608695652174,19.565217391304348,28.37837837837838,
8,20,530,Other,529,0.00945179584120983,0.0,5,0,0,524,0.945179584120983,0.0,0.0,99.05482041587902,0.0,
8,20,560,ALL,19976,0.295905086103324,0.054064877853424106,5297,466,614,13599,26.516820184221064,2.3327993592310774,3.0736884261113335,68.07669203043652,9.628351889603262,50.59288537549407
8,20,560,neuronal_EI,19191,0.29758741076546297,0.05273305195143557,5153,454,558,13026,26.851128132979,2.3656922515762595,2.907612943567297,67.87556667187744,9.05109489051095,
8,20,560,E,12981,0.10623218550188737,0.039442261767198214,1257,390,122,11212,9.683383406517217,3.0043910330483015,0.9398351436715199,86.37239041676295,6.896551724137931,
8,20,560,I,6210,0.6975845410628019,0.08051529790660225,3896,64,436,1814,62.73752012882448,1.0305958132045088,7.020933977455717,29.210950080515296,9.918107370336669,
8,20,560,NE,275,0.6472727272727272,0.23636363636363636,125,12,53,85,45.45454545454545,4.363636363636363,19.272727272727273,30.90909090909091,27.894736842105264,
8,20,560,ChAT,20,0.7,0.15,11,0,3,6,55.0,0.0,15.0,30.0,21.428571428571427,
8,20,560,Other,490,0.0163265306122449,0.0,8,0,0,482,1.6326530612244898,0.0,0.0,98.36734693877551,0.0,
10,0,0,ALL,71950,0.3728283530229326,0.8066018068102849,3128,34338,23697,10787,4.3474635163307855,47.72480889506602,32.935371785962474,14.992355802640724,38.74401190262086,45.622411516828535
10,0,0,neuronal_EI,67517,0.3704696594931647,0.8189493016573604,3051,33331,21962,9173,4.518861916258127,49.366826132677694,32.52810403305834,13.586207918005835,37.64225970108323,
10,0,0,E,30523,0.0900959931854667,0.8264587360351211,302,22778,2448,4995,0.9894178160731252,74.62569210103857,8.020181502473545,16.36470858041477,9.589470385459103,
10,0,0,I,36994,0.6018002919392333,0.8127534194734282,2749,10553,19514,4178,7.430934746175056,28.52624749959453,52.749094447748284,11.293723306482132,59.4648951730863,
10,0,0,NE,1833,0.5973813420621932,0.9159847244953628,33,617,1062,121,1.800327332242226,33.66066557555919,57.93780687397709,6.601200218221495,62.032710280373834,
10,0,0,ChAT,834,0.8465227817745803,0.9220623501199041,35,98,671,30,4.196642685851319,11.750599520383693,80.45563549160671,3.597122302158273,83.45771144278606,
10,0,0,Other,1766,0.00622876557191393,0.1664779161947905,9,292,2,1463,0.5096262740656852,16.534541336353342,0.11325028312570781,82.84258210645527,0.6600660066006601,
10,0,500,ALL,31461,0.442039350306729,0.7905343123231938,1997,12961,11910,4593,6.347541400464067,41.19703760211055,37.85639363020883,14.599027367216554,44.327824921840104,34.27575358190553
10,0,500,neuronal_EI,29396,0.43499115525921894,0.8001428765818479,1942,12676,10845,3933,6.606340998775344,43.121513131038235,36.89277452714655,13.37937134303987,42.59121077642069,
10,0,500,E,10052,0.1141066454436928,0.8020294468762436,174,7089,973,1816,1.73099880620772,70.52327894946279,9.67966573816156,18.066056506167925,11.813987372510928,
10,0,500,I,19344,0.6017369727047146,0.7991625310173698,1768,5587,9872,2117,9.13978494623656,28.88234077750207,51.033912324234905,10.943961952026468,57.305392697509724,
10,0,500,NE,596,0.8204697986577181,0.9379194630872483,15,85,474,22,2.5167785234899327,14.261744966442953,79.53020134228188,3.6912751677852347,82.57839721254355,
10,0,500,ChAT,722,0.8656509695290858,0.9168975069252078,35,72,590,25,4.847645429362881,9.97229916897507,81.7174515235457,3.4626038781163433,84.64849354375897,
10,0,500,Other,747,0.008032128514056224,0.17269076305220885,5,128,1,613,0.6693440428380187,17.13520749665328,0.13386880856760375,82.0615796519411,0.746268656716418,
10,0,530,ALL,20513,0.37751669672890364,0.7744357236874178,860,9002,6884,3767,4.192463315945986,43.8843660117974,33.55920635694438,18.36396431531224,41.10832437597038,38.834755728781666
10,0,530,neuronal_EI,18930,0.3818806127839408,0.7861067089276281,840,8492,6389,3209,4.437400950871632,44.86001056524036,33.75066032752245,16.951928156365557,40.63990840277336,
10,0,530,E,7490,0.09639519359145528,0.7715620827770361,69,5126,653,1642,0.9212283044058746,68.43791722296395,8.718291054739653,21.922563417890522,11.166210670314637,
10,0,530,I,11440,0.5687937062937063,0.7956293706293707,771,3366,5736,1567,6.739510489510489,29.423076923076923,50.13986013986014,13.697552447552448,58.09784260103312,
10,0,530,NE,962,0.46361746361746364,0.8877338877338877,18,426,428,90,1.8711018711018712,44.28274428274428,44.49064449064449,9.355509355509355,49.08256880733945,
10,0,530,ChAT,92,0.7282608695652174,0.9456521739130435,0,20,67,5,0.0,21.73913043478261,72.82608695652173,5.434782608695652,77.01149425287356,
10,0,530,Other,529,0.003780718336483932,0.12098298676748583,2,64,0,463,0.3780718336483932,12.098298676748582,0.0,87.52362948960302,0.0,
10,0,560,ALL,19976,0.25901081297557066,0.8649379255106128,271,12375,4903,2427,1.3566279535442531,61.94933920704846,24.544453344012815,12.149579495394473,27.93891389822782,67.4027588656681
10,0,560,neuronal_EI,19191,0.26038247094992445,0.8801521546558283,269,12163,4728,2031,1.4016987129383565,63.37866708352874,24.636548382054087,10.583085821478818,27.552447552447553,
10,0,560,E,12981,0.06786842307988598,0.8770510746475618,59,10563,822,1537,0.45451043833294813,81.37277559510053,6.3323318696556505,11.84038209691087,7.18280321565886,
10,0,560,I,6210,0.6628019323671498,0.886634460547504,210,1600,3906,494,3.3816425120772946,25.764895330112722,62.89855072463768,7.9549114331723025,68.33449965010497,
10,0,560,NE,275,0.5818181818181818,0.9672727272727273,0,106,160,9,0.0,38.54545454545455,58.18181818181818,3.272727272727273,60.150375939849624,
10,0,560,ChAT,20,0.7,1.0,0,6,14,0,0.0,30.0,70.0,0.0,70.0,
10,0,560,Other,490,0.006122448979591836,0.20612244897959184,2,100,1,387,0.40816326530612246,20.408163265306122,0.20408163265306123,78.9795918367347,0.970873786407767,
10,1,0,ALL,71950,0.3728283530229326,0.7497289784572619,4182,31300,22643,13825,5.8123697011813755,43.50243224461432,31.470465601111883,19.214732453092424,38.95569892473118,45.66596605947377
10,1,0,neuronal_EI,67517,0.3704696594931647,0.7610527718944858,4084,30455,20929,12049,6.048846957062666,45.10715819719478,30.998118992253804,17.84587585348875,37.731665104204225,
10,1,0,E,30523,0.0900959931854667,0.7687645382170822,383,21098,2367,6675,1.2547914687284998,69.12164597189005,7.75480784981817,21.86875470956328,9.925360617242536,
10,1,0,I,36994,0.6018002919392333,0.7546899497215764,3701,9357,18562,5374,10.00432502567984,25.293290803914147,50.1757041682435,14.526680002162513,58.7033523086654,
10,1,0,NE,1833,0.5973813420621932,0.8870703764320785,45,576,1050,162,2.454991816693944,31.42389525368249,57.283142389525366,8.8379705400982,62.83662477558348,
10,1,0,ChAT,834,0.8465227817745803,0.9028776978417267,44,91,662,37,5.275779376498801,10.911270983213429,79.37649880095923,4.436450839328537,83.06148055207026,
10,1,0,Other,1766,0.00622876557191393,0.10192525481313704,9,178,2,1577,0.5096262740656852,10.079275198187995,0.11325028312570781,89.29784824462061,1.0582010582010581,
10,1,500,ALL,31461,0.442039350306729,0.7334159753345412,2578,11745,11329,5809,8.194272273608595,37.331934776389815,36.009662757064305,18.464130192937287,44.16419772337439,34.2299747532706
10,1,500,neuronal_EI,29396,0.43499115525921894,0.7410872227513947,2511,11509,10276,5100,8.541978500476255,39.15158524969384,34.95713702544564,17.34929922438427,42.295027988146195,
10,1,500,E,10052,0.1141066454436928,0.7418424194190211,217,6527,930,2378,2.1587743732590527,64.93235177079188,9.251890171110226,23.65698368483884,12.118842845973417,
10,1,500,I,19344,0.6017369727047146,0.7406947890818859,2294,4982,9346,2722,11.85897435897436,25.75475599669148,48.31472291149711,14.071546732837055,56.22668752256046,
10,1,500,NE,596,0.8204697986577181,0.9211409395973155,20,80,469,27,3.3557046979865772,13.422818791946309,78.69127516778524,4.530201342281879,82.42530755711775,
10,1,500,ChAT,722,0.8656509695290858,0.8988919667590027,42,66,583,31,5.8171745152354575,9.141274238227147,80.74792243767313,4.293628808864266,84.37047756874095,
10,1,500,Other,747,0.008032128514056224,0.12182061579651941,5,90,1,651,0.6693440428380187,12.048192771084338,0.13386880856760375,87.14859437751004,1.0416666666666667,
10,1,530,ALL,20513,0.37751669672890364,0.7076488080729294,1247,8019,6497,4750,6.079071808121679,39.09228294252425,31.672597864768683,23.156047384585385,41.21677345682929,38.76904954722815
10,1,530,neuronal_EI,18930,0.3818806127839408,0.7175382989963022,1220,7574,6009,4127,6.444796619123085,40.01056524035922,31.743264659271,21.8013734812467,40.593123015604945,
10,1,530,E,7490,0.09639519359145528,0.7030707610146862,91,4635,631,2133,1.2149532710280373,61.88251001335114,8.42456608811749,28.47797062750334,11.778980772820608,
10,1,530,I,11440,0.5687937062937063,0.7270104895104895,1129,2939,5378,1994,9.868881118881118,25.69055944055944,47.01048951048951,17.43006993006993,56.9341520220199,
10,1,530,NE,962,0.46361746361746364,0.8461538461538461,25,393,421,123,2.598752598752599,40.852390852390855,43.762993762993766,12.785862785862786,50.17878426698451,
10,1,530,ChAT,92,0.7282608695652174,0.9347826086956522,0,19,67,6,0.0,20.652173913043477,72.82608695652173,6.521739130434782,77.90697674418605,
10,1,530,Other,529,0.003780718336483932,0.062381852551984876,2,33,0,494,0.3780718336483932,6.238185255198488,0.0,93.38374291115312,0.0,
10,1,560,ALL,19976,0.25901081297557066,0.8186323588305967,357,11536,4817,3266,1.787144573488186,57.74929915899079,24.113936724068882,16.349619543452143,28.827049670855775,67.07042957042957
10,1,560,neuronal_EI,19191,0.26038247094992445,0.8345578656661977,353,11372,4644,2822,1.8394038872388099,59.25694335886614,24.198843207753633,14.704809546141421,28.370700714765714,
10,1,560,E,12981,0.06786842307988598,0.8275171404360219,75,9936,806,2164,0.5777675063554426,76.54263924196903,6.2090748016331565,16.67051845004237,7.451234168438569,
10,1,560,I,6210,0.6628019323671498,0.8492753623188406,278,1436,3838,658,4.476650563607086,23.123993558776167,61.80354267310789,10.595813204508858,69.12824207492795,
10,1,560,NE,275,0.5818181818181818,0.9563636363636364,0,103,160,12,0.0,37.45454545454545,58.18181818181818,4.363636363636363,60.836501901140686,
10,1,560,ChAT,20,0.7,0.9,2,6,12,0,10.0,30.0,60.0,0.0,60.0,
10,1,560,Other,490,0.006122448979591836,0.11428571428571428,2,55,1,432,0.40816326530612246,11.224489795918368,0.20408163265306123,88.16326530612245,1.7241379310344827,
10,2,0,ALL,71950,0.3728283530229326,0.6135788742182071,7247,24569,19578,20556,10.072272411396803,34.14732453092425,27.210562890896455,28.569840166782488,38.093940926956456,45.67615870368164
10,2,0,neuronal_EI,67517,0.3704696594931647,0.6215471658989588,7046,23998,17967,18506,10.435890220240829,35.54364086082024,26.61107572907564,27.409393189863295,36.65911734100508,
10,2,0,E,30523,0.0900959931854667,0.627985453592373,674,17092,2076,10681,2.208170887527438,55.99711692821806,6.8014284310192314,34.99328375323527,10.462654974296946,
10,2,0,I,36994,0.6018002919392333,0.6162350651456993,6372,6906,15891,7825,17.224414769962696,18.66789209060929,42.95561442396064,21.152078715467372,54.479070245808906,
10,2,0,NE,1833,0.5973813420621932,0.7943262411347518,97,458,998,280,5.291871249318058,24.986361156573924,54.44626295690126,15.275504637206765,64.26271732131359,
10,2,0,ChAT,834,0.8465227817745803,0.8189448441247003,94,71,612,57,11.270983213429256,8.513189448441247,73.38129496402878,6.83453237410072,78.76447876447877,
10,2,0,Other,1766,0.00622876557191393,0.02434881087202718,10,42,1,1713,0.5662514156285391,2.378255945639864,0.056625141562853906,96.99886749716875,1.8867924528301887,
10,2,500,ALL,31461,0.442039350306729,0.5785893646101522,4451,8747,9456,8807,14.147674899081402,27.802676329423733,30.056260131591493,27.993388639903372,41.7409728966187,33.89393495458541
10,2,500,neuronal_EI,29396,0.43499115525921894,0.580521159341407,4321,8599,8466,8010,14.699278813444005,29.25227922166281,28.799836712477887,27.248605252415295,39.58664546899841,
10,2,500,E,10052,0.1141066454436928,0.575407879029049,369,5006,778,3899,3.6709112614405095,49.80103461997612,7.7397532829287705,38.788300835654596,12.644238582805135,
10,2,500,I,19344,0.6017369727047146,0.5831782464846981,3952,3593,7688,4111,20.43010752688172,18.574234904880065,39.743589743589745,21.25206782464847,50.469375697498855,
10,2,500,NE,596,0.8204697986577181,0.87751677852349,38,72,451,35,6.375838926174497,12.080536912751677,75.67114093959732,5.87248322147651,80.3921568627451,
10,2,500,ChAT,722,0.8656509695290858,0.817174515235457,86,51,539,46,11.911357340720222,7.06371191135734,74.65373961218836,6.371191135734072,79.73372781065089,
10,2,500,Other,747,0.008032128514056224,0.03346720214190094,6,25,0,716,0.8032128514056225,3.3467202141900936,0.0,95.85006693440428,0.0,
10,2,530,ALL,20513,0.37751669672890364,0.5778286939989276,2122,6231,5622,6538,10.344659484229513,30.3758592112319,27.40701018866085,31.872471115877737,40.22898032200358,38.30190381665614
10,2,530,neuronal_EI,18930,0.3818806127839408,0.585472794506075,2063,5917,5166,5784,10.898045430533545,31.257263602746963,27.290015847860538,30.554675118858952,39.29712460063898,
10,2,530,E,7490,0.09639519359145528,0.5667556742323098,150,3673,572,3095,2.0026702269692924,49.03871829105474,7.636849132176235,41.321762349799734,13.014789533560865,
10,2,530,I,11440,0.5687937062937063,0.5977272727272728,1913,2244,4594,2689,16.722027972027973,19.615384615384617,40.15734265734266,23.505244755244757,52.49685750199977,
10,2,530,NE,962,0.46361746361746364,0.7089397089397089,54,290,392,226,5.613305613305613,30.145530145530145,40.74844074844075,23.492723492723492,53.26086956521739,
10,2,530,ChAT,92,0.7282608695652174,0.8804347826086957,3,17,64,8,3.260869565217391,18.47826086956522,69.56521739130434,8.695652173913043,76.19047619047619,
10,2,530,Other,529,0.003780718336483932,0.013232514177693762,2,7,0,520,0.3780718336483932,1.3232514177693762,0.0,98.29867674858222,0.0,
10,2,560,ALL,19976,0.25901081297557066,0.7053964757709251,674,9591,4500,5211,3.3740488586303563,48.0126151381658,22.527032438926714,26.08630356427713,30.477480528276327,66.14315698053123
10,2,560,neuronal_EI,19191,0.26038247094992445,0.7199729039654005,662,9482,4335,4712,3.4495336355583346,49.408576937105934,22.58871345943411,24.55317596790162,29.939912977415567,
10,2,560,E,12981,0.06786842307988598,0.7040289654109853,155,8413,726,3687,1.1940528464679145,64.81010707957785,5.592789461520684,28.403050612433557,7.811491284699806,
10,2,560,I,6210,0.6628019323671498,0.7533011272141706,507,1069,3609,1025,8.16425120772947,17.214170692431562,58.11594202898551,16.505636070853463,69.6046287367406,
10,2,560,NE,275,0.5818181818181818,0.9127272727272727,5,96,155,19,1.8181818181818181,34.90909090909091,56.36363636363637,6.909090909090909,60.546875,
10,2,560,ChAT,20,0.7,0.6,5,3,9,3,25.0,15.0,45.0,15.0,52.94117647058823,
10,2,560,Other,490,0.006122448979591836,0.022448979591836733,2,10,1,477,0.40816326530612246,2.0408163265306123,0.20408163265306123,97.34693877551021,7.6923076923076925,
10,3,0,ALL,71950,0.3728283530229326,0.5130229325920779,9799,19886,17026,25239,13.619179986101459,27.638637943015983,23.6636553161918,35.078526754690756,36.44965853867397,45.758060827807
10,3,0,neuronal_EI,67517,0.3704696594931647,0.5181509841965727,9477,19448,15536,23056,14.036464890323918,28.804597360664722,23.01050105899255,34.14843669001881,34.94298373855739,
10,3,0,E,30523,0.0900959931854667,0.5244569668774367,920,14178,1830,13595,3.014120499295613,46.450217868492615,5.995478819251057,44.540182812960715,10.810491493383743,
10,3,0,I,36994,0.6018002919392333,0.512948045629021,8557,5270,13706,9461,23.130777963994163,14.245553332972914,37.049251229929176,25.574417473103747,49.780263683579705,
10,3,0,NE,1833,0.5973813420621932,0.7037643207855974,177,372,918,366,9.656301145662848,20.29459901800327,50.08183306055646,19.967266775777414,62.576687116564415,
10,3,0,ChAT,834,0.8465227817745803,0.750599520383693,135,55,571,73,16.18705035971223,6.594724220623501,68.4652278177458,8.752997601918466,75.03285151116951,
10,3,0,Other,1766,0.00622876557191393,0.006795016987542469,10,11,1,1744,0.5662514156285391,0.622876557191393,0.056625141562853906,98.75424688561722,4.545454545454546,
10,3,500,ALL,31461,0.442039350306729,0.46533803757032516,5952,6685,7955,10869,18.918661199580434,21.24852992594005,25.285273831092464,34.54753504338705,38.63150738150738,33.357808943387916
10,3,500,neuronal_EI,29396,0.43499115525921894,0.46329432575860663,5749,6581,7038,10028,19.557082596271602,22.38739964621037,23.942032929650292,34.11348482786774,36.33828996282528,
10,3,500,E,10052,0.1141066454436928,0.451949860724234,495,3891,652,5014,4.924393155590927,38.70871468364505,6.486271388778353,49.880620771985676,12.941643509329099,
10,3,500,I,19344,0.6017369727047146,0.46918941273779985,5254,2690,6386,5014,27.16087675765095,13.906120760959471,33.01282051282051,25.920181968569064,44.56385205861828,
10,3,500,NE,596,0.8204697986577181,0.7986577181208053,73,60,416,47,12.248322147651006,10.06711409395973,69.79865771812081,7.885906040268456,75.77413479052824,
10,3,500,ChAT,722,0.8656509695290858,0.7451523545706371,124,37,501,60,17.174515235457065,5.124653739612189,69.39058171745152,8.310249307479225,75.6797583081571,
10,3,500,Other,747,0.008032128514056224,0.009370816599732263,6,7,0,734,0.8032128514056225,0.9370816599732262,0.0,98.25970548862115,0.0,
10,3,530,ALL,20513,0.37751669672890364,0.4863744942231755,2829,5062,4915,7707,13.791254326524642,24.677034075951834,23.960415346365718,37.571296251157804,38.380446665625485,38.39142091152815
10,3,530,neuronal_EI,18930,0.3818806127839408,0.4926043317485473,2725,4821,4504,6880,14.39513998943476,25.467511885895405,23.792921288959324,36.344426835710514,37.37759336099585,
10,3,530,E,7490,0.09639519359145528,0.4779706275033378,208,3066,514,3702,2.7770360480640854,40.93457943925234,6.862483311081442,49.42590120160214,13.569165786694827,
10,3,530,I,11440,0.5687937062937063,0.5021853146853147,2517,1755,3990,3178,22.001748251748253,15.340909090909092,34.87762237762238,27.77972027972028,48.29339143064633,
10,3,530,NE,962,0.46361746361746364,0.5956340956340956,97,224,349,292,10.083160083160083,23.284823284823286,36.27858627858628,30.353430353430355,52.08955223880597,
10,3,530,ChAT,92,0.7282608695652174,0.8369565217391305,5,15,62,10,5.434782608695652,16.304347826086957,67.3913043478261,10.869565217391305,75.60975609756098,
10,3,530,Other,529,0.003780718336483932,0.003780718336483932,2,2,0,525,0.3780718336483932,0.3780718336483932,0.0,99.24385633270322,0.0,
10,3,560,ALL,19976,0.25901081297557066,0.6154885863035643,1018,8139,4156,6663,5.096115338406087,40.743892671205444,20.80496595915098,33.355026031237486,31.21760685044693,65.49003322259136
10,3,560,neuronal_EI,19191,0.26038247094992445,0.6273774164973165,1003,8046,3994,6148,5.226408212182794,41.92590276692199,20.81183888280965,32.035850138085564,30.621789465613737,
10,3,560,E,12981,0.06786842307988598,0.6074262383483553,217,7221,664,4879,1.6716739850550806,55.62745551190201,5.115168322933518,37.585702180109394,8.195507282152555,
10,3,560,I,6210,0.6628019323671498,0.6690821256038647,786,825,3330,1269,12.657004830917874,13.285024154589372,53.6231884057971,20.434782608695652,67.39526411657559,
10,3,560,NE,275,0.5818181818181818,0.8763636363636363,7,88,153,27,2.5454545454545454,32.0,55.63636363636363,9.818181818181818,61.693548387096776,
10,3,560,ChAT,20,0.7,0.55,6,3,8,3,30.0,15.0,40.0,15.0,47.05882352941177,
10,3,560,Other,490,0.006122448979591836,0.006122448979591836,2,2,1,485,0.40816326530612246,0.40816326530612246,0.20408163265306123,98.9795918367347,20.0,
10,4,0,ALL,71950,0.3728283530229326,0.42851980542043083,12155,16162,14670,28963,16.89367616400278,22.462821403752606,20.38915913829048,40.254343293954136,34.126596412869006,45.66545404626261
10,4,0,neuronal_EI,67517,0.3704696594931647,0.43156538353303614,11708,15833,13305,26671,17.34081786809248,23.450390272079623,19.706148081223986,39.502643778603904,32.57356901532586,
10,4,0,E,30523,0.0900959931854667,0.4359335583002981,1178,11734,1572,16039,3.859384726271992,38.443141237755135,5.150214592274678,52.547259443698195,10.853355426677714,
10,4,0,I,36994,0.6018002919392333,0.42796129102016545,10530,4099,11733,10632,28.46407525544683,11.080175163540034,31.71595393847651,28.739795642536627,44.50724527729307,
10,4,0,NE,1833,0.5973813420621932,0.6192034915439171,249,289,846,449,13.584288052373159,15.766503000545553,46.15384615384615,24.495362793235135,61.127167630057805,
10,4,0,ChAT,834,0.8465227817745803,0.6678657074340527,188,39,518,89,22.54196642685851,4.676258992805756,62.11031175059952,10.67146282973621,69.53020134228188,
10,4,0,Other,1766,0.00622876557191393,0.0011325028312570782,10,1,1,1754,0.5662514156285391,0.056625141562853906,0.056625141562853906,99.32049830124575,8.333333333333334,
10,4,500,ALL,31461,0.442039350306729,0.36772511998982865,7350,5012,6557,12542,23.362258033756078,15.93083500206605,20.841676996916817,39.86522996726105,34.6582800359427,32.151233699221315
10,4,500,neuronal_EI,29396,0.43499115525921894,0.36260035378963124,7066,4938,5721,11671,24.037283984215538,16.798203837256768,19.461831541706356,39.702680636821334,32.276445698166434,
10,4,500,E,10052,0.1141066454436928,0.34092717867091127,640,2920,507,5985,6.366892160764027,29.048945483485873,5.043772383605253,59.540389972144844,12.466191295795426,
10,4,500,I,19344,0.6017369727047146,0.3738626964433416,6426,2018,5214,5686,33.21960297766749,10.43217535153019,26.95409429280397,29.394127377998345,38.175428320398304,
10,4,500,NE,596,0.8204697986577181,0.7298657718120806,104,50,385,57,17.449664429530202,8.389261744966444,64.59731543624162,9.563758389261745,71.42857142857143,
10,4,500,ChAT,722,0.8656509695290858,0.6578947368421053,174,24,451,73,24.099722991689752,3.3240997229916895,62.46537396121884,10.110803324099724,69.49152542372882,
10,4,500,Other,747,0.008032128514056224,0.0,6,0,0,741,0.8032128514056225,0.0,0.0,99.19678714859438,0.0,
10,4,530,ALL,20513,0.37751669672890364,0.41349388192853315,3429,4167,4315,8602,16.716228732998587,20.313947252961537,21.035440939891775,41.9343830741481,36.22701704306943,38.805594053168704
10,4,530,neuronal_EI,18930,0.3818806127839408,0.4192815636555732,3288,3996,3941,7705,17.369255150554675,21.10935023771791,20.81880612783941,40.70258848388801,35.10913140311804,
10,4,530,E,7490,0.09639519359145528,0.411214953271028,250,2608,472,4160,3.3377837116154874,34.81975967957276,6.30173564753004,55.54072096128171,14.174174174174174,
10,4,530,I,11440,0.5687937062937063,0.4245629370629371,3038,1388,3469,3545,26.555944055944057,12.132867132867133,30.323426573426573,30.987762237762237,43.93920202659911,
10,4,530,NE,962,0.46361746361746364,0.49272349272349275,131,159,315,357,13.617463617463617,16.528066528066528,32.74428274428274,37.11018711018711,52.06611570247934,
10,4,530,ChAT,92,0.7282608695652174,0.7717391304347826,8,12,59,13,8.695652173913043,13.043478260869565,64.1304347826087,14.130434782608695,74.68354430379746,
10,4,530,Other,529,0.003780718336483932,0.0,2,0,0,527,0.3780718336483932,0.0,0.0,99.62192816635161,0.0,
10,4,560,ALL,19976,0.25901081297557066,0.5396976371645975,1376,6983,3798,7819,6.888265919102923,34.95694833800561,19.012815378454146,39.14197036443733,31.241260179320555,64.49440333902486
10,4,560,neuronal_EI,19191,0.26038247094992445,0.549319993747069,1354,6899,3643,7295,7.055390547652546,35.949142827367,18.9828565473399,38.01261007764056,30.62373907195696,
10,4,560,E,12981,0.06786842307988598,0.5237655034280873,288,6206,593,5894,2.2186272244048997,47.80833525922502,4.568215083583699,45.40482243278638,8.367433328629886,
10,4,560,I,6210,0.6628019323671498,0.6027375201288244,1066,693,3050,1401,17.165861513687602,11.159420289855072,49.11433172302738,22.56038647342995,63.42274901226866,
10,4,560,NE,275,0.5818181818181818,0.8218181818181818,14,80,146,35,5.090909090909091,29.09090909090909,53.09090909090909,12.727272727272727,60.833333333333336,
10,4,560,ChAT,20,0.7,0.55,6,3,8,3,30.0,15.0,40.0,15.0,47.05882352941177,
10,4,560,Other,490,0.006122448979591836,0.004081632653061225,2,1,1,486,0.40816326530612246,0.20408163265306123,0.20408163265306123,99.18367346938776,25.0,
10,5,0,ALL,71950,0.3728283530229326,0.35901320361362055,14186,13192,12639,31933,19.716469770674077,18.334954829742877,17.56636553161918,44.382209867963866,31.584076767373865,45.42129058775175
10,5,0,neuronal_EI,67517,0.3704696594931647,0.36035368870062356,13615,12932,11398,29572,20.165291704311507,19.153694625057394,16.881674245004962,43.79933942562614,30.038213203320595,
10,5,0,E,30523,0.0900959931854667,0.36205484388821546,1414,9715,1336,18058,4.632572158699997,31.828457228974873,4.377027159846673,59.16194345247846,10.718010429201765,
10,5,0,I,36994,0.6018002919392333,0.35895010001621885,12201,3217,10062,11514,32.981023949829705,8.696004757528248,27.199005244093637,31.123966048548414,39.48979591836735,
10,5,0,NE,1833,0.5973813420621932,0.5379159847244953,335,226,760,512,18.276050190943806,12.329514457174032,41.46208401527551,27.932351336606654,57.53217259651779,
10,5,0,ChAT,834,0.8465227817745803,0.6163069544364509,226,34,480,94,27.098321342925658,4.07673860911271,57.55395683453237,11.270983213429256,64.86486486486487,
10,5,0,Other,1766,0.00622876557191393,0.0005662514156285391,10,0,1,1755,0.5662514156285391,0.0,0.056625141562853906,99.37712344280861,9.090909090909092,
10,5,500,ALL,31461,0.442039350306729,0.2896919996185754,8489,3696,5418,13858,26.982613394361273,11.747878325545914,17.221321636311625,44.048186643781186,30.778844515139465,30.851833976833976
10,5,500,neuronal_EI,29396,0.43499115525921894,0.28194312151313106,8141,3642,4646,12967,27.694244114845556,12.389440740236767,15.804871411076338,44.11144373384134,28.27926228011443,
10,5,500,E,10052,0.1141066454436928,0.2543772383605253,743,2153,404,6752,7.391563867886988,21.418623159570235,4.019100676482292,67.17071229606049,12.242424242424242,
10,5,500,I,19344,0.6017369727047146,0.296267576509512,7398,1489,4242,6215,38.24441687344913,7.6974772539288665,21.929280397022332,32.12882547559967,32.31015309619925,
10,5,500,NE,596,0.8204697986577181,0.6577181208053692,132,35,357,72,22.14765100671141,5.87248322147651,59.899328859060404,12.080536912751677,68.12977099236642,
10,5,500,ChAT,722,0.8656509695290858,0.6011080332409973,210,19,415,78,29.085872576177284,2.6315789473684212,57.4792243767313,10.803324099722992,64.44099378881988,
10,5,500,Other,747,0.008032128514056224,0.0,6,0,0,741,0.8032128514056225,0.0,0.0,99.19678714859438,0.0,
10,5,530,ALL,20513,0.37751669672890364,0.3559693852678789,3966,3524,3778,9245,19.334080826792764,17.179349680690294,18.417588846097598,45.06898064641934,33.528576499822506,38.89618922470434
10,5,530,neuronal_EI,18930,0.3818806127839408,0.3618066561014263,3773,3393,3456,8308,19.931325937665083,17.923930269413628,18.256735340729,43.88800845219229,32.536245528149124,
10,5,530,E,7490,0.09639519359145528,0.3556742323097463,296,2238,426,4530,3.951935914552737,29.879839786381844,5.68758344459279,60.48064085447263,14.391891891891891,
10,5,530,I,11440,0.5687937062937063,0.36582167832167833,3477,1155,3030,3778,30.393356643356643,10.096153846153847,26.486013986013987,33.02447552447553,39.54581049334377,
10,5,530,NE,962,0.46361746361746364,0.3991683991683992,181,119,265,397,18.814968814968815,12.37006237006237,27.546777546777548,41.268191268191266,46.902654867256636,
10,5,530,ChAT,92,0.7282608695652174,0.75,10,12,57,13,10.869565217391305,13.043478260869565,61.95652173913044,14.130434782608695,72.15189873417721,
10,5,530,Other,529,0.003780718336483932,0.0,2,0,0,527,0.3780718336483932,0.0,0.0,99.62192816635161,0.0,
10,5,560,ALL,19976,0.25901081297557066,0.4713155786944333,1731,5972,3443,8830,8.665398478173808,29.895875050060074,17.23568281938326,44.20304365238286,30.890005383097076,63.41781790492766
10,5,560,neuronal_EI,19191,0.26038247094992445,0.47902662706476995,1701,5897,3296,8297,8.86352977958418,30.72794539106873,17.174717315408266,43.23380751393883,30.255186341105194,
10,5,560,E,12981,0.06786842307988598,0.449117941606964,375,5324,506,6776,2.888837531777213,41.013789384485015,3.898004776211386,52.199368307526385,8.15471394037067,
10,5,560,I,6210,0.6628019323671498,0.5415458937198068,1326,573,2790,1521,21.352657004830917,9.227053140096618,44.927536231884055,24.492753623188406,59.50095969289827,
10,5,560,NE,275,0.5818181818181818,0.7636363636363637,22,72,138,43,8.0,26.181818181818183,50.18181818181818,15.636363636363637,59.48275862068966,
10,5,560,ChAT,20,0.7,0.55,6,3,8,3,30.0,15.0,40.0,15.0,47.05882352941177,
10,5,560,Other,490,0.006122448979591836,0.0020408163265306124,2,0,1,487,0.40816326530612246,0.0,0.20408163265306123,99.38775510204081,33.333333333333336,
10,7,0,ALL,71950,0.3728283530229326,0.2539124391938846,17378,8822,9447,36303,24.152883947185547,12.261292564280751,13.129951355107714,50.45587213342599,26.501528880410692,44.97984930786753
10,7,0,neuronal_EI,67517,0.3704696594931647,0.25358057970585185,16559,8667,8454,33837,24.525675015181363,12.836767036450079,12.521290934135108,50.11626701423345,25.100950118764846,
10,7,0,E,30523,0.0900959931854667,0.25230154309864694,1730,6681,1020,21092,5.66785702584936,21.888412017167383,3.3417422926973104,69.10198866428595,10.815396034354787,
10,7,0,I,36994,0.6018002919392333,0.2546358869005785,14829,1986,7434,12745,40.08487862896686,5.368438125101368,20.09515056495648,34.45153268097529,30.656934306569344,
10,7,0,NE,1833,0.5973813420621932,0.408619749045281,480,134,615,604,26.18657937806874,7.310420076377524,33.55155482815057,32.95144571740317,50.040683482506104,
10,7,0,ChAT,834,0.8465227817745803,0.4784172661870504,328,21,378,107,39.328537170263786,2.5179856115107913,45.32374100719424,12.829736211031175,51.99449793672627,
10,7,0,Other,1766,0.00622876557191393,0.0,11,0,0,1755,0.622876557191393,0.0,0.0,99.37712344280861,0.0,
10,7,500,ALL,31461,0.442039350306729,0.18092241187501987,10188,1973,3719,15581,32.38295031944312,6.27125647627221,11.820984711229777,49.52480849305489,23.419395465994963,28.82972382276972
10,7,500,neuronal_EI,29396,0.43499115525921894,0.17121377058103143,9699,1945,3088,14664,32.99428493672608,6.616546468907334,10.504830589195809,49.88433800517077,20.961172956828673,
10,7,500,E,10052,0.1141066454436928,0.14434938320732194,857,1161,290,7744,8.52566653402308,11.549940310385994,2.8849980103462,77.03939514524473,12.564991334488735,
10,7,500,I,19344,0.6017369727047146,0.18517369727047148,8842,784,2798,6920,45.709263854425146,4.052936311000827,14.464433416046319,35.77336641852771,22.520927237604635,
10,7,500,NE,596,0.8204697986577181,0.5453020134228188,182,18,307,89,30.536912751677853,3.0201342281879193,51.51006711409396,14.93288590604027,60.552268244575934,
10,7,500,ChAT,722,0.8656509695290858,0.4626038781163435,301,10,324,87,41.689750692520775,1.3850415512465375,44.875346260387815,12.049861495844876,51.023622047244096,
10,7,500,Other,747,0.008032128514056224,0.0,6,0,0,741,0.8032128514056225,0.0,0.0,99.19678714859438,0.0,
10,7,530,ALL,20513,0.37751669672890364,0.26831765222054305,4753,2513,2991,10256,23.170672256617756,12.250767805781699,14.580997416272607,49.997562521327936,29.160573267037144,38.59480269489894
10,7,530,neuronal_EI,18930,0.3818806127839408,0.27443211833069203,4478,2444,2751,9257,23.65557316428949,12.910723718964606,14.532488114104597,48.90121500264131,28.439987594334745,
10,7,530,E,7490,0.09639519359145528,0.2676902536715621,373,1656,349,5112,4.979973297730307,22.109479305740987,4.65954606141522,68.25100133511349,14.676198486122793,
10,7,530,I,11440,0.5687937062937063,0.27884615384615385,4105,788,2402,4145,35.88286713286713,6.888111888111888,20.996503496503497,36.23251748251748,32.92666209732694,
10,7,530,NE,962,0.46361746361746364,0.262993762993763,253,60,193,456,26.2993762993763,6.237006237006237,20.06237006237006,47.4012474012474,38.14229249011858,
10,7,530,ChAT,92,0.7282608695652174,0.6086956521739131,20,9,47,16,21.73913043478261,9.782608695652174,51.08695652173913,17.391304347826086,61.8421052631579,
10,7,530,Other,529,0.003780718336483932,0.0,2,0,0,527,0.3780718336483932,0.0,0.0,99.62192816635161,0.0,
10,7,560,ALL,19976,0.25901081297557066,0.3540748898678414,2437,4336,2737,10466,12.199639567480977,21.70604725670805,13.701441730076091,52.39287144573488,28.780231335436383,61.584215871173654
10,7,560,neuronal_EI,19191,0.26038247094992445,0.3591787817205982,2382,4278,2615,9916,12.41206815694857,22.291699234015944,13.626178938043875,51.670053670991614,28.194070080862534,
10,7,560,E,12981,0.06786842307988598,0.3270164085971805,500,3864,381,8236,3.8517833757029503,29.7665819274324,2.9350589322856484,63.446575764579,8.02950474183351,
10,7,560,I,6210,0.6628019323671498,0.42640901771336553,1882,414,2234,1680,30.305958132045088,6.666666666666667,35.97423510466989,27.053140096618357,49.31567328918322,
10,7,560,NE,275,0.5818181818181818,0.6218181818181818,45,56,115,59,16.363636363636363,20.363636363636363,41.81818181818182,21.454545454545453,53.24074074074074,
10,7,560,ChAT,20,0.7,0.45,7,2,7,4,35.0,10.0,35.0,20.0,43.75,
10,7,560,Other,490,0.006122448979591836,0.0,3,0,0,487,0.6122448979591837,0.0,0.0,99.38775510204081,0.0,
10,10,0,ALL,71950,0.3728283530229326,0.1543849895760945,20709,4992,6116,40133,28.782487838776927,6.938151494093121,8.50034746351633,55.77901320361362,19.222428261621147,44.00272161741835
10,10,0,neuronal_EI,67517,0.3704696594931647,0.1523764385265933,19624,4899,5389,37605,29.065272449901506,7.255950353244368,7.981693499414962,55.69708369743916,18.016180797004548,
10,10,0,E,30523,0.0900959931854667,0.14831438587294826,2096,3873,654,23900,6.866952789699571,12.688792058447728,2.142646528847099,78.3016086230056,9.874679148422166,
10,10,0,I,36994,0.6018002919392333,0.15572795588473806,17528,1026,4735,13705,47.380656322646914,2.7734227171973833,12.799372871276423,37.04654808887928,20.331486968096527,
10,10,0,NE,1833,0.5973813420621932,0.28696126568466995,650,81,445,657,35.46099290780142,4.4189852700491,24.277141298417895,35.84288052373159,37.84013605442177,
10,10,0,ChAT,834,0.8465227817745803,0.35251798561151076,424,12,282,116,50.83932853717026,1.4388489208633093,33.81294964028777,13.908872901678658,39.27576601671309,
10,10,0,Other,1766,0.00622876557191393,0.0,11,0,0,1755,0.622876557191393,0.0,0.0,99.37712344280861,0.0,
10,10,500,ALL,31461,0.442039350306729,0.09179619211086743,11807,788,2100,16766,37.529004163885446,2.504688344299291,6.674930866787451,53.29137662502781,14.290575025518883,26.317974263179742
10,10,500,neuronal_EI,29396,0.43499115525921894,0.0819499251598857,11151,773,1636,15836,37.933732480609606,2.6296094706762827,5.565383045312287,53.87127500340182,12.064896755162241,
10,10,500,E,10052,0.1141066454436928,0.06307202546756864,1000,487,147,8418,9.948269001193792,4.844807003581377,1.4623955431754874,83.74452845204934,8.996328029375764,
10,10,500,I,19344,0.6017369727047146,0.0917597187758478,10151,286,1489,7418,52.4762200165426,1.478494623655914,7.6974772539288665,38.34780810587262,12.485326178098273,
10,10,500,NE,596,0.8204697986577181,0.40436241610738255,259,11,230,96,43.45637583892618,1.8456375838926173,38.59060402684564,16.107382550335572,46.0,
10,10,500,ChAT,722,0.8656509695290858,0.3296398891966759,391,4,234,93,54.15512465373961,0.554016620498615,32.40997229916898,12.880886426592797,37.20190779014308,
10,10,500,Other,747,0.008032128514056224,0.0,6,0,0,741,0.8032128514056225,0.0,0.0,99.19678714859438,0.0,
10,10,530,ALL,20513,0.37751669672890364,0.17515721737434797,5646,1495,2098,11274,27.524009164919807,7.288061229464242,10.227660507970555,54.960269097645394,22.708085290615866,36.6412213740458
10,10,530,neuronal_EI,18930,0.3818806127839408,0.17992604331748546,5284,1461,1945,10240,27.91336502905441,7.717908082408875,10.274696249339673,54.094030639197044,22.38204833141542,
10,10,530,E,7490,0.09639519359145528,0.16662216288384513,467,993,255,5775,6.2349799732977305,13.257676902536716,3.404539385847797,77.10280373831776,14.868804664723031,
10,10,530,I,11440,0.5687937062937063,0.18863636363636363,4817,468,1690,4465,42.10664335664335,4.090909090909091,14.772727272727273,39.02972027972028,24.229390681003583,
10,10,530,NE,962,0.46361746361746364,0.14241164241164242,336,27,110,489,34.92723492723493,2.8066528066528065,11.434511434511435,50.83160083160083,23.25581395348837,
10,10,530,ChAT,92,0.7282608695652174,0.5434782608695652,24,7,43,18,26.08695652173913,7.608695652173913,46.73913043478261,19.565217391304348,58.108108108108105,
10,10,530,Other,529,0.003780718336483932,0.0,2,0,0,527,0.3780718336483932,0.0,0.0,99.62192816635161,0.0,
10,10,560,ALL,19976,0.25901081297557066,0.2316279535442531,3256,2709,1918,12093,16.29955947136564,13.561273528233881,9.60152182619143,60.537645174209054,24.330838513256374,59.13257321708026
10,10,560,neuronal_EI,19191,0.26038247094992445,0.2330780053149914,3189,2665,1808,11529,16.61716429576364,13.886717732270336,9.421082799228806,60.07503517273722,23.596972069955626,
10,10,560,E,12981,0.06786842307988598,0.2037593405746861,629,2393,252,9707,4.845543486634312,18.43463523611432,1.941298821354287,74.77852245589708,7.697006719609041,
10,10,560,I,6210,0.6628019323671498,0.29436392914653786,2560,272,1556,1822,41.22383252818035,4.3800322061191626,25.056360708534623,29.33977455716586,35.46034639927074,
10,10,560,NE,275,0.5818181818181818,0.5381818181818182,55,43,105,72,20.0,15.636363636363637,38.18181818181818,26.181818181818183,51.724137931034484,
10,10,560,ChAT,20,0.7,0.3,9,1,5,5,45.0,5.0,25.0,25.0,33.333333333333336,
10,10,560,Other,490,0.006122448979591836,0.0,3,0,0,487,0.6122448979591837,0.0,0.0,99.38775510204081,0.0,
10,15,0,ALL,71950,0.3728283530229326,0.06958999305072967,23713,1895,3112,43230,32.95760945100764,2.6337734537873523,4.325225851285615,60.08339124391939,10.835654596100278,40.3030968592137
10,15,0,neuronal_EI,67517,0.3704696594931647,0.06743486825540235,22321,1861,2692,40643,33.05982197076292,2.756342846986685,3.9871439785535494,60.196691203696844,10.017116915978269,
10,15,0,E,30523,0.0900959931854667,0.06011859908921142,2401,1486,349,26287,7.8661992595747465,4.868459849949218,1.1434000589719229,86.1219408315041,8.23890462700661,
10,15,0,I,36994,0.6018002919392333,0.07347137373628156,19920,375,2343,14356,53.84656971400768,1.013677893712494,6.333459479915662,38.806292912364164,10.349854227405247,
10,15,0,NE,1833,0.5973813420621932,0.16803055100927441,818,31,277,707,44.626295690125474,1.691216584833606,15.111838516093835,38.57064920894708,24.600355239786857,
10,15,0,ChAT,834,0.8465227817745803,0.1750599520383693,563,3,143,125,67.50599520383693,0.3597122302158273,17.146282973621105,14.988009592326138,20.169252468265164,
10,15,0,Other,1766,0.00622876557191393,0.0,11,0,0,1755,0.622876557191393,0.0,0.0,99.37712344280861,0.0,
10,15,500,ALL,31461,0.442039350306729,0.03232573662629923,13075,185,832,17369,41.55939099202187,0.5880296239788945,2.6445440386510284,55.20803534534821,5.904059040590406,25.202156334231805
10,15,500,neuronal_EI,29396,0.43499115525921894,0.025241529459790447,12227,182,560,16427,41.594094434616956,0.6191318546741054,1.9050210913049395,55.881752619404,4.317989050813479,
10,15,500,E,10052,0.1141066454436928,0.018603263032232392,1087,127,60,8778,10.813768404297653,1.2634301631516116,0.5968961400716275,87.3259052924791,4.7095761381475665,
10,15,500,I,19344,0.6017369727047146,0.02869106699751861,11140,55,500,7649,57.5889164598842,0.28432588916459883,2.584780810587262,39.54197684036394,4.275331338178709,
10,15,500,NE,596,0.8204697986577181,0.27181208053691275,329,2,160,105,55.20134228187919,0.33557046979865773,26.845637583892618,17.61744966442953,32.586558044806516,
10,15,500,ChAT,722,0.8656509695290858,0.15650969529085873,513,1,112,96,71.05263157894737,0.13850415512465375,15.512465373961218,13.296398891966758,17.891373801916934,
10,15,500,Other,747,0.008032128514056224,0.0,6,0,0,741,0.8032128514056225,0.0,0.0,99.19678714859438,0.0,
10,15,530,ALL,20513,0.37751669672890364,0.08672549115195242,6547,582,1197,12187,31.916345731974847,2.837225174279725,5.835323940915517,59.41110515282991,14.376651453278885,30.488522660388465
10,15,530,neuronal_EI,18930,0.3818806127839408,0.08975171685155837,6105,575,1124,11126,32.25039619651347,3.0375066032752245,5.9376650818806125,58.774432118330694,14.402870322911328,
10,15,530,E,7490,0.09639519359145528,0.0691588785046729,583,379,139,6389,7.7837116154873165,5.060080106809079,1.855807743658211,85.3004005340454,12.62488646684832,
10,15,530,I,11440,0.5687937062937063,0.10323426573426574,5522,196,985,4737,48.26923076923077,1.7132867132867133,8.61013986013986,41.40734265734266,14.694912725645233,
10,15,530,NE,962,0.46361746361746364,0.05301455301455302,400,5,46,511,41.58004158004158,0.5197505197505198,4.781704781704781,53.11850311850312,10.199556541019955,
10,15,530,ChAT,92,0.7282608695652174,0.31521739130434784,40,2,27,23,43.47826086956522,2.1739130434782608,29.347826086956523,25.0,39.130434782608695,
10,15,530,Other,529,0.003780718336483932,0.0,2,0,0,527,0.3780718336483932,0.0,0.0,99.62192816635161,0.0,
10,15,560,ALL,19976,0.25901081297557066,0.11068281938325991,4091,1128,1083,13674,20.479575490588708,5.646776131357629,5.421505806968362,68.4521425710853,17.185020628371944,53.503787878787875
10,15,560,neuronal_EI,19191,0.26038247094992445,0.11005158668125684,3989,1104,1008,13090,20.785785003387005,5.752696576520244,5.25246209160544,68.2090563284873,16.52188165874447,
10,15,560,E,12981,0.06786842307988598,0.08705030429088668,731,980,150,11120,5.631307295277714,7.549495416377783,1.1555350127108852,85.66366227563361,8.060182697474476,
10,15,560,I,6210,0.6628019323671498,0.15813204508856682,3258,124,858,1970,52.46376811594203,1.996779388083736,13.816425120772946,31.723027375201287,20.235849056603772,
10,15,560,NE,275,0.5818181818181818,0.34545454545454546,89,24,71,91,32.36363636363637,8.727272727272727,25.818181818181817,33.09090909090909,38.58695652173913,
10,15,560,ChAT,20,0.7,0.2,10,0,4,6,50.0,0.0,20.0,30.0,28.571428571428573,
10,15,560,Other,490,0.006122448979591836,0.0,3,0,0,487,0.6122448979591837,0.0,0.0,99.38775510204081,0.0,
10,20,0,ALL,71950,0.3728283530229326,0.033453787352328006,25235,817,1590,44308,35.072967338429464,1.1355107713690062,2.209867963863794,61.58165392633774,5.752116344692858,37.64976958525346
10,20,0,neuronal_EI,67517,0.3704696594931647,0.03214005361612631,23641,798,1372,41706,35.01488514003881,1.1819245523349675,2.032080809277663,61.771109498348565,5.315563131997985,
10,20,0,E,30523,0.0900959931854667,0.026766700520918653,2565,632,185,27141,8.40349900075353,2.0705697342987257,0.6061003177931396,88.91983094715461,5.470136014192786,
10,20,0,I,36994,0.6018002919392333,0.03657349840514678,21076,166,1187,14565,56.97140076769206,0.4487214142833973,3.2086284262312805,39.37124939179326,5.29225556199563,
10,20,0,NE,1833,0.5973813420621932,0.09110747408619749,946,18,149,720,51.60938352427714,0.9819967266775778,8.12875068194217,39.27986906710311,13.387241689128482,
10,20,0,ChAT,834,0.8465227817745803,0.08393285371702638,637,1,69,127,76.378896882494,0.11990407673860912,8.273381294964029,15.227817745803357,9.75954738330976,
10,20,0,Other,1766,0.00622876557191393,0.0,11,0,0,1755,0.622876557191393,0.0,0.0,99.37712344280861,0.0,
10,20,500,ALL,31461,0.442039350306729,0.012364514796096755,13567,49,340,17505,43.12323193795493,0.1557483868917072,1.0807030927179684,55.640316582435396,2.4362281456004586,21.88679245283019
10,20,500,neuronal_EI,29396,0.43499115525921894,0.00901483194992516,12569,47,218,16562,42.7575180296639,0.15988569873452171,0.7415974962579943,56.340998775343586,1.6986130590618669,
10,20,500,E,10052,0.1141066454436928,0.0057699960206923995,1124,35,23,8870,11.181854357341823,0.34818941504178275,0.22881018702745723,88.24114604058894,1.9458544839255498,
10,20,500,I,19344,0.6017369727047146,0.010700992555831266,11445,12,195,7692,59.16563275434243,0.062034739454094295,1.0080645161290323,39.764267990074444,1.6735324407826981,
10,20,500,NE,596,0.8204697986577181,0.13087248322147652,413,2,76,105,69.29530201342281,0.33557046979865773,12.751677852348994,17.61744966442953,15.478615071283096,
10,20,500,ChAT,722,0.8656509695290858,0.06371191135734072,579,0,46,97,80.19390581717451,0.0,6.371191135734072,13.434903047091412,7.36,
10,20,500,Other,747,0.008032128514056224,0.0,6,0,0,741,0.8032128514056225,0.0,0.0,99.19678714859438,0.0,
10,20,530,ALL,20513,0.37751669672890364,0.04572709988787598,7066,260,678,12509,34.44644859357481,1.267488909472042,3.305221079315556,60.9808414176376,8.470764617691154,27.659574468085108
10,20,530,neuronal_EI,18930,0.3818806127839408,0.047173798203909136,6592,256,637,11445,34.8230322239831,1.352350765979926,3.365029054410988,60.45958795562599,8.510354041416166,
10,20,530,E,7490,0.09639519359145528,0.032977303070761015,648,173,74,6595,8.651535380507344,2.3097463284379174,0.9879839786381842,88.05073431241655,8.268156424581006,
10,20,530,I,11440,0.5687937062937063,0.056468531468531466,5944,83,563,4850,51.95804195804196,0.7255244755244755,4.921328671328672,42.39510489510489,8.543247344461305,
10,20,530,NE,962,0.46361746361746364,0.02494802494802495,425,3,21,513,44.17879417879418,0.31185031185031187,2.182952182952183,53.32640332640332,4.67706013363029,
10,20,530,ChAT,92,0.7282608695652174,0.22826086956521738,47,1,20,24,51.08695652173913,1.0869565217391304,21.73913043478261,26.08695652173913,29.41176470588235,
10,20,530,Other,529,0.003780718336483932,0.0,2,0,0,527,0.3780718336483932,0.0,0.0,99.62192816635161,0.0,
10,20,560,ALL,19976,0.25901081297557066,0.054064877853424106,4602,508,572,14294,23.03764517420905,2.5430516619943933,2.8634361233480177,71.55586704044853,10.066877859908482,50.59288537549407
10,20,560,neuronal_EI,19191,0.26038247094992445,0.05273305195143557,4480,495,517,13699,23.344275962690844,2.579334062841957,2.6939711323016,71.38241884216559,9.413692643845593,
10,20,560,E,12981,0.06786842307988598,0.039442261767198214,793,424,88,11676,6.10892843386488,3.266312302596102,0.6779138741237193,89.9468453894153,6.743295019157088,
10,20,560,I,6210,0.6628019323671498,0.08051529790660225,3687,71,429,2023,59.371980676328505,1.143317230273752,6.908212560386473,32.57648953301127,10.245999522331024,
10,20,560,NE,275,0.5818181818181818,0.23636363636363636,108,13,52,102,39.27272727272727,4.7272727272727275,18.90909090909091,37.09090909090909,30.057803468208093,
10,20,560,ChAT,20,0.7,0.15,11,0,3,6,55.0,0.0,15.0,30.0,21.428571428571427,
10,20,560,Other,490,0.006122448979591836,0.0,3,0,0,487,0.6122448979591837,0.0,0.0,99.38775510204081,0.0,
12,0,0,ALL,71950,0.3297845726198749,0.8066018068102849,2673,36980,21055,11242,3.7150799166087562,51.39680333564976,29.263377345378736,15.624739402362751,34.68241417935033,45.622411516828535
12,0,0,neuronal_EI,67517,0.3274730808537109,0.8189493016573604,2611,35794,19499,9613,3.8671741931661656,53.01479627353111,28.880133892204928,14.237895641097797,33.67470295661785,
12,0,0,E,30523,0.0678177112341513,0.8264587360351211,230,23386,1840,5067,0.7535301248239032,76.61763260492089,6.028240998591226,16.600596271663992,7.228158390949089,
12,0,0,I,36994,0.5417094663999568,0.8127534194734282,2381,12408,17659,4546,6.436178839811862,33.540574147159,47.73476780018381,12.288479212845326,54.42246055226825,
12,0,0,NE,1833,0.5133660665575559,0.9159847244953628,26,764,915,128,1.4184397163120568,41.680305510092744,49.91816693944354,6.983087834151664,53.665689149560116,
12,0,0,ChAT,834,0.8069544364508393,0.9220623501199041,32,128,641,33,3.8369304556354917,15.347721822541967,76.85851318944844,3.9568345323741005,80.02496878901373,
12,0,0,Other,1766,0.0022650056625141564,0.1664779161947905,4,294,0,1468,0.22650056625141562,16.647791619479047,0.0,83.12570781426953,0.0,
12,0,500,ALL,31461,0.3889577572232288,0.7905343123231938,1695,14329,10542,4895,5.387622771049871,45.54527828104637,33.508152951273004,15.558945996630749,39.6823006850862,34.27575358190553
12,0,500,neuronal_EI,29396,0.38059599945570827,0.8001428765818479,1647,13980,9541,4228,5.60280310246292,47.55749081507688,32.4567968431079,14.382909239352292,37.909249841068025,
12,0,500,E,10052,0.09142459212097095,0.8020294468762436,142,7285,777,1848,1.4126541981695184,72.47313967369678,7.729805013927576,18.384401114206128,9.47098976109215,
12,0,500,I,19344,0.5308622828784119,0.7991625310173698,1505,6695,8764,2380,7.780190239867659,34.61021505376344,45.30603804797353,12.303556658395369,51.662343786842726,
12,0,500,NE,596,0.7533557046979866,0.9379194630872483,14,124,435,23,2.348993288590604,20.80536912751678,72.98657718120805,3.859060402684564,75.91623036649214,
12,0,500,ChAT,722,0.8282548476454293,0.9168975069252078,32,96,566,28,4.43213296398892,13.296398891966758,78.39335180055402,3.8781163434903045,81.55619596541787,
12,0,500,Other,747,0.002677376171352075,0.17269076305220885,2,129,0,616,0.2677376171352075,17.269076305220885,0.0,82.46318607764391,0.0,
12,0,530,ALL,20513,0.33281333788329354,0.7744357236874178,743,9802,6084,3884,3.6220933066835665,47.78433188709599,29.659240481645785,18.93433432457466,36.58668591015695,38.834755728781666
12,0,530,neuronal_EI,18930,0.3387744321183307,0.7861067089276281,730,9198,5683,3319,3.856312731114633,48.58954041204437,30.021130480718437,17.533016376122557,36.40381782076741,
12,0,530,E,7490,0.07383177570093458,0.7715620827770361,45,5271,508,1666,0.6008010680907877,70.37383177570094,6.78237650200267,22.242990654205606,8.722527472527473,
12,0,530,I,11440,0.5122377622377622,0.7956293706293707,685,3927,5175,1653,5.9877622377622375,34.32692307692308,45.23601398601399,14.4493006993007,52.87626443241034,
12,0,530,NE,962,0.3659043659043659,0.8877338877338877,12,514,340,96,1.2474012474012475,53.43035343035343,35.343035343035346,9.97920997920998,39.260969976905315,
12,0,530,ChAT,92,0.6630434782608695,0.9456521739130435,0,26,61,5,0.0,28.26086956521739,66.30434782608695,5.434782608695652,70.11494252873563,
12,0,530,Other,529,0.001890359168241966,0.12098298676748583,1,64,0,464,0.1890359168241966,12.098298676748582,0.0,87.71266540642722,0.0,
12,0,560,ALL,19976,0.23348017621145375,0.8649379255106128,235,12849,4429,2463,1.1764116940328395,64.32218662394874,22.171605927112534,12.329795754905888,25.289784731342433,67.4027588656681
12,0,560,neuronal_EI,19191,0.23495388463342193,0.8801521546558283,234,12616,4275,2066,1.2193215569798344,65.73914855922047,22.276066906362356,10.765462977437341,24.963503649635037,
12,0,560,E,12981,0.046067329173407286,0.8770510746475618,43,10830,555,1553,0.33125337031045377,83.42962791772591,4.275479547030275,11.963639164933364,4.856492824641232,
12,0,560,I,6210,0.6297906602254428,0.886634460547504,191,1786,3720,513,3.075684380032206,28.760064412238325,59.90338164251208,8.26086956521739,65.29752501316483,
12,0,560,NE,275,0.509090909090909,0.9672727272727273,0,126,140,9,0.0,45.81818181818182,50.90909090909091,3.272727272727273,52.63157894736842,
12,0,560,ChAT,20,0.7,1.0,0,6,14,0,0.0,30.0,70.0,0.0,70.0,
12,0,560,Other,490,0.0020408163265306124,0.20612244897959184,1,101,0,388,0.20408163265306123,20.612244897959183,0.0,79.18367346938776,0.0,
12,1,0,ALL,71950,0.3297845726198749,0.7497289784572619,3589,33804,20139,14418,4.988186240444754,46.98262682418346,27.99027102154274,20.038915913829047,35.00486685670583,45.66596605947377
12,1,0,neuronal_EI,67517,0.3274730808537109,0.7610527718944858,3512,32786,18598,12621,5.201652917043115,48.55962202112061,27.545655168327976,18.6930698935083,33.87860682016905,
12,1,0,E,30523,0.0678177112341513,0.7687645382170822,289,21684,1781,6769,0.9468269829309046,71.041509681224,5.834944140484225,22.176719195360874,7.497684600488339,
12,1,0,I,36994,0.5417094663999568,0.7546899497215764,3223,11102,16817,5852,8.712223603827647,30.01027193598962,45.458723036168024,15.818781424014706,54.00102755121701,
12,1,0,NE,1833,0.5133660665575559,0.8870703764320785,34,719,907,173,1.8548827059465358,39.2253136933988,49.48172394980906,9.438079650845609,54.63855421686747,
12,1,0,ChAT,834,0.8069544364508393,0.9028776978417267,39,119,634,42,4.676258992805756,14.268585131894485,76.01918465227818,5.0359712230215825,80.05050505050505,
12,1,0,Other,1766,0.0022650056625141564,0.10192525481313704,4,180,0,1582,0.22650056625141562,10.192525481313703,0.0,89.58097395243487,0.0,
12,1,500,ALL,31461,0.3889577572232288,0.7334159753345412,2200,13037,10037,6187,6.992784717586853,41.4386065287181,31.902991004736023,19.66561774895903,39.71274827886366,34.2299747532706
12,1,500,neuronal_EI,29396,0.38059599945570827,0.7410872227513947,2144,12741,9044,5467,7.293509320996054,43.342631650564705,30.766090624574773,18.59776840386447,37.79514396757073,
12,1,500,E,10052,0.09142459212097095,0.7418424194190211,174,6712,745,2421,1.73099880620772,66.77278153601273,7.411460405889375,24.084759251890173,9.762809592451841,
12,1,500,I,19344,0.5308622828784119,0.7406947890818859,1970,6029,8299,3046,10.184036393713813,31.16728701406121,42.90219189412738,15.746484698097602,50.92035832617499,
12,1,500,NE,596,0.7533557046979866,0.9211409395973155,17,117,432,30,2.8523489932885906,19.630872483221477,72.48322147651007,5.033557046979865,76.32508833922262,
12,1,500,ChAT,722,0.8282548476454293,0.8988919667590027,37,88,561,36,5.124653739612189,12.18836565096953,77.70083102493075,4.986149584487535,81.77842565597668,
12,1,500,Other,747,0.002677376171352075,0.12182061579651941,2,91,0,654,0.2677376171352075,12.182061579651942,0.0,87.55020080321285,0.0,
12,1,530,ALL,20513,0.33281333788329354,0.7076488080729294,1083,8772,5744,4914,5.279578803685467,42.76312582264905,28.001754984643885,23.955540389021596,36.82287326110648,38.76904954722815
12,1,530,neuronal_EI,18930,0.3387744321183307,0.7175382989963022,1065,8235,5348,4282,5.625990491283677,43.502377179080824,28.25145272054939,22.620179609086108,36.51010376843255,
12,1,530,E,7490,0.07383177570093458,0.7030707610146862,62,4775,491,2162,0.8277703604806409,63.75166889185581,6.5554072096128175,28.865153538050734,9.215465465465465,
12,1,530,I,11440,0.5122377622377622,0.7270104895104895,1003,3460,4857,2120,8.767482517482517,30.244755244755243,42.45629370629371,18.53146853146853,52.1137339055794,
12,1,530,NE,962,0.3659043659043659,0.8461538461538461,17,479,335,131,1.7671517671517671,49.79209979209979,34.82328482328482,13.617463617463617,40.312876052948255,
12,1,530,ChAT,92,0.6630434782608695,0.9347826086956522,0,25,61,6,0.0,27.17391304347826,66.30434782608695,6.521739130434782,70.93023255813954,
12,1,530,Other,529,0.001890359168241966,0.062381852551984876,1,33,0,495,0.1890359168241966,6.238185255198488,0.0,93.57277882797732,0.0,
12,1,560,ALL,19976,0.23348017621145375,0.8186323588305967,306,11995,4358,3317,1.5318382058470164,60.047056467761315,21.816179415298357,16.60492591109331,26.160033615463114,67.07042957042957
12,1,560,neuronal_EI,19191,0.23495388463342193,0.8345578656661977,303,11810,4206,2872,1.5788650930123496,61.53926319628993,21.91652337032984,14.96534834036788,25.773638090569275,
12,1,560,E,12981,0.046067329173407286,0.8275171404360219,53,10197,545,2186,0.40828903782451276,78.55327016408597,4.1984438795162164,16.8399969185733,5.048633626679018,
12,1,560,I,6210,0.6297906602254428,0.8492753623188406,250,1613,3661,686,4.025764895330113,25.974235104669887,58.95330112721417,11.046698872785829,66.27443881245475,
12,1,560,NE,275,0.509090909090909,0.9563636363636364,0,123,140,12,0.0,44.72727272727273,50.90909090909091,4.363636363636363,53.2319391634981,
12,1,560,ChAT,20,0.7,0.9,2,6,12,0,10.0,30.0,60.0,0.0,60.0,
12,1,560,Other,490,0.0020408163265306124,0.11428571428571428,1,56,0,433,0.20408163265306123,11.428571428571429,0.0,88.36734693877551,0.0,
12,2,0,ALL,71950,0.3297845726198749,0.6135788742182071,6253,26672,17475,21550,8.6907574704656,37.07018763029882,24.28769979152189,29.95135510771369,34.67261904761905,45.67615870368164
12,2,0,neuronal_EI,67517,0.3274730808537109,0.6215471658989588,6090,25945,16020,19462,9.019950530977383,38.42735903550217,23.72735755439371,28.825332879126737,33.33680158152117,
12,2,0,E,30523,0.0678177112341513,0.627985453592373,497,17595,1573,10858,1.6282803132064345,57.6450545490286,5.153490810208695,35.573174327556266,7.998982964658022,
12,2,0,I,36994,0.5417094663999568,0.6162350651456993,5593,8350,14447,8604,15.11866789209061,22.571227766664865,39.05227874790506,23.25782559333946,50.88763649172244,
12,2,0,NE,1833,0.5133660665575559,0.7943262411347518,75,590,866,302,4.091653027823241,32.187670485542824,47.244953627932354,16.475722858701584,56.5643370346179,
12,2,0,ChAT,834,0.8069544364508393,0.8189448441247003,84,94,589,67,10.071942446043165,11.270983213429256,70.62350119904077,8.03357314148681,76.79269882659713,
12,2,0,Other,1766,0.0022650056625141564,0.02434881087202718,4,43,0,1719,0.22650056625141562,2.434881087202718,0.0,97.33861834654587,0.0,
12,2,500,ALL,31461,0.3889577572232288,0.5785893646101522,3832,9798,8405,9426,12.1801595626331,31.14332030132545,26.715616159689773,29.960903976351673,38.14386203766735,33.89393495458541
12,2,500,neuronal_EI,29396,0.38059599945570827,0.580521159341407,3718,9595,7470,8613,12.647979316913865,32.64049530548374,25.41162062865696,29.299904748945433,35.9428378963576,
12,2,500,E,10052,0.09142459212097095,0.575407879029049,293,5158,626,3975,2.9148428173497813,51.31317150815758,6.227616394747314,39.544369279745325,10.301135428665459,
12,2,500,I,19344,0.5308622828784119,0.5831782464846981,3425,4437,6844,4638,17.705748552522746,22.937344913151364,35.380479735318445,23.976426799007445,46.538827689378486,
12,2,500,NE,596,0.7533557046979866,0.87751677852349,34,108,415,39,5.704697986577181,18.120805369127517,69.63087248322148,6.543624161073826,74.50628366247756,
12,2,500,ChAT,722,0.8282548476454293,0.817174515235457,78,70,520,54,10.803324099722992,9.695290858725762,72.02216066481995,7.479224376731302,77.8443113772455,
12,2,500,Other,747,0.002677376171352075,0.03346720214190094,2,25,0,720,0.2677376171352075,3.3467202141900936,0.0,96.3855421686747,0.0,
12,2,530,ALL,20513,0.33281333788329354,0.5778286939989276,1844,6870,4983,6816,8.989421342563253,33.49095695412665,24.2919124457661,33.227709257544,36.380229247280425,38.30190381665614
12,2,530,neuronal_EI,18930,0.3387744321183307,0.585472794506075,1805,6475,4608,6042,9.5351294241944,34.20496566296883,24.34231378763867,31.917591125198097,35.754189944134076,
12,2,530,E,7490,0.07383177570093458,0.5667556742323098,97,3789,456,3148,1.295060080106809,50.58744993324433,6.088117489986649,42.02937249666222,10.50207277752188,
12,2,530,I,11440,0.5122377622377622,0.5977272727272728,1708,2686,4152,2894,14.93006993006993,23.47902097902098,36.29370629370629,25.297202797202797,48.58413292768547,
12,2,530,NE,962,0.3659043659043659,0.7089397089397089,37,367,315,243,3.8461538461538463,38.14968814968815,32.74428274428274,25.25987525987526,43.81084840055633,
12,2,530,ChAT,92,0.6630434782608695,0.8804347826086957,1,21,60,10,1.0869565217391304,22.82608695652174,65.21739130434783,10.869565217391305,73.17073170731707,
12,2,530,Other,529,0.001890359168241966,0.013232514177693762,1,7,0,521,0.1890359168241966,1.3232514177693762,0.0,98.48771266540643,0.0,
12,2,560,ALL,19976,0.23348017621145375,0.7053964757709251,577,10004,4087,5308,2.8884661593912697,50.08009611533841,20.459551461754106,26.57188626351622,27.863376056722117,66.14315698053123
12,2,560,neuronal_EI,19191,0.23495388463342193,0.7199729039654005,567,9875,3942,4807,2.95450992652806,51.45641185972591,20.54087853681413,25.048199676931894,27.405450500556174,
12,2,560,E,12981,0.046067329173407286,0.7040289654109853,107,8648,491,3735,0.8242816424004314,66.62044526615823,3.782451274940297,28.77282181650104,5.310404499242916,
12,2,560,I,6210,0.6297906602254428,0.7533011272141706,460,1227,3451,1072,7.407407407407407,19.758454106280194,55.571658615136876,17.262479871175522,67.16621253405995,
12,2,560,NE,275,0.509090909090909,0.9127272727272727,4,115,136,20,1.4545454545454546,41.81818181818182,49.45454545454545,7.2727272727272725,53.333333333333336,
12,2,560,ChAT,20,0.7,0.6,5,3,9,3,25.0,15.0,45.0,15.0,52.94117647058823,
12,2,560,Other,490,0.0020408163265306124,0.022448979591836733,1,11,0,478,0.20408163265306123,2.2448979591836733,0.0,97.55102040816327,0.0,
12,3,0,ALL,71950,0.3297845726198749,0.5130229325920779,8475,21659,15253,26563,11.779013203613621,30.102849200833912,21.19944405837387,36.9186935371786,33.60653931742569,45.758060827807
12,3,0,neuronal_EI,67517,0.3274730808537109,0.5181509841965727,8209,21083,13901,24324,12.158419361049809,31.22620969533599,20.588888724321283,36.026482219292916,32.18345565253629,
12,3,0,E,30523,0.0678177112341513,0.5244569668774367,681,14619,1389,13834,2.231104413065557,47.895029977394096,4.550666710349573,45.32319889919077,8.322847384504763,
12,3,0,I,36994,0.5417094663999568,0.512948045629021,7528,6464,12512,10490,20.349245823647077,17.473103746553495,33.821700816348596,28.35594961345083,47.20796860851192,
12,3,0,NE,1833,0.5133660665575559,0.7037643207855974,142,491,799,401,7.746863066012002,26.78668848881615,43.58974358974359,21.876704855428258,55.79608938547486,
12,3,0,ChAT,834,0.8069544364508393,0.750599520383693,120,73,553,88,14.388489208633093,8.752997601918466,66.30695443645084,10.551558752997602,74.12868632707774,
12,3,0,Other,1766,0.0022650056625141564,0.006795016987542469,4,12,0,1750,0.22650056625141562,0.6795016987542469,0.0,99.09399773499433,0.0,
12,3,500,ALL,31461,0.3889577572232288,0.46533803757032516,5140,7543,7097,11681,16.337687931089285,23.975715965798926,22.55808779123359,37.1285083118782,35.879676440849344,33.357808943387916
12,3,500,neuronal_EI,29396,0.38059599945570827,0.46329432575860663,4963,7394,6225,10814,16.883249421690024,25.15308205197986,21.1763505238808,36.78731800244931,33.50016144656119,
12,3,500,E,10052,0.09142459212097095,0.451949860724234,392,4016,527,5117,3.8997214484679668,39.95224830879427,5.242737763629129,50.90529247910864,10.678824721377913,
12,3,500,I,19344,0.5308622828784119,0.46918941273779985,4571,3378,5698,5697,23.63006617038875,17.462779156327542,29.45616211745244,29.450992555831267,41.752766175716275,
12,3,500,NE,596,0.7533557046979866,0.7986577181208053,63,90,386,57,10.570469798657719,15.100671140939598,64.76510067114094,9.563758389261745,71.61410018552876,
12,3,500,ChAT,722,0.8282548476454293,0.7451523545706371,112,52,486,72,15.512465373961218,7.202216066481994,67.31301939058172,9.97229916897507,74.76923076923077,
12,3,500,Other,747,0.002677376171352075,0.009370816599732263,2,7,0,738,0.2677376171352075,0.9370816599732262,0.0,98.79518072289157,0.0,
12,3,530,ALL,20513,0.33281333788329354,0.4863744942231755,2458,5608,4369,8078,11.982645151854921,27.338760785843125,21.29868863647443,39.37990542582752,35.13470044229996,38.39142091152815
12,3,530,neuronal_EI,18930,0.3387744321183307,0.4926043317485473,2382,5294,4031,7223,12.583201267828843,27.9661912308505,21.294241944004227,38.15636555731643,34.43239087725293,
12,3,530,E,7490,0.07383177570093458,0.4779706275033378,144,3171,409,3766,1.9225634178905207,42.33644859813084,5.460614152202937,50.2803738317757,10.9828141783029,
12,3,530,I,11440,0.5122377622377622,0.5021853146853147,2238,2123,3622,3457,19.562937062937063,18.557692307692307,31.66083916083916,30.21853146853147,45.3714142552925,
12,3,530,NE,962,0.3659043659043659,0.5956340956340956,73,294,279,316,7.588357588357589,30.56133056133056,29.002079002079004,32.84823284823285,43.188854489164086,
12,3,530,ChAT,92,0.6630434782608695,0.8369565217391305,2,18,59,13,2.1739130434782608,19.565217391304348,64.1304347826087,14.130434782608695,74.68354430379746,
12,3,530,Other,529,0.001890359168241966,0.003780718336483932,1,2,0,526,0.1890359168241966,0.3780718336483932,0.0,99.43289224952741,0.0,
12,3,560,ALL,19976,0.23348017621145375,0.6154885863035643,877,8508,3787,6804,4.390268321986384,42.59110933119744,18.95774929915899,34.06087304765719,28.75037959307622,65.49003322259136
12,3,560,neuronal_EI,19191,0.23495388463342193,0.6273774164973165,864,8395,3645,6287,4.502110364233235,43.74446355062269,18.993278099108956,32.76014798603512,28.247055176689397,
12,3,560,E,12981,0.046067329173407286,0.6074262383483553,145,7432,453,4951,1.1170171789538557,57.25290809644866,3.4897157383868733,38.140358986210614,5.64134495641345,
12,3,560,I,6210,0.6297906602254428,0.6690821256038647,719,963,3192,1336,11.578099838969404,15.507246376811594,51.40096618357488,21.513687600644122,65.49035699630693,
12,3,560,NE,275,0.509090909090909,0.8763636363636363,6,107,134,28,2.1818181818181817,38.90909090909091,48.72727272727273,10.181818181818182,54.25101214574899,
12,3,560,ChAT,20,0.7,0.55,6,3,8,3,30.0,15.0,40.0,15.0,47.05882352941177,
12,3,560,Other,490,0.0020408163265306124,0.006122448979591836,1,3,0,486,0.20408163265306123,0.6122448979591837,0.0,99.18367346938776,0.0,
12,4,0,ALL,71950,0.3297845726198749,0.42851980542043083,10527,17631,13201,30591,14.630993745656706,24.5045170257123,18.347463516330784,42.51702571230021,31.918083125800916,45.66545404626261
12,4,0,neuronal_EI,67517,0.3274730808537109,0.43156538353303614,10156,17184,11954,28223,15.042137535731742,25.45136780366426,17.70517054963935,41.80132411096464,30.421947371099915,
12,4,0,E,30523,0.0678177112341513,0.4359335583002981,889,12125,1181,16328,2.912557743341087,39.72414244995577,3.8692133800740427,53.494086426629096,8.31983092638253,
12,4,0,I,36994,0.5417094663999568,0.42796129102016545,9267,5059,10773,11895,25.05000810942315,13.675190571444018,29.120938530572527,32.15386278856031,42.9220287660863,
12,4,0,NE,1833,0.5133660665575559,0.6192034915439171,199,393,742,499,10.856519367157665,21.44026186579378,40.48008728859793,27.22313147845063,55.622188905547226,
12,4,0,ChAT,834,0.8069544364508393,0.6678657074340527,168,52,505,109,20.14388489208633,6.235011990407674,60.5515587529976,13.069544364508394,69.65517241379311,
12,4,0,Other,1766,0.0022650056625141564,0.0011325028312570782,4,2,0,1760,0.22650056625141562,0.11325028312570781,0.0,99.66024915062287,0.0,
12,4,500,ALL,31461,0.3889577572232288,0.36772511998982865,6335,5667,5902,13557,20.136041448142144,18.012777724802135,18.759734274180733,43.09144655287499,32.964700625558535,32.151233699221315
12,4,500,neuronal_EI,29396,0.38059599945570827,0.36260035378963124,6087,5558,5101,12650,20.706898897809225,18.907334331201525,17.3527010477616,43.03306572322765,30.461005613280783,
12,4,500,E,10052,0.09142459212097095,0.34092717867091127,511,3019,408,6114,5.0835654596100275,30.03382411460406,4.058893752487068,60.82371667329885,10.360589131538852,
12,4,500,I,19344,0.5308622828784119,0.3738626964433416,5576,2539,4693,6536,28.825475599669147,13.125516956162118,24.260752688172044,33.78825475599669,36.64116177389132,
12,4,500,NE,596,0.7533557046979866,0.7298657718120806,89,75,360,72,14.93288590604027,12.583892617449665,60.40268456375839,12.080536912751677,68.70229007633588,
12,4,500,ChAT,722,0.8282548476454293,0.6578947368421053,157,34,441,90,21.74515235457064,4.7091412742382275,61.0803324099723,12.465373961218837,69.77848101265823,
12,4,500,Other,747,0.002677376171352075,0.0,2,0,0,745,0.2677376171352075,0.0,0.0,99.73226238286479,0.0,
12,4,530,ALL,20513,0.33281333788329354,0.41349388192853315,2995,4650,3832,9036,14.6004972456491,22.66855165017306,18.68083654268025,44.05011456149759,33.388516162760304,38.805594053168704
12,4,530,neuronal_EI,18930,0.3387744321183307,0.4192815636555732,2890,4414,3523,8103,15.26677231907026,23.317485472794505,18.610670892762812,42.80507131537242,32.53902281333703,
12,4,530,E,7490,0.07383177570093458,0.411214953271028,182,2709,371,4228,2.4299065420560746,36.16822429906542,4.953271028037383,56.44859813084112,11.373390557939913,
12,4,530,I,11440,0.5122377622377622,0.4245629370629371,2708,1705,3152,3875,23.67132867132867,14.903846153846153,27.552447552447553,33.87237762237762,41.66556510244547,
12,4,530,NE,962,0.3659043659043659,0.49272349272349275,99,221,253,389,10.29106029106029,22.972972972972972,26.2993762993763,40.436590436590436,44.153577661431065,
12,4,530,ChAT,92,0.6630434782608695,0.7717391304347826,5,15,56,16,5.434782608695652,16.304347826086957,60.869565217391305,17.391304347826086,73.6842105263158,
12,4,530,Other,529,0.001890359168241966,0.0,1,0,0,528,0.1890359168241966,0.0,0.0,99.8109640831758,0.0,
12,4,560,ALL,19976,0.23348017621145375,0.5396976371645975,1197,7314,3467,7998,5.992190628754505,36.613936724068886,17.35582699239087,40.03804565478574,28.944732008682585,64.49440333902486
12,4,560,neuronal_EI,19191,0.23495388463342193,0.549319993747069,1179,7212,3330,7470,6.143504767859934,37.58011567922463,17.351883695482258,38.92449585743317,28.410545175326337,
12,4,560,E,12981,0.046067329173407286,0.5237655034280873,196,6397,402,5986,1.5098990832755566,49.27971650874355,3.096833834065172,46.113550573915724,5.746962115796998,
12,4,560,I,6210,0.6297906602254428,0.6027375201288244,983,815,2928,1484,15.829307568438002,13.123993558776167,47.14975845410628,23.89694041867955,61.95514176893779,
12,4,560,NE,275,0.509090909090909,0.8218181818181818,11,97,129,38,4.0,35.27272727272727,46.90909090909091,13.818181818181818,54.43037974683544,
12,4,560,ChAT,20,0.7,0.55,6,3,8,3,30.0,15.0,40.0,15.0,47.05882352941177,
12,4,560,Other,490,0.0020408163265306124,0.004081632653061225,1,2,0,487,0.20408163265306123,0.40816326530612246,0.0,99.38775510204081,0.0,
12,5,0,ALL,71950,0.3297845726198749,0.35901320361362055,12286,14389,11442,33833,17.07574704656011,19.998610145934677,15.90271021542738,47.02293259207783,30.01810215914159,45.42129058775175
12,5,0,neuronal_EI,67517,0.3274730808537109,0.36035368870062356,11809,14029,10301,31378,17.490409822711317,20.77847060740258,15.256898262659774,46.47422130722633,28.503832424804227,
12,5,0,E,30523,0.0678177112341513,0.36205484388821546,1064,10045,1006,18408,3.485895881794057,32.90960914720047,3.2958752416210726,60.3086197293844,8.303755674783327,
12,5,0,I,36994,0.5417094663999568,0.35895010001621885,10745,3984,9295,12970,29.045250581175324,10.769313942801535,25.12569605882035,35.05973941720279,38.69047619047619,
12,5,0,NE,1833,0.5133660665575559,0.5379159847244953,269,314,672,578,14.675395526459356,17.130387343153302,36.661211129296234,31.533006001091106,53.54581673306773,
12,5,0,ChAT,834,0.8069544364508393,0.6163069544364509,204,45,469,116,24.46043165467626,5.39568345323741,56.23501199040767,13.908872901678658,65.32033426183844,
12,5,0,Other,1766,0.0022650056625141564,0.0005662514156285391,4,1,0,1761,0.22650056625141562,0.056625141562853906,0.0,99.71687429218574,0.0,
12,5,500,ALL,31461,0.3889577572232288,0.2896919996185754,7323,4200,4914,15024,23.27643749404024,13.349861733574903,15.619338228282636,47.75436254410222,29.89596641722942,30.851833976833976
12,5,500,neuronal_EI,29396,0.38059599945570827,0.28194312151313106,7018,4118,4170,14090,23.873996462103687,14.008708667845966,14.185603483467139,47.93169138658321,27.24421795374363,
12,5,500,E,10052,0.09142459212097095,0.2543772383605253,595,2233,324,6900,5.919220055710307,22.214484679665738,3.223239156386789,68.64305610823716,10.279187817258883,
12,5,500,I,19344,0.5308622828784119,0.296267576509512,6423,1885,3846,7190,33.20409429280397,9.744623655913978,19.882133995037222,37.16914805624483,31.643903241731117,
12,5,500,NE,596,0.7533557046979866,0.6577181208053692,112,55,337,92,18.79194630872483,9.228187919463087,56.54362416107382,15.436241610738255,66.86507936507937,
12,5,500,ChAT,722,0.8282548476454293,0.6011080332409973,191,27,407,97,26.454293628808863,3.739612188365651,56.37119113573407,13.434903047091412,65.12,
12,5,500,Other,747,0.002677376171352075,0.0,2,0,0,745,0.2677376171352075,0.0,0.0,99.73226238286479,0.0,
12,5,530,ALL,20513,0.33281333788329354,0.3559693852678789,3461,3936,3366,9750,16.87222736801053,19.187832106469067,16.40910642031882,47.53083410520158,31.2738084177274,38.89618922470434
12,5,530,neuronal_EI,18930,0.3387744321183307,0.3618066561014263,3314,3750,3099,8767,17.50660327522451,19.80982567353407,16.370839936608558,46.31273111463286,30.49296467578471,
12,5,530,E,7490,0.07383177570093458,0.3556742323097463,215,2326,338,4611,2.870493991989319,31.054739652870495,4.512683578104139,61.562082777036046,11.74018756512678,
12,5,530,I,11440,0.5122377622377622,0.36582167832167833,3099,1424,2761,4156,27.08916083916084,12.447552447552448,24.134615384615383,36.32867132867133,37.9049972542559,
12,5,530,NE,962,0.3659043659043659,0.3991683991683992,139,171,213,439,14.44906444906445,17.775467775467774,22.14137214137214,45.63409563409564,40.72657743785851,
12,5,530,ChAT,92,0.6630434782608695,0.75,7,15,54,16,7.608695652173913,16.304347826086957,58.69565217391305,17.391304347826086,71.05263157894737,
12,5,530,Other,529,0.001890359168241966,0.0,1,0,0,528,0.1890359168241966,0.0,0.0,99.8109640831758,0.0,
12,5,560,ALL,19976,0.23348017621145375,0.4713155786944333,1502,6253,3162,9059,7.519022827392871,31.30256307569083,15.828994793752504,45.3494193031638,28.964001099203077,63.41781790492766
12,5,560,neuronal_EI,19191,0.23495388463342193,0.47902662706476995,1477,6161,3032,8521,7.696315981449638,32.103590224584444,15.799072481892553,44.40102131207337,28.416119962511715,
12,5,560,E,12981,0.046067329173407286,0.449117941606964,254,5486,344,6897,1.9567059548570989,42.26176719821277,2.65002696248363,53.1314998844465,5.654174884944116,
12,5,560,I,6210,0.6297906602254428,0.5415458937198068,1223,675,2688,1624,19.694041867954912,10.869565217391305,43.28502415458937,26.15136876006441,58.61317051897078,
12,5,560,NE,275,0.509090909090909,0.7636363636363637,18,88,122,47,6.545454545454546,32.0,44.36363636363637,17.09090909090909,53.50877192982456,
12,5,560,ChAT,20,0.7,0.55,6,3,8,3,30.0,15.0,40.0,15.0,47.05882352941177,
12,5,560,Other,490,0.0020408163265306124,0.0020408163265306124,1,1,0,488,0.20408163265306123,0.20408163265306123,0.0,99.59183673469387,0.0,
12,7,0,ALL,71950,0.3297845726198749,0.2539124391938846,15084,9625,8644,38597,20.96455872133426,13.377345378735233,12.013898540653232,53.64419735927728,25.916709141606454,44.97984930786753
12,7,0,neuronal_EI,67517,0.3274730808537109,0.25358057970585185,14403,9414,7707,35993,21.332405172030747,13.943155057244843,11.414902913340343,53.30953685738407,24.448039588884658,
12,7,0,E,30523,0.0678177112341513,0.25230154309864694,1295,6926,775,21527,4.242702224551977,22.69108541100154,2.5390688988631522,70.52714346558334,8.614939973321476,
12,7,0,I,36994,0.5417094663999568,0.2546358869005785,13108,2488,6932,14466,35.43277288208899,6.72541493215116,18.738173757906686,39.10363842785316,30.77059659090909,
12,7,0,NE,1833,0.5133660665575559,0.408619749045281,378,186,563,706,20.621931260229132,10.147299509001636,30.71467539552646,38.51609383524277,49.95563442768412,
12,7,0,ChAT,834,0.8069544364508393,0.4784172661870504,299,25,374,136,35.851318944844124,2.997601918465228,44.84412470023981,16.30695443645084,53.58166189111748,
12,7,0,Other,1766,0.0022650056625141564,0.0,4,0,0,1762,0.22650056625141562,0.0,0.0,99.77349943374858,0.0,
12,7,500,ALL,31461,0.3889577572232288,0.18092241187501987,8828,2283,3409,16941,28.060137948571246,7.256603413750358,10.835637773751628,53.847620863926764,23.477961432506888,28.82972382276972
12,7,500,neuronal_EI,29396,0.38059599945570827,0.17121377058103143,8398,2243,2790,15965,28.56851272281943,7.630289835351748,9.491087222751394,54.31011021907742,20.772838954657136,
12,7,500,E,10052,0.09142459212097095,0.14434938320732194,687,1219,232,7914,6.834460803820135,12.126939912455233,2.30799840827696,78.73060087544768,10.851262862488307,
12,7,500,I,19344,0.5308622828784119,0.18517369727047148,7711,1024,2558,8051,39.862489660876754,5.293631100082713,13.223738626964433,41.6201406120761,22.651199858319313,
12,7,500,NE,596,0.7533557046979866,0.5453020134228188,152,28,297,119,25.503355704697988,4.697986577181208,49.83221476510067,19.966442953020135,62.264150943396224,
12,7,500,ChAT,722,0.8282548476454293,0.4626038781163435,276,12,322,112,38.227146814404435,1.6620498614958448,44.59833795013851,15.512465373961218,52.78688524590164,
12,7,500,Other,747,0.002677376171352075,0.0,2,0,0,745,0.2677376171352075,0.0,0.0,99.73226238286479,0.0,
12,7,530,ALL,20513,0.33281333788329354,0.26831765222054305,4129,2806,2698,10880,20.128698873884854,13.679130307609809,13.152634914444498,53.03953590406084,28.007889546351084,38.59480269489894
12,7,530,neuronal_EI,18930,0.3387744321183307,0.27443211833069203,3922,2704,2491,9813,20.718436344426834,14.284204965662969,13.159006867406234,51.83835182250396,27.32258418339366,
12,7,530,E,7490,0.07383177570093458,0.2676902536715621,269,1721,284,5216,3.5914552736982643,22.977303070761014,3.7917222963951938,69.63951935914552,12.48900615655233,
12,7,530,I,11440,0.5122377622377622,0.27884615384615385,3653,983,2207,4597,31.931818181818183,8.592657342657343,19.291958041958043,40.18356643356643,32.251936285255006,
12,7,530,NE,962,0.3659043659043659,0.262993762993763,190,91,162,519,19.75051975051975,9.45945945945946,16.83991683991684,53.95010395010395,36.56884875846501,
12,7,530,ChAT,92,0.6630434782608695,0.6086956521739131,16,11,45,20,17.391304347826086,11.956521739130435,48.91304347826087,21.73913043478261,62.5,
12,7,530,Other,529,0.001890359168241966,0.0,1,0,0,528,0.1890359168241966,0.0,0.0,99.8109640831758,0.0,
12,7,560,ALL,19976,0.23348017621145375,0.3540748898678414,2127,4536,2537,10776,10.64777733279936,22.707248698438125,12.700240288346015,53.9447336804165,27.57608695652174,61.584215871173654
12,7,560,neuronal_EI,19191,0.23495388463342193,0.3591787817205982,2083,4467,2426,10215,10.854046167474337,23.276535876191964,12.641342295867855,53.22807566046584,27.027629233511586,
12,7,560,E,12981,0.046067329173407286,0.3270164085971805,339,3986,259,8397,2.6115091287266003,30.70641707110392,1.9952237886141284,64.68685001155535,5.650087260034904,
12,7,560,I,6210,0.6297906602254428,0.42640901771336553,1744,481,2167,1818,28.083735909822867,7.745571658615137,34.89533011272142,29.27536231884058,49.33970856102004,
12,7,560,NE,275,0.509090909090909,0.6218181818181818,36,67,104,68,13.090909090909092,24.363636363636363,37.81818181818182,24.727272727272727,50.24154589371981,
12,7,560,ChAT,20,0.7,0.45,7,2,7,4,35.0,10.0,35.0,20.0,43.75,
12,7,560,Other,490,0.0020408163265306124,0.0,1,0,0,489,0.20408163265306123,0.0,0.0,99.79591836734694,0.0,
12,10,0,ALL,71950,0.3297845726198749,0.1543849895760945,18057,5437,5671,42785,25.09659485753996,7.556636553161918,7.881862404447533,59.46490618485059,19.44453968798217,44.00272161741835
12,10,0,neuronal_EI,67517,0.3274730808537109,0.1523764385265933,17130,5308,4980,40099,25.37138794673934,7.861723714027578,7.375920138631752,59.39096820060133,18.16325041943249,
12,10,0,E,30523,0.0678177112341513,0.14831438587294826,1562,4019,508,24434,5.117452412934508,13.167119876814205,1.6643187104806212,80.05110899977066,8.342913450484481,
12,10,0,I,36994,0.5417094663999568,0.15572795588473806,15568,1289,4472,15665,42.082499864842944,3.484348813321079,12.088446775152727,42.344704546683246,20.966758872896058,
12,10,0,NE,1833,0.5133660665575559,0.28696126568466995,529,114,412,778,28.859792689579923,6.219312602291326,22.47681396617567,42.44408074195308,39.052132701421804,
12,10,0,ChAT,834,0.8069544364508393,0.35251798561151076,394,15,279,146,47.24220623501199,1.7985611510791366,33.45323741007194,17.50599520383693,40.55232558139535,
12,10,0,Other,1766,0.0022650056625141564,0.0,4,0,0,1762,0.22650056625141562,0.0,0.0,99.77349943374858,0.0,
12,10,500,ALL,31461,0.3889577572232288,0.09179619211086743,10278,929,1959,18295,32.669018785162585,2.9528622739264487,6.226756937160293,58.15136200375068,14.879234391614766,26.317974263179742
12,10,500,neuronal_EI,29396,0.38059599945570827,0.0819499251598857,9686,907,1502,17301,32.950061232820794,3.085453803238536,5.109538712750034,58.85494625119064,12.418354692021497,
12,10,500,E,10052,0.09142459212097095,0.06307202546756864,803,518,116,8615,7.988460007958615,5.153203342618385,1.15399920413848,85.70433744528452,8.072372999304106,
12,10,500,I,19344,0.5308622828784119,0.0917597187758478,8883,389,1386,8686,45.9212158808933,2.01095947063689,7.16501240694789,44.90281224152192,13.00431600675549,
12,10,500,NE,596,0.7533557046979866,0.40436241610738255,225,17,224,130,37.75167785234899,2.8523489932885906,37.58389261744966,21.812080536912752,48.06866952789699,
12,10,500,ChAT,722,0.8282548476454293,0.3296398891966759,365,5,233,119,50.554016620498615,0.6925207756232687,32.27146814404432,16.481994459833796,38.640132669983416,
12,10,500,Other,747,0.002677376171352075,0.0,2,0,0,745,0.2677376171352075,0.0,0.0,99.73226238286479,0.0,
12,10,530,ALL,20513,0.33281333788329354,0.17515721737434797,4906,1672,1921,12014,23.91654073026861,8.150928679374056,9.364793058060743,58.56773753229659,22.602659136368985,36.6412213740458
12,10,530,neuronal_EI,18930,0.3387744321183307,0.17992604331748546,4626,1619,1787,10898,24.43740095087163,8.552562070787111,9.440042260961437,57.56999471737982,22.24850597609562,
12,10,530,E,7490,0.07383177570093458,0.16662216288384513,337,1032,216,5905,4.499332443257677,13.778371161548732,2.883845126835781,78.83845126835782,13.627760252365931,
12,10,530,I,11440,0.5122377622377622,0.18863636363636363,4289,587,1571,4993,37.49125874125874,5.131118881118881,13.732517482517483,43.64510489510489,24.36792306499147,
12,10,530,NE,962,0.3659043659043659,0.14241164241164242,259,44,93,566,26.923076923076923,4.573804573804574,9.667359667359667,58.83575883575884,23.484848484848484,
12,10,530,ChAT,92,0.6630434782608695,0.5434782608695652,20,9,41,22,21.73913043478261,9.782608695652174,44.56521739130435,23.91304347826087,58.57142857142857,
12,10,530,Other,529,0.001890359168241966,0.0,1,0,0,528,0.1890359168241966,0.0,0.0,99.8109640831758,0.0,
12,10,560,ALL,19976,0.23348017621145375,0.2316279535442531,2873,2836,1791,12476,14.382258710452543,14.197036443732479,8.96575891069283,62.45494593512215,23.88,59.13257321708026
12,10,560,neuronal_EI,19191,0.23495388463342193,0.2330780053149914,2818,2782,1691,11900,14.683966442603303,14.496378510760252,8.811422020738888,62.00823302589755,23.19297764367028,
12,10,560,E,12981,0.046067329173407286,0.2037593405746861,422,2469,176,9914,3.2509051690932904,19.02010630922117,1.3558277482474386,76.3731607734381,5.738506684056081,
12,10,560,I,6210,0.6297906602254428,0.29436392914653786,2396,313,1515,1986,38.5829307568438,5.040257648953301,24.396135265700483,31.980676328502415,35.86647727272727,
12,10,560,NE,275,0.509090909090909,0.5381818181818182,45,53,95,82,16.363636363636363,19.272727272727273,34.54545454545455,29.818181818181817,49.22279792746114,
12,10,560,ChAT,20,0.7,0.3,9,1,5,5,45.0,5.0,25.0,25.0,33.333333333333336,
12,10,560,Other,490,0.0020408163265306124,0.0,1,0,0,489,0.20408163265306123,0.0,0.0,99.79591836734694,0.0,
12,15,0,ALL,71950,0.3297845726198749,0.06958999305072967,20803,2082,2925,46140,28.913134120917302,2.8936761640027795,4.065323141070188,64.12786657400973,11.332816737698566,40.3030968592137
12,15,0,neuronal_EI,67517,0.3274730808537109,0.06743486825540235,19589,2032,2521,43375,29.013433653746464,3.0096123939156065,3.7338744316246277,64.24307952071331,10.442382569795377,
12,15,0,E,30523,0.0678177112341513,0.06011859908921142,1804,1569,266,26884,5.910297152966615,5.140385938472627,0.8714739704485143,88.07784293811224,7.309700467161308,
12,15,0,I,36994,0.5417094663999568,0.07347137373628156,17785,463,2255,16491,48.07536357247121,1.2515543061036924,6.095583067524464,44.57749905390063,10.998390479442033,
12,15,0,NE,1833,0.5133660665575559,0.16803055100927441,680,47,261,845,37.09765411893071,2.5641025641025643,14.238952536824877,46.09929078014184,26.417004048582996,
12,15,0,ChAT,834,0.8069544364508393,0.1750599520383693,530,3,143,158,63.54916067146283,0.3597122302158273,17.146282973621105,18.94484412470024,21.153846153846153,
12,15,0,Other,1766,0.0022650056625141564,0.0,4,0,0,1762,0.22650056625141562,0.0,0.0,99.77349943374858,0.0,
12,15,500,ALL,31461,0.3889577572232288,0.03232573662629923,11442,222,795,19002,36.36883760846763,0.7056355487746734,2.526938113855249,60.39858872890245,6.38092944859138,25.202156334231805
12,15,500,neuronal_EI,29396,0.38059599945570827,0.025241529459790447,10662,216,526,17992,36.27024084909512,0.7347938495033338,1.789359096475711,61.20560620492584,4.612416695896177,
12,15,500,E,10052,0.09142459212097095,0.018603263032232392,873,141,46,8992,8.68483883804218,1.4027059291683248,0.45762037405491446,89.45483485873459,4.339622641509434,
12,15,500,I,19344,0.5308622828784119,0.02869106699751861,9789,75,480,9000,50.604838709677416,0.38771712158808935,2.4813895781637716,46.526054590570716,4.640371229698376,
12,15,500,NE,596,0.7533557046979866,0.27181208053691275,292,5,157,142,48.993288590604024,0.8389261744966443,26.34228187919463,23.825503355704697,34.581497797356825,
12,15,500,ChAT,722,0.8282548476454293,0.15650969529085873,486,1,112,123,67.31301939058172,0.13850415512465375,15.512465373961218,17.03601108033241,18.697829716193656,
12,15,500,Other,747,0.002677376171352075,0.0,2,0,0,745,0.2677376171352075,0.0,0.0,99.73226238286479,0.0,
12,15,530,ALL,20513,0.33281333788329354,0.08672549115195242,5705,657,1122,13029,27.811631648223077,3.202846975088968,5.469702140106274,63.51581923658168,14.991982896846606,30.488522660388465
12,15,530,neuronal_EI,18930,0.3387744321183307,0.08975171685155837,5358,644,1055,11873,28.304278922345482,3.4020073956682513,5.573164289487586,62.72054939249868,14.949695337962307,
12,15,530,E,7490,0.07383177570093458,0.0691588785046729,430,395,123,6542,5.740987983978638,5.27369826435247,1.6421895861148197,87.34312416555407,12.974683544303797,
12,15,530,I,11440,0.5122377622377622,0.10323426573426574,4928,249,932,5331,43.07692307692308,2.1765734265734267,8.146853146853147,46.59965034965035,15.256179407431658,
12,15,530,NE,962,0.3659043659043659,0.05301455301455302,312,11,40,599,32.432432432432435,1.1434511434511434,4.158004158004158,62.266112266112266,11.019283746556473,
12,15,530,ChAT,92,0.6630434782608695,0.31521739130434784,34,2,27,29,36.95652173913044,2.1739130434782608,29.347826086956523,31.52173913043478,42.857142857142854,
12,15,530,Other,529,0.001890359168241966,0.0,1,0,0,528,0.1890359168241966,0.0,0.0,99.8109640831758,0.0,
12,15,560,ALL,19976,0.23348017621145375,0.11068281938325991,3656,1203,1008,14109,18.30196235482579,6.022226672006408,5.046055266319583,70.62975570684821,17.180841997613772,53.503787878787875
12,15,560,neuronal_EI,19191,0.23495388463342193,0.11005158668125684,3569,1172,940,13510,18.597259131884737,6.10702933666823,4.898129331457454,70.39758219998957,16.54638267910579,
12,15,560,E,12981,0.046067329173407286,0.08705030429088668,501,1033,97,11350,3.8594869424543563,7.9577844542022955,0.7472459748863723,87.43548262845698,5.947271612507664,
12,15,560,I,6210,0.6297906602254428,0.15813204508856682,3068,139,843,2160,49.40418679549114,2.238325281803543,13.57487922705314,34.78260869565217,20.814814814814813,
12,15,560,NE,275,0.509090909090909,0.34545454545454546,76,31,64,104,27.636363636363637,11.272727272727273,23.272727272727273,37.81818181818182,37.42690058479532,
12,15,560,ChAT,20,0.7,0.2,10,0,4,6,50.0,0.0,20.0,30.0,28.571428571428573,
12,15,560,Other,490,0.0020408163265306124,0.0,1,0,0,489,0.20408163265306123,0.0,0.0,99.79591836734694,0.0,
12,20,0,ALL,71950,0.3297845726198749,0.033453787352328006,22219,898,1509,47324,30.88116747741487,1.2480889506601807,2.0972897845726197,65.77345378735232,6.127669942337367,37.64976958525346
12,20,0,neuronal_EI,67517,0.3274730808537109,0.03214005361612631,20812,872,1298,44535,30.824829302249803,1.291526578491343,1.922478783121288,65.96116533613757,5.647898355234531,
12,20,0,E,30523,0.0678177112341513,0.026766700520918653,1924,671,146,27782,6.303443305048652,2.1983422337253873,0.47832781836647775,91.01988664285949,5.326523166727472,
12,20,0,I,36994,0.5417094663999568,0.03657349840514678,18888,201,1152,16753,51.05692815051089,0.5433313510298967,3.1140184894847813,45.28572200897443,5.691418408181414,
12,20,0,NE,1833,0.5133660665575559,0.09110747408619749,799,25,142,867,43.58974358974359,1.363884342607747,7.746863066012002,47.299509001636665,14.699792960662526,
12,20,0,ChAT,834,0.8069544364508393,0.08393285371702638,604,1,69,160,72.4220623501199,0.11990407673860912,8.273381294964029,19.18465227817746,10.237388724035608,
12,20,0,Other,1766,0.0022650056625141564,0.0,4,0,0,1762,0.22650056625141562,0.0,0.0,99.77349943374858,0.0,
12,20,500,ALL,31461,0.3889577572232288,0.012364514796096755,11906,58,331,19166,37.84367947617685,0.1843552334636534,1.0520962461460222,60.91986904421347,2.69215128100854,21.88679245283019
12,20,500,neuronal_EI,29396,0.38059599945570827,0.00901483194992516,10979,56,209,18152,37.34861885970881,0.19050210913049395,0.710981085862022,61.74989794529868,1.8587691213091426,
12,20,500,E,10052,0.09142459212097095,0.0057699960206923995,899,38,20,9095,8.94349383207322,0.37803422204536413,0.19896538002387584,90.47950656585753,2.089864158829676,
12,20,500,I,19344,0.5308622828784119,0.010700992555831266,10080,18,189,9057,52.10918114143921,0.09305210918114144,0.9770471464019851,46.82071960297767,1.837270341207349,
12,20,500,NE,596,0.7533557046979866,0.13087248322147652,373,2,76,145,62.58389261744966,0.33557046979865773,12.751677852348994,24.328859060402685,16.851441241685144,
12,20,500,ChAT,722,0.8282548476454293,0.06371191135734072,552,0,46,124,76.45429362880887,0.0,6.371191135734072,17.174515235457065,7.6923076923076925,
12,20,500,Other,747,0.002677376171352075,0.0,2,0,0,745,0.2677376171352075,0.0,0.0,99.73226238286479,0.0,
12,20,530,ALL,20513,0.33281333788329354,0.04572709988787598,6184,295,643,13391,30.14673621605811,1.4381124165163555,3.1345975722712427,65.28055379515429,9.028362819432743,27.659574468085108
12,20,530,neuronal_EI,18930,0.3387744321183307,0.047173798203909136,5809,289,604,12228,30.68674062334918,1.5266772319070259,3.190702588483888,64.5958795562599,9.012235153685467,
12,20,530,E,7490,0.07383177570093458,0.032977303070761015,489,183,64,6754,6.528704939919893,2.4432576769025367,0.8544726301735648,90.173564753004,8.695652173913043,
12,20,530,I,11440,0.5122377622377622,0.056468531468531466,5320,106,540,5474,46.50349650349651,0.9265734265734266,4.72027972027972,47.84965034965035,9.051290646999664,
12,20,530,NE,962,0.3659043659043659,0.02494802494802495,333,5,19,605,34.61538461538461,0.5197505197505198,1.975051975051975,62.88981288981289,5.322128851540616,
12,20,530,ChAT,92,0.6630434782608695,0.22826086956521738,41,1,20,30,44.56521739130435,1.0869565217391304,21.73913043478261,32.608695652173914,32.25806451612903,
12,20,530,Other,529,0.001890359168241966,0.0,1,0,0,528,0.1890359168241966,0.0,0.0,99.8109640831758,0.0,
12,20,560,ALL,19976,0.23348017621145375,0.054064877853424106,4129,545,535,14767,20.66980376451742,2.7282739287144575,2.6782138566279534,73.92370845014017,10.270685352274908,50.59288537549407
12,20,560,neuronal_EI,19191,0.23495388463342193,0.05273305195143557,4024,527,485,14155,20.96816215934553,2.7460788911468916,2.527226303996665,73.75853264551091,9.630659253375695,
12,20,560,E,12981,0.046067329173407286,0.039442261767198214,536,450,62,11933,4.129111778753563,3.4666050381326556,0.47762113858716587,91.92666204452662,5.916030534351145,
12,20,560,I,6210,0.6297906602254428,0.08051529790660225,3488,77,423,2222,56.16747181964573,1.2399355877616747,6.811594202898551,35.78099838969404,10.606820461384153,
12,20,560,NE,275,0.509090909090909,0.23636363636363636,93,18,47,117,33.81818181818182,6.545454545454546,17.09090909090909,42.54545454545455,29.746835443037973,
12,20,560,ChAT,20,0.7,0.15,11,0,3,6,55.0,0.0,15.0,30.0,21.428571428571427,
12,20,560,Other,490,0.0020408163265306124,0.0,1,0,0,489,0.20408163265306123,0.0,0.0,99.79591836734694,0.0,
