pair_id,gene,section,grid_score_final,grid_class,selection_reason,face_rank,tile,side,base_spots,base_near100,smooth_expected,base_fraction,target_gain,max_scan_near100,detector_response_fold,valid,at_ceiling,modify,strong_modify,target_gain_final,highgain_unresolved,production_ok
Bcl11b_S500,Bcl11b,500,0.1133602578872335,CLEAN,grid>0.05,1,2,right,165,32,80.0,0.4,3.104,115,3.515151515151515,True,False,True,True,3.104,False,True
Bcl11b_S500,Bcl11b,500,0.1133602578872335,CLEAN,grid>0.05,2,8,right,391,76,205.0,0.3707317073170731,2.4608695652173918,417,5.428571428571429,True,False,True,True,2.4608695652173918,False,True
Bcl11b_S500,Bcl11b,500,0.1133602578872335,CLEAN,grid>0.05,3,16,right,167,56,70.0,0.8,1.3681818181818182,189,3.333333333333333,True,False,True,False,1.3681818181818182,False,True
Bcl11b_S500,Bcl11b,500,0.1133602578872335,CLEAN,grid>0.05,4,18,right,339,59,175.0,0.3371428571428571,3.2612244897959184,221,3.7,True,False,True,True,3.2612244897959184,False,True
Bcl11b_S500,Bcl11b,500,0.1133602578872335,CLEAN,grid>0.05,5,20,right,225,70,95.0,0.7368421052631579,1.6478260869565218,173,2.4507042253521125,True,False,True,False,1.6478260869565218,False,True
Bcl11b_S500,Bcl11b,500,0.1133602578872335,CLEAN,grid>0.05,6,21,right,214,55,105.0,0.5238095238095238,3.2,133,2.392857142857143,True,False,True,True,3.2,False,True
Bcl11b_S500,Bcl11b,500,0.1133602578872335,CLEAN,grid>0.05,7,22,right,203,43,105.0,0.4095238095238095,3.425806451612903,129,2.9545454545454546,True,False,True,True,3.425806451612903,False,True
Bcl11b_S500,Bcl11b,500,0.1133602578872335,CLEAN,grid>0.05,8,23,right,146,49,55.0,0.8909090909090909,1.2,137,2.76,True,False,True,False,1.2,False,True
Bcl11b_S530,Bcl11b,530,0.0364897036673523,EXCELLENT,persistent_p95_dark+severe_face,5,10,top,34,8,15.0,0.5333333333333333,1.8,35,4.0,True,False,True,True,1.8,False,True
Bcl11b_S530,Bcl11b,530,0.0364897036673523,EXCELLENT,persistent_p95_dark+severe_face,6,12,right,188,43,75.0,0.5733333333333334,2.8666666666666667,94,2.159090909090909,True,False,True,True,2.8666666666666667,False,True
Bcl11b_S530,Bcl11b,530,0.0364897036673523,EXCELLENT,persistent_p95_dark+severe_face,8,12,bottom,94,0,65.0,0.0,4.8,18,19.0,True,True,True,True,6.8,True,False
Bcl11b_S530,Bcl11b,530,0.0364897036673523,EXCELLENT,persistent_p95_dark+severe_face,9,13,bottom,162,16,95.0,0.1684210526315789,4.8,53,3.176470588235294,True,True,True,True,6.8,True,False
Bcl11b_S560,Bcl11b,560,0.0,EXCELLENT,severe_face,4,13,bottom,93,25,45.0,0.5555555555555556,1.5954545454545457,129,5.0,True,False,True,True,1.5954545454545457,False,True
Bcl11b_S560,Bcl11b,560,0.0,EXCELLENT,severe_face,6,16,bottom,74,21,25.0,0.84,1.24,82,3.772727272727273,True,False,True,False,1.24,False,True
Bcl11b_S560,Bcl11b,560,0.0,EXCELLENT,severe_face,7,17,bottom,104,20,35.0,0.5714285714285714,1.5727272727272728,103,4.9523809523809526,True,False,True,True,1.5727272727272728,False,True
Bcl11b_S560,Bcl11b,560,0.0,EXCELLENT,severe_face,8,18,bottom,92,22,35.0,0.6285714285714286,1.4875,121,5.304347826086956,True,False,True,True,1.4875,False,True
Cep112_S500,Cep112,500,0.2456590538170606,LOW,grid>0.05,1,0,bottom,26,5,10.0,0.5,3.4000000000000004,14,2.5,True,False,True,True,3.4000000000000004,False,True
Cep112_S500,Cep112,500,0.2456590538170606,LOW,grid>0.05,2,1,left,19,3,10.0,0.3,4.8,8,2.25,True,True,True,True,4.6,False,True
Cep112_S500,Cep112,500,0.2456590538170606,LOW,grid>0.05,4,2,right,18,0,10.0,0.0,4.8,8,9.0,True,True,True,True,6.2,False,True
Cep112_S500,Cep112,500,0.2456590538170606,LOW,grid>0.05,5,2,bottom,28,9,15.0,0.6,2.0,21,2.2,True,False,True,True,2.0,False,True
Cep112_S500,Cep112,500,0.2456590538170606,LOW,grid>0.05,6,5,left,26,4,10.0,0.4,1.8,17,3.6,True,False,True,True,1.8,False,True
Cep112_S500,Cep112,500,0.2456590538170606,LOW,grid>0.05,7,6,right,25,4,10.0,0.4,1.4428571428571428,38,7.8,True,False,True,True,1.4428571428571428,False,True
Cep112_S500,Cep112,500,0.2456590538170606,LOW,grid>0.05,8,7,left,27,8,10.0,0.8,1.2,22,2.555555555555556,True,False,True,False,1.2,False,True
Cep112_S500,Cep112,500,0.2456590538170606,LOW,grid>0.05,9,7,bottom,18,3,10.0,0.3,2.4,19,5.0,True,False,True,True,2.4,False,True
Cep112_S500,Cep112,500,0.2456590538170606,LOW,grid>0.05,10,8,right,20,3,10.0,0.3,3.6,13,3.5,True,False,True,True,3.6,False,True
Cep112_S500,Cep112,500,0.2456590538170606,LOW,grid>0.05,13,9,bottom,22,6,10.0,0.6,2.1,26,3.857142857142857,True,False,True,True,2.1,False,True
Cep112_S500,Cep112,500,0.2456590538170606,LOW,grid>0.05,15,10,bottom,49,7,30.0,0.2333333333333333,4.8,25,3.25,True,True,True,True,5.228571428571429,False,True
Cep112_S500,Cep112,500,0.2456590538170606,LOW,grid>0.05,21,15,bottom,30,4,15.0,0.2666666666666666,2.56,24,5.0,True,False,True,True,2.56,False,True
Cep112_S500,Cep112,500,0.2456590538170606,LOW,grid>0.05,22,18,bottom,40,6,25.0,0.24,3.066666666666667,36,5.285714285714286,True,False,True,True,3.066666666666667,False,True
Dscaml1_S500,Dscaml1,500,0.1167958409661525,CLEAN,grid>0.05+persistent_p95_dark+severe_face,2,2,right,58,16,25.0,0.64,1.55,130,7.705882352941177,True,False,True,True,1.55,False,True
Dscaml1_S500,Dscaml1,500,0.1167958409661525,CLEAN,grid>0.05+persistent_p95_dark+severe_face,5,3,bottom,145,30,60.0,0.5,1.6541666666666668,252,8.161290322580646,True,False,True,True,1.6541666666666668,False,True
Dscaml1_S500,Dscaml1,500,0.1167958409661525,CLEAN,grid>0.05+persistent_p95_dark+severe_face,7,5,bottom,115,35,50.0,0.7,1.3,250,6.972222222222222,True,False,True,False,1.3,False,True
Dscaml1_S500,Dscaml1,500,0.1167958409661525,CLEAN,grid>0.05+persistent_p95_dark+severe_face,8,8,right,56,7,30.0,0.2333333333333333,2.85,75,9.5,True,False,True,True,2.85,False,True
Dscaml1_S500,Dscaml1,500,0.1167958409661525,CLEAN,grid>0.05+persistent_p95_dark+severe_face,10,9,right,83,22,30.0,0.7333333333333333,1.2181818181818185,113,4.956521739130435,True,False,True,False,1.2181818181818185,False,True
Dscaml1_S500,Dscaml1,500,0.1167958409661525,CLEAN,grid>0.05+persistent_p95_dark+severe_face,12,11,right,49,3,20.0,0.15,2.0666666666666664,169,42.5,True,False,True,True,2.0666666666666664,False,True
Dscaml1_S500,Dscaml1,500,0.1167958409661525,CLEAN,grid>0.05+persistent_p95_dark+severe_face,13,11,top,235,67,105.0,0.638095238095238,1.3612244897959185,771,11.352941176470589,True,False,True,True,1.3612244897959185,False,True
Dscaml1_S500,Dscaml1,500,0.1167958409661525,CLEAN,grid>0.05+persistent_p95_dark+severe_face,16,13,bottom,67,6,35.0,0.1714285714285714,1.7137931034482758,261,37.42857142857143,True,False,True,True,1.7137931034482758,False,True
Dscaml1_S500,Dscaml1,500,0.1167958409661525,CLEAN,grid>0.05+persistent_p95_dark+severe_face,17,14,bottom,214,46,90.0,0.5111111111111111,1.38125,1126,23.97872340425532,True,False,True,True,1.38125,False,True
Dscaml1_S500,Dscaml1,500,0.1167958409661525,CLEAN,grid>0.05+persistent_p95_dark+severe_face,18,17,right,46,11,20.0,0.55,1.7444444444444445,73,6.166666666666667,True,False,True,True,1.7444444444444445,False,True
Dscaml1_S500,Dscaml1,500,0.1167958409661525,CLEAN,grid>0.05+persistent_p95_dark+severe_face,19,19,right,61,16,20.0,0.8,1.4,82,4.882352941176471,True,False,True,False,1.4,False,True
Dscaml1_S500,Dscaml1,500,0.1167958409661525,CLEAN,grid>0.05+persistent_p95_dark+severe_face,23,23,right,40,8,15.0,0.5333333333333333,1.5272727272727271,84,9.444444444444445,True,False,True,True,1.5272727272727271,False,True
Dscaml1_S530,Dscaml1,530,0.0726291927379284,EXCELLENT,grid>0.05,14,15,bottom,60,17,20.0,0.85,1.225,57,3.2222222222222223,True,False,True,False,1.225,False,True
Ebf3_S530,Ebf3,530,0.1022630407560896,CLEAN,grid>0.05,2,2,bottom,242,63,105.0,0.6,4.2,105,1.65625,True,False,True,True,4.2,False,True
Ebf3_S530,Ebf3,530,0.1022630407560896,CLEAN,grid>0.05,4,7,right,242,71,95.0,0.7473684210526316,1.7166666666666668,145,2.0277777777777777,True,False,True,False,1.7166666666666668,False,True
Ebf3_S530,Ebf3,530,0.1022630407560896,CLEAN,grid>0.05,6,8,bottom,52,12,25.0,0.48,3.5333333333333337,27,2.1538461538461537,True,False,True,True,3.5333333333333337,False,True
Ebf3_S530,Ebf3,530,0.1022630407560896,CLEAN,grid>0.05,8,12,top,59,10,30.0,0.3333333333333333,3.2,42,3.909090909090909,True,False,True,True,3.2,False,True
Ebf3_S530,Ebf3,530,0.1022630407560896,CLEAN,grid>0.05,9,12,bottom,154,33,60.0,0.55,3.271428571428572,73,2.176470588235294,True,False,True,True,3.271428571428572,False,True
Ebf3_S530,Ebf3,530,0.1022630407560896,CLEAN,grid>0.05,10,15,bottom,30,9,15.0,0.6,1.8461538461538465,37,3.8,True,False,True,True,1.8461538461538465,False,True
Ebf3_S530,Ebf3,530,0.1022630407560896,CLEAN,grid>0.05,11,16,top,110,19,30.0,0.6333333333333333,1.4111111111111112,76,3.85,True,False,True,True,1.4111111111111112,False,True
Ebf3_S530,Ebf3,530,0.1022630407560896,CLEAN,grid>0.05,12,16,bottom,127,37,55.0,0.6727272727272727,2.142857142857143,74,1.973684210526316,True,False,True,True,2.142857142857143,False,True
Ebf3_S560,Ebf3,560,0.0116554387051249,EXCELLENT,severe_face,1,6,top,296,103,130.0,0.7923076923076923,1.5692307692307694,253,2.4423076923076925,True,False,True,False,1.5692307692307694,False,True
Ebf3_S560,Ebf3,560,0.0116554387051249,EXCELLENT,severe_face,2,12,top,282,62,100.0,0.62,1.5125000000000002,294,4.682539682539683,True,False,True,True,1.5125000000000002,False,True
Ebf3_S560,Ebf3,560,0.0116554387051249,EXCELLENT,severe_face,4,21,top,213,70,90.0,0.7777777777777778,1.2857142857142858,238,3.3661971830985915,True,False,True,False,1.2857142857142858,False,True
Epb41l4a_S500,Epb41l4a,500,0.2286482637230454,LOW,grid>0.05,1,0,bottom,58,14,25.0,0.56,1.2357142857142858,134,9.0,True,False,True,True,1.2357142857142858,False,True
Epb41l4a_S500,Epb41l4a,500,0.2286482637230454,LOW,grid>0.05,2,0,right,94,25,35.0,0.7142857142857143,1.4333333333333331,138,5.346153846153846,True,False,True,False,1.4333333333333331,False,True
Epb41l4a_S500,Epb41l4a,500,0.2286482637230454,LOW,grid>0.05,3,6,right,63,10,25.0,0.4,1.875,80,7.363636363636363,True,False,True,True,1.875,False,True
Epb41l4a_S500,Epb41l4a,500,0.2286482637230454,LOW,grid>0.05,4,7,bottom,39,7,20.0,0.35,1.963636363636364,82,10.375,True,False,True,True,1.963636363636364,False,True
Epb41l4a_S500,Epb41l4a,500,0.2286482637230454,LOW,grid>0.05,5,7,right,43,7,15.0,0.4666666666666667,1.7166666666666668,71,9.0,True,False,True,True,1.7166666666666668,False,True
Epb41l4a_S500,Epb41l4a,500,0.2286482637230454,LOW,grid>0.05,6,8,bottom,60,13,25.0,0.52,2.1333333333333333,85,6.142857142857143,True,False,True,True,2.1333333333333333,False,True
Epb41l4a_S500,Epb41l4a,500,0.2286482637230454,LOW,grid>0.05,7,8,right,65,13,25.0,0.52,1.892307692307692,73,5.285714285714286,True,False,True,True,1.892307692307692,False,True
Epb41l4a_S500,Epb41l4a,500,0.2286482637230454,LOW,grid>0.05,10,10,right,83,19,30.0,0.6333333333333333,1.4190476190476191,113,5.7,True,False,True,True,1.4190476190476191,False,True
Epb41l4a_S500,Epb41l4a,500,0.2286482637230454,LOW,grid>0.05,11,12,bottom,59,21,25.0,0.84,1.1333333333333333,115,5.2727272727272725,True,False,True,False,1.1333333333333333,False,True
Epb41l4a_S500,Epb41l4a,500,0.2286482637230454,LOW,grid>0.05,12,12,right,37,6,15.0,0.4,1.7000000000000002,54,7.857142857142857,True,False,True,True,1.7000000000000002,False,True
Epb41l4a_S500,Epb41l4a,500,0.2286482637230454,LOW,grid>0.05,13,13,bottom,52,12,15.0,0.8,1.09,94,7.3076923076923075,True,False,True,False,1.09,False,True
Epb41l4a_S500,Epb41l4a,500,0.2286482637230454,LOW,grid>0.05,14,13,right,84,7,30.0,0.2333333333333333,1.903448275862069,145,18.25,True,False,True,True,1.903448275862069,False,True
Epb41l4a_S500,Epb41l4a,500,0.2286482637230454,LOW,grid>0.05,15,15,bottom,60,13,25.0,0.52,1.7000000000000002,83,6.0,True,False,True,True,1.7000000000000002,False,True
Epb41l4a_S500,Epb41l4a,500,0.2286482637230454,LOW,grid>0.05,16,16,right,46,8,25.0,0.32,2.1,70,7.888888888888889,True,False,True,True,2.1,False,True
Epb41l4a_S500,Epb41l4a,500,0.2286482637230454,LOW,grid>0.05,17,17,right,52,13,25.0,0.52,1.6333333333333333,62,4.5,True,False,True,True,1.6333333333333333,False,True
Epb41l4a_S500,Epb41l4a,500,0.2286482637230454,LOW,grid>0.05,18,18,right,126,5,60.0,0.0833333333333333,4.5125,55,9.333333333333334,True,True,True,True,4.45,False,True
Epb41l4a_S500,Epb41l4a,500,0.2286482637230454,LOW,grid>0.05,19,19,right,55,4,20.0,0.2,2.1272727272727274,63,12.8,True,False,True,True,2.1272727272727274,False,True
Epb41l4a_S500,Epb41l4a,500,0.2286482637230454,LOW,grid>0.05,20,20,right,33,1,25.0,0.04,2.7,53,27.0,True,False,True,True,2.7,False,True
Epb41l4a_S500,Epb41l4a,500,0.2286482637230454,LOW,grid>0.05,21,21,right,23,0,10.0,0.0,2.0,43,44.0,True,False,True,True,2.0,False,True
Epb41l4a_S500,Epb41l4a,500,0.2286482637230454,LOW,grid>0.05,22,22,right,30,3,20.0,0.15,3.04,34,8.75,True,False,True,True,3.04,False,True
Epb41l4a_S500,Epb41l4a,500,0.2286482637230454,LOW,grid>0.05,23,23,right,82,3,35.0,0.0857142857142857,2.9000000000000004,62,15.75,True,False,True,True,2.9000000000000004,False,True
Foxp2_S500,Foxp2,500,0.0515280097277837,EXCELLENT,grid>0.05++severe_face,1,2,bottom,169,34,90.0,0.3777777777777777,4.8,79,2.2857142857142856,True,True,True,True,4.933333333333334,False,True
Foxp2_S500,Foxp2,500,0.0515280097277837,EXCELLENT,grid>0.05++severe_face,2,2,right,97,14,35.0,0.4,3.066666666666667,47,3.2,True,False,True,True,3.066666666666667,False,True
Foxp2_S500,Foxp2,500,0.0515280097277837,EXCELLENT,grid>0.05++severe_face,3,6,bottom,106,12,60.0,0.2,3.4083333333333337,79,6.153846153846154,True,False,True,True,3.4083333333333337,False,True
Foxp2_S500,Foxp2,500,0.0515280097277837,EXCELLENT,grid>0.05++severe_face,5,8,right,125,42,50.0,0.84,1.3714285714285714,100,2.3488372093023258,True,False,True,False,1.3714285714285714,False,True
Foxp2_S500,Foxp2,500,0.0515280097277837,EXCELLENT,grid>0.05++severe_face,6,11,right,109,17,55.0,0.3090909090909091,4.8,42,2.388888888888889,True,True,True,True,6.8,True,False
Foxp2_S500,Foxp2,500,0.0515280097277837,EXCELLENT,grid>0.05++severe_face,8,17,right,25,2,10.0,0.2,2.04,20,7.0,True,False,True,True,2.04,False,True
Foxp2_S500,Foxp2,500,0.0515280097277837,EXCELLENT,grid>0.05++severe_face,10,22,right,41,9,15.0,0.6,1.4666666666666668,40,4.1,True,False,True,True,1.4666666666666668,False,True
Foxp2_S530,Foxp2,530,0.1457453000503728,CLEAN,grid>0.05,3,1,bottom,27,2,15.0,0.1333333333333333,4.342857142857143,14,5.0,True,True,True,True,4.35,False,True
Foxp2_S530,Foxp2,530,0.1457453000503728,CLEAN,grid>0.05,6,8,bottom,25,6,10.0,0.6,1.425,32,4.714285714285714,True,False,True,True,1.425,False,True
Foxp2_S530,Foxp2,530,0.1457453000503728,CLEAN,grid>0.05,8,10,right,41,11,15.0,0.7333333333333333,2.628571428571429,27,2.333333333333333,True,False,True,False,2.628571428571429,False,True
Foxp2_S530,Foxp2,530,0.1457453000503728,CLEAN,grid>0.05,14,12,bottom,61,10,35.0,0.2857142857142857,4.8,30,2.8181818181818183,True,True,True,True,5.4,False,True
Foxp2_S530,Foxp2,530,0.1457453000503728,CLEAN,grid>0.05,16,15,bottom,48,10,15.0,0.6666666666666666,1.8,35,3.272727272727273,True,False,True,True,1.8,False,True
Foxp2_S530,Foxp2,530,0.1457453000503728,CLEAN,grid>0.05,17,17,right,236,44,115.0,0.3826086956521739,4.723809523809524,104,2.333333333333333,True,True,True,True,4.75,False,True
Foxp2_S530,Foxp2,530,0.1457453000503728,CLEAN,grid>0.05,19,18,right,22,5,10.0,0.5,2.4,18,3.1666666666666665,True,False,True,True,2.4,False,True
Foxp2_S530,Foxp2,530,0.1457453000503728,CLEAN,grid>0.05,20,19,right,49,6,30.0,0.2,4.8,19,2.857142857142857,True,True,True,True,5.800000000000001,False,True
Foxp2_S530,Foxp2,530,0.1457453000503728,CLEAN,grid>0.05,21,19,top,52,14,20.0,0.7,1.8,40,2.7333333333333334,True,False,True,False,1.8,False,True
Foxp2_S530,Foxp2,530,0.1457453000503728,CLEAN,grid>0.05,22,19,bottom,28,7,10.0,0.7,1.8,20,2.625,True,False,True,False,1.8,False,True
Foxp2_S530,Foxp2,530,0.1457453000503728,CLEAN,grid>0.05,27,22,right,64,14,25.0,0.56,2.8,34,2.333333333333333,True,False,True,True,2.8,False,True
Foxp2_S530,Foxp2,530,0.1457453000503728,CLEAN,grid>0.05,28,23,right,16,2,10.0,0.2,2.4,18,6.333333333333333,True,False,True,True,2.4,False,True
Foxp2_S560,Foxp2,560,0.078405384804645,EXCELLENT,grid>0.05,1,1,right,43,5,15.0,0.3333333333333333,2.523076923076923,38,6.5,True,False,True,True,2.523076923076923,False,True
Foxp2_S560,Foxp2,560,0.078405384804645,EXCELLENT,grid>0.05,2,6,right,20,1,10.0,0.1,2.25,34,17.5,True,False,True,True,2.25,False,True
Foxp2_S560,Foxp2,560,0.078405384804645,EXCELLENT,grid>0.05,4,20,right,35,8,10.0,0.8,1.15,33,3.7777777777777777,True,False,True,False,1.15,False,True
Foxp2_S560,Foxp2,560,0.078405384804645,EXCELLENT,grid>0.05,7,23,right,23,3,15.0,0.2,2.325,41,10.5,True,False,True,True,2.325,False,True
Fstl4_S500,Fstl4,500,0.1209280494443863,CLEAN,grid>0.05,1,1,bottom,275,75,130.0,0.5769230769230769,1.8878048780487808,252,3.3289473684210527,True,False,True,True,1.8878048780487808,False,True
Fstl4_S500,Fstl4,500,0.1209280494443863,CLEAN,grid>0.05,2,3,bottom,242,56,100.0,0.56,1.5317073170731708,263,4.631578947368421,True,False,True,True,1.5317073170731708,False,True
Fstl4_S500,Fstl4,500,0.1209280494443863,CLEAN,grid>0.05,3,5,bottom,186,36,85.0,0.4235294117647059,1.7375,192,5.216216216216216,True,False,True,True,1.7375,False,True
Fstl4_S500,Fstl4,500,0.1209280494443863,CLEAN,grid>0.05,4,5,top,34,4,20.0,0.2,4.8,18,3.8,True,True,True,True,5.720000000000001,False,True
Fstl4_S500,Fstl4,500,0.1209280494443863,CLEAN,grid>0.05,5,7,bottom,201,43,100.0,0.43,2.0432432432432432,213,4.863636363636363,True,False,True,True,2.0432432432432432,False,True
Fstl4_S500,Fstl4,500,0.1209280494443863,CLEAN,grid>0.05,6,13,bottom,300,75,140.0,0.5357142857142857,1.6478260869565218,306,4.039473684210527,True,False,True,True,1.6478260869565218,False,True
Fstl4_S500,Fstl4,500,0.1209280494443863,CLEAN,grid>0.05,7,15,bottom,277,74,115.0,0.6434782608695652,1.3849056603773586,360,4.8133333333333335,True,False,True,True,1.3849056603773586,False,True
Fstl4_S500,Fstl4,500,0.1209280494443863,CLEAN,grid>0.05,8,16,bottom,292,77,120.0,0.6416666666666667,1.4764705882352942,299,3.8461538461538463,True,False,True,True,1.4764705882352942,False,True
Fstl4_S500,Fstl4,500,0.1209280494443863,CLEAN,grid>0.05,10,17,top,269,78,100.0,0.78,1.22,275,3.4936708860759493,True,False,True,False,1.22,False,True
Fstl4_S500,Fstl4,500,0.1209280494443863,CLEAN,grid>0.05,12,20,top,592,176,220.0,0.8,1.24,621,3.5141242937853105,True,False,True,False,1.24,False,True
Fstl4_S560,Fstl4,560,0.1053585449578319,CLEAN,grid>0.05,1,12,left,179,63,75.0,0.84,1.144,282,4.421875,True,False,True,False,1.144,False,True
Fstl4_S560,Fstl4,560,0.1053585449578319,CLEAN,grid>0.05,3,14,left,188,47,80.0,0.5875,1.3,484,10.104166666666666,True,False,True,True,1.3,False,True
Fstl4_S560,Fstl4,560,0.1053585449578319,CLEAN,grid>0.05,4,15,left,133,10,60.0,0.1666666666666666,2.0625,197,18.0,True,False,True,True,2.0625,False,True
Fstl4_S560,Fstl4,560,0.1053585449578319,CLEAN,grid>0.05,5,17,left,157,35,65.0,0.5384615384615384,1.425,236,6.583333333333333,True,False,True,True,1.425,False,True
Fstl4_S560,Fstl4,560,0.1053585449578319,CLEAN,grid>0.05,6,21,left,235,62,90.0,0.6888888888888889,1.270967741935484,355,5.650793650793651,True,False,True,True,1.270967741935484,False,True
Fstl4_S560,Fstl4,560,0.1053585449578319,CLEAN,grid>0.05,7,22,left,179,51,65.0,0.7846153846153846,1.13125,316,6.096153846153846,True,False,True,False,1.13125,False,True
Fstl4_S560,Fstl4,560,0.1053585449578319,CLEAN,grid>0.05,8,23,left,120,26,50.0,0.52,1.3892857142857142,264,9.814814814814817,True,False,True,True,1.3892857142857142,False,True
Ghr_S500,Ghr,500,0.0792659809949364,EXCELLENT,grid>0.05++severe_face,1,2,right,84,13,45.0,0.2888888888888888,2.294117647058824,105,7.571428571428571,True,False,True,True,2.294117647058824,False,True
Ghr_S500,Ghr,500,0.0792659809949364,EXCELLENT,grid>0.05++severe_face,2,6,right,41,3,25.0,0.12,2.2125,72,18.25,True,False,True,True,2.2125,False,True
Ghr_S500,Ghr,500,0.0792659809949364,EXCELLENT,grid>0.05++severe_face,3,8,right,52,10,20.0,0.5,1.5,89,8.181818181818182,True,False,True,True,1.5,False,True
Ghr_S500,Ghr,500,0.0792659809949364,EXCELLENT,grid>0.05++severe_face,4,11,right,45,4,25.0,0.16,2.3,68,13.8,True,False,True,True,2.3,False,True
Ghr_S500,Ghr,500,0.0792659809949364,EXCELLENT,grid>0.05++severe_face,5,12,right,41,3,20.0,0.15,1.9333333333333331,64,16.25,True,False,True,True,1.9333333333333331,False,True
Ghr_S500,Ghr,500,0.0792659809949364,EXCELLENT,grid>0.05++severe_face,6,13,right,39,1,15.0,0.0666666666666666,1.7333333333333334,92,46.5,True,False,True,True,1.7333333333333334,False,True
Ghr_S500,Ghr,500,0.0792659809949364,EXCELLENT,grid>0.05++severe_face,7,16,right,53,4,35.0,0.1142857142857142,2.4470588235294115,82,16.6,True,False,True,True,2.4470588235294115,False,True
Ghr_S500,Ghr,500,0.0792659809949364,EXCELLENT,grid>0.05++severe_face,8,17,right,47,4,30.0,0.1333333333333333,2.261538461538461,58,11.8,True,False,True,True,2.261538461538461,False,True
Ghr_S500,Ghr,500,0.0792659809949364,EXCELLENT,grid>0.05++severe_face,9,18,right,72,8,45.0,0.1777777777777777,2.6666666666666665,73,8.222222222222221,True,False,True,True,2.6666666666666665,False,True
Ghr_S500,Ghr,500,0.0792659809949364,EXCELLENT,grid>0.05++severe_face,10,19,right,644,148,280.0,0.5285714285714286,1.7868421052631578,569,3.825503355704698,True,False,True,True,1.7868421052631578,False,True
Ghr_S500,Ghr,500,0.0792659809949364,EXCELLENT,grid>0.05++severe_face,11,20,right,196,21,120.0,0.175,3.568421052631579,144,6.590909090909091,True,False,True,True,3.568421052631579,False,True
Ghr_S500,Ghr,500,0.0792659809949364,EXCELLENT,grid>0.05++severe_face,12,21,right,69,5,40.0,0.125,2.4592592592592597,92,15.5,True,False,True,True,2.4592592592592597,False,True
Ghr_S500,Ghr,500,0.0792659809949364,EXCELLENT,grid>0.05++severe_face,13,22,right,56,5,25.0,0.2,2.6666666666666665,48,8.166666666666666,True,False,True,True,2.6666666666666665,False,True
Ghr_S500,Ghr,500,0.0792659809949364,EXCELLENT,grid>0.05++severe_face,14,23,right,48,4,25.0,0.16,1.9714285714285715,78,15.8,True,False,True,True,1.9714285714285715,False,True
Ghr_S530,Ghr,530,0.1142078824207396,CLEAN,grid>0.05+residual_p95_dark+severe_face,1,7,right,60,3,30.0,0.1,2.2153846153846155,79,20.0,True,False,True,True,2.2153846153846155,False,True
Ghr_S530,Ghr,530,0.1142078824207396,CLEAN,grid>0.05+residual_p95_dark+severe_face,2,10,right,256,40,80.0,0.5,2.0666666666666664,142,3.4878048780487805,True,False,True,True,2.0666666666666664,False,True
Ghr_S530,Ghr,530,0.1142078824207396,CLEAN,grid>0.05+residual_p95_dark+severe_face,3,11,right,61,3,25.0,0.12,2.325,69,17.5,True,False,True,True,2.325,False,True
Ghr_S530,Ghr,530,0.1142078824207396,CLEAN,grid>0.05+residual_p95_dark+severe_face,4,12,right,75,11,35.0,0.3142857142857143,2.0526315789473686,74,6.25,True,False,True,True,2.0526315789473686,False,True
Ghr_S530,Ghr,530,0.1142078824207396,CLEAN,grid>0.05+residual_p95_dark+severe_face,5,16,right,84,5,50.0,0.1,2.5052631578947366,122,20.5,True,False,True,True,2.5052631578947366,False,True
Ghr_S530,Ghr,530,0.1142078824207396,CLEAN,grid>0.05+residual_p95_dark+severe_face,7,18,right,127,7,85.0,0.0823529411764705,4.8,68,8.625,True,True,True,True,4.989473684210527,False,True
Ghr_S530,Ghr,530,0.1142078824207396,CLEAN,grid>0.05+residual_p95_dark+severe_face,8,19,right,228,45,90.0,0.5,1.9142857142857144,181,3.9565217391304346,True,False,True,True,1.9142857142857144,False,True
Ghr_S530,Ghr,530,0.1142078824207396,CLEAN,grid>0.05+residual_p95_dark+severe_face,10,21,right,54,3,20.0,0.15,2.9000000000000004,44,11.25,True,False,True,True,2.9000000000000004,False,True
Ghr_S530,Ghr,530,0.1142078824207396,CLEAN,grid>0.05+residual_p95_dark+severe_face,13,23,right,150,6,60.0,0.1,3.0153846153846158,100,14.428571428571429,True,False,True,True,3.0153846153846158,False,True
Ghr_S560,Ghr,560,0.0882505770101559,EXCELLENT,grid>0.05+persistent_p95_dark+severe_face,3,2,right,78,22,30.0,0.7333333333333333,1.6181818181818182,85,3.739130434782609,True,False,True,False,1.6181818181818182,False,True
Ghr_S560,Ghr,560,0.0882505770101559,EXCELLENT,grid>0.05+persistent_p95_dark+severe_face,10,6,right,947,170,460.0,0.3695652173913043,1.957466063348416,1392,8.146198830409357,True,False,True,True,1.957466063348416,False,True
Ghr_S560,Ghr,560,0.0882505770101559,EXCELLENT,grid>0.05+persistent_p95_dark+severe_face,11,6,top,1716,323,865.0,0.3734104046242774,3.2233644859813086,1074,3.317901234567901,True,False,True,True,3.2233644859813086,False,True
Ghr_S560,Ghr,560,0.0882505770101559,EXCELLENT,grid>0.05+persistent_p95_dark+severe_face,14,7,right,894,155,440.0,0.3522727272727273,1.947457627118644,1344,8.621794871794872,True,False,True,True,1.947457627118644,False,True
Ghr_S560,Ghr,560,0.0882505770101559,EXCELLENT,grid>0.05+persistent_p95_dark+severe_face,16,8,right,514,156,215.0,0.7255813953488373,1.3,826,5.267515923566879,True,False,True,False,1.3,False,True
Ghr_S560,Ghr,560,0.0882505770101559,EXCELLENT,grid>0.05+persistent_p95_dark+severe_face,17,8,top,1087,276,505.0,0.5465346534653466,1.8202702702702704,1053,3.8050541516245486,True,False,True,True,1.8202702702702704,False,True
Ghr_S560,Ghr,560,0.0882505770101559,EXCELLENT,grid>0.05+persistent_p95_dark+severe_face,19,9,top,60,9,25.0,0.36,1.7375,70,7.1,True,False,True,True,1.7375,False,True
Ghr_S560,Ghr,560,0.0882505770101559,EXCELLENT,grid>0.05+persistent_p95_dark+severe_face,22,11,right,437,109,180.0,0.6055555555555555,1.4627906976744187,582,5.3,True,False,True,True,1.4627906976744187,False,True
Ghr_S560,Ghr,560,0.0882505770101559,EXCELLENT,grid>0.05+persistent_p95_dark+severe_face,24,12,right,1080,279,455.0,0.6131868131868132,1.5986111111111112,1125,4.021428571428571,True,False,True,True,1.5986111111111112,False,True
Ghr_S560,Ghr,560,0.0882505770101559,EXCELLENT,grid>0.05+persistent_p95_dark+severe_face,26,13,right,1569,430,620.0,0.6935483870967742,1.3646853146853148,2149,4.9883990719257545,True,False,True,True,1.3646853146853148,False,True
Ghr_S560,Ghr,560,0.0882505770101559,EXCELLENT,grid>0.05+persistent_p95_dark+severe_face,28,15,top,2935,637,1340.0,0.4753731343283582,2.535243553008596,2035,3.191222570532916,True,False,True,True,2.535243553008596,False,True
Ghr_S560,Ghr,560,0.0882505770101559,EXCELLENT,grid>0.05+persistent_p95_dark+severe_face,30,16,left,1058,300,395.0,0.759493670886076,1.266355140186916,1233,4.099667774086379,True,False,True,False,1.266355140186916,False,True
Ghr_S560,Ghr,560,0.0882505770101559,EXCELLENT,grid>0.05+persistent_p95_dark+severe_face,33,18,right,973,348,400.0,0.87,1.179310344827586,999,2.865329512893983,True,False,True,False,1.179310344827586,False,True
Ghr_S560,Ghr,560,0.0882505770101559,EXCELLENT,grid>0.05+persistent_p95_dark+severe_face,34,18,top,1810,440,855.0,0.5146198830409356,2.075510204081633,1504,3.412698412698413,True,False,True,True,2.075510204081633,False,True
Ghr_S560,Ghr,560,0.0882505770101559,EXCELLENT,grid>0.05+persistent_p95_dark+severe_face,37,20,right,812,170,400.0,0.425,2.0521008403361343,841,4.923976608187134,True,False,True,True,2.0521008403361343,False,True
Ghr_S560,Ghr,560,0.0882505770101559,EXCELLENT,grid>0.05+persistent_p95_dark+severe_face,38,20,top,2032,565,810.0,0.6975308641975309,1.6256410256410256,1882,3.326855123674912,True,False,True,True,1.6256410256410256,False,True
Ghr_S560,Ghr,560,0.0882505770101559,EXCELLENT,grid>0.05+persistent_p95_dark+severe_face,39,22,right,1194,303,530.0,0.5716981132075472,1.612169312169312,1427,4.697368421052632,True,False,True,True,1.612169312169312,False,True
Ghr_S560,Ghr,560,0.0882505770101559,EXCELLENT,grid>0.05+persistent_p95_dark+severe_face,40,22,top,3055,955,1245.0,0.7670682730923695,1.5015810276679842,2634,2.756276150627615,True,False,True,False,1.5015810276679842,False,True
Ghr_S560,Ghr,560,0.0882505770101559,EXCELLENT,grid>0.05+persistent_p95_dark+severe_face,43,24,left,1155,283,490.0,0.5775510204081633,1.458203125,2007,7.070422535211268,True,False,True,True,1.458203125,False,True
Ghr_S560,Ghr,560,0.0882505770101559,EXCELLENT,grid>0.05+persistent_p95_dark+severe_face,44,24,top,3101,703,1395.0,0.5039426523297491,1.8047524752475248,3389,4.815340909090909,True,False,True,True,1.8047524752475248,False,True
Hcrtr1_S500,Hcrtr1,500,0.1140603627915854,CLEAN,grid>0.05,1,2,right,170,33,85.0,0.388235294117647,2.12,174,5.147058823529412,True,False,True,True,2.12,False,True
Hcrtr1_S500,Hcrtr1,500,0.1140603627915854,CLEAN,grid>0.05,2,7,right,121,16,55.0,0.2909090909090909,2.0,144,8.529411764705882,True,False,True,True,2.0,False,True
Hcrtr1_S500,Hcrtr1,500,0.1140603627915854,CLEAN,grid>0.05,3,8,right,111,14,60.0,0.2333333333333333,2.1272727272727274,201,13.466666666666669,True,False,True,True,2.1272727272727274,False,True
Hcrtr1_S500,Hcrtr1,500,0.1140603627915854,CLEAN,grid>0.05,4,11,right,73,6,35.0,0.1714285714285714,2.4,130,18.714285714285715,True,False,True,True,2.4,False,True
Hcrtr1_S500,Hcrtr1,500,0.1140603627915854,CLEAN,grid>0.05,5,12,right,106,8,75.0,0.1066666666666666,2.823529411764706,152,17.0,True,False,True,True,2.823529411764706,False,True
Hcrtr1_S500,Hcrtr1,500,0.1140603627915854,CLEAN,grid>0.05,6,13,right,47,2,25.0,0.08,2.8,43,14.666666666666666,True,False,True,True,2.8,False,True
Hcrtr1_S500,Hcrtr1,500,0.1140603627915854,CLEAN,grid>0.05,7,16,right,53,2,35.0,0.0571428571428571,2.555555555555556,96,32.333333333333336,True,False,True,True,2.555555555555556,False,True
Hcrtr1_S500,Hcrtr1,500,0.1140603627915854,CLEAN,grid>0.05,8,17,right,48,1,25.0,0.04,2.5142857142857142,52,26.5,True,False,True,True,2.5142857142857142,False,True
Hcrtr1_S500,Hcrtr1,500,0.1140603627915854,CLEAN,grid>0.05,9,18,right,145,10,65.0,0.1538461538461538,3.4222222222222225,79,7.272727272727272,True,False,True,True,3.4222222222222225,False,True
Hcrtr1_S500,Hcrtr1,500,0.1140603627915854,CLEAN,grid>0.05,10,20,right,109,16,55.0,0.2909090909090909,2.4761904761904763,106,6.294117647058823,True,False,True,True,2.4761904761904763,False,True
Hcrtr1_S500,Hcrtr1,500,0.1140603627915854,CLEAN,grid>0.05,11,21,right,197,41,125.0,0.328,3.04,169,4.047619047619048,True,False,True,True,3.04,False,True
Hcrtr1_S500,Hcrtr1,500,0.1140603627915854,CLEAN,grid>0.05,12,22,right,44,4,30.0,0.1333333333333333,3.04,45,9.2,True,False,True,True,3.04,False,True
Hcrtr1_S500,Hcrtr1,500,0.1140603627915854,CLEAN,grid>0.05,13,23,right,19,1,15.0,0.0666666666666666,3.022222222222222,52,26.5,True,False,True,True,3.022222222222222,False,True
Hcrtr1_S530,Hcrtr1,530,0.0754095803822876,EXCELLENT,grid>0.05,8,7,bottom,34,3,15.0,0.2,2.25,78,19.75,True,False,True,True,2.25,False,True
Hcrtr1_S560,Hcrtr1,560,0.0910462166400328,EXCELLENT,grid>0.05,1,1,bottom,16,0,10.0,0.0,2.0727272727272728,56,57.0,True,False,True,True,2.0727272727272728,False,True
Lmx1a_S500,Lmx1a,500,0.1183363765848524,CLEAN,grid>0.05,1,0,bottom,226,53,85.0,0.6235294117647059,2.1666666666666665,162,3.0185185185185186,True,False,True,True,2.1666666666666665,False,True
Lmx1a_S500,Lmx1a,500,0.1183363765848524,CLEAN,grid>0.05,2,10,bottom,189,48,80.0,0.6,1.9578947368421051,186,3.816326530612245,True,False,True,True,1.9578947368421051,False,True
Lmx1a_S500,Lmx1a,500,0.1183363765848524,CLEAN,grid>0.05,3,11,bottom,215,36,85.0,0.4235294117647059,2.690909090909091,135,3.675675675675676,True,False,True,True,2.690909090909091,False,True
Lmx1a_S530,Lmx1a,530,0.1235738829299636,CLEAN,grid>0.05,1,2,bottom,307,57,120.0,0.475,3.348148148148148,143,2.4827586206896552,True,False,True,True,3.348148148148148,False,True
Lmx1a_S530,Lmx1a,530,0.1235738829299636,CLEAN,grid>0.05,3,7,right,156,46,55.0,0.8363636363636363,1.225,138,2.9574468085106385,True,False,True,False,1.225,False,True
Lmx1a_S530,Lmx1a,530,0.1235738829299636,CLEAN,grid>0.05,4,7,bottom,114,24,45.0,0.5333333333333333,2.025,86,3.48,True,False,True,True,2.025,False,True
Lmx1a_S530,Lmx1a,530,0.1235738829299636,CLEAN,grid>0.05,5,8,right,74,14,35.0,0.4,3.066666666666667,46,3.1333333333333333,True,False,True,True,3.066666666666667,False,True
Lmx1a_S530,Lmx1a,530,0.1235738829299636,CLEAN,grid>0.05,6,8,bottom,142,34,50.0,0.68,1.6076923076923078,98,2.8285714285714287,True,False,True,True,1.6076923076923078,False,True
Lmx1a_S530,Lmx1a,530,0.1235738829299636,CLEAN,grid>0.05,8,10,right,108,31,50.0,0.62,1.863157894736842,95,3.0,True,False,True,True,1.863157894736842,False,True
Lmx1a_S530,Lmx1a,530,0.1235738829299636,CLEAN,grid>0.05,9,10,top,150,49,65.0,0.7538461538461538,1.481818181818182,133,2.68,True,False,True,False,1.481818181818182,False,True
Lmx1a_S530,Lmx1a,530,0.1235738829299636,CLEAN,grid>0.05,10,11,right,120,34,45.0,0.7555555555555555,2.4,71,2.057142857142857,True,False,True,False,2.4,False,True
Lmx1a_S530,Lmx1a,530,0.1235738829299636,CLEAN,grid>0.05,11,12,right,83,26,35.0,0.7428571428571429,1.3833333333333333,82,3.074074074074074,True,False,True,False,1.3833333333333333,False,True
Lmx1a_S530,Lmx1a,530,0.1235738829299636,CLEAN,grid>0.05,14,16,right,83,17,35.0,0.4857142857142857,1.8,84,4.722222222222222,True,False,True,True,1.8,False,True
Lmx1a_S530,Lmx1a,530,0.1235738829299636,CLEAN,grid>0.05,16,17,right,100,22,40.0,0.55,2.2285714285714286,64,2.8260869565217392,True,False,True,True,2.2285714285714286,False,True
Lmx1a_S530,Lmx1a,530,0.1235738829299636,CLEAN,grid>0.05,17,17,bottom,87,20,40.0,0.5,2.1272727272727274,83,4.0,True,False,True,True,2.1272727272727274,False,True
Lmx1a_S530,Lmx1a,530,0.1235738829299636,CLEAN,grid>0.05,18,18,right,94,22,40.0,0.55,2.325,71,3.130434782608696,True,False,True,True,2.325,False,True
Lmx1a_S530,Lmx1a,530,0.1235738829299636,CLEAN,grid>0.05,19,18,bottom,105,28,45.0,0.6222222222222222,2.0142857142857142,85,2.9655172413793105,True,False,True,True,2.0142857142857142,False,True
Lmx1a_S530,Lmx1a,530,0.1235738829299636,CLEAN,grid>0.05,20,19,right,107,28,35.0,0.8,1.4666666666666668,58,2.034482758620689,True,False,True,False,1.4666666666666668,False,True
Lmx1a_S530,Lmx1a,530,0.1235738829299636,CLEAN,grid>0.05,21,19,bottom,155,46,55.0,0.8363636363636363,1.1800000000000002,155,3.3191489361702127,True,False,True,False,1.1800000000000002,False,True
Lmx1a_S530,Lmx1a,530,0.1235738829299636,CLEAN,grid>0.05,22,20,right,134,30,55.0,0.5454545454545454,1.668421052631579,115,3.741935483870968,True,False,True,True,1.668421052631579,False,True
Lmx1a_S530,Lmx1a,530,0.1235738829299636,CLEAN,grid>0.05,23,22,right,69,7,30.0,0.2333333333333333,2.55,55,7.0,True,False,True,True,2.55,False,True
Lmx1a_S530,Lmx1a,530,0.1235738829299636,CLEAN,grid>0.05,24,23,right,100,18,35.0,0.5142857142857142,1.5727272727272728,84,4.473684210526316,True,False,True,True,1.5727272727272728,False,True
Mc4r_S500,Mc4r,500,0.0862037901980958,EXCELLENT,grid>0.05+persistent_p95_dark+severe_face,1,3,right,37,2,20.0,0.1,4.8,3,1.3333333333333333,True,True,True,True,6.8,True,False
Mc4r_S500,Mc4r,500,0.0862037901980958,EXCELLENT,grid>0.05+persistent_p95_dark+severe_face,2,5,left,528,144,240.0,0.6,1.963636363636364,366,2.5310344827586206,True,False,True,True,1.963636363636364,False,True
Mc4r_S500,Mc4r,500,0.0862037901980958,EXCELLENT,grid>0.05+persistent_p95_dark+severe_face,3,5,top,860,193,305.0,0.6327868852459017,2.351020408163265,417,2.154639175257732,True,False,True,True,2.351020408163265,False,True
Mc4r_S500,Mc4r,500,0.0862037901980958,EXCELLENT,grid>0.05+persistent_p95_dark+severe_face,4,9,right,265,25,130.0,0.1923076923076923,4.8,56,2.1923076923076925,True,True,True,True,6.8,True,False
Mc4r_S500,Mc4r,500,0.0862037901980958,EXCELLENT,grid>0.05+persistent_p95_dark+severe_face,7,18,right,552,138,215.0,0.641860465116279,1.6062500000000002,473,3.4100719424460437,True,False,True,True,1.6062500000000002,False,True
Mc4r_S500,Mc4r,500,0.0862037901980958,EXCELLENT,grid>0.05+persistent_p95_dark+severe_face,8,19,right,533,140,230.0,0.6086956521739131,1.838709677419355,405,2.879432624113475,True,False,True,True,1.838709677419355,False,True
Mc4r_S500,Mc4r,500,0.0862037901980958,EXCELLENT,grid>0.05+persistent_p95_dark+severe_face,10,20,right,599,168,245.0,0.6857142857142857,1.5155172413793103,546,3.2366863905325443,True,False,True,True,1.5155172413793103,False,True
Mc4r_S500,Mc4r,500,0.0862037901980958,EXCELLENT,grid>0.05+persistent_p95_dark+severe_face,11,21,left,596,187,220.0,0.85,1.1867924528301887,599,3.191489361702128,True,False,True,False,1.1867924528301887,False,True
Mc4r_S500,Mc4r,500,0.0862037901980958,EXCELLENT,grid>0.05+persistent_p95_dark+severe_face,14,24,top,716,188,275.0,0.6836363636363636,2.185714285714285,434,2.3015873015873014,True,False,True,True,2.185714285714285,False,True
Mc4r_S530,Mc4r,530,0.0669391440605945,EXCELLENT,grid>0.05,1,12,right,466,126,175.0,0.72,1.5195121951219512,349,2.755905511811024,True,False,True,False,1.5195121951219512,False,True
Mc4r_S530,Mc4r,530,0.0669391440605945,EXCELLENT,grid>0.05,2,18,right,693,162,340.0,0.4764705882352941,4.455813953488372,329,2.0245398773006134,True,True,True,True,4.8,False,True
Mc4r_S530,Mc4r,530,0.0669391440605945,EXCELLENT,grid>0.05,3,20,right,187,33,75.0,0.44,2.329411764705882,106,3.147058823529412,True,False,True,True,2.329411764705882,False,True
Mc4r_S530,Mc4r,530,0.0669391440605945,EXCELLENT,grid>0.05,4,20,top,365,111,140.0,0.7928571428571428,1.4875,243,2.1785714285714284,True,False,True,False,1.4875,False,True
Mc4r_S530,Mc4r,530,0.0669391440605945,EXCELLENT,grid>0.05,5,21,right,97,21,45.0,0.4666666666666667,2.123076923076923,78,3.590909090909091,True,False,True,True,2.123076923076923,False,True
Mc4r_S560,Mc4r,560,0.0671433706397335,EXCELLENT,grid>0.05+persistent_p95_dark+severe_face,3,3,left,79,26,30.0,0.8666666666666667,1.15,136,5.074074074074074,True,False,True,False,1.15,False,True
Mc4r_S560,Mc4r,560,0.0671433706397335,EXCELLENT,grid>0.05+persistent_p95_dark+severe_face,9,8,bottom,150,23,85.0,0.2705882352941176,4.8,48,2.0416666666666665,True,True,True,True,6.8,True,False
Mc4r_S560,Mc4r,560,0.0671433706397335,EXCELLENT,grid>0.05+persistent_p95_dark+severe_face,10,9,right,106,26,55.0,0.4727272727272727,1.694736842105263,115,4.296296296296297,True,False,True,True,1.694736842105263,False,True
Mc4r_S560,Mc4r,560,0.0671433706397335,EXCELLENT,grid>0.05+persistent_p95_dark+severe_face,14,19,top,65,2,35.0,0.0571428571428571,4.8,7,2.6666666666666665,True,True,True,True,6.8,True,False
Mc4r_S560,Mc4r,560,0.0671433706397335,EXCELLENT,grid>0.05+persistent_p95_dark+severe_face,16,20,top,668,176,255.0,0.6901960784313725,1.623076923076923,448,2.536723163841808,True,False,True,True,1.623076923076923,False,True
Mc4r_S560,Mc4r,560,0.0671433706397335,EXCELLENT,grid>0.05+persistent_p95_dark+severe_face,17,22,right,403,129,165.0,0.7818181818181819,1.3285714285714283,541,4.1692307692307695,True,False,True,False,1.3285714285714283,False,True
Mc4r_S560,Mc4r,560,0.0671433706397335,EXCELLENT,grid>0.05+persistent_p95_dark+severe_face,19,24,left,135,22,50.0,0.44,1.4612903225806453,356,15.521739130434783,True,False,True,True,1.4612903225806453,False,True
Meis2_S500,Meis2,500,0.1625902061179973,LOW,grid>0.05,1,0,bottom,271,78,100.0,0.78,1.32,304,3.8607594936708862,True,False,True,False,1.32,False,True
Meis2_S500,Meis2,500,0.1625902061179973,LOW,grid>0.05,4,3,right,22,0,10.0,0.0,4.8,3,4.0,True,True,True,True,6.8,True,False
Meis2_S500,Meis2,500,0.1625902061179973,LOW,grid>0.05,6,6,right,164,22,70.0,0.3142857142857143,1.9555555555555555,177,7.739130434782608,True,False,True,True,1.9555555555555555,False,True
Meis2_S500,Meis2,500,0.1625902061179973,LOW,grid>0.05,7,7,right,209,32,105.0,0.3047619047619048,2.9333333333333336,164,5.0,True,False,True,True,2.9333333333333336,False,True
Meis2_S500,Meis2,500,0.1625902061179973,LOW,grid>0.05,8,7,bottom,127,39,50.0,0.78,1.20625,306,7.675,True,False,True,False,1.20625,False,True
Meis2_S500,Meis2,500,0.1625902061179973,LOW,grid>0.05,9,8,right,213,39,90.0,0.4333333333333333,1.473913043478261,292,7.325,True,False,True,True,1.473913043478261,False,True
Meis2_S500,Meis2,500,0.1625902061179973,LOW,grid>0.05,10,9,right,126,6,70.0,0.0857142857142857,4.8,38,5.571428571428571,True,True,True,True,6.8,True,False
Meis2_S500,Meis2,500,0.1625902061179973,LOW,grid>0.05,12,10,right,239,38,100.0,0.38,2.0526315789473686,218,5.615384615384615,True,False,True,True,2.0526315789473686,False,True
Meis2_S500,Meis2,500,0.1625902061179973,LOW,grid>0.05,15,12,bottom,306,67,120.0,0.5583333333333333,1.5976190476190475,342,5.044117647058823,True,False,True,True,1.5976190476190475,False,True
Meis2_S500,Meis2,500,0.1625902061179973,LOW,grid>0.05,16,13,right,187,16,100.0,0.16,2.353846153846154,216,12.764705882352942,True,False,True,True,2.353846153846154,False,True
Meis2_S500,Meis2,500,0.1625902061179973,LOW,grid>0.05,17,13,bottom,279,45,135.0,0.3333333333333333,2.892307692307692,199,4.3478260869565215,True,False,True,True,2.892307692307692,False,True
Meis2_S500,Meis2,500,0.1625902061179973,LOW,grid>0.05,18,15,bottom,332,72,135.0,0.5333333333333333,1.5641509433962264,344,4.726027397260274,True,False,True,True,1.5641509433962264,False,True
Meis2_S500,Meis2,500,0.1625902061179973,LOW,grid>0.05,19,16,bottom,292,59,145.0,0.4068965517241379,1.8972972972972968,267,4.466666666666667,True,False,True,True,1.8972972972972968,False,True
Meis2_S500,Meis2,500,0.1625902061179973,LOW,grid>0.05,21,18,right,117,18,55.0,0.3272727272727272,1.52972972972973,152,8.052631578947368,True,False,True,True,1.52972972972973,False,True
Meis2_S500,Meis2,500,0.1625902061179973,LOW,grid>0.05,22,18,top,215,52,95.0,0.5473684210526316,1.7285714285714286,203,3.849056603773585,True,False,True,True,1.7285714285714286,False,True
Meis2_S500,Meis2,500,0.1625902061179973,LOW,grid>0.05,23,19,right,95,11,55.0,0.2,2.575,117,9.833333333333334,True,False,True,True,2.575,False,True
Meis2_S500,Meis2,500,0.1625902061179973,LOW,grid>0.05,24,20,right,120,17,60.0,0.2833333333333333,2.210526315789473,155,8.666666666666666,True,False,True,True,2.210526315789473,False,True
Meis2_S500,Meis2,500,0.1625902061179973,LOW,grid>0.05,25,20,top,264,45,140.0,0.3214285714285714,2.0,344,7.5,True,False,True,True,2.0,False,True
Meis2_S500,Meis2,500,0.1625902061179973,LOW,grid>0.05,27,22,right,96,21,45.0,0.4666666666666667,1.7000000000000002,113,5.181818181818182,True,False,True,True,1.7000000000000002,False,True
Nfib_S500,Nfib,500,0.0794963425571935,EXCELLENT,grid>0.05+persistent_p95_dark+severe_face,3,5,left,242,59,95.0,0.6210526315789474,1.5,247,4.133333333333334,True,False,True,True,1.5,False,True
Nfib_S500,Nfib,500,0.0794963425571935,EXCELLENT,grid>0.05+persistent_p95_dark+severe_face,5,10,top,206,55,80.0,0.6875,1.55,224,4.017857142857143,True,False,True,True,1.55,False,True
Nfib_S500,Nfib,500,0.0794963425571935,EXCELLENT,grid>0.05+persistent_p95_dark+severe_face,6,10,bottom,356,79,130.0,0.6076923076923076,1.6043478260869566,496,6.2125,True,False,True,True,1.6043478260869566,False,True
Nfib_S500,Nfib,500,0.0794963425571935,EXCELLENT,grid>0.05+persistent_p95_dark+severe_face,7,11,bottom,213,49,80.0,0.6125,1.54,283,5.68,True,False,True,True,1.54,False,True
Nfib_S500,Nfib,500,0.0794963425571935,EXCELLENT,grid>0.05+persistent_p95_dark+severe_face,12,16,bottom,330,56,155.0,0.3612903225806451,2.4,313,5.508771929824562,True,False,True,True,2.4,False,True
Nfib_S500,Nfib,500,0.0794963425571935,EXCELLENT,grid>0.05+persistent_p95_dark+severe_face,13,17,top,232,75,85.0,0.8823529411764706,1.1071428571428572,338,4.4605263157894735,True,False,True,False,1.1071428571428572,False,True
Nfib_S500,Nfib,500,0.0794963425571935,EXCELLENT,grid>0.05+persistent_p95_dark+severe_face,14,20,top,255,61,95.0,0.6421052631578947,1.4875,347,5.612903225806452,True,False,True,True,1.4875,False,True
Nfib_S500,Nfib,500,0.0794963425571935,EXCELLENT,grid>0.05+persistent_p95_dark+severe_face,15,21,top,257,70,80.0,0.875,1.1578947368421053,329,4.647887323943662,True,False,True,False,1.1578947368421053,False,True
Nfib_S530,Nfib,530,0.13548621132295,CLEAN,grid>0.05,2,19,right,148,36,70.0,0.5142857142857142,4.8,66,1.8108108108108107,True,True,True,True,4.8,False,True
Nfib_S560,Nfib,560,0.0,EXCELLENT,persistent_p95_dark+severe_face,6,7,top,635,108,285.0,0.3789473684210526,4.116666666666667,289,2.6605504587155964,True,False,True,True,4.116666666666667,False,True
Nfib_S560,Nfib,560,0.0,EXCELLENT,persistent_p95_dark+severe_face,8,15,left,455,84,185.0,0.4540540540540541,2.25,374,4.411764705882353,True,False,True,True,2.25,False,True
Nfib_S560,Nfib,560,0.0,EXCELLENT,persistent_p95_dark+severe_face,9,15,top,519,165,185.0,0.8918918918918919,1.153846153846154,410,2.4759036144578315,True,False,True,False,1.153846153846154,False,True
Nfib_S560,Nfib,560,0.0,EXCELLENT,persistent_p95_dark+severe_face,12,19,top,222,10,145.0,0.0689655172413793,4.8,32,3.0,True,True,True,True,6.8,True,False
Nfib_S560,Nfib,560,0.0,EXCELLENT,persistent_p95_dark+severe_face,14,24,left,65,10,25.0,0.4,1.84,169,15.454545454545457,True,False,True,True,1.84,False,True
Npy1r_S500,Npy1r,500,0.1153103927342195,CLEAN,grid>0.05,1,3,right,18,1,10.0,0.1,2.8,23,12.0,True,False,True,True,2.8,False,True
Npy1r_S500,Npy1r,500,0.1153103927342195,CLEAN,grid>0.05,2,6,right,93,4,65.0,0.0615384615384615,4.1000000000000005,67,13.6,True,False,True,True,4.1000000000000005,False,True
Npy1r_S500,Npy1r,500,0.1153103927342195,CLEAN,grid>0.05,3,7,right,50,3,30.0,0.1,2.947368421052632,55,14.0,True,False,True,True,2.947368421052632,False,True
Npy1r_S500,Npy1r,500,0.1153103927342195,CLEAN,grid>0.05,4,8,right,35,4,20.0,0.2,2.56,76,15.4,True,False,True,True,2.56,False,True
Npy1r_S500,Npy1r,500,0.1153103927342195,CLEAN,grid>0.05,5,10,right,60,10,30.0,0.3333333333333333,2.3454545454545457,69,6.363636363636363,True,False,True,True,2.3454545454545457,False,True
Npy1r_S500,Npy1r,500,0.1153103927342195,CLEAN,grid>0.05,6,11,right,48,3,15.0,0.2,1.95,94,23.75,True,False,True,True,1.95,False,True
Npy1r_S500,Npy1r,500,0.1153103927342195,CLEAN,grid>0.05,7,12,right,24,1,15.0,0.0666666666666666,2.5142857142857142,46,23.5,True,False,True,True,2.5142857142857142,False,True
Npy1r_S500,Npy1r,500,0.1153103927342195,CLEAN,grid>0.05,8,13,right,29,0,15.0,0.0,2.1,112,113.0,True,False,True,True,2.1,False,True
Npy1r_S500,Npy1r,500,0.1153103927342195,CLEAN,grid>0.05,9,18,right,31,3,20.0,0.15,2.25,56,14.25,True,False,True,True,2.25,False,True
Npy1r_S500,Npy1r,500,0.1153103927342195,CLEAN,grid>0.05,10,19,right,24,2,15.0,0.1333333333333333,2.018181818181818,66,22.33333333333333,True,False,True,True,2.018181818181818,False,True
Npy1r_S500,Npy1r,500,0.1153103927342195,CLEAN,grid>0.05,11,20,right,44,2,25.0,0.08,2.271428571428572,91,30.666666666666668,True,False,True,True,2.271428571428572,False,True
Npy1r_S500,Npy1r,500,0.1153103927342195,CLEAN,grid>0.05,13,22,right,22,1,10.0,0.1,1.675,52,26.5,True,False,True,True,1.675,False,True
Npy1r_S530,Npy1r,530,0.0788171996399704,EXCELLENT,grid>0.05,2,10,right,41,2,15.0,0.1333333333333333,2.025,50,17.0,True,False,True,True,2.025,False,True
Npy1r_S530,Npy1r,530,0.0788171996399704,EXCELLENT,grid>0.05,3,11,right,26,1,10.0,0.1,2.72,21,11.0,True,False,True,True,2.72,False,True
Npy1r_S530,Npy1r,530,0.0788171996399704,EXCELLENT,grid>0.05,4,12,right,114,3,85.0,0.0352941176470588,4.8,46,11.75,True,True,True,True,5.870588235294118,False,True
Npy1r_S530,Npy1r,530,0.0788171996399704,EXCELLENT,grid>0.05,5,18,right,39,4,20.0,0.2,3.2769230769230773,32,6.6,True,False,True,True,3.2769230769230773,False,True
Npy1r_S530,Npy1r,530,0.0788171996399704,EXCELLENT,grid>0.05,6,19,right,56,7,30.0,0.2333333333333333,2.6666666666666665,50,6.375,True,False,True,True,2.6666666666666665,False,True
Npy1r_S530,Npy1r,530,0.0788171996399704,EXCELLENT,grid>0.05,7,20,right,36,1,15.0,0.0666666666666666,2.4,35,18.0,True,False,True,True,2.4,False,True
Npy1r_S530,Npy1r,530,0.0788171996399704,EXCELLENT,grid>0.05,8,22,right,44,2,20.0,0.1,3.2,34,11.666666666666666,True,False,True,True,3.2,False,True
Npy1r_S530,Npy1r,530,0.0788171996399704,EXCELLENT,grid>0.05,9,0,right,13,0,10.0,0.0,4.8,7,8.0,True,True,True,True,5.88,False,True
Npy1r_S530,Npy1r,530,0.0788171996399704,EXCELLENT,grid>0.05,11,1,right,47,3,25.0,0.12,2.7,50,12.75,True,False,True,True,2.7,False,True
Npy1r_S530,Npy1r,530,0.0788171996399704,EXCELLENT,grid>0.05,13,5,bottom,52,9,15.0,0.6,1.3909090909090909,85,8.6,True,False,True,True,1.3909090909090909,False,True
Npy1r_S530,Npy1r,530,0.0788171996399704,EXCELLENT,grid>0.05,14,6,bottom,33,4,10.0,0.4,1.2571428571428571,45,9.2,True,False,True,True,1.2571428571428571,False,True
Npy1r_S530,Npy1r,530,0.0788171996399704,EXCELLENT,grid>0.05,15,13,right,72,9,45.0,0.2,3.628571428571429,57,5.8,True,False,True,True,3.628571428571429,False,True
Npy1r_S530,Npy1r,530,0.0788171996399704,EXCELLENT,grid>0.05,16,16,right,40,3,20.0,0.15,2.45,55,14.0,True,False,True,True,2.45,False,True
Npy1r_S530,Npy1r,530,0.0788171996399704,EXCELLENT,grid>0.05,17,17,right,40,2,30.0,0.0666666666666666,4.116666666666667,31,10.666666666666666,True,False,True,True,4.116666666666667,False,True
Npy1r_S530,Npy1r,530,0.0788171996399704,EXCELLENT,grid>0.05,18,21,right,23,1,10.0,0.1,2.28,36,18.5,True,False,True,True,2.28,False,True
Npy1r_S530,Npy1r,530,0.0788171996399704,EXCELLENT,grid>0.05,19,23,right,20,2,10.0,0.2,2.175,28,9.666666666666666,True,False,True,True,2.175,False,True
Npy1r_S560,Npy1r,560,0.1205473328326715,CLEAN,grid>0.05,1,1,right,262,54,135.0,0.4,2.19622641509434,357,6.509090909090909,True,False,True,True,2.19622641509434,False,True
Npy1r_S560,Npy1r,560,0.1205473328326715,CLEAN,grid>0.05,2,2,right,241,32,130.0,0.2461538461538461,2.1789473684210527,371,11.272727272727272,True,False,True,True,2.1789473684210527,False,True
Npy1r_S560,Npy1r,560,0.1205473328326715,CLEAN,grid>0.05,3,6,right,107,3,55.0,0.0545454545454545,2.415686274509804,168,42.25,True,False,True,True,2.415686274509804,False,True
Npy1r_S560,Npy1r,560,0.1205473328326715,CLEAN,grid>0.05,4,11,right,23,4,10.0,0.4,1.4875,78,15.8,True,False,True,True,1.4875,False,True
Npy1r_S560,Npy1r,560,0.1205473328326715,CLEAN,grid>0.05,7,18,right,37,3,15.0,0.2,1.84,93,23.5,True,False,True,True,1.84,False,True
Npy1r_S560,Npy1r,560,0.1205473328326715,CLEAN,grid>0.05,8,19,right,50,11,15.0,0.7333333333333333,1.3714285714285714,89,7.5,True,False,True,False,1.3714285714285714,False,True
Npy1r_S560,Npy1r,560,0.1205473328326715,CLEAN,grid>0.05,9,20,right,126,11,70.0,0.1571428571428571,2.723404255319149,157,13.166666666666666,True,False,True,True,2.723404255319149,False,True
Npy1r_S560,Npy1r,560,0.1205473328326715,CLEAN,grid>0.05,10,21,right,101,7,50.0,0.14,2.2363636363636363,137,17.25,True,False,True,True,2.2363636363636363,False,True
Npy1r_S560,Npy1r,560,0.1205473328326715,CLEAN,grid>0.05,11,22,right,205,23,95.0,0.2421052631578947,1.932,298,12.458333333333334,True,False,True,True,1.932,False,True
Npy1r_S560,Npy1r,560,0.1205473328326715,CLEAN,grid>0.05,12,23,right,150,5,70.0,0.0714285714285714,2.5543859649122806,173,29.0,True,False,True,True,2.5543859649122806,False,True
Npy5r_S500,Npy5r,500,0.1113213230388364,CLEAN,grid>0.05,1,0,bottom,280,59,120.0,0.4916666666666666,2.0,239,4.0,True,False,True,True,2.0,False,True
Npy5r_S500,Npy5r,500,0.1113213230388364,CLEAN,grid>0.05,3,1,bottom,184,50,85.0,0.5882352941176471,1.7473684210526317,185,3.647058823529412,True,False,True,True,1.7473684210526317,False,True
Npy5r_S500,Npy5r,500,0.1113213230388364,CLEAN,grid>0.05,5,2,right,181,51,80.0,0.6375,2.1,157,3.0384615384615383,True,False,True,True,2.1,False,True
Npy5r_S500,Npy5r,500,0.1113213230388364,CLEAN,grid>0.05,8,3,bottom,197,50,90.0,0.5555555555555556,1.6214285714285714,259,5.098039215686274,True,False,True,True,1.6214285714285714,False,True
Npy5r_S500,Npy5r,500,0.1113213230388364,CLEAN,grid>0.05,13,11,right,104,20,45.0,0.4444444444444444,1.7523809523809524,152,7.285714285714286,True,False,True,True,1.7523809523809524,False,True
Npy5r_S500,Npy5r,500,0.1113213230388364,CLEAN,grid>0.05,14,12,right,107,16,55.0,0.2909090909090909,2.2444444444444445,158,9.352941176470589,True,False,True,True,2.2444444444444445,False,True
Npy5r_S500,Npy5r,500,0.1113213230388364,CLEAN,grid>0.05,16,13,right,100,19,45.0,0.4222222222222222,2.0142857142857142,94,4.75,True,False,True,True,2.0142857142857142,False,True
Npy5r_S500,Npy5r,500,0.1113213230388364,CLEAN,grid>0.05,17,15,bottom,172,39,80.0,0.4875,1.82,237,5.95,True,False,True,True,1.82,False,True
Npy5r_S500,Npy5r,500,0.1113213230388364,CLEAN,grid>0.05,18,17,bottom,123,35,50.0,0.7,1.4,116,3.25,True,False,True,False,1.4,False,True
Npy5r_S500,Npy5r,500,0.1113213230388364,CLEAN,grid>0.05,19,19,right,179,49,80.0,0.6125,2.070967741935484,144,2.9,True,False,True,True,2.070967741935484,False,True
Npy5r_S500,Npy5r,500,0.1113213230388364,CLEAN,grid>0.05,21,20,top,232,57,90.0,0.6333333333333333,1.7000000000000002,194,3.362068965517241,True,False,True,True,1.7000000000000002,False,True
Npy5r_S500,Npy5r,500,0.1113213230388364,CLEAN,grid>0.05,22,21,right,124,31,45.0,0.6888888888888889,1.6,116,3.65625,True,False,True,True,1.6,False,True
Npy5r_S500,Npy5r,500,0.1113213230388364,CLEAN,grid>0.05,24,23,right,89,21,25.0,0.84,1.1714285714285717,105,4.818181818181818,True,False,True,False,1.1714285714285717,False,True
Otx2os1_S500,Otx2os1,500,0.1307228486578869,CLEAN,grid>0.05,1,2,right,55,6,35.0,0.1714285714285714,2.618181818181818,62,9.0,True,False,True,True,2.618181818181818,False,True
Otx2os1_S500,Otx2os1,500,0.1307228486578869,CLEAN,grid>0.05,2,6,right,35,3,15.0,0.2,2.1,44,11.25,True,False,True,True,2.1,False,True
Otx2os1_S500,Otx2os1,500,0.1307228486578869,CLEAN,grid>0.05,3,7,right,65,9,35.0,0.2571428571428571,2.628571428571429,57,5.8,True,False,True,True,2.628571428571429,False,True
Otx2os1_S500,Otx2os1,500,0.1307228486578869,CLEAN,grid>0.05,4,8,right,103,26,50.0,0.52,3.7625,57,2.1481481481481484,True,False,True,True,3.7625,False,True
Otx2os1_S500,Otx2os1,500,0.1307228486578869,CLEAN,grid>0.05,5,11,right,41,11,15.0,0.7333333333333333,1.3,66,5.583333333333333,True,False,True,False,1.3,False,True
Otx2os1_S500,Otx2os1,500,0.1307228486578869,CLEAN,grid>0.05,6,12,right,23,0,15.0,0.0,3.04,34,35.0,True,False,True,True,3.04,False,True
Otx2os1_S500,Otx2os1,500,0.1307228486578869,CLEAN,grid>0.05,7,13,right,18,2,10.0,0.2,2.4,34,11.666666666666666,True,False,True,True,2.4,False,True
Otx2os1_S500,Otx2os1,500,0.1307228486578869,CLEAN,grid>0.05,8,16,right,38,5,20.0,0.25,2.1,59,10.0,True,False,True,True,2.1,False,True
Otx2os1_S500,Otx2os1,500,0.1307228486578869,CLEAN,grid>0.05,9,17,right,32,2,20.0,0.1,2.9714285714285715,35,12.0,True,False,True,True,2.9714285714285715,False,True
Otx2os1_S500,Otx2os1,500,0.1307228486578869,CLEAN,grid>0.05,11,19,right,43,12,20.0,0.6,1.657142857142857,49,3.8461538461538463,True,False,True,True,1.657142857142857,False,True
Otx2os1_S500,Otx2os1,500,0.1307228486578869,CLEAN,grid>0.05,13,21,right,37,4,15.0,0.2666666666666666,2.9333333333333336,23,4.8,True,False,True,True,2.9333333333333336,False,True
Otx2os1_S500,Otx2os1,500,0.1307228486578869,CLEAN,grid>0.05,14,22,right,18,0,15.0,0.0,2.8,27,28.0,True,False,True,True,2.8,False,True
Otx2os1_S500,Otx2os1,500,0.1307228486578869,CLEAN,grid>0.05,15,23,right,35,3,20.0,0.15,2.325,49,12.5,True,False,True,True,2.325,False,True
Otx2os1_S530,Otx2os1,530,0.1339297079277666,CLEAN,grid>0.05,2,6,bottom,75,11,30.0,0.3666666666666666,1.984615384615385,64,5.416666666666667,True,False,True,True,1.984615384615385,False,True
Otx2os1_S530,Otx2os1,530,0.1339297079277666,CLEAN,grid>0.05,3,6,right,41,2,20.0,0.1,2.9333333333333336,32,11.0,True,False,True,True,2.9333333333333336,False,True
Otx2os1_S530,Otx2os1,530,0.1339297079277666,CLEAN,grid>0.05,4,7,bottom,40,8,20.0,0.4,1.86,54,6.111111111111111,True,False,True,True,1.86,False,True
Otx2os1_S530,Otx2os1,530,0.1339297079277666,CLEAN,grid>0.05,5,7,right,101,11,50.0,0.22,3.2,60,5.083333333333333,True,False,True,True,3.2,False,True
Otx2os1_S530,Otx2os1,530,0.1339297079277666,CLEAN,grid>0.05,6,9,bottom,86,31,35.0,0.8857142857142857,1.1714285714285717,89,2.8125,True,False,True,False,1.1714285714285717,False,True
Otx2os1_S530,Otx2os1,530,0.1339297079277666,CLEAN,grid>0.05,7,10,bottom,106,32,40.0,0.8,1.3,89,2.727272727272727,True,False,True,False,1.3,False,True
Otx2os1_S530,Otx2os1,530,0.1339297079277666,CLEAN,grid>0.05,8,10,right,61,8,30.0,0.2666666666666666,2.34,54,6.111111111111111,True,False,True,True,2.34,False,True
Otx2os1_S530,Otx2os1,530,0.1339297079277666,CLEAN,grid>0.05,9,11,bottom,40,11,15.0,0.7333333333333333,1.5,38,3.25,True,False,True,False,1.5,False,True
Otx2os1_S530,Otx2os1,530,0.1339297079277666,CLEAN,grid>0.05,10,11,right,45,3,25.0,0.12,2.8,39,10.0,True,False,True,True,2.8,False,True
Otx2os1_S530,Otx2os1,530,0.1339297079277666,CLEAN,grid>0.05,11,12,bottom,43,7,15.0,0.4666666666666667,1.8,48,6.125,True,False,True,True,1.8,False,True
Otx2os1_S530,Otx2os1,530,0.1339297079277666,CLEAN,grid>0.05,12,12,right,66,7,30.0,0.2333333333333333,2.5454545454545454,55,7.0,True,False,True,True,2.5454545454545454,False,True
Otx2os1_S530,Otx2os1,530,0.1339297079277666,CLEAN,grid>0.05,13,13,bottom,48,10,20.0,0.5,1.8,52,4.818181818181818,True,False,True,True,1.8,False,True
Otx2os1_S530,Otx2os1,530,0.1339297079277666,CLEAN,grid>0.05,14,13,right,66,9,25.0,0.36,1.9384615384615385,60,6.1,True,False,True,True,1.9384615384615385,False,True
Otx2os1_S530,Otx2os1,530,0.1339297079277666,CLEAN,grid>0.05,15,15,bottom,58,4,25.0,0.16,1.9875,56,11.4,True,False,True,True,1.9875,False,True
Otx2os1_S530,Otx2os1,530,0.1339297079277666,CLEAN,grid>0.05,16,16,right,59,9,30.0,0.3,2.4,60,6.1,True,False,True,True,2.4,False,True
Otx2os1_S530,Otx2os1,530,0.1339297079277666,CLEAN,grid>0.05,17,19,bottom,62,18,30.0,0.6,1.425,78,4.157894736842105,True,False,True,True,1.425,False,True
Otx2os1_S530,Otx2os1,530,0.1339297079277666,CLEAN,grid>0.05,18,19,right,61,10,25.0,0.4,1.85,76,7.0,True,False,True,True,1.85,False,True
Otx2os1_S530,Otx2os1,530,0.1339297079277666,CLEAN,grid>0.05,19,20,right,54,8,25.0,0.32,2.4285714285714284,65,7.333333333333333,True,False,True,True,2.4285714285714284,False,True
Otx2os1_S560,Otx2os1,560,0.1333963727287647,CLEAN,grid>0.05,1,1,right,136,42,50.0,0.84,1.24,190,4.441860465116279,True,False,True,False,1.24,False,True
Otx2os1_S560,Otx2os1,560,0.1333963727287647,CLEAN,grid>0.05,3,6,right,39,1,25.0,0.04,2.1818181818181817,69,35.0,True,False,True,True,2.1818181818181817,False,True
Otx2os1_S560,Otx2os1,560,0.1333963727287647,CLEAN,grid>0.05,5,7,right,43,8,20.0,0.4,1.5307692307692309,78,8.777777777777779,True,False,True,True,1.5307692307692309,False,True
Otx2os1_S560,Otx2os1,560,0.1333963727287647,CLEAN,grid>0.05,6,12,right,25,2,10.0,0.2,1.8,51,17.333333333333332,True,False,True,True,1.8,False,True
Otx2os1_S560,Otx2os1,560,0.1333963727287647,CLEAN,grid>0.05,8,13,right,31,1,10.0,0.1,2.04,66,33.5,True,False,True,True,2.04,False,True
Otx2os1_S560,Otx2os1,560,0.1333963727287647,CLEAN,grid>0.05,13,17,right,21,0,15.0,0.0,2.7,31,32.0,True,False,True,True,2.7,False,True
Otx2os1_S560,Otx2os1,560,0.1333963727287647,CLEAN,grid>0.05,15,18,right,23,1,10.0,0.1,2.057142857142857,35,18.0,True,False,True,True,2.057142857142857,False,True
Otx2os1_S560,Otx2os1,560,0.1333963727287647,CLEAN,grid>0.05,16,19,right,29,4,10.0,0.4,1.6,47,9.6,True,False,True,True,1.6,False,True
Otx2os1_S560,Otx2os1,560,0.1333963727287647,CLEAN,grid>0.05,18,20,right,46,8,20.0,0.4,1.657142857142857,61,6.888888888888889,True,False,True,True,1.657142857142857,False,True
Otx2os1_S560,Otx2os1,560,0.1333963727287647,CLEAN,grid>0.05,19,20,top,43,15,20.0,0.75,1.3555555555555556,80,5.0625,True,False,True,False,1.3555555555555556,False,True
Otx2os1_S560,Otx2os1,560,0.1333963727287647,CLEAN,grid>0.05,20,21,right,53,5,25.0,0.2,2.9333333333333336,48,8.166666666666666,True,False,True,True,2.9333333333333336,False,True
Otx2os1_S560,Otx2os1,560,0.1333963727287647,CLEAN,grid>0.05,21,21,top,47,7,15.0,0.4666666666666667,1.3,66,8.375,True,False,True,True,1.3,False,True
Otx2os1_S560,Otx2os1,560,0.1333963727287647,CLEAN,grid>0.05,23,22,right,39,3,10.0,0.3,1.8,39,10.0,True,False,True,True,1.8,False,True
Otx2os1_S560,Otx2os1,560,0.1333963727287647,CLEAN,grid>0.05,26,24,left,36,3,20.0,0.15,1.7642857142857142,82,20.75,True,False,True,True,1.7642857142857142,False,True
Otx2os1_S560,Otx2os1,560,0.1333963727287647,CLEAN,grid>0.05,27,24,top,34,6,15.0,0.4,1.6181818181818182,86,12.428571428571429,True,False,True,True,1.6181818181818182,False,True
Pde11a_S500,Pde11a,500,0.1004067310276434,CLEAN,grid>0.05,1,5,bottom,205,42,90.0,0.4666666666666667,2.269565217391304,148,3.4651162790697674,True,False,True,True,2.269565217391304,False,True
Pde11a_S500,Pde11a,500,0.1004067310276434,CLEAN,grid>0.05,2,5,top,24,5,10.0,0.5,2.6666666666666665,14,2.5,True,False,True,True,2.6666666666666665,False,True
Pde11a_S500,Pde11a,500,0.1004067310276434,CLEAN,grid>0.05,3,7,bottom,75,15,35.0,0.4285714285714285,1.5608695652173914,146,9.1875,True,False,True,True,1.5608695652173914,False,True
Pde11a_S500,Pde11a,500,0.1004067310276434,CLEAN,grid>0.05,4,7,right,131,23,65.0,0.3538461538461538,2.3454545454545457,120,5.041666666666667,True,False,True,True,2.3454545454545457,False,True
Pde11a_S500,Pde11a,500,0.1004067310276434,CLEAN,grid>0.05,5,8,bottom,98,14,35.0,0.4,1.6421052631578947,157,10.533333333333331,True,False,True,True,1.6421052631578947,False,True
Pde11a_S500,Pde11a,500,0.1004067310276434,CLEAN,grid>0.05,6,8,right,175,31,90.0,0.3444444444444444,3.0133333333333336,124,3.90625,True,False,True,True,3.0133333333333336,False,True
Pde11a_S500,Pde11a,500,0.1004067310276434,CLEAN,grid>0.05,7,9,right,116,27,55.0,0.4909090909090909,2.117647058823529,99,3.571428571428572,True,False,True,True,2.117647058823529,False,True
Pde11a_S500,Pde11a,500,0.1004067310276434,CLEAN,grid>0.05,9,10,right,140,24,65.0,0.3692307692307692,2.5739130434782607,108,4.36,True,False,True,True,2.5739130434782607,False,True
Pde11a_S500,Pde11a,500,0.1004067310276434,CLEAN,grid>0.05,11,11,bottom,168,34,60.0,0.5666666666666667,1.9428571428571428,143,4.114285714285714,True,False,True,True,1.9428571428571428,False,True
Pde11a_S500,Pde11a,500,0.1004067310276434,CLEAN,grid>0.05,15,13,bottom,153,37,50.0,0.74,1.1857142857142855,202,5.342105263157895,True,False,True,False,1.1857142857142855,False,True
Pde11a_S500,Pde11a,500,0.1004067310276434,CLEAN,grid>0.05,16,15,bottom,106,27,40.0,0.675,1.6,99,3.571428571428572,True,False,True,True,1.6,False,True
Pde11a_S500,Pde11a,500,0.1004067310276434,CLEAN,grid>0.05,17,16,bottom,156,38,45.0,0.8444444444444444,1.21,116,3.0,True,False,True,False,1.21,False,True
Pde11a_S500,Pde11a,500,0.1004067310276434,CLEAN,grid>0.05,18,17,right,146,39,60.0,0.65,1.52,149,3.75,True,False,True,True,1.52,False,True
Pde11a_S500,Pde11a,500,0.1004067310276434,CLEAN,grid>0.05,21,19,right,204,39,75.0,0.52,1.72,143,3.6,True,False,True,True,1.72,False,True
Pde11a_S500,Pde11a,500,0.1004067310276434,CLEAN,grid>0.05,22,19,top,170,53,60.0,0.8833333333333333,1.190909090909091,229,4.25925925925926,True,False,True,False,1.190909090909091,False,True
Pde11a_S500,Pde11a,500,0.1004067310276434,CLEAN,grid>0.05,23,20,right,144,33,55.0,0.6,1.54,165,4.882352941176471,True,False,True,True,1.54,False,True
Pde11a_S500,Pde11a,500,0.1004067310276434,CLEAN,grid>0.05,25,21,right,132,27,60.0,0.45,2.0285714285714285,125,4.5,True,False,True,True,2.0285714285714285,False,True
Pde11a_S500,Pde11a,500,0.1004067310276434,CLEAN,grid>0.05,26,21,top,131,22,70.0,0.3142857142857143,2.618181818181818,119,5.217391304347826,True,False,True,True,2.618181818181818,False,True
Pde11a_S500,Pde11a,500,0.1004067310276434,CLEAN,grid>0.05,27,22,right,134,26,55.0,0.4727272727272727,1.88,114,4.25925925925926,True,False,True,True,1.88,False,True
Pde11a_S500,Pde11a,500,0.1004067310276434,CLEAN,grid>0.05,28,22,top,178,30,60.0,0.5,2.033333333333333,101,3.290322580645161,True,False,True,True,2.033333333333333,False,True
Pde11a_S500,Pde11a,500,0.1004067310276434,CLEAN,grid>0.05,29,23,right,112,29,50.0,0.58,1.8,146,4.9,True,False,True,True,1.8,False,True
Pde11a_S530,Pde11a,530,0.1518210541018408,LOW,grid>0.05,1,2,bottom,113,34,40.0,0.85,1.225,100,2.8857142857142857,True,False,True,False,1.225,False,True
Pde11a_S530,Pde11a,530,0.1518210541018408,LOW,grid>0.05,3,7,right,91,18,45.0,0.4,2.4,85,4.526315789473684,True,False,True,True,2.4,False,True
Pde11a_S530,Pde11a,530,0.1518210541018408,LOW,grid>0.05,4,10,right,136,37,50.0,0.74,1.38,122,3.236842105263158,True,False,True,False,1.38,False,True
Pde11a_S530,Pde11a,530,0.1518210541018408,LOW,grid>0.05,5,12,right,120,23,50.0,0.46,2.56,84,3.5416666666666665,True,False,True,True,2.56,False,True
Pde11a_S530,Pde11a,530,0.1518210541018408,LOW,grid>0.05,7,13,bottom,185,59,75.0,0.7866666666666666,1.2285714285714286,229,3.8333333333333335,True,False,True,False,1.2285714285714286,False,True
Pde11a_S530,Pde11a,530,0.1518210541018408,LOW,grid>0.05,9,16,right,69,8,30.0,0.2666666666666666,1.9714285714285715,76,8.555555555555555,True,False,True,True,1.9714285714285715,False,True
Pde11a_S530,Pde11a,530,0.1518210541018408,LOW,grid>0.05,10,17,right,105,17,40.0,0.425,1.8857142857142857,83,4.666666666666667,True,False,True,True,1.8857142857142857,False,True
Pde11a_S530,Pde11a,530,0.1518210541018408,LOW,grid>0.05,11,18,right,146,37,55.0,0.6727272727272727,1.7545454545454546,126,3.3421052631578947,True,False,True,True,1.7545454545454546,False,True
Pde11a_S530,Pde11a,530,0.1518210541018408,LOW,grid>0.05,12,19,right,236,64,100.0,0.64,2.0454545454545454,169,2.6153846153846154,True,False,True,True,2.0454545454545454,False,True
Pde11a_S530,Pde11a,530,0.1518210541018408,LOW,grid>0.05,13,20,right,143,30,65.0,0.4615384615384615,1.968,124,4.032258064516129,True,False,True,True,1.968,False,True
Pde11a_S530,Pde11a,530,0.1518210541018408,LOW,grid>0.05,14,21,right,82,23,30.0,0.7666666666666667,1.2625000000000002,85,3.583333333333333,True,False,True,False,1.2625000000000002,False,True
Pde11a_S530,Pde11a,530,0.1518210541018408,LOW,grid>0.05,15,22,left,88,24,35.0,0.6857142857142857,1.275,87,3.52,True,False,True,True,1.275,False,True
Pde11a_S530,Pde11a,530,0.1518210541018408,LOW,grid>0.05,16,22,right,114,18,55.0,0.3272727272727272,2.55,83,4.421052631578948,True,False,True,True,2.55,False,True
Pde11a_S530,Pde11a,530,0.1518210541018408,LOW,grid>0.05,17,23,right,78,10,40.0,0.25,1.9285714285714288,75,6.909090909090909,True,False,True,True,1.9285714285714288,False,True
Pde11a_S560,Pde11a,560,0.1549756406138289,LOW,grid>0.05+persistent_p95_dark+severe_face,1,1,right,429,118,180.0,0.6555555555555556,1.40625,662,5.571428571428571,True,False,True,True,1.40625,False,True
Pde11a_S560,Pde11a,560,0.1549756406138289,LOW,grid>0.05+persistent_p95_dark+severe_face,2,1,bottom,539,56,305.0,0.1836065573770491,4.155223880597015,308,5.421052631578948,True,False,True,True,4.155223880597015,False,True
Pde11a_S560,Pde11a,560,0.1549756406138289,LOW,grid>0.05+persistent_p95_dark+severe_face,3,2,right,47,5,10.0,0.5,1.55,27,4.666666666666667,True,False,True,True,1.55,False,True
Pde11a_S560,Pde11a,560,0.1549756406138289,LOW,grid>0.05+persistent_p95_dark+severe_face,4,6,right,283,61,125.0,0.488,1.902127659574468,336,5.435483870967742,True,False,True,True,1.902127659574468,False,True
Pde11a_S560,Pde11a,560,0.1549756406138289,LOW,grid>0.05+persistent_p95_dark+severe_face,6,7,right,298,41,145.0,0.2827586206896552,2.325,314,7.5,True,False,True,True,2.325,False,True
Pde11a_S560,Pde11a,560,0.1549756406138289,LOW,grid>0.05+persistent_p95_dark+severe_face,7,9,right,49,4,25.0,0.16,4.2,25,5.2,True,False,True,True,4.2,False,True
Pde11a_S560,Pde11a,560,0.1549756406138289,LOW,grid>0.05+persistent_p95_dark+severe_face,8,12,right,284,62,115.0,0.5391304347826087,1.7428571428571429,286,4.555555555555555,True,False,True,True,1.7428571428571429,False,True
Pde11a_S560,Pde11a,560,0.1549756406138289,LOW,grid>0.05+persistent_p95_dark+severe_face,9,12,top,348,98,145.0,0.6758620689655173,1.526190476190476,332,3.363636363636364,True,False,True,True,1.526190476190476,False,True
Pde11a_S560,Pde11a,560,0.1549756406138289,LOW,grid>0.05+persistent_p95_dark+severe_face,11,13,right,486,121,190.0,0.6368421052631579,1.4865671641791045,583,4.786885245901639,True,False,True,True,1.4865671641791045,False,True
Pde11a_S560,Pde11a,560,0.1549756406138289,LOW,grid>0.05+persistent_p95_dark+severe_face,12,13,bottom,422,88,175.0,0.5028571428571429,1.7552238805970148,441,4.966292134831461,True,False,True,True,1.7552238805970148,False,True
Pde11a_S560,Pde11a,560,0.1549756406138289,LOW,grid>0.05+persistent_p95_dark+severe_face,13,14,bottom,356,87,145.0,0.6,1.4764705882352942,547,6.227272727272728,True,False,True,True,1.4764705882352942,False,True
Pde11a_S560,Pde11a,560,0.1549756406138289,LOW,grid>0.05+persistent_p95_dark+severe_face,14,15,bottom,383,74,175.0,0.4228571428571429,1.9852941176470589,494,6.6,True,False,True,True,1.9852941176470589,False,True
Pde11a_S560,Pde11a,560,0.1549756406138289,LOW,grid>0.05+persistent_p95_dark+severe_face,15,16,left,249,76,85.0,0.8941176470588236,1.15,306,3.987012987012987,True,False,True,False,1.15,False,True
Pde11a_S560,Pde11a,560,0.1549756406138289,LOW,grid>0.05+persistent_p95_dark+severe_face,17,17,left,217,60,85.0,0.7058823529411765,1.5173913043478262,217,3.5737704918032787,True,False,True,False,1.5173913043478262,False,True
Pde11a_S560,Pde11a,560,0.1549756406138289,LOW,grid>0.05+persistent_p95_dark+severe_face,18,17,right,250,72,100.0,0.72,1.4129032258064516,283,3.8904109589041096,True,False,True,False,1.4129032258064516,False,True
Pde11a_S560,Pde11a,560,0.1549756406138289,LOW,grid>0.05+persistent_p95_dark+severe_face,21,19,right,259,75,100.0,0.75,1.4,266,3.513157894736842,True,False,True,False,1.4,False,True
Pde11a_S560,Pde11a,560,0.1549756406138289,LOW,grid>0.05+persistent_p95_dark+severe_face,23,20,right,292,54,125.0,0.432,2.341935483870968,234,4.2727272727272725,True,False,True,True,2.341935483870968,False,True
Pde11a_S560,Pde11a,560,0.1549756406138289,LOW,grid>0.05+persistent_p95_dark+severe_face,24,20,top,436,126,170.0,0.7411764705882353,1.3416666666666668,448,3.5354330708661417,True,False,True,False,1.3416666666666668,False,True
Pde11a_S560,Pde11a,560,0.1549756406138289,LOW,grid>0.05+persistent_p95_dark+severe_face,26,21,right,335,81,165.0,0.4909090909090909,2.151219512195122,303,3.707317073170732,True,False,True,True,2.151219512195122,False,True
Pde11a_S560,Pde11a,560,0.1549756406138289,LOW,grid>0.05+persistent_p95_dark+severe_face,28,22,right,269,56,105.0,0.5333333333333333,1.453846153846154,345,6.0701754385964914,True,False,True,True,1.453846153846154,False,True
Pde11a_S560,Pde11a,560,0.1549756406138289,LOW,grid>0.05+persistent_p95_dark+severe_face,29,22,top,399,120,150.0,0.8,1.4081081081081082,394,3.2644628099173554,True,False,True,False,1.4081081081081082,False,True
Pde11a_S560,Pde11a,560,0.1549756406138289,LOW,grid>0.05+persistent_p95_dark+severe_face,31,23,top,348,113,145.0,0.7793103448275862,1.2823529411764707,417,3.6666666666666665,True,False,True,False,1.2823529411764707,False,True
Pdyn_S500,Pdyn,500,0.1343819777572155,CLEAN,grid>0.05,1,2,right,123,26,70.0,0.3714285714285714,3.266666666666667,84,3.1481481481481484,True,False,True,True,3.266666666666667,False,True
Pdyn_S500,Pdyn,500,0.1343819777572155,CLEAN,grid>0.05,2,3,right,43,8,20.0,0.4,2.533333333333333,33,3.7777777777777777,True,False,True,True,2.533333333333333,False,True
Pdyn_S500,Pdyn,500,0.1343819777572155,CLEAN,grid>0.05,3,6,right,135,30,50.0,0.6,1.8666666666666667,95,3.096774193548387,True,False,True,True,1.8666666666666667,False,True
Pdyn_S500,Pdyn,500,0.1343819777572155,CLEAN,grid>0.05,4,7,right,127,36,60.0,0.6,2.2363636363636363,89,2.4324324324324325,True,False,True,True,2.2363636363636363,False,True
Pdyn_S500,Pdyn,500,0.1343819777572155,CLEAN,grid>0.05,5,8,right,158,24,75.0,0.32,1.8685714285714283,254,10.2,True,False,True,True,1.8685714285714283,False,True
Pdyn_S500,Pdyn,500,0.1343819777572155,CLEAN,grid>0.05,7,11,right,233,22,110.0,0.2,2.4585365853658536,287,12.521739130434783,True,False,True,True,2.4585365853658536,False,True
Pdyn_S500,Pdyn,500,0.1343819777572155,CLEAN,grid>0.05,8,19,right,203,37,85.0,0.4352941176470588,2.2363636363636363,186,4.921052631578948,True,False,True,True,2.2363636363636363,False,True
Pdyn_S500,Pdyn,500,0.1343819777572155,CLEAN,grid>0.05,9,20,right,190,36,90.0,0.4,2.139130434782609,201,5.45945945945946,True,False,True,True,2.139130434782609,False,True
Pdyn_S500,Pdyn,500,0.1343819777572155,CLEAN,grid>0.05,10,21,right,201,29,95.0,0.3052631578947368,2.9333333333333336,129,4.333333333333333,True,False,True,True,2.9333333333333336,False,True
Pdyn_S530,Pdyn,530,0.1102537243036848,CLEAN,grid>0.05,1,8,right,87,25,35.0,0.7142857142857143,1.8,67,2.6153846153846154,True,False,True,False,1.8,False,True
Pdyn_S530,Pdyn,530,0.1102537243036848,CLEAN,grid>0.05,2,10,right,114,33,55.0,0.6,2.577777777777778,74,2.2058823529411766,True,False,True,True,2.577777777777778,False,True
Pdyn_S530,Pdyn,530,0.1102537243036848,CLEAN,grid>0.05,3,11,right,64,11,30.0,0.3666666666666666,2.742857142857143,40,3.4166666666666665,True,False,True,True,2.742857142857143,False,True
Pdyn_S530,Pdyn,530,0.1102537243036848,CLEAN,grid>0.05,4,12,right,95,19,50.0,0.38,3.12,66,3.35,True,False,True,True,3.12,False,True
Pdyn_S530,Pdyn,530,0.1102537243036848,CLEAN,grid>0.05,5,18,right,92,21,45.0,0.4666666666666667,2.533333333333333,57,2.636363636363636,True,False,True,True,2.533333333333333,False,True
Pdyn_S530,Pdyn,530,0.1102537243036848,CLEAN,grid>0.05,6,19,right,131,32,55.0,0.5818181818181818,1.98,89,2.727272727272727,True,False,True,True,1.98,False,True
Pdyn_S560,Pdyn,560,0.0739472214480642,EXCELLENT,grid>0.05,2,1,right,415,102,190.0,0.5368421052631579,2.288372093023256,386,3.7572815533980575,True,False,True,True,2.288372093023256,False,True
Pdyn_S560,Pdyn,560,0.0739472214480642,EXCELLENT,grid>0.05,3,2,right,457,125,190.0,0.6578947368421053,1.480327868852459,547,4.349206349206349,True,False,True,True,1.480327868852459,False,True
Pdyn_S560,Pdyn,560,0.0739472214480642,EXCELLENT,grid>0.05,4,2,bottom,999,234,410.0,0.5707317073170731,1.8397350993377484,916,3.902127659574468,True,False,True,True,1.8397350993377484,False,True
Pdyn_S560,Pdyn,560,0.0739472214480642,EXCELLENT,grid>0.05,6,5,top,24,6,10.0,0.6,1.3625,23,3.4285714285714284,True,False,True,True,1.3625,False,True
Pdyn_S560,Pdyn,560,0.0739472214480642,EXCELLENT,grid>0.05,7,5,bottom,293,88,110.0,0.8,1.3138888888888889,291,3.2808988764044944,True,False,True,False,1.3138888888888889,False,True
Pdyn_S560,Pdyn,560,0.0739472214480642,EXCELLENT,grid>0.05,8,6,right,293,59,115.0,0.5130434782608696,1.6875,326,5.45,True,False,True,True,1.6875,False,True
Pdyn_S560,Pdyn,560,0.0739472214480642,EXCELLENT,grid>0.05,9,6,bottom,521,154,180.0,0.8555555555555555,1.2,500,3.232258064516129,True,False,True,False,1.2,False,True
Pdyn_S560,Pdyn,560,0.0739472214480642,EXCELLENT,grid>0.05,11,11,top,54,9,25.0,0.36,4.8,16,1.7,True,True,True,True,6.8,True,False
Pdyn_S560,Pdyn,560,0.0739472214480642,EXCELLENT,grid>0.05,12,12,right,201,45,90.0,0.5,2.5428571428571427,139,3.0434782608695654,True,False,True,True,2.5428571428571427,False,True
Pdyn_S560,Pdyn,560,0.0739472214480642,EXCELLENT,grid>0.05,13,12,bottom,227,61,80.0,0.7625,1.3862068965517242,242,3.9193548387096775,True,False,True,False,1.3862068965517242,False,True
Pdyn_S560,Pdyn,560,0.0739472214480642,EXCELLENT,grid>0.05,18,16,right,300,79,105.0,0.7523809523809524,1.2689655172413794,371,4.65,True,False,True,False,1.2689655172413794,False,True
Pdyn_S560,Pdyn,560,0.0739472214480642,EXCELLENT,grid>0.05,19,16,top,172,49,60.0,0.8166666666666667,1.1434782608695653,210,4.22,True,False,True,False,1.1434782608695653,False,True
Pdyn_S560,Pdyn,560,0.0739472214480642,EXCELLENT,grid>0.05,20,17,right,296,75,105.0,0.7142857142857143,1.453846153846154,256,3.381578947368421,True,False,True,False,1.453846153846154,False,True
Pdyn_S560,Pdyn,560,0.0739472214480642,EXCELLENT,grid>0.05,21,17,top,217,54,75.0,0.72,1.4388888888888889,182,3.327272727272727,True,False,True,False,1.4388888888888889,False,True
Pdyn_S560,Pdyn,560,0.0739472214480642,EXCELLENT,grid>0.05,23,18,right,331,51,145.0,0.3517241379310344,2.488888888888889,232,4.480769230769231,True,False,True,True,2.488888888888889,False,True
Pdyn_S560,Pdyn,560,0.0739472214480642,EXCELLENT,grid>0.05,24,19,right,325,97,130.0,0.7461538461538462,1.4756756756756757,286,2.9285714285714284,True,False,True,False,1.4756756756756757,False,True
Pdyn_S560,Pdyn,560,0.0739472214480642,EXCELLENT,grid>0.05,25,19,top,203,54,100.0,0.54,2.1818181818181817,169,3.090909090909091,True,False,True,True,2.1818181818181817,False,True
Pdyn_S560,Pdyn,560,0.0739472214480642,EXCELLENT,grid>0.05,26,20,right,326,94,145.0,0.6482758620689655,1.8333333333333333,259,2.736842105263158,True,False,True,True,1.8333333333333333,False,True
Pdyn_S560,Pdyn,560,0.0739472214480642,EXCELLENT,grid>0.05,27,21,right,327,86,115.0,0.7478260869565218,1.4923076923076923,268,3.0919540229885056,True,False,True,False,1.4923076923076923,False,True
Pdyn_S560,Pdyn,560,0.0739472214480642,EXCELLENT,grid>0.05,30,23,right,364,84,135.0,0.6222222222222222,1.522222222222222,404,4.764705882352941,True,False,True,True,1.522222222222222,False,True
Piezo2_S500,Piezo2,500,0.1491840969647024,CLEAN,grid>0.05+residual_p95_dark+severe_face,1,1,right,147,34,70.0,0.4857142857142857,1.86,168,4.828571428571428,True,False,True,True,1.86,False,True
Piezo2_S500,Piezo2,500,0.1491840969647024,CLEAN,grid>0.05+residual_p95_dark+severe_face,2,2,right,150,31,75.0,0.4133333333333333,1.8976744186046512,215,6.75,True,False,True,True,1.8976744186046512,False,True
Piezo2_S500,Piezo2,500,0.1491840969647024,CLEAN,grid>0.05+residual_p95_dark+severe_face,3,3,right,25,6,10.0,0.6,1.5,34,5.0,True,False,True,True,1.5,False,True
Piezo2_S500,Piezo2,500,0.1491840969647024,CLEAN,grid>0.05+residual_p95_dark+severe_face,4,6,right,128,13,65.0,0.2,2.4727272727272727,137,9.857142857142858,True,False,True,True,2.4727272727272727,False,True
Piezo2_S500,Piezo2,500,0.1491840969647024,CLEAN,grid>0.05+residual_p95_dark+severe_face,5,8,right,644,100,300.0,0.3333333333333333,3.854761904761905,329,3.267326732673267,True,False,True,True,3.854761904761905,False,True
Piezo2_S500,Piezo2,500,0.1491840969647024,CLEAN,grid>0.05+residual_p95_dark+severe_face,6,12,right,138,22,70.0,0.3142857142857143,2.018181818181818,263,11.478260869565217,True,False,True,True,2.018181818181818,False,True
Piezo2_S500,Piezo2,500,0.1491840969647024,CLEAN,grid>0.05+residual_p95_dark+severe_face,7,13,right,132,14,70.0,0.2,2.8848484848484848,121,8.133333333333333,True,False,True,True,2.8848484848484848,False,True
Piezo2_S500,Piezo2,500,0.1491840969647024,CLEAN,grid>0.05+residual_p95_dark+severe_face,8,17,right,89,20,35.0,0.5714285714285714,1.6125,103,4.9523809523809526,True,False,True,True,1.6125,False,True
Piezo2_S500,Piezo2,500,0.1491840969647024,CLEAN,grid>0.05+residual_p95_dark+severe_face,9,18,right,112,16,55.0,0.2909090909090909,2.541176470588235,115,6.823529411764706,True,False,True,True,2.541176470588235,False,True
Piezo2_S500,Piezo2,500,0.1491840969647024,CLEAN,grid>0.05+residual_p95_dark+severe_face,10,19,right,161,20,70.0,0.2857142857142857,2.352,140,6.714285714285714,True,False,True,True,2.352,False,True
Piezo2_S500,Piezo2,500,0.1491840969647024,CLEAN,grid>0.05+residual_p95_dark+severe_face,11,20,right,148,29,70.0,0.4142857142857143,1.95,154,5.166666666666667,True,False,True,True,1.95,False,True
Piezo2_S500,Piezo2,500,0.1491840969647024,CLEAN,grid>0.05+residual_p95_dark+severe_face,12,21,right,129,11,55.0,0.2,2.976,85,7.166666666666667,True,False,True,True,2.976,False,True
Piezo2_S500,Piezo2,500,0.1491840969647024,CLEAN,grid>0.05+residual_p95_dark+severe_face,13,22,right,100,14,55.0,0.2545454545454545,2.275,114,7.666666666666667,True,False,True,True,2.275,False,True
Piezo2_S500,Piezo2,500,0.1491840969647024,CLEAN,grid>0.05+residual_p95_dark+severe_face,14,23,right,76,14,50.0,0.28,1.78,152,10.2,True,False,True,True,1.78,False,True
Piezo2_S530,Piezo2,530,0.1597911906872609,LOW,grid>0.05,1,7,right,94,9,40.0,0.225,3.2384615384615385,65,6.6,True,False,True,True,3.2384615384615385,False,True
Piezo2_S530,Piezo2,530,0.1597911906872609,LOW,grid>0.05,2,10,right,125,26,60.0,0.4333333333333333,2.1272727272727274,106,3.962962962962963,True,False,True,True,2.1272727272727274,False,True
Piezo2_S530,Piezo2,530,0.1597911906872609,LOW,grid>0.05,3,11,right,93,13,45.0,0.2888888888888888,2.68,97,7.0,True,False,True,True,2.68,False,True
Piezo2_S530,Piezo2,530,0.1597911906872609,LOW,grid>0.05,4,22,right,62,6,25.0,0.24,2.333333333333333,68,9.857142857142858,True,False,True,True,2.333333333333333,False,True
Piezo2_S530,Piezo2,530,0.1597911906872609,LOW,grid>0.05,5,1,right,122,21,55.0,0.3818181818181818,1.9058823529411768,142,6.5,True,False,True,True,1.9058823529411768,False,True
Piezo2_S530,Piezo2,530,0.1597911906872609,LOW,grid>0.05,6,2,right,81,6,45.0,0.1333333333333333,2.769230769230769,73,10.571428571428571,True,False,True,True,2.769230769230769,False,True
Piezo2_S530,Piezo2,530,0.1597911906872609,LOW,grid>0.05,7,3,right,89,11,45.0,0.2444444444444444,2.4,92,7.75,True,False,True,True,2.4,False,True
Piezo2_S530,Piezo2,530,0.1597911906872609,LOW,grid>0.05,8,8,right,70,7,40.0,0.175,2.56,76,9.625,True,False,True,True,2.56,False,True
Piezo2_S530,Piezo2,530,0.1597911906872609,LOW,grid>0.05,9,9,right,67,12,25.0,0.48,1.5058823529411764,107,8.307692307692308,True,False,True,True,1.5058823529411764,False,True
Piezo2_S530,Piezo2,530,0.1597911906872609,LOW,grid>0.05,10,12,right,153,36,60.0,0.6,1.4451612903225808,188,5.108108108108108,True,False,True,True,1.4451612903225808,False,True
Piezo2_S530,Piezo2,530,0.1597911906872609,LOW,grid>0.05,11,13,right,110,18,60.0,0.3,2.314285714285714,140,7.421052631578948,True,False,True,True,2.314285714285714,False,True
Piezo2_S530,Piezo2,530,0.1597911906872609,LOW,grid>0.05,12,16,right,113,8,70.0,0.1142857142857142,2.9405405405405407,122,13.666666666666666,True,False,True,True,2.9405405405405407,False,True
Piezo2_S530,Piezo2,530,0.1597911906872609,LOW,grid>0.05,13,17,right,67,7,35.0,0.2,2.552380952380952,73,9.25,True,False,True,True,2.552380952380952,False,True
Piezo2_S530,Piezo2,530,0.1597911906872609,LOW,grid>0.05,14,18,right,81,11,40.0,0.275,2.290909090909091,79,6.666666666666667,True,False,True,True,2.290909090909091,False,True
Piezo2_S530,Piezo2,530,0.1597911906872609,LOW,grid>0.05,15,19,right,95,7,45.0,0.1555555555555555,2.977777777777778,66,8.375,True,False,True,True,2.977777777777778,False,True
Piezo2_S530,Piezo2,530,0.1597911906872609,LOW,grid>0.05,16,20,right,91,12,40.0,0.3,2.9647058823529413,65,5.076923076923077,True,False,True,True,2.9647058823529413,False,True
Piezo2_S530,Piezo2,530,0.1597911906872609,LOW,grid>0.05,17,21,right,43,3,20.0,0.15,2.8,38,9.75,True,False,True,True,2.8,False,True
Piezo2_S530,Piezo2,530,0.1597911906872609,LOW,grid>0.05,18,23,right,94,12,45.0,0.2666666666666666,2.273684210526316,108,8.384615384615385,True,False,True,True,2.273684210526316,False,True
Slc17a6_S500,Slc17a6,500,0.1267194383129547,CLEAN,grid>0.05,2,3,right,28,0,20.0,0.0,4.8,5,6.0,True,True,True,True,6.8,True,False
Slc17a6_S500,Slc17a6,500,0.1267194383129547,CLEAN,grid>0.05,4,7,right,360,110,140.0,0.7857142857142857,1.3,374,3.3783783783783785,True,False,True,False,1.3,False,True
Slc17a6_S500,Slc17a6,500,0.1267194383129547,CLEAN,grid>0.05,6,8,right,317,70,130.0,0.5384615384615384,1.7090909090909092,404,5.704225352112676,True,False,True,True,1.7090909090909092,False,True
Slc17a6_S500,Slc17a6,500,0.1267194383129547,CLEAN,grid>0.05,7,8,top,353,115,135.0,0.8518518518518519,1.2142857142857144,298,2.577586206896552,True,False,True,False,1.2142857142857144,False,True
Slc17a6_S500,Slc17a6,500,0.1267194383129547,CLEAN,grid>0.05,8,9,right,158,22,65.0,0.3384615384615385,3.836363636363637,69,3.0434782608695654,True,False,True,True,3.836363636363637,False,True
Slc17a6_S500,Slc17a6,500,0.1267194383129547,CLEAN,grid>0.05,9,9,top,372,117,145.0,0.8068965517241379,1.2470588235294118,364,3.093220338983051,True,False,True,False,1.2470588235294118,False,True
Slc17a6_S500,Slc17a6,500,0.1267194383129547,CLEAN,grid>0.05,10,10,top,255,48,105.0,0.4571428571428571,1.896774193548387,209,4.285714285714286,True,False,True,True,1.896774193548387,False,True
Slc17a6_S500,Slc17a6,500,0.1267194383129547,CLEAN,grid>0.05,12,18,right,539,117,235.0,0.4978723404255319,1.8083333333333331,491,4.169491525423729,True,False,True,True,1.8083333333333331,False,True
Slc17a6_S500,Slc17a6,500,0.1267194383129547,CLEAN,grid>0.05,13,18,top,611,152,255.0,0.596078431372549,1.8493150684931507,489,3.2026143790849675,True,False,True,True,1.8493150684931507,False,True
Slc17a6_S500,Slc17a6,500,0.1267194383129547,CLEAN,grid>0.05,14,19,right,425,100,175.0,0.5714285714285714,1.6088235294117648,427,4.237623762376238,True,False,True,True,1.6088235294117648,False,True
Slc17a6_S500,Slc17a6,500,0.1267194383129547,CLEAN,grid>0.05,15,20,right,614,145,275.0,0.5272727272727272,1.5252252252252252,809,5.5479452054794525,True,False,True,True,1.5252252252252252,False,True
Slc17a6_S500,Slc17a6,500,0.1267194383129547,CLEAN,grid>0.05,16,21,top,691,192,255.0,0.7529411764705882,1.3506329113924052,614,3.186528497409326,True,False,True,False,1.3506329113924052,False,True
Slc17a6_S500,Slc17a6,500,0.1267194383129547,CLEAN,grid>0.05,18,22,top,763,205,280.0,0.7321428571428571,1.321978021978022,657,3.1941747572815533,True,False,True,False,1.321978021978022,False,True
Slc17a6_S500,Slc17a6,500,0.1267194383129547,CLEAN,grid>0.05,19,23,right,440,128,185.0,0.6918918918918919,1.603921568627451,410,3.186046511627907,True,False,True,True,1.603921568627451,False,True
Slc17a6_S560,Slc17a6,560,0.0757975483252175,EXCELLENT,grid>0.05,1,1,right,47,5,15.0,0.3333333333333333,1.8,59,10.0,True,False,True,True,1.8,False,True
Slc17a6_S560,Slc17a6,560,0.0757975483252175,EXCELLENT,grid>0.05,4,7,right,37,9,15.0,0.6,1.6125,63,6.4,True,False,True,True,1.6125,False,True
Slc17a6_S560,Slc17a6,560,0.0757975483252175,EXCELLENT,grid>0.05,5,13,bottom,20,4,10.0,0.4,2.4,36,7.4,True,False,True,True,2.4,False,True
Slc17a6_S560,Slc17a6,560,0.0757975483252175,EXCELLENT,grid>0.05,6,13,right,18,0,10.0,0.0,2.175,43,44.0,True,False,True,True,2.175,False,True
Slc17a6_S560,Slc17a6,560,0.0757975483252175,EXCELLENT,grid>0.05,7,15,bottom,28,1,10.0,0.1,1.9333333333333331,80,40.5,True,False,True,True,1.9333333333333331,False,True
Slc17a6_S560,Slc17a6,560,0.0757975483252175,EXCELLENT,grid>0.05,14,23,left,30,3,15.0,0.2,1.95,93,23.5,True,False,True,True,1.95,False,True
Slc32a1_S500,Slc32a1,500,0.1201637132817695,CLEAN,grid>0.05++severe_face,1,1,right,106,17,45.0,0.3777777777777777,1.86,116,6.5,True,False,True,True,1.86,False,True
Slc32a1_S500,Slc32a1,500,0.1201637132817695,CLEAN,grid>0.05++severe_face,2,2,right,48,9,25.0,0.36,1.6846153846153846,90,9.1,True,False,True,True,1.6846153846153846,False,True
Slc32a1_S500,Slc32a1,500,0.1201637132817695,CLEAN,grid>0.05++severe_face,5,6,right,65,10,30.0,0.3333333333333333,1.9666666666666668,75,6.909090909090909,True,False,True,True,1.9666666666666668,False,True
Slc32a1_S500,Slc32a1,500,0.1201637132817695,CLEAN,grid>0.05++severe_face,6,6,top,137,43,55.0,0.7818181818181819,1.211764705882353,147,3.363636363636364,True,False,True,False,1.211764705882353,False,True
Slc32a1_S500,Slc32a1,500,0.1201637132817695,CLEAN,grid>0.05++severe_face,7,8,right,28,2,15.0,0.1333333333333333,2.1,40,13.666666666666666,True,False,True,True,2.1,False,True
Slc32a1_S500,Slc32a1,500,0.1201637132817695,CLEAN,grid>0.05++severe_face,8,10,right,85,25,35.0,0.7142857142857143,1.4071428571428573,106,4.115384615384615,True,False,True,False,1.4071428571428573,False,True
Slc32a1_S500,Slc32a1,500,0.1201637132817695,CLEAN,grid>0.05++severe_face,9,11,right,23,1,15.0,0.0666666666666666,2.88,25,13.0,True,False,True,True,2.88,False,True
Slc32a1_S500,Slc32a1,500,0.1201637132817695,CLEAN,grid>0.05++severe_face,14,15,left,47,12,20.0,0.6,1.2,89,6.923076923076923,True,False,True,True,1.2,False,True
Slc32a1_S500,Slc32a1,500,0.1201637132817695,CLEAN,grid>0.05++severe_face,15,15,top,41,5,15.0,0.3333333333333333,1.4,147,24.666666666666668,True,False,True,True,1.4,False,True
Slc32a1_S500,Slc32a1,500,0.1201637132817695,CLEAN,grid>0.05++severe_face,17,17,left,46,7,20.0,0.35,1.8857142857142857,55,7.0,True,False,True,True,1.8857142857142857,False,True
Slc32a1_S500,Slc32a1,500,0.1201637132817695,CLEAN,grid>0.05++severe_face,20,18,right,38,10,15.0,0.6666666666666666,1.3,53,4.909090909090909,True,False,True,True,1.3,False,True
Slc32a1_S500,Slc32a1,500,0.1201637132817695,CLEAN,grid>0.05++severe_face,21,19,right,186,43,80.0,0.5375,1.8857142857142857,182,4.159090909090909,True,False,True,True,1.8857142857142857,False,True
Slc32a1_S500,Slc32a1,500,0.1201637132817695,CLEAN,grid>0.05++severe_face,23,20,right,54,12,20.0,0.6,1.4785714285714286,67,5.230769230769231,True,False,True,True,1.4785714285714286,False,True
Slc32a1_S500,Slc32a1,500,0.1201637132817695,CLEAN,grid>0.05++severe_face,26,23,right,62,16,20.0,0.8,1.1090909090909091,113,6.705882352941177,True,False,True,False,1.1090909090909091,False,True
Slc32a1_S530,Slc32a1,530,0.1074693935876556,CLEAN,grid>0.05,2,7,right,427,81,225.0,0.36,4.766666666666667,208,2.548780487804878,True,True,True,True,4.9125,False,True
Slc32a1_S530,Slc32a1,530,0.1074693935876556,CLEAN,grid>0.05,3,11,right,134,30,65.0,0.4615384615384615,2.64,93,3.032258064516129,True,False,True,True,2.64,False,True
Slc32a1_S530,Slc32a1,530,0.1074693935876556,CLEAN,grid>0.05,5,21,right,74,14,30.0,0.4666666666666667,2.018181818181818,55,3.733333333333333,True,False,True,True,2.018181818181818,False,True
Slc32a1_S560,Slc32a1,560,0.0628557684121398,EXCELLENT,grid>0.05,1,1,right,347,87,150.0,0.58,1.7696969696969698,371,4.227272727272728,True,False,True,True,1.7696969696969698,False,True
Slc32a1_S560,Slc32a1,560,0.0628557684121398,EXCELLENT,grid>0.05,3,2,right,41,11,15.0,0.7333333333333333,1.5,44,3.75,True,False,True,False,1.5,False,True
Slc32a1_S560,Slc32a1,560,0.0628557684121398,EXCELLENT,grid>0.05,4,6,right,455,125,170.0,0.7352941176470589,1.33125,611,4.857142857142857,True,False,True,False,1.33125,False,True
Slc32a1_S560,Slc32a1,560,0.0628557684121398,EXCELLENT,grid>0.05,5,6,top,688,223,265.0,0.8415094339622642,1.196875,700,3.1294642857142856,True,False,True,False,1.196875,False,True
Slc32a1_S560,Slc32a1,560,0.0628557684121398,EXCELLENT,grid>0.05,6,7,right,424,122,150.0,0.8133333333333334,1.21,613,4.991869918699187,True,False,True,False,1.21,False,True
Slc32a1_S560,Slc32a1,560,0.0628557684121398,EXCELLENT,grid>0.05,10,9,right,221,50,90.0,0.5555555555555556,1.9548387096774196,183,3.607843137254902,True,False,True,True,1.9548387096774196,False,True
Slc32a1_S560,Slc32a1,560,0.0628557684121398,EXCELLENT,grid>0.05,11,13,right,381,79,190.0,0.4157894736842105,1.5897196261682245,759,9.5,True,False,True,True,1.5897196261682245,False,True
Slc32a1_S560,Slc32a1,560,0.0628557684121398,EXCELLENT,grid>0.05,13,16,left,589,144,270.0,0.5333333333333333,1.8,614,4.241379310344827,True,False,True,True,1.8,False,True
Slc32a1_S560,Slc32a1,560,0.0628557684121398,EXCELLENT,grid>0.05,14,17,left,467,145,170.0,0.8529411764705882,1.1875,544,3.732876712328767,True,False,True,False,1.1875,False,True
Slc32a1_S560,Slc32a1,560,0.0628557684121398,EXCELLENT,grid>0.05,18,22,right,411,110,200.0,0.55,1.4722222222222223,623,5.621621621621622,True,False,True,True,1.4722222222222223,False,True
Slc32a1_S560,Slc32a1,560,0.0628557684121398,EXCELLENT,grid>0.05,21,24,left,136,21,55.0,0.3818181818181818,1.5666666666666669,363,16.545454545454547,True,False,True,True,1.5666666666666669,False,True
Slc5a7_S500,Slc5a7,500,0.1004755169392196,CLEAN,grid>0.05+persistent_p95_dark+severe_face,1,0,right,945,127,600.0,0.2116666666666666,4.8,307,2.40625,True,True,True,True,6.8,True,False
Slc5a7_S500,Slc5a7,500,0.1004755169392196,CLEAN,grid>0.05+persistent_p95_dark+severe_face,6,8,left,770,134,195.0,0.6871794871794872,2.275,318,2.362962962962963,True,False,True,True,2.275,False,True
Slc5a7_S500,Slc5a7,500,0.1004755169392196,CLEAN,grid>0.05+persistent_p95_dark+severe_face,7,9,right,1017,146,265.0,0.5509433962264151,4.0,273,1.8639455782312928,True,False,True,True,4.0,False,True
Slc5a7_S500,Slc5a7,500,0.1004755169392196,CLEAN,grid>0.05+persistent_p95_dark+severe_face,11,10,top,3032,686,1700.0,0.4035294117647058,4.8,1191,1.735080058224163,True,True,True,True,6.440776699029127,True,False
Slc5a7_S500,Slc5a7,500,0.1004755169392196,CLEAN,grid>0.05+persistent_p95_dark+severe_face,13,14,left,179,50,65.0,0.7692307692307693,1.2045454545454546,321,6.313725490196078,True,False,True,False,1.2045454545454546,False,True
Slc5a7_S500,Slc5a7,500,0.1004755169392196,CLEAN,grid>0.05+persistent_p95_dark+severe_face,15,16,right,332,98,125.0,0.784,1.2892857142857144,288,2.919191919191919,True,False,True,False,1.2892857142857144,False,True
Slc5a7_S500,Slc5a7,500,0.1004755169392196,CLEAN,grid>0.05+persistent_p95_dark+severe_face,19,21,top,226,56,100.0,0.56,2.6666666666666665,141,2.491228070175439,True,False,True,True,2.6666666666666665,False,True
Slc5a7_S530,Slc5a7,530,0.1536219067210471,LOW,grid>0.05,1,11,right,127,27,45.0,0.6,2.28,64,2.321428571428572,True,False,True,True,2.28,False,True
Slc5a7_S530,Slc5a7,530,0.1536219067210471,LOW,grid>0.05,2,12,right,51,13,15.0,0.8666666666666667,1.2,54,3.928571428571429,True,False,True,False,1.2,False,True
Slc5a7_S530,Slc5a7,530,0.1536219067210471,LOW,grid>0.05,4,19,right,66,19,30.0,0.6333333333333333,2.04,51,2.6,True,False,True,True,2.04,False,True
Slc5a7_S530,Slc5a7,530,0.1536219067210471,LOW,grid>0.05,5,20,right,81,10,35.0,0.2857142857142857,3.2,51,4.727272727272728,True,False,True,True,3.2,False,True
Slc5a7_S530,Slc5a7,530,0.1536219067210471,LOW,grid>0.05,7,1,right,150,57,65.0,0.8769230769230769,1.3,110,1.913793103448276,True,False,True,False,1.3,False,True
Slc5a7_S530,Slc5a7,530,0.1536219067210471,LOW,grid>0.05,9,8,left,64,14,25.0,0.56,1.86,52,3.533333333333333,True,False,True,True,1.86,False,True
Slc5a7_S530,Slc5a7,530,0.1536219067210471,LOW,grid>0.05,10,8,right,42,12,20.0,0.6,1.4,56,4.384615384615385,True,False,True,True,1.4,False,True
Slc5a7_S530,Slc5a7,530,0.1536219067210471,LOW,grid>0.05,11,17,right,93,25,40.0,0.625,2.65,66,2.576923076923077,True,False,True,True,2.65,False,True
Slc5a7_S530,Slc5a7,530,0.1536219067210471,LOW,grid>0.05,12,21,right,33,11,15.0,0.7333333333333333,1.24,53,4.5,True,False,True,False,1.24,False,True
Slc5a7_S560,Slc5a7,560,0.0502988663411054,EXCELLENT,grid>0.05,2,1,right,206,56,80.0,0.7,1.5692307692307694,209,3.684210526315789,True,False,True,False,1.5692307692307694,False,True
Slc5a7_S560,Slc5a7,560,0.0502988663411054,EXCELLENT,grid>0.05,3,2,right,179,57,70.0,0.8142857142857143,1.3178571428571428,227,3.931034482758621,True,False,True,False,1.3178571428571428,False,True
Slc5a7_S560,Slc5a7,560,0.0502988663411054,EXCELLENT,grid>0.05,4,2,bottom,385,78,180.0,0.4333333333333333,2.0105263157894737,451,5.7215189873417724,True,False,True,True,2.0105263157894737,False,True
Slc5a7_S560,Slc5a7,560,0.0502988663411054,EXCELLENT,grid>0.05,7,5,bottom,171,52,70.0,0.7428571428571429,1.2454545454545456,217,4.113207547169812,True,False,True,False,1.2454545454545456,False,True
Slc5a7_S560,Slc5a7,560,0.0502988663411054,EXCELLENT,grid>0.05,8,6,right,115,29,50.0,0.58,1.4666666666666668,171,5.733333333333333,True,False,True,True,1.4666666666666668,False,True
Slc5a7_S560,Slc5a7,560,0.0502988663411054,EXCELLENT,grid>0.05,9,6,bottom,243,30,95.0,0.3157894736842105,2.24,218,7.064516129032258,True,False,True,True,2.24,False,True
Slc5a7_S560,Slc5a7,560,0.0502988663411054,EXCELLENT,grid>0.05,10,7,left,125,40,50.0,0.8,1.4666666666666668,136,3.341463414634146,True,False,True,False,1.4666666666666668,False,True
Slc5a7_S560,Slc5a7,560,0.0502988663411054,EXCELLENT,grid>0.05,14,11,top,33,6,15.0,0.4,4.8,11,1.7142857142857142,True,True,True,True,6.2,False,True
Slc5a7_S560,Slc5a7,560,0.0502988663411054,EXCELLENT,grid>0.05,15,12,right,78,15,40.0,0.375,2.314285714285714,73,4.625,True,False,True,True,2.314285714285714,False,True
Slc5a7_S560,Slc5a7,560,0.0502988663411054,EXCELLENT,grid>0.05,17,15,left,124,23,60.0,0.3833333333333333,1.6541666666666668,243,10.166666666666666,True,False,True,True,1.6541666666666668,False,True
Slc5a7_S560,Slc5a7,560,0.0502988663411054,EXCELLENT,grid>0.05,18,15,top,83,26,30.0,0.8666666666666667,1.3416666666666668,115,4.296296296296297,True,False,True,False,1.3416666666666668,False,True
Slc5a7_S560,Slc5a7,560,0.0502988663411054,EXCELLENT,grid>0.05,19,15,bottom,229,51,105.0,0.4857142857142857,1.6857142857142855,336,6.480769230769231,True,False,True,True,1.6857142857142855,False,True
Slc5a7_S560,Slc5a7,560,0.0502988663411054,EXCELLENT,grid>0.05,23,19,right,104,27,40.0,0.675,1.4764705882352942,135,4.857142857142857,True,False,True,True,1.4764705882352942,False,True
Slc5a7_S560,Slc5a7,560,0.0502988663411054,EXCELLENT,grid>0.05,24,19,top,144,33,50.0,0.66,1.58125,102,3.0294117647058822,True,False,True,True,1.58125,False,True
Slc5a7_S560,Slc5a7,560,0.0502988663411054,EXCELLENT,grid>0.05,25,20,right,164,33,70.0,0.4714285714285714,1.8,176,5.205882352941177,True,False,True,True,1.8,False,True
Slc5a7_S560,Slc5a7,560,0.0502988663411054,EXCELLENT,grid>0.05,28,23,right,130,32,55.0,0.5818181818181818,1.4724137931034482,239,7.272727272727272,True,False,True,True,1.4724137931034482,False,True
Slc6a2_S530,Slc6a2,530,0.0971376219575528,EXCELLENT,grid>0.05+residual_p95_dark+severe_face,2,20,right,38,8,15.0,0.5333333333333333,1.7285714285714286,52,5.888888888888889,True,False,True,True,1.7285714285714286,False,True
Slc6a2_S530,Slc6a2,530,0.0971376219575528,EXCELLENT,grid>0.05+residual_p95_dark+severe_face,3,21,right,82,21,25.0,0.84,1.12,93,4.2727272727272725,True,False,True,False,1.12,False,True
Slc6a2_S530,Slc6a2,530,0.0971376219575528,EXCELLENT,grid>0.05+residual_p95_dark+severe_face,6,7,right,37,2,20.0,0.1,2.8,38,13.0,True,False,True,True,2.8,False,True
Slc6a2_S530,Slc6a2,530,0.0971376219575528,EXCELLENT,grid>0.05+residual_p95_dark+severe_face,7,10,right,43,3,20.0,0.15,2.1,60,15.25,True,False,True,True,2.1,False,True
Slc6a2_S530,Slc6a2,530,0.0971376219575528,EXCELLENT,grid>0.05+residual_p95_dark+severe_face,8,13,right,61,5,25.0,0.2,1.9384615384615385,61,10.333333333333334,True,False,True,True,1.9384615384615385,False,True
Slc6a2_S530,Slc6a2,530,0.0971376219575528,EXCELLENT,grid>0.05+residual_p95_dark+severe_face,9,16,right,76,3,45.0,0.0666666666666666,2.88695652173913,85,21.5,True,False,True,True,2.88695652173913,False,True
Slc6a2_S530,Slc6a2,530,0.0971376219575528,EXCELLENT,grid>0.05+residual_p95_dark+severe_face,10,18,right,100,10,50.0,0.2,2.2421052631578946,89,8.181818181818182,True,False,True,True,2.2421052631578946,False,True
Slc6a2_S560,Slc6a2,560,0.0731869017431938,EXCELLENT,grid>0.05,2,6,right,62,2,35.0,0.0571428571428571,2.25,95,32.0,True,False,True,True,2.25,False,True
Slc6a2_S560,Slc6a2,560,0.0731869017431938,EXCELLENT,grid>0.05,3,7,right,62,13,25.0,0.52,1.4764705882352942,144,10.357142857142858,True,False,True,True,1.4764705882352942,False,True
Slc6a2_S560,Slc6a2,560,0.0731869017431938,EXCELLENT,grid>0.05,4,12,right,34,4,20.0,0.2,2.588235294117647,47,9.6,True,False,True,True,2.588235294117647,False,True
Slc6a2_S560,Slc6a2,560,0.0731869017431938,EXCELLENT,grid>0.05,5,13,right,18,0,10.0,0.0,2.05,47,48.0,True,False,True,True,2.05,False,True
Slc6a2_S560,Slc6a2,560,0.0731869017431938,EXCELLENT,grid>0.05,10,20,right,50,3,15.0,0.2,2.2666666666666666,67,17.0,True,False,True,True,2.2666666666666666,False,True
Slc6a2_S560,Slc6a2,560,0.0731869017431938,EXCELLENT,grid>0.05,11,21,right,34,2,15.0,0.1333333333333333,2.4,51,17.333333333333332,True,False,True,True,2.4,False,True
Slc6a2_S560,Slc6a2,560,0.0731869017431938,EXCELLENT,grid>0.05,12,22,right,20,2,10.0,0.2,1.4111111111111112,38,13.0,True,False,True,True,1.4111111111111112,False,True
Slc6a2_S560,Slc6a2,560,0.0731869017431938,EXCELLENT,grid>0.05,13,23,right,33,1,15.0,0.0666666666666666,2.2285714285714286,57,29.0,True,False,True,True,2.2285714285714286,False,True
Slc6a4_S500,Slc6a4,500,0.1366938801424286,CLEAN,grid>0.05+persistent_p95_dark+severe_face,3,2,right,74,14,20.0,0.7,1.3714285714285714,110,7.4,True,False,True,False,1.3714285714285714,False,True
Slc6a4_S500,Slc6a4,500,0.1366938801424286,CLEAN,grid>0.05+persistent_p95_dark+severe_face,7,3,bottom,129,22,50.0,0.44,1.441304347826087,1076,46.82608695652174,True,False,True,True,1.441304347826087,False,True
Slc6a4_S500,Slc6a4,500,0.1366938801424286,CLEAN,grid>0.05+persistent_p95_dark+severe_face,10,8,right,224,64,95.0,0.6736842105263158,1.6,733,11.292307692307691,True,False,True,True,1.6,False,True
Slc6a4_S500,Slc6a4,500,0.1366938801424286,CLEAN,grid>0.05+persistent_p95_dark+severe_face,14,10,right,84,17,30.0,0.5666666666666667,1.4666666666666668,193,10.77777777777778,True,False,True,True,1.4666666666666668,False,True
Slc6a4_S500,Slc6a4,500,0.1366938801424286,CLEAN,grid>0.05+persistent_p95_dark+severe_face,16,11,right,70,19,30.0,0.6333333333333333,1.6181818181818182,140,7.05,True,False,True,True,1.6181818181818182,False,True
Slc6a4_S500,Slc6a4,500,0.1366938801424286,CLEAN,grid>0.05+persistent_p95_dark+severe_face,21,13,right,18,4,10.0,0.4,1.4363636363636365,80,16.2,True,False,True,True,1.4363636363636365,False,True
Slc6a4_S500,Slc6a4,500,0.1366938801424286,CLEAN,grid>0.05+persistent_p95_dark+severe_face,23,14,top,156,45,60.0,0.75,1.25,484,10.543478260869565,True,False,True,False,1.25,False,True
Slc6a4_S500,Slc6a4,500,0.1366938801424286,CLEAN,grid>0.05+persistent_p95_dark+severe_face,28,19,right,76,21,25.0,0.84,1.12,140,6.409090909090909,True,False,True,False,1.12,False,True
Slc6a4_S500,Slc6a4,500,0.1366938801424286,CLEAN,grid>0.05+persistent_p95_dark+severe_face,29,19,top,270,53,120.0,0.4416666666666666,1.719642857142857,1360,25.203703703703702,True,False,True,True,1.719642857142857,False,True
Slc6a4_S530,Slc6a4,530,0.124417917361036,CLEAN,grid>0.05,2,10,right,23,7,10.0,0.7,1.55,31,4.0,True,False,True,False,1.55,False,True
Slc6a4_S530,Slc6a4,530,0.124417917361036,CLEAN,grid>0.05,7,20,top,46,12,15.0,0.8,1.225,34,2.6923076923076925,True,False,True,False,1.225,False,True
Slc6a4_S530,Slc6a4,530,0.124417917361036,CLEAN,grid>0.05,9,22,right,34,9,15.0,0.6,1.8,51,5.2,True,False,True,True,1.8,False,True
Slc6a4_S560,Slc6a4,560,0.1478419840676052,CLEAN,grid>0.05+persistent_p95_dark+severe_face,1,1,right,58,14,25.0,0.56,1.5272727272727271,107,7.2,True,False,True,True,1.5272727272727271,False,True
Slc6a4_S560,Slc6a4,560,0.1478419840676052,CLEAN,grid>0.05+persistent_p95_dark+severe_face,9,6,right,51,11,30.0,0.3666666666666666,2.466666666666667,55,4.666666666666667,True,False,True,True,2.466666666666667,False,True
Slc6a4_S560,Slc6a4,560,0.1478419840676052,CLEAN,grid>0.05+persistent_p95_dark+severe_face,10,6,top,47,4,20.0,0.2,2.34,30,6.2,True,False,True,True,2.34,False,True
Slc6a4_S560,Slc6a4,560,0.1478419840676052,CLEAN,grid>0.05+persistent_p95_dark+severe_face,18,13,right,27,4,15.0,0.2666666666666666,2.466666666666667,36,7.4,True,False,True,True,2.466666666666667,False,True
Slc6a4_S560,Slc6a4,560,0.1478419840676052,CLEAN,grid>0.05+persistent_p95_dark+severe_face,22,17,bottom,81,20,40.0,0.5,1.825,388,18.52380952380953,True,False,True,True,1.825,False,True
Snap25_S500,Snap25,500,0.0289247622718352,EXCELLENT,persistent_p95_dark+severe_face,2,0,bottom,2914,764,1250.0,0.6112,2.212048192771084,3992,5.219607843137255,True,False,True,True,2.212048192771084,False,True
Snap25_S500,Snap25,500,0.0289247622718352,EXCELLENT,persistent_p95_dark+severe_face,3,1,left,2191,421,1025.0,0.4107317073170731,4.8,833,1.976303317535545,True,True,True,True,5.641666666666667,False,True
Snap25_S500,Snap25,500,0.0289247622718352,EXCELLENT,persistent_p95_dark+severe_face,8,3,left,2813,702,1285.0,0.5463035019455252,3.080851063829788,1572,2.2375533428165006,True,False,True,True,3.080851063829788,False,True
Snap25_S500,Snap25,500,0.0289247622718352,EXCELLENT,persistent_p95_dark+severe_face,12,5,left,3324,967,1145.0,0.8445414847161572,1.3163934426229509,2160,2.232438016528925,True,False,True,False,1.3163934426229509,False,True
Snap25_S500,Snap25,500,0.0289247622718352,EXCELLENT,persistent_p95_dark+severe_face,16,6,top,7820,1786,3675.0,0.4859863945578231,4.8,2873,1.608282036933408,True,True,True,True,6.8,True,False
Snap25_S500,Snap25,500,0.0289247622718352,EXCELLENT,persistent_p95_dark+severe_face,18,7,left,6834,1687,3120.0,0.5407051282051282,4.3619318181818185,3063,1.8151658767772512,True,True,True,True,4.404624277456647,False,True
Snap25_S500,Snap25,500,0.0289247622718352,EXCELLENT,persistent_p95_dark+severe_face,20,8,left,1962,577,645.0,0.8945736434108527,1.206060606060606,1247,2.1591695501730106,True,False,True,False,1.206060606060606,False,True
Snap25_S500,Snap25,500,0.0289247622718352,EXCELLENT,persistent_p95_dark+severe_face,22,8,top,2184,691,910.0,0.7593406593406593,1.7854014598540149,1409,2.03757225433526,True,False,True,False,1.7854014598540149,False,True
Snap25_S500,Snap25,500,0.0289247622718352,EXCELLENT,persistent_p95_dark+severe_face,26,10,bottom,9594,2722,3795.0,0.7172595520421607,2.051396648044693,8248,3.0293793609988984,True,False,True,False,2.051396648044693,False,True
Snap25_S500,Snap25,500,0.0289247622718352,EXCELLENT,persistent_p95_dark+severe_face,27,11,left,5365,1268,2425.0,0.5228865979381443,4.744600938967136,2309,1.8203309692671397,True,True,True,True,4.692086330935251,False,True
Snap25_S500,Snap25,500,0.0289247622718352,EXCELLENT,persistent_p95_dark+severe_face,29,12,right,1464,248,615.0,0.4032520325203252,3.647761194029851,689,2.7710843373493974,True,False,True,True,3.647761194029851,False,True
Snap25_S500,Snap25,500,0.0289247622718352,EXCELLENT,persistent_p95_dark+severe_face,31,12,bottom,2740,808,975.0,0.8287179487179487,1.4466666666666668,3749,4.635352286773795,True,False,True,False,1.4466666666666668,False,True
Snap25_S500,Snap25,500,0.0289247622718352,EXCELLENT,persistent_p95_dark+severe_face,32,13,bottom,4289,1322,1885.0,0.7013262599469496,1.9613065326633168,4844,3.662131519274376,True,False,True,False,1.9613065326633168,False,True
Snap25_S500,Snap25,500,0.0289247622718352,EXCELLENT,persistent_p95_dark+severe_face,33,14,left,878,130,420.0,0.3095238095238095,2.346341463414634,820,6.267175572519084,True,False,True,True,2.346341463414634,False,True
Snap25_S500,Snap25,500,0.0289247622718352,EXCELLENT,persistent_p95_dark+severe_face,40,16,bottom,4428,1296,1660.0,0.7807228915662651,1.6802281368821292,4726,3.644564379336932,True,False,True,False,1.6802281368821292,False,True
Snap25_S500,Snap25,500,0.0289247622718352,EXCELLENT,persistent_p95_dark+severe_face,41,17,left,2536,607,1275.0,0.476078431372549,2.723636363636364,1600,2.633223684210526,True,False,True,True,2.723636363636364,False,True
Snap25_S500,Snap25,500,0.0289247622718352,EXCELLENT,persistent_p95_dark+severe_face,43,17,top,3021,779,1400.0,0.5564285714285714,3.058128078817734,1712,2.1961538461538463,True,False,True,True,3.058128078817734,False,True
Snap25_S500,Snap25,500,0.0289247622718352,EXCELLENT,persistent_p95_dark+severe_face,47,18,top,1952,271,985.0,0.2751269035532995,4.263829787234043,967,3.5588235294117645,True,True,True,True,4.243438914027149,False,True
Snap25_S500,Snap25,500,0.0289247622718352,EXCELLENT,persistent_p95_dark+severe_face,51,20,right,936,202,420.0,0.4809523809523809,2.707070707070707,643,3.1724137931034484,True,False,True,True,2.707070707070707,False,True
Snap25_S500,Snap25,500,0.0289247622718352,EXCELLENT,persistent_p95_dark+severe_face,52,21,left,654,166,215.0,0.772093023255814,1.336144578313253,577,3.461077844311377,True,False,True,False,1.336144578313253,False,True
Snap25_S500,Snap25,500,0.0289247622718352,EXCELLENT,persistent_p95_dark+severe_face,56,24,left,2524,759,950.0,0.7989473684210526,1.3953488372093024,1904,2.506578947368421,True,False,True,False,1.3953488372093024,False,True
Snap25_S500,Snap25,500,0.0289247622718352,EXCELLENT,persistent_p95_dark+severe_face,57,24,top,4189,1429,1625.0,0.8793846153846154,1.354585152838428,2826,1.976923076923077,True,False,True,False,1.354585152838428,False,True
Snap25_S530,Snap25,530,0.0875724006337899,EXCELLENT,grid>0.05+residual_p95_dark+severe_face,1,2,right,199,29,80.0,0.3625,4.8,68,2.3,True,True,True,True,6.8,True,False
Snap25_S530,Snap25,530,0.0875724006337899,EXCELLENT,grid>0.05+residual_p95_dark+severe_face,2,6,right,160,5,110.0,0.0454545454545454,4.8,28,4.833333333333333,True,True,True,True,6.8,True,False
Snap25_S530,Snap25,530,0.0875724006337899,EXCELLENT,grid>0.05+residual_p95_dark+severe_face,3,7,right,1454,197,860.0,0.2290697674418604,4.8,722,3.651515151515152,True,True,True,True,5.841379310344828,False,True
Snap25_S530,Snap25,530,0.0875724006337899,EXCELLENT,grid>0.05+residual_p95_dark+severe_face,5,11,right,1291,390,585.0,0.6666666666666666,1.438743455497382,1367,3.498721227621483,True,False,True,True,1.438743455497382,False,True
Snap25_S530,Snap25,530,0.0875724006337899,EXCELLENT,grid>0.05+residual_p95_dark+severe_face,8,19,right,514,60,200.0,0.3,2.653968253968254,295,4.852459016393443,True,False,True,True,2.653968253968254,False,True
Snap25_S530,Snap25,530,0.0875724006337899,EXCELLENT,grid>0.05+residual_p95_dark+severe_face,9,20,right,682,157,290.0,0.5413793103448276,1.5169117647058823,833,5.278481012658228,True,False,True,True,1.5169117647058823,False,True
Snap25_S530,Snap25,530,0.0875724006337899,EXCELLENT,grid>0.05+residual_p95_dark+severe_face,10,21,right,339,119,145.0,0.8206896551724138,1.09873417721519,739,6.166666666666667,True,False,True,False,1.09873417721519,False,True
Snap25_S560,Snap25,560,0.0768431753357508,EXCELLENT,grid>0.05+persistent_p95_dark+severe_face,9,3,left,952,250,470.0,0.5319148936170213,3.96,488,1.948207171314741,True,False,True,True,3.96,False,True
Snap25_S560,Snap25,560,0.0768431753357508,EXCELLENT,grid>0.05+persistent_p95_dark+severe_face,13,6,left,5397,1525,2570.0,0.5933852140077821,3.5695090439276487,2814,1.844692005242464,True,False,True,True,3.5695090439276487,False,True
Snap25_S560,Snap25,560,0.0768431753357508,EXCELLENT,grid>0.05+persistent_p95_dark+severe_face,14,6,right,4451,1518,1715.0,0.885131195335277,1.2373493975903616,3177,2.092165898617512,True,False,True,False,1.2373493975903616,False,True
Snap25_S560,Snap25,560,0.0768431753357508,EXCELLENT,grid>0.05+persistent_p95_dark+severe_face,15,6,top,3513,746,1585.0,0.4706624605678233,3.003821656050956,2126,2.847389558232932,True,False,True,True,3.003821656050956,False,True
Snap25_S560,Snap25,560,0.0768431753357508,EXCELLENT,grid>0.05+persistent_p95_dark+severe_face,19,7,top,3294,297,2185.0,0.1359267734553775,4.8,877,2.946308724832215,True,True,True,True,6.8,True,False
Snap25_S560,Snap25,560,0.0768431753357508,EXCELLENT,grid>0.05+persistent_p95_dark+severe_face,21,8,right,904,179,475.0,0.3768421052631578,3.453968253968254,569,3.1666666666666665,True,False,True,True,3.453968253968254,False,True
Snap25_S560,Snap25,560,0.0768431753357508,EXCELLENT,grid>0.05+persistent_p95_dark+severe_face,24,9,right,154,30,65.0,0.4615384615384615,2.0727272727272728,124,4.032258064516129,True,False,True,True,2.0727272727272728,False,True
Snap25_S560,Snap25,560,0.0768431753357508,EXCELLENT,grid>0.05+persistent_p95_dark+severe_face,29,11,right,1136,277,385.0,0.7194805194805195,1.5023809523809524,738,2.658273381294964,True,False,True,False,1.5023809523809524,False,True
Snap25_S560,Snap25,560,0.0768431753357508,EXCELLENT,grid>0.05+persistent_p95_dark+severe_face,31,12,left,1124,300,365.0,0.821917808219178,1.55,787,2.617940199335548,True,False,True,False,1.55,False,True
Snap25_S560,Snap25,560,0.0768431753357508,EXCELLENT,grid>0.05+persistent_p95_dark+severe_face,34,13,right,4773,441,2515.0,0.1753479125248509,4.8,2083,4.714932126696833,True,True,True,True,5.014772727272727,False,True
Snap25_S560,Snap25,560,0.0768431753357508,EXCELLENT,grid>0.05+persistent_p95_dark+severe_face,36,14,top,6287,1541,2520.0,0.6115079365079366,2.8073394495412844,3281,2.1284046692607004,True,False,True,True,2.8073394495412844,False,True
Snap25_S560,Snap25,560,0.0768431753357508,EXCELLENT,grid>0.05+persistent_p95_dark+severe_face,41,16,right,2729,723,1270.0,0.5692913385826772,2.028358208955224,2285,3.157458563535912,True,False,True,True,2.028358208955224,False,True
Snap25_S560,Snap25,560,0.0768431753357508,EXCELLENT,grid>0.05+persistent_p95_dark+severe_face,47,19,top,298,24,160.0,0.15,3.6171122994652407,269,10.8,True,False,True,True,3.6171122994652407,False,True
Snap25_S560,Snap25,560,0.0768431753357508,EXCELLENT,grid>0.05+persistent_p95_dark+severe_face,50,21,left,5835,1651,2540.0,0.65,3.285714285714286,2860,1.7318401937046004,True,False,True,True,3.285714285714286,False,True
Snap25_S560,Snap25,560,0.0768431753357508,EXCELLENT,grid>0.05+persistent_p95_dark+severe_face,53,22,left,8894,2717,3450.0,0.787536231884058,2.3553903345724905,4218,1.5522442972774098,True,False,True,False,2.3553903345724905,False,True
Snap25_S560,Snap25,560,0.0768431753357508,EXCELLENT,grid>0.05+persistent_p95_dark+severe_face,55,22,top,6617,1848,2910.0,0.6350515463917525,2.1298482293423278,5943,3.214710654407788,True,False,True,True,2.1298482293423278,False,True
Snap25_S560,Snap25,560,0.0768431753357508,EXCELLENT,grid>0.05+persistent_p95_dark+severe_face,56,23,right,1527,477,590.0,0.8084745762711865,1.2321917808219178,1833,3.836820083682008,True,False,True,False,1.2321917808219178,False,True
Snap25_S560,Snap25,560,0.0768431753357508,EXCELLENT,grid>0.05+persistent_p95_dark+severe_face,57,23,top,8385,2382,3875.0,0.6147096774193549,2.4194174757281552,6376,2.6760386067981536,True,False,True,True,2.4194174757281552,False,True
Tacr1_S500,Tacr1,500,0.1071630602181079,CLEAN,grid>0.05,1,2,right,116,30,50.0,0.6,2.2,88,2.870967741935484,True,False,True,True,2.2,False,True
Tacr1_S500,Tacr1,500,0.1071630602181079,CLEAN,grid>0.05,2,8,right,59,13,20.0,0.65,1.675,45,3.2857142857142856,True,False,True,True,1.675,False,True
Tacr1_S500,Tacr1,500,0.1071630602181079,CLEAN,grid>0.05,3,11,right,76,18,35.0,0.5142857142857142,2.690909090909091,61,3.263157894736842,True,False,True,True,2.690909090909091,False,True
Tacr1_S530,Tacr1,530,0.1085037673868429,CLEAN,grid>0.05,2,1,right,36,12,20.0,0.6,2.0,38,3.0,True,False,True,True,2.0,False,True
Tacr1_S530,Tacr1,530,0.1085037673868429,CLEAN,grid>0.05,4,7,right,23,2,15.0,0.1333333333333333,2.4,23,8.0,True,False,True,True,2.4,False,True
Tacr1_S530,Tacr1,530,0.1085037673868429,CLEAN,grid>0.05,5,7,bottom,57,15,30.0,0.5,2.64,45,2.875,True,False,True,True,2.64,False,True
Tacr1_S530,Tacr1,530,0.1085037673868429,CLEAN,grid>0.05,7,8,right,28,5,10.0,0.5,1.8,20,3.5,True,False,True,True,1.8,False,True
Tacr1_S530,Tacr1,530,0.1085037673868429,CLEAN,grid>0.05,8,8,bottom,62,16,20.0,0.8,1.3,58,3.4705882352941178,True,False,True,False,1.3,False,True
Tacr1_S530,Tacr1,530,0.1085037673868429,CLEAN,grid>0.05,10,9,bottom,54,7,25.0,0.28,2.9333333333333336,32,4.125,True,False,True,True,2.9333333333333336,False,True
Tacr1_S530,Tacr1,530,0.1085037673868429,CLEAN,grid>0.05,11,11,top,57,15,20.0,0.75,1.3833333333333333,74,4.6875,True,False,True,False,1.3833333333333333,False,True
Tacr1_S530,Tacr1,530,0.1085037673868429,CLEAN,grid>0.05,12,12,left,55,14,25.0,0.56,1.9333333333333331,41,2.8,True,False,True,True,1.9333333333333331,False,True
Tacr1_S530,Tacr1,530,0.1085037673868429,CLEAN,grid>0.05,13,12,right,33,7,15.0,0.4666666666666667,1.675,50,6.375,True,False,True,True,1.675,False,True
Tacr1_S530,Tacr1,530,0.1085037673868429,CLEAN,grid>0.05,16,17,left,46,11,20.0,0.55,1.9,41,3.5,True,False,True,True,1.9,False,True
Tacr1_S530,Tacr1,530,0.1085037673868429,CLEAN,grid>0.05,17,17,right,48,8,25.0,0.32,1.875,45,5.111111111111111,True,False,True,True,1.875,False,True
Tacr1_S530,Tacr1,530,0.1085037673868429,CLEAN,grid>0.05,19,17,bottom,32,7,15.0,0.4666666666666667,2.7,23,3.0,True,False,True,True,2.7,False,True
Tacr1_S530,Tacr1,530,0.1085037673868429,CLEAN,grid>0.05,22,18,bottom,37,8,10.0,0.8,1.3625,30,3.4444444444444446,True,False,True,False,1.3625,False,True
Tacr1_S530,Tacr1,530,0.1085037673868429,CLEAN,grid>0.05,23,19,right,82,14,25.0,0.56,2.8,41,2.8,True,False,True,True,2.8,False,True
Tacr1_S530,Tacr1,530,0.1085037673868429,CLEAN,grid>0.05,25,20,right,36,5,20.0,0.25,4.4,19,3.333333333333333,True,True,True,True,4.32,False,True
Tacr1_S530,Tacr1,530,0.1085037673868429,CLEAN,grid>0.05,26,22,right,56,12,20.0,0.6,2.25,37,2.923076923076923,True,False,True,True,2.25,False,True
Tacr1_S560,Tacr1,560,0.0649080879085444,EXCELLENT,grid>0.05,1,1,bottom,62,9,35.0,0.2571428571428571,3.085714285714286,50,5.1,True,False,True,True,3.085714285714286,False,True
Tacr1_S560,Tacr1,560,0.0649080879085444,EXCELLENT,grid>0.05,2,1,right,135,23,65.0,0.3538461538461538,2.523076923076923,135,5.666666666666667,True,False,True,True,2.523076923076923,False,True
Tacr1_S560,Tacr1,560,0.0649080879085444,EXCELLENT,grid>0.05,3,6,right,62,12,25.0,0.48,1.5272727272727271,66,5.153846153846154,True,False,True,True,1.5272727272727271,False,True
Tacr1_S560,Tacr1,560,0.0649080879085444,EXCELLENT,grid>0.05,4,6,top,34,6,20.0,0.3,3.6,23,3.4285714285714284,True,False,True,True,3.6,False,True
Tacr1_S560,Tacr1,560,0.0649080879085444,EXCELLENT,grid>0.05,5,7,right,73,11,35.0,0.3142857142857143,2.742857142857143,59,5.0,True,False,True,True,2.742857142857143,False,True
Tacr1_S560,Tacr1,560,0.0649080879085444,EXCELLENT,grid>0.05,7,12,bottom,99,25,35.0,0.7142857142857143,1.45625,100,3.8846153846153846,True,False,True,False,1.45625,False,True
Tacr1_S560,Tacr1,560,0.0649080879085444,EXCELLENT,grid>0.05,8,12,right,111,28,40.0,0.7,1.3833333333333333,137,4.758620689655173,True,False,True,False,1.3833333333333333,False,True
Tacr1_S560,Tacr1,560,0.0649080879085444,EXCELLENT,grid>0.05,9,13,bottom,74,11,30.0,0.3666666666666666,1.8857142857142857,63,5.333333333333333,True,False,True,True,1.8857142857142857,False,True
Tacr1_S560,Tacr1,560,0.0649080879085444,EXCELLENT,grid>0.05,10,13,right,101,11,65.0,0.1692307692307692,3.3071428571428574,90,7.583333333333333,True,False,True,True,3.3071428571428574,False,True
Tacr1_S560,Tacr1,560,0.0649080879085444,EXCELLENT,grid>0.05,11,14,bottom,78,18,40.0,0.45,1.835294117647059,104,5.526315789473684,True,False,True,True,1.835294117647059,False,True
Tacr1_S560,Tacr1,560,0.0649080879085444,EXCELLENT,grid>0.05,12,15,bottom,55,14,20.0,0.7,1.3454545454545457,86,5.8,True,False,True,False,1.3454545454545457,False,True
Tacr1_S560,Tacr1,560,0.0649080879085444,EXCELLENT,grid>0.05,13,15,left,41,4,15.0,0.2666666666666666,1.7444444444444445,81,16.4,True,False,True,True,1.7444444444444445,False,True
Tacr1_S560,Tacr1,560,0.0649080879085444,EXCELLENT,grid>0.05,16,19,right,54,6,25.0,0.24,2.057142857142857,52,7.571428571428571,True,False,True,True,2.057142857142857,False,True
Tacr1_S560,Tacr1,560,0.0649080879085444,EXCELLENT,grid>0.05,17,20,right,80,19,25.0,0.76,1.35,65,3.3,True,False,True,False,1.35,False,True
Tacr1_S560,Tacr1,560,0.0649080879085444,EXCELLENT,grid>0.05,20,21,top,87,26,35.0,0.7428571428571429,1.3833333333333333,97,3.6296296296296298,True,False,True,False,1.3833333333333333,False,True
Tacr1_S560,Tacr1,560,0.0649080879085444,EXCELLENT,grid>0.05,21,23,right,65,7,20.0,0.35,2.018181818181818,60,7.625,True,False,True,True,2.018181818181818,False,True
Tacr1_S560,Tacr1,560,0.0649080879085444,EXCELLENT,grid>0.05,22,24,left,38,11,15.0,0.7333333333333333,1.3,88,7.416666666666667,True,False,True,False,1.3,False,True
Zfhx3_S500,Zfhx3,500,0.1022609420948501,CLEAN,grid>0.05,3,11,bottom,95,21,35.0,0.6,2.0,58,2.6818181818181817,True,False,True,True,2.0,False,True
Zfhx3_S500,Zfhx3,500,0.1022609420948501,CLEAN,grid>0.05,4,14,bottom,262,22,170.0,0.1294117647058823,4.8,106,4.652173913043479,True,True,True,True,6.2615384615384615,True,False
Zfhx3_S500,Zfhx3,500,0.1022609420948501,CLEAN,grid>0.05,5,14,left,75,13,45.0,0.2888888888888888,2.329411764705882,103,7.428571428571429,True,False,True,True,2.329411764705882,False,True
Zfhx3_S500,Zfhx3,500,0.1022609420948501,CLEAN,grid>0.05,6,16,bottom,274,47,115.0,0.408695652173913,3.607407407407408,131,2.75,True,False,True,True,3.607407407407408,False,True
Zfhx3_S500,Zfhx3,500,0.1022609420948501,CLEAN,grid>0.05,8,19,bottom,106,20,70.0,0.2857142857142857,3.4000000000000004,78,3.761904761904762,True,False,True,True,3.4000000000000004,False,True
Zfhx3_S530,Zfhx3,530,0.1168879840943957,CLEAN,grid>0.05,1,1,right,128,19,65.0,0.2923076923076923,4.8,35,1.8,True,True,True,True,6.8,True,False
Zfhx3_S530,Zfhx3,530,0.1168879840943957,CLEAN,grid>0.05,5,7,right,101,14,45.0,0.3111111111111111,4.8,36,2.466666666666667,True,True,True,True,6.4,True,False
Zfhx3_S530,Zfhx3,530,0.1168879840943957,CLEAN,grid>0.05,8,13,right,382,113,155.0,0.7290322580645161,3.628571428571429,163,1.4385964912280702,True,False,True,False,3.628571428571429,False,True
Zfhx3_S530,Zfhx3,530,0.1168879840943957,CLEAN,grid>0.05,9,13,top,150,20,70.0,0.2857142857142857,4.8,42,2.0476190476190474,True,True,True,True,6.266666666666667,True,False
Zfhx3_S530,Zfhx3,530,0.1168879840943957,CLEAN,grid>0.05,11,21,right,38,13,15.0,0.8666666666666667,1.1,35,2.571428571428572,True,False,True,False,1.1,False,True
