pair_id,gene,section,grid_score_final,grid_class,selection_reason,face_rank,tile,side,base_spots,base_near100,smooth_expected,base_fraction,target_gain,max_scan_near100,detector_response_fold,valid,at_ceiling,modify,strong_modify
Bcl11b_S500,Bcl11b,500,0.1133602578872335,CLEAN,grid>0.05,1,2,right,165,32,80.0,0.4,3.104,115,3.515151515151515,True,False,True,True
Bcl11b_S500,Bcl11b,500,0.1133602578872335,CLEAN,grid>0.05,2,8,right,391,76,205.0,0.37073170731707317,2.4608695652173913,417,5.428571428571429,True,False,True,True
Bcl11b_S500,Bcl11b,500,0.1133602578872335,CLEAN,grid>0.05,3,16,right,167,56,70.0,0.8,1.3681818181818182,189,3.3333333333333335,True,False,True,False
Bcl11b_S500,Bcl11b,500,0.1133602578872335,CLEAN,grid>0.05,4,18,right,339,59,175.0,0.33714285714285713,3.2612244897959184,221,3.7,True,False,True,True
Bcl11b_S500,Bcl11b,500,0.1133602578872335,CLEAN,grid>0.05,5,20,right,225,70,95.0,0.7368421052631579,1.6478260869565218,173,2.4507042253521125,True,False,True,False
Bcl11b_S500,Bcl11b,500,0.1133602578872335,CLEAN,grid>0.05,6,21,right,214,55,105.0,0.5238095238095238,3.2,133,2.392857142857143,True,False,True,True
Bcl11b_S500,Bcl11b,500,0.1133602578872335,CLEAN,grid>0.05,7,22,right,203,43,105.0,0.4095238095238095,3.425806451612903,129,2.9545454545454546,True,False,True,True
Bcl11b_S500,Bcl11b,500,0.1133602578872335,CLEAN,grid>0.05,8,23,right,146,49,55.0,0.8909090909090909,1.2,137,2.76,True,False,True,False
Bcl11b_S530,Bcl11b,530,0.0364897036673523,EXCELLENT,persistent_p95_dark+severe_face,1,2,right,5,2,,,,17,6.0,False,False,False,False
Bcl11b_S530,Bcl11b,530,0.0364897036673523,EXCELLENT,persistent_p95_dark+severe_face,2,3,right,83,60,10.0,6.0,1.0,327,5.377049180327869,True,False,False,False
Bcl11b_S530,Bcl11b,530,0.0364897036673523,EXCELLENT,persistent_p95_dark+severe_face,3,3,bottom,2,1,,,,7,4.0,False,False,False,False
Bcl11b_S530,Bcl11b,530,0.0364897036673523,EXCELLENT,persistent_p95_dark+severe_face,4,7,right,10,9,,,,33,3.4,False,False,False,False
Bcl11b_S530,Bcl11b,530,0.0364897036673523,EXCELLENT,persistent_p95_dark+severe_face,5,10,top,34,8,15.0,0.5333333333333333,1.8,35,4.0,True,False,True,True
Bcl11b_S530,Bcl11b,530,0.0364897036673523,EXCELLENT,persistent_p95_dark+severe_face,6,12,right,188,43,75.0,0.5733333333333334,2.8666666666666667,94,2.159090909090909,True,False,True,True
Bcl11b_S530,Bcl11b,530,0.0364897036673523,EXCELLENT,persistent_p95_dark+severe_face,7,12,top,133,72,35.0,2.057142857142857,1.0,154,2.1232876712328768,True,False,False,False
Bcl11b_S530,Bcl11b,530,0.0364897036673523,EXCELLENT,persistent_p95_dark+severe_face,8,12,bottom,94,0,65.0,0.0,4.8,18,19.0,True,True,True,True
Bcl11b_S530,Bcl11b,530,0.0364897036673523,EXCELLENT,persistent_p95_dark+severe_face,9,13,bottom,162,16,95.0,0.16842105263157894,4.8,53,3.176470588235294,True,True,True,True
Bcl11b_S530,Bcl11b,530,0.0364897036673523,EXCELLENT,persistent_p95_dark+severe_face,10,24,left,9,2,,,,17,6.0,False,False,False,False
Bcl11b_S560,Bcl11b,560,0.0,EXCELLENT,severe_face,1,1,bottom,23,5,5.0,1.0,,65,11.0,False,False,False,False
Bcl11b_S560,Bcl11b,560,0.0,EXCELLENT,severe_face,2,6,bottom,88,32,30.0,1.0666666666666667,1.0,104,3.1818181818181817,True,False,False,False
Bcl11b_S560,Bcl11b,560,0.0,EXCELLENT,severe_face,3,12,top,89,35,20.0,1.75,1.0,116,3.25,True,False,False,False
Bcl11b_S560,Bcl11b,560,0.0,EXCELLENT,severe_face,4,13,bottom,93,25,45.0,0.5555555555555556,1.5954545454545455,129,5.0,True,False,True,True
Bcl11b_S560,Bcl11b,560,0.0,EXCELLENT,severe_face,5,15,bottom,47,21,15.0,1.4,1.0,107,4.909090909090909,True,False,False,False
Bcl11b_S560,Bcl11b,560,0.0,EXCELLENT,severe_face,6,16,bottom,74,21,25.0,0.84,1.24,82,3.772727272727273,True,False,True,False
Bcl11b_S560,Bcl11b,560,0.0,EXCELLENT,severe_face,7,17,bottom,104,20,35.0,0.5714285714285714,1.5727272727272728,103,4.9523809523809526,True,False,True,True
Bcl11b_S560,Bcl11b,560,0.0,EXCELLENT,severe_face,8,18,bottom,92,22,35.0,0.6285714285714286,1.4875,121,5.304347826086956,True,False,True,True
Bcl11b_S560,Bcl11b,560,0.0,EXCELLENT,severe_face,9,18,top,54,22,15.0,1.4666666666666666,1.0,84,3.6956521739130435,True,False,False,False
Bcl11b_S560,Bcl11b,560,0.0,EXCELLENT,severe_face,10,20,top,44,16,15.0,1.0666666666666667,1.0,107,6.352941176470588,True,False,False,False
Bcl11b_S560,Bcl11b,560,0.0,EXCELLENT,severe_face,11,21,top,82,29,25.0,1.16,1.0,137,4.6,True,False,False,False
Cep112_S500,Cep112,500,0.2456590538170606,LOW,grid>0.05,1,0,bottom,26,5,10.0,0.5,3.4000000000000004,14,2.5,True,False,True,True
Cep112_S500,Cep112,500,0.2456590538170606,LOW,grid>0.05,2,1,left,19,3,10.0,0.3,4.8,8,2.25,True,True,True,True
Cep112_S500,Cep112,500,0.2456590538170606,LOW,grid>0.05,3,1,bottom,17,8,,,,30,3.4444444444444446,False,False,False,False
Cep112_S500,Cep112,500,0.2456590538170606,LOW,grid>0.05,4,2,right,18,0,10.0,0.0,4.8,8,9.0,True,True,True,True
Cep112_S500,Cep112,500,0.2456590538170606,LOW,grid>0.05,5,2,bottom,28,9,15.0,0.6,2.0,21,2.2,True,False,True,True
Cep112_S500,Cep112,500,0.2456590538170606,LOW,grid>0.05,6,5,left,26,4,10.0,0.4,1.8,17,3.6,True,False,True,True
Cep112_S500,Cep112,500,0.2456590538170606,LOW,grid>0.05,7,6,right,25,4,10.0,0.4,1.4428571428571428,38,7.8,True,False,True,True
Cep112_S500,Cep112,500,0.2456590538170606,LOW,grid>0.05,8,7,left,27,8,10.0,0.8,1.2,22,2.5555555555555554,True,False,True,False
Cep112_S500,Cep112,500,0.2456590538170606,LOW,grid>0.05,9,7,bottom,18,3,10.0,0.3,2.4,19,5.0,True,False,True,True
Cep112_S500,Cep112,500,0.2456590538170606,LOW,grid>0.05,10,8,right,20,3,10.0,0.3,3.6,13,3.5,True,False,True,True
Cep112_S500,Cep112,500,0.2456590538170606,LOW,grid>0.05,11,8,bottom,14,0,5.0,0.0,,18,19.0,False,False,False,False
Cep112_S500,Cep112,500,0.2456590538170606,LOW,grid>0.05,12,9,right,15,9,,,,15,1.6,False,False,False,False
Cep112_S500,Cep112,500,0.2456590538170606,LOW,grid>0.05,13,9,bottom,22,6,10.0,0.6,2.1,26,3.857142857142857,True,False,True,True
Cep112_S500,Cep112,500,0.2456590538170606,LOW,grid>0.05,14,10,top,17,5,,,,25,4.333333333333333,False,False,False,False
Cep112_S500,Cep112,500,0.2456590538170606,LOW,grid>0.05,15,10,bottom,49,7,30.0,0.23333333333333334,4.8,25,3.25,True,True,True,True
Cep112_S500,Cep112,500,0.2456590538170606,LOW,grid>0.05,16,11,right,6,1,,,,10,5.5,False,False,False,False
Cep112_S500,Cep112,500,0.2456590538170606,LOW,grid>0.05,17,12,right,8,0,,,,16,17.0,False,False,False,False
Cep112_S500,Cep112,500,0.2456590538170606,LOW,grid>0.05,18,13,right,10,4,,,,17,3.6,False,False,False,False
Cep112_S500,Cep112,500,0.2456590538170606,LOW,grid>0.05,19,13,bottom,8,3,,,,20,5.25,False,False,False,False
Cep112_S500,Cep112,500,0.2456590538170606,LOW,grid>0.05,20,15,left,11,5,,,,18,3.1666666666666665,False,False,False,False
Cep112_S500,Cep112,500,0.2456590538170606,LOW,grid>0.05,21,15,bottom,30,4,15.0,0.26666666666666666,2.56,24,5.0,True,False,True,True
Cep112_S500,Cep112,500,0.2456590538170606,LOW,grid>0.05,22,18,bottom,40,6,25.0,0.24,3.066666666666667,36,5.285714285714286,True,False,True,True
Cep112_S500,Cep112,500,0.2456590538170606,LOW,grid>0.05,23,20,top,18,6,,,,29,4.285714285714286,False,False,False,False
Cep112_S500,Cep112,500,0.2456590538170606,LOW,grid>0.05,24,21,right,14,4,,,,13,2.8,False,False,False,False
Cep112_S530,Cep112,530,0.1481174535318859,CLEAN,grid>0.05,1,4,left,4,1,,,,7,4.0,False,False,False,False
Cep112_S530,Cep112,530,0.1481174535318859,CLEAN,grid>0.05,2,6,left,5,2,,,,12,4.333333333333333,False,False,False,False
Cep112_S530,Cep112,530,0.1481174535318859,CLEAN,grid>0.05,3,6,right,1,1,,,,8,4.5,False,False,False,False
Cep112_S530,Cep112,530,0.1481174535318859,CLEAN,grid>0.05,4,14,left,11,3,,,,10,2.75,False,False,False,False
Cep112_S530,Cep112,530,0.1481174535318859,CLEAN,grid>0.05,5,15,top,4,2,,,,12,4.333333333333333,False,False,False,False
Cep112_S560,Cep112,560,0.1629712083874168,LOW,grid>0.05,1,1,right,4,0,,,,9,10.0,False,False,False,False
Cep112_S560,Cep112,560,0.1629712083874168,LOW,grid>0.05,2,1,bottom,2,1,,,,11,6.0,False,False,False,False
Cep112_S560,Cep112,560,0.1629712083874168,LOW,grid>0.05,3,5,bottom,1,0,,,,13,14.0,False,False,False,False
Cep112_S560,Cep112,560,0.1629712083874168,LOW,grid>0.05,4,6,top,3,0,,,,6,7.0,False,False,False,False
Cep112_S560,Cep112,560,0.1629712083874168,LOW,grid>0.05,5,7,top,0,0,,,,30,31.0,False,False,False,False
Cep112_S560,Cep112,560,0.1629712083874168,LOW,grid>0.05,6,12,top,4,0,,,,9,10.0,False,False,False,False
Cep112_S560,Cep112,560,0.1629712083874168,LOW,grid>0.05,7,13,right,0,0,,,,8,9.0,False,False,False,False
Cep112_S560,Cep112,560,0.1629712083874168,LOW,grid>0.05,8,13,top,1,0,,,,25,26.0,False,False,False,False
Cep112_S560,Cep112,560,0.1629712083874168,LOW,grid>0.05,9,15,left,5,1,,,,13,7.0,False,False,False,False
Cep112_S560,Cep112,560,0.1629712083874168,LOW,grid>0.05,10,15,top,3,1,,,,14,7.5,False,False,False,False
Cep112_S560,Cep112,560,0.1629712083874168,LOW,grid>0.05,11,15,bottom,10,1,,,,20,10.5,False,False,False,False
Cep112_S560,Cep112,560,0.1629712083874168,LOW,grid>0.05,12,16,right,4,1,,,,16,8.5,False,False,False,False
Cep112_S560,Cep112,560,0.1629712083874168,LOW,grid>0.05,13,16,top,4,3,,,,44,11.25,False,False,False,False
Cep112_S560,Cep112,560,0.1629712083874168,LOW,grid>0.05,14,17,top,9,2,,,,19,6.666666666666667,False,False,False,False
Cep112_S560,Cep112,560,0.1629712083874168,LOW,grid>0.05,15,20,top,20,9,5.0,1.8,,22,2.3,False,False,False,False
Cep112_S560,Cep112,560,0.1629712083874168,LOW,grid>0.05,16,22,top,14,3,,,,14,3.75,False,False,False,False
Dscaml1_S500,Dscaml1,500,0.1167958409661525,CLEAN,grid>0.05+persistent_p95_dark+severe_face,1,0,right,28,15,5.0,3.0,,139,8.75,False,False,False,False
Dscaml1_S500,Dscaml1,500,0.1167958409661525,CLEAN,grid>0.05+persistent_p95_dark+severe_face,2,2,right,58,16,25.0,0.64,1.55,130,7.705882352941177,True,False,True,True
Dscaml1_S500,Dscaml1,500,0.1167958409661525,CLEAN,grid>0.05+persistent_p95_dark+severe_face,3,3,left,42,30,,,,217,7.032258064516129,False,False,False,False
Dscaml1_S500,Dscaml1,500,0.1167958409661525,CLEAN,grid>0.05+persistent_p95_dark+severe_face,4,3,right,8,3,,,,27,7.0,False,False,False,False
Dscaml1_S500,Dscaml1,500,0.1167958409661525,CLEAN,grid>0.05+persistent_p95_dark+severe_face,5,3,bottom,145,30,60.0,0.5,1.6541666666666668,252,8.161290322580646,True,False,True,True
Dscaml1_S500,Dscaml1,500,0.1167958409661525,CLEAN,grid>0.05+persistent_p95_dark+severe_face,6,5,top,9,5,,,,35,6.0,False,False,False,False
Dscaml1_S500,Dscaml1,500,0.1167958409661525,CLEAN,grid>0.05+persistent_p95_dark+severe_face,7,5,bottom,115,35,50.0,0.7,1.3,250,6.972222222222222,True,False,True,False
Dscaml1_S500,Dscaml1,500,0.1167958409661525,CLEAN,grid>0.05+persistent_p95_dark+severe_face,8,8,right,56,7,30.0,0.23333333333333334,2.85,75,9.5,True,False,True,True
Dscaml1_S500,Dscaml1,500,0.1167958409661525,CLEAN,grid>0.05+persistent_p95_dark+severe_face,9,8,bottom,175,47,45.0,1.0444444444444445,1.0,1180,24.604166666666668,True,False,False,False
Dscaml1_S500,Dscaml1,500,0.1167958409661525,CLEAN,grid>0.05+persistent_p95_dark+severe_face,10,9,right,83,22,30.0,0.7333333333333333,1.2181818181818183,113,4.956521739130435,True,False,True,False
Dscaml1_S500,Dscaml1,500,0.1167958409661525,CLEAN,grid>0.05+persistent_p95_dark+severe_face,11,10,bottom,152,52,55.0,0.9454545454545454,1.0333333333333334,436,8.245283018867925,True,False,False,False
Dscaml1_S500,Dscaml1,500,0.1167958409661525,CLEAN,grid>0.05+persistent_p95_dark+severe_face,12,11,right,49,3,20.0,0.15,2.0666666666666664,169,42.5,True,False,True,True
Dscaml1_S500,Dscaml1,500,0.1167958409661525,CLEAN,grid>0.05+persistent_p95_dark+severe_face,13,11,top,235,67,105.0,0.638095238095238,1.3612244897959185,771,11.352941176470589,True,False,True,True
Dscaml1_S500,Dscaml1,500,0.1167958409661525,CLEAN,grid>0.05+persistent_p95_dark+severe_face,14,12,left,43,24,0.0,,,492,19.72,False,False,False,False
Dscaml1_S500,Dscaml1,500,0.1167958409661525,CLEAN,grid>0.05+persistent_p95_dark+severe_face,15,13,right,43,11,10.0,1.1,1.0,103,8.666666666666666,True,False,False,False
Dscaml1_S500,Dscaml1,500,0.1167958409661525,CLEAN,grid>0.05+persistent_p95_dark+severe_face,16,13,bottom,67,6,35.0,0.17142857142857143,1.7137931034482758,261,37.42857142857143,True,False,True,True
Dscaml1_S500,Dscaml1,500,0.1167958409661525,CLEAN,grid>0.05+persistent_p95_dark+severe_face,17,14,bottom,214,46,90.0,0.5111111111111111,1.38125,1126,23.97872340425532,True,False,True,True
Dscaml1_S500,Dscaml1,500,0.1167958409661525,CLEAN,grid>0.05+persistent_p95_dark+severe_face,18,17,right,46,11,20.0,0.55,1.7444444444444445,73,6.166666666666667,True,False,True,True
Dscaml1_S500,Dscaml1,500,0.1167958409661525,CLEAN,grid>0.05+persistent_p95_dark+severe_face,19,19,right,61,16,20.0,0.8,1.4000000000000001,82,4.882352941176471,True,False,True,False
Dscaml1_S500,Dscaml1,500,0.1167958409661525,CLEAN,grid>0.05+persistent_p95_dark+severe_face,20,20,right,42,17,10.0,1.7,1.0,76,4.277777777777778,True,False,False,False
Dscaml1_S500,Dscaml1,500,0.1167958409661525,CLEAN,grid>0.05+persistent_p95_dark+severe_face,21,22,right,48,13,10.0,1.3,1.0,92,6.642857142857143,True,False,False,False
Dscaml1_S500,Dscaml1,500,0.1167958409661525,CLEAN,grid>0.05+persistent_p95_dark+severe_face,22,23,left,42,13,10.0,1.3,1.0,55,4.0,True,False,False,False
Dscaml1_S500,Dscaml1,500,0.1167958409661525,CLEAN,grid>0.05+persistent_p95_dark+severe_face,23,23,right,40,8,15.0,0.5333333333333333,1.5272727272727273,84,9.444444444444445,True,False,True,True
Dscaml1_S500,Dscaml1,500,0.1167958409661525,CLEAN,grid>0.05+persistent_p95_dark+severe_face,24,24,left,35,10,10.0,1.0,1.0,65,6.0,True,False,False,False
Dscaml1_S530,Dscaml1,530,0.0726291927379284,EXCELLENT,grid>0.05,1,2,bottom,22,10,,,,25,2.3636363636363638,False,False,False,False
Dscaml1_S530,Dscaml1,530,0.0726291927379284,EXCELLENT,grid>0.05,2,3,bottom,8,0,,,,1,2.0,False,False,False,False
Dscaml1_S530,Dscaml1,530,0.0726291927379284,EXCELLENT,grid>0.05,3,5,top,0,0,,,,7,8.0,False,False,False,False
Dscaml1_S530,Dscaml1,530,0.0726291927379284,EXCELLENT,grid>0.05,4,6,left,6,3,,,,10,2.75,False,False,False,False
Dscaml1_S530,Dscaml1,530,0.0726291927379284,EXCELLENT,grid>0.05,5,6,right,2,0,,,,2,3.0,False,False,False,False
Dscaml1_S530,Dscaml1,530,0.0726291927379284,EXCELLENT,grid>0.05,6,6,top,5,3,,,,9,2.5,False,False,False,False
Dscaml1_S530,Dscaml1,530,0.0726291927379284,EXCELLENT,grid>0.05,7,7,right,7,1,,,,12,6.5,False,False,False,False
Dscaml1_S530,Dscaml1,530,0.0726291927379284,EXCELLENT,grid>0.05,8,10,top,24,9,,,,18,1.9,False,False,False,False
Dscaml1_S530,Dscaml1,530,0.0726291927379284,EXCELLENT,grid>0.05,9,12,right,33,9,10.0,0.9,1.15,39,4.0,True,False,False,False
Dscaml1_S530,Dscaml1,530,0.0726291927379284,EXCELLENT,grid>0.05,10,13,right,5,0,,,,5,6.0,False,False,False,False
Dscaml1_S530,Dscaml1,530,0.0726291927379284,EXCELLENT,grid>0.05,11,13,bottom,6,0,,,,8,9.0,False,False,False,False
Dscaml1_S530,Dscaml1,530,0.0726291927379284,EXCELLENT,grid>0.05,12,15,left,0,0,,,,8,9.0,False,False,False,False
Dscaml1_S530,Dscaml1,530,0.0726291927379284,EXCELLENT,grid>0.05,13,15,top,8,5,,,,12,2.1666666666666665,False,False,False,False
Dscaml1_S530,Dscaml1,530,0.0726291927379284,EXCELLENT,grid>0.05,14,15,bottom,60,17,20.0,0.85,1.225,57,3.2222222222222223,True,False,True,False
Dscaml1_S530,Dscaml1,530,0.0726291927379284,EXCELLENT,grid>0.05,15,16,right,7,0,,,,9,10.0,False,False,False,False
Dscaml1_S530,Dscaml1,530,0.0726291927379284,EXCELLENT,grid>0.05,16,17,right,21,8,,,,35,4.0,False,False,False,False
Dscaml1_S530,Dscaml1,530,0.0726291927379284,EXCELLENT,grid>0.05,17,24,left,10,3,,,,22,5.75,False,False,False,False
Ebf3_S530,Ebf3,530,0.1022630407560896,CLEAN,grid>0.05,1,2,left,12,3,,,,8,2.25,False,False,False,False
Ebf3_S530,Ebf3,530,0.1022630407560896,CLEAN,grid>0.05,2,2,bottom,242,63,105.0,0.6,4.2,105,1.65625,True,False,True,True
Ebf3_S530,Ebf3,530,0.1022630407560896,CLEAN,grid>0.05,3,7,left,17,8,,,,23,2.6666666666666665,False,False,False,False
Ebf3_S530,Ebf3,530,0.1022630407560896,CLEAN,grid>0.05,4,7,right,242,71,95.0,0.7473684210526316,1.7166666666666668,145,2.0277777777777777,True,False,True,False
Ebf3_S530,Ebf3,530,0.1022630407560896,CLEAN,grid>0.05,5,7,bottom,84,24,20.0,1.2,1.0,67,2.72,True,False,False,False
Ebf3_S530,Ebf3,530,0.1022630407560896,CLEAN,grid>0.05,6,8,bottom,52,12,25.0,0.48,3.5333333333333337,27,2.1538461538461537,True,False,True,True
Ebf3_S530,Ebf3,530,0.1022630407560896,CLEAN,grid>0.05,7,10,bottom,92,36,35.0,1.0285714285714285,1.0,93,2.5405405405405403,True,False,False,False
Ebf3_S530,Ebf3,530,0.1022630407560896,CLEAN,grid>0.05,8,12,top,59,10,30.0,0.3333333333333333,3.2,42,3.909090909090909,True,False,True,True
Ebf3_S530,Ebf3,530,0.1022630407560896,CLEAN,grid>0.05,9,12,bottom,154,33,60.0,0.55,3.271428571428572,73,2.176470588235294,True,False,True,True
Ebf3_S530,Ebf3,530,0.1022630407560896,CLEAN,grid>0.05,10,15,bottom,30,9,15.0,0.6,1.8461538461538463,37,3.8,True,False,True,True
Ebf3_S530,Ebf3,530,0.1022630407560896,CLEAN,grid>0.05,11,16,top,110,19,30.0,0.6333333333333333,1.4111111111111112,76,3.85,True,False,True,True
Ebf3_S530,Ebf3,530,0.1022630407560896,CLEAN,grid>0.05,12,16,bottom,127,37,55.0,0.6727272727272727,2.142857142857143,74,1.9736842105263157,True,False,True,True
Ebf3_S530,Ebf3,530,0.1022630407560896,CLEAN,grid>0.05,13,19,bottom,90,25,25.0,1.0,1.0,72,2.8076923076923075,True,False,False,False
Ebf3_S530,Ebf3,530,0.1022630407560896,CLEAN,grid>0.05,14,24,left,45,16,15.0,1.0666666666666667,1.0,57,3.411764705882353,True,False,False,False
Ebf3_S560,Ebf3,560,0.0116554387051249,EXCELLENT,severe_face,1,6,top,296,103,130.0,0.7923076923076923,1.5692307692307694,253,2.4423076923076925,True,False,True,False
Ebf3_S560,Ebf3,560,0.0116554387051249,EXCELLENT,severe_face,2,12,top,282,62,100.0,0.62,1.5125000000000002,294,4.682539682539683,True,False,True,True
Ebf3_S560,Ebf3,560,0.0116554387051249,EXCELLENT,severe_face,3,19,top,6,0,,,,4,5.0,False,False,False,False
Ebf3_S560,Ebf3,560,0.0116554387051249,EXCELLENT,severe_face,4,21,top,213,70,90.0,0.7777777777777778,1.2857142857142858,238,3.3661971830985915,True,False,True,False
Epb41l4a_S500,Epb41l4a,500,0.2286482637230454,LOW,grid>0.05,1,0,bottom,58,14,25.0,0.56,1.2357142857142858,134,9.0,True,False,True,True
Epb41l4a_S500,Epb41l4a,500,0.2286482637230454,LOW,grid>0.05,2,0,right,94,25,35.0,0.7142857142857143,1.4333333333333333,138,5.346153846153846,True,False,True,False
Epb41l4a_S500,Epb41l4a,500,0.2286482637230454,LOW,grid>0.05,3,6,right,63,10,25.0,0.4,1.875,80,7.363636363636363,True,False,True,True
Epb41l4a_S500,Epb41l4a,500,0.2286482637230454,LOW,grid>0.05,4,7,bottom,39,7,20.0,0.35,1.9636363636363636,82,10.375,True,False,True,True
Epb41l4a_S500,Epb41l4a,500,0.2286482637230454,LOW,grid>0.05,5,7,right,43,7,15.0,0.4666666666666667,1.7166666666666668,71,9.0,True,False,True,True
Epb41l4a_S500,Epb41l4a,500,0.2286482637230454,LOW,grid>0.05,6,8,bottom,60,13,25.0,0.52,2.1333333333333333,85,6.142857142857143,True,False,True,True
Epb41l4a_S500,Epb41l4a,500,0.2286482637230454,LOW,grid>0.05,7,8,right,65,13,25.0,0.52,1.8923076923076922,73,5.285714285714286,True,False,True,True
Epb41l4a_S500,Epb41l4a,500,0.2286482637230454,LOW,grid>0.05,8,9,bottom,60,22,20.0,1.1,1.0,86,3.782608695652174,True,False,False,False
Epb41l4a_S500,Epb41l4a,500,0.2286482637230454,LOW,grid>0.05,9,10,bottom,61,22,20.0,1.1,1.0,137,6.0,True,False,False,False
Epb41l4a_S500,Epb41l4a,500,0.2286482637230454,LOW,grid>0.05,10,10,right,83,19,30.0,0.6333333333333333,1.4190476190476191,113,5.7,True,False,True,True
Epb41l4a_S500,Epb41l4a,500,0.2286482637230454,LOW,grid>0.05,11,12,bottom,59,21,25.0,0.84,1.1333333333333333,115,5.2727272727272725,True,False,True,False
Epb41l4a_S500,Epb41l4a,500,0.2286482637230454,LOW,grid>0.05,12,12,right,37,6,15.0,0.4,1.7000000000000002,54,7.857142857142857,True,False,True,True
Epb41l4a_S500,Epb41l4a,500,0.2286482637230454,LOW,grid>0.05,13,13,bottom,52,12,15.0,0.8,1.09,94,7.3076923076923075,True,False,True,False
Epb41l4a_S500,Epb41l4a,500,0.2286482637230454,LOW,grid>0.05,14,13,right,84,7,30.0,0.23333333333333334,1.903448275862069,145,18.25,True,False,True,True
Epb41l4a_S500,Epb41l4a,500,0.2286482637230454,LOW,grid>0.05,15,15,bottom,60,13,25.0,0.52,1.7000000000000002,83,6.0,True,False,True,True
Epb41l4a_S500,Epb41l4a,500,0.2286482637230454,LOW,grid>0.05,16,16,right,46,8,25.0,0.32,2.1,70,7.888888888888889,True,False,True,True
Epb41l4a_S500,Epb41l4a,500,0.2286482637230454,LOW,grid>0.05,17,17,right,52,13,25.0,0.52,1.6333333333333333,62,4.5,True,False,True,True
Epb41l4a_S500,Epb41l4a,500,0.2286482637230454,LOW,grid>0.05,18,18,right,126,5,60.0,0.08333333333333333,4.5125,55,9.333333333333334,True,True,True,True
Epb41l4a_S500,Epb41l4a,500,0.2286482637230454,LOW,grid>0.05,19,19,right,55,4,20.0,0.2,2.1272727272727274,63,12.8,True,False,True,True
Epb41l4a_S500,Epb41l4a,500,0.2286482637230454,LOW,grid>0.05,20,20,right,33,1,25.0,0.04,2.7,53,27.0,True,False,True,True
Epb41l4a_S500,Epb41l4a,500,0.2286482637230454,LOW,grid>0.05,21,21,right,23,0,10.0,0.0,2.0,43,44.0,True,False,True,True
Epb41l4a_S500,Epb41l4a,500,0.2286482637230454,LOW,grid>0.05,22,22,right,30,3,20.0,0.15,3.04,34,8.75,True,False,True,True
Epb41l4a_S500,Epb41l4a,500,0.2286482637230454,LOW,grid>0.05,23,23,right,82,3,35.0,0.08571428571428572,2.9000000000000004,62,15.75,True,False,True,True
Foxp2_S500,Foxp2,500,0.0515280097277837,EXCELLENT,grid>0.05++severe_face,1,2,bottom,169,34,90.0,0.37777777777777777,4.8,79,2.2857142857142856,True,True,True,True
Foxp2_S500,Foxp2,500,0.0515280097277837,EXCELLENT,grid>0.05++severe_face,2,2,right,97,14,35.0,0.4,3.066666666666667,47,3.2,True,False,True,True
Foxp2_S500,Foxp2,500,0.0515280097277837,EXCELLENT,grid>0.05++severe_face,3,6,bottom,106,12,60.0,0.2,3.4083333333333337,79,6.153846153846154,True,False,True,True
Foxp2_S500,Foxp2,500,0.0515280097277837,EXCELLENT,grid>0.05++severe_face,4,8,bottom,85,37,20.0,1.85,1.0,74,1.9736842105263157,True,False,False,False
Foxp2_S500,Foxp2,500,0.0515280097277837,EXCELLENT,grid>0.05++severe_face,5,8,right,125,42,50.0,0.84,1.3714285714285714,100,2.3488372093023258,True,False,True,False
Foxp2_S500,Foxp2,500,0.0515280097277837,EXCELLENT,grid>0.05++severe_face,6,11,right,109,17,55.0,0.3090909090909091,4.8,42,2.388888888888889,True,True,True,True
Foxp2_S500,Foxp2,500,0.0515280097277837,EXCELLENT,grid>0.05++severe_face,7,12,bottom,38,10,10.0,1.0,1.0,52,4.818181818181818,True,False,False,False
Foxp2_S500,Foxp2,500,0.0515280097277837,EXCELLENT,grid>0.05++severe_face,8,17,right,25,2,10.0,0.2,2.04,20,7.0,True,False,True,True
Foxp2_S500,Foxp2,500,0.0515280097277837,EXCELLENT,grid>0.05++severe_face,9,18,right,100,45,35.0,1.2857142857142858,1.0,84,1.8478260869565217,True,False,False,False
Foxp2_S500,Foxp2,500,0.0515280097277837,EXCELLENT,grid>0.05++severe_face,10,22,right,41,9,15.0,0.6,1.4666666666666668,40,4.1,True,False,True,True
Foxp2_S530,Foxp2,530,0.1457453000503728,CLEAN,grid>0.05,1,0,right,0,0,,,,0,1.0,False,False,False,False
Foxp2_S530,Foxp2,530,0.1457453000503728,CLEAN,grid>0.05,2,1,left,0,0,,,,3,4.0,False,False,False,False
Foxp2_S530,Foxp2,530,0.1457453000503728,CLEAN,grid>0.05,3,1,bottom,27,2,15.0,0.13333333333333333,4.342857142857143,14,5.0,True,True,True,True
Foxp2_S530,Foxp2,530,0.1457453000503728,CLEAN,grid>0.05,4,7,left,11,4,,,,11,2.4,False,False,False,False
Foxp2_S530,Foxp2,530,0.1457453000503728,CLEAN,grid>0.05,5,7,bottom,76,26,15.0,1.7333333333333334,1.0,52,1.962962962962963,True,False,False,False
Foxp2_S530,Foxp2,530,0.1457453000503728,CLEAN,grid>0.05,6,8,bottom,25,6,10.0,0.6,1.425,32,4.714285714285714,True,False,True,True
Foxp2_S530,Foxp2,530,0.1457453000503728,CLEAN,grid>0.05,7,9,right,13,3,,,,5,1.5,False,False,False,False
Foxp2_S530,Foxp2,530,0.1457453000503728,CLEAN,grid>0.05,8,10,right,41,11,15.0,0.7333333333333333,2.6285714285714286,27,2.3333333333333335,True,False,True,False
Foxp2_S530,Foxp2,530,0.1457453000503728,CLEAN,grid>0.05,9,10,top,34,10,10.0,1.0,1.0,40,3.727272727272727,True,False,False,False
Foxp2_S530,Foxp2,530,0.1457453000503728,CLEAN,grid>0.05,10,10,bottom,48,28,5.0,5.6,,77,2.689655172413793,False,False,False,False
Foxp2_S530,Foxp2,530,0.1457453000503728,CLEAN,grid>0.05,11,11,top,23,9,5.0,1.8,,33,3.4,False,False,False,False
Foxp2_S530,Foxp2,530,0.1457453000503728,CLEAN,grid>0.05,12,12,left,30,15,5.0,3.0,,48,3.0625,False,False,False,False
Foxp2_S530,Foxp2,530,0.1457453000503728,CLEAN,grid>0.05,13,12,right,109,42,20.0,2.1,1.0,126,2.953488372093023,True,False,False,False
Foxp2_S530,Foxp2,530,0.1457453000503728,CLEAN,grid>0.05,14,12,bottom,61,10,35.0,0.2857142857142857,4.8,30,2.8181818181818183,True,True,True,True
Foxp2_S530,Foxp2,530,0.1457453000503728,CLEAN,grid>0.05,15,13,top,20,4,5.0,0.8,,22,4.6,False,False,False,False
Foxp2_S530,Foxp2,530,0.1457453000503728,CLEAN,grid>0.05,16,15,bottom,48,10,15.0,0.6666666666666666,1.8,35,3.272727272727273,True,False,True,True
Foxp2_S530,Foxp2,530,0.1457453000503728,CLEAN,grid>0.05,17,17,right,236,44,115.0,0.3826086956521739,4.723809523809524,104,2.3333333333333335,True,True,True,True
Foxp2_S530,Foxp2,530,0.1457453000503728,CLEAN,grid>0.05,18,18,left,34,16,,,,50,3.0,False,False,False,False
Foxp2_S530,Foxp2,530,0.1457453000503728,CLEAN,grid>0.05,19,18,right,22,5,10.0,0.5,2.4,18,3.1666666666666665,True,False,True,True
Foxp2_S530,Foxp2,530,0.1457453000503728,CLEAN,grid>0.05,20,19,right,49,6,30.0,0.2,4.8,19,2.857142857142857,True,True,True,True
Foxp2_S530,Foxp2,530,0.1457453000503728,CLEAN,grid>0.05,21,19,top,52,14,20.0,0.7,1.8,40,2.7333333333333334,True,False,True,False
Foxp2_S530,Foxp2,530,0.1457453000503728,CLEAN,grid>0.05,22,19,bottom,28,7,10.0,0.7,1.8,20,2.625,True,False,True,False
Foxp2_S530,Foxp2,530,0.1457453000503728,CLEAN,grid>0.05,23,20,right,30,6,5.0,1.2,,17,2.5714285714285716,False,False,False,False
Foxp2_S530,Foxp2,530,0.1457453000503728,CLEAN,grid>0.05,24,20,top,21,8,,,,33,3.7777777777777777,False,False,False,False
Foxp2_S530,Foxp2,530,0.1457453000503728,CLEAN,grid>0.05,25,21,right,33,17,10.0,1.7,1.0,38,2.1666666666666665,True,False,False,False
Foxp2_S530,Foxp2,530,0.1457453000503728,CLEAN,grid>0.05,26,22,left,33,9,10.0,0.9,1.55,16,1.7,True,False,False,False
Foxp2_S530,Foxp2,530,0.1457453000503728,CLEAN,grid>0.05,27,22,right,64,14,25.0,0.56,2.8,34,2.3333333333333335,True,False,True,True
Foxp2_S530,Foxp2,530,0.1457453000503728,CLEAN,grid>0.05,28,23,right,16,2,10.0,0.2,2.4,18,6.333333333333333,True,False,True,True
Foxp2_S560,Foxp2,560,0.078405384804645,EXCELLENT,grid>0.05,1,1,right,43,5,15.0,0.3333333333333333,2.523076923076923,38,6.5,True,False,True,True
Foxp2_S560,Foxp2,560,0.078405384804645,EXCELLENT,grid>0.05,2,6,right,20,1,10.0,0.1,2.25,34,17.5,True,False,True,True
Foxp2_S560,Foxp2,560,0.078405384804645,EXCELLENT,grid>0.05,3,7,right,26,6,5.0,1.2,,47,6.857142857142857,False,False,False,False
Foxp2_S560,Foxp2,560,0.078405384804645,EXCELLENT,grid>0.05,4,20,right,35,8,10.0,0.8,1.15,33,3.7777777777777777,True,False,True,False
Foxp2_S560,Foxp2,560,0.078405384804645,EXCELLENT,grid>0.05,5,21,right,24,6,5.0,1.2,,24,3.5714285714285716,False,False,False,False
Foxp2_S560,Foxp2,560,0.078405384804645,EXCELLENT,grid>0.05,6,22,right,19,4,,,,29,6.0,False,False,False,False
Foxp2_S560,Foxp2,560,0.078405384804645,EXCELLENT,grid>0.05,7,23,right,23,3,15.0,0.2,2.325,41,10.5,True,False,True,True
Fstl4_S500,Fstl4,500,0.1209280494443863,CLEAN,grid>0.05,1,1,bottom,275,75,130.0,0.5769230769230769,1.8878048780487806,252,3.3289473684210527,True,False,True,True
Fstl4_S500,Fstl4,500,0.1209280494443863,CLEAN,grid>0.05,2,3,bottom,242,56,100.0,0.56,1.5317073170731708,263,4.631578947368421,True,False,True,True
Fstl4_S500,Fstl4,500,0.1209280494443863,CLEAN,grid>0.05,3,5,bottom,186,36,85.0,0.4235294117647059,1.7375,192,5.216216216216216,True,False,True,True
Fstl4_S500,Fstl4,500,0.1209280494443863,CLEAN,grid>0.05,4,5,top,34,4,20.0,0.2,4.8,18,3.8,True,True,True,True
Fstl4_S500,Fstl4,500,0.1209280494443863,CLEAN,grid>0.05,5,7,bottom,201,43,100.0,0.43,2.0432432432432432,213,4.863636363636363,True,False,True,True
Fstl4_S500,Fstl4,500,0.1209280494443863,CLEAN,grid>0.05,6,13,bottom,300,75,140.0,0.5357142857142857,1.6478260869565218,306,4.0394736842105265,True,False,True,True
Fstl4_S500,Fstl4,500,0.1209280494443863,CLEAN,grid>0.05,7,15,bottom,277,74,115.0,0.6434782608695652,1.3849056603773586,360,4.8133333333333335,True,False,True,True
Fstl4_S500,Fstl4,500,0.1209280494443863,CLEAN,grid>0.05,8,16,bottom,292,77,120.0,0.6416666666666667,1.4764705882352942,299,3.8461538461538463,True,False,True,True
Fstl4_S500,Fstl4,500,0.1209280494443863,CLEAN,grid>0.05,9,16,top,280,106,70.0,1.5142857142857142,1.0,356,3.336448598130841,True,False,False,False
Fstl4_S500,Fstl4,500,0.1209280494443863,CLEAN,grid>0.05,10,17,top,269,78,100.0,0.78,1.22,275,3.4936708860759493,True,False,True,False
Fstl4_S500,Fstl4,500,0.1209280494443863,CLEAN,grid>0.05,11,19,top,420,130,130.0,1.0,1.0,490,3.7480916030534353,True,False,False,False
Fstl4_S500,Fstl4,500,0.1209280494443863,CLEAN,grid>0.05,12,20,top,592,176,220.0,0.8,1.24,621,3.5141242937853105,True,False,True,False
Fstl4_S500,Fstl4,500,0.1209280494443863,CLEAN,grid>0.05,13,21,top,459,150,140.0,1.0714285714285714,1.0,446,2.9602649006622515,True,False,False,False
Fstl4_S560,Fstl4,560,0.1053585449578319,CLEAN,grid>0.05,1,12,left,179,63,75.0,0.84,1.1440000000000001,282,4.421875,True,False,True,False
Fstl4_S560,Fstl4,560,0.1053585449578319,CLEAN,grid>0.05,2,13,left,256,81,80.0,1.0125,1.0,431,5.2682926829268295,True,False,False,False
Fstl4_S560,Fstl4,560,0.1053585449578319,CLEAN,grid>0.05,3,14,left,188,47,80.0,0.5875,1.3,484,10.104166666666666,True,False,True,True
Fstl4_S560,Fstl4,560,0.1053585449578319,CLEAN,grid>0.05,4,15,left,133,10,60.0,0.16666666666666666,2.0625,197,18.0,True,False,True,True
Fstl4_S560,Fstl4,560,0.1053585449578319,CLEAN,grid>0.05,5,17,left,157,35,65.0,0.5384615384615384,1.425,236,6.583333333333333,True,False,True,True
Fstl4_S560,Fstl4,560,0.1053585449578319,CLEAN,grid>0.05,6,21,left,235,62,90.0,0.6888888888888889,1.270967741935484,355,5.650793650793651,True,False,True,True
Fstl4_S560,Fstl4,560,0.1053585449578319,CLEAN,grid>0.05,7,22,left,179,51,65.0,0.7846153846153846,1.13125,316,6.096153846153846,True,False,True,False
Fstl4_S560,Fstl4,560,0.1053585449578319,CLEAN,grid>0.05,8,23,left,120,26,50.0,0.52,1.3892857142857142,264,9.814814814814815,True,False,True,True
Ghr_S500,Ghr,500,0.0792659809949364,EXCELLENT,grid>0.05++severe_face,1,2,right,84,13,45.0,0.28888888888888886,2.2941176470588234,105,7.571428571428571,True,False,True,True
Ghr_S500,Ghr,500,0.0792659809949364,EXCELLENT,grid>0.05++severe_face,2,6,right,41,3,25.0,0.12,2.2125,72,18.25,True,False,True,True
Ghr_S500,Ghr,500,0.0792659809949364,EXCELLENT,grid>0.05++severe_face,3,8,right,52,10,20.0,0.5,1.5,89,8.181818181818182,True,False,True,True
Ghr_S500,Ghr,500,0.0792659809949364,EXCELLENT,grid>0.05++severe_face,4,11,right,45,4,25.0,0.16,2.3,68,13.8,True,False,True,True
Ghr_S500,Ghr,500,0.0792659809949364,EXCELLENT,grid>0.05++severe_face,5,12,right,41,3,20.0,0.15,1.9333333333333333,64,16.25,True,False,True,True
Ghr_S500,Ghr,500,0.0792659809949364,EXCELLENT,grid>0.05++severe_face,6,13,right,39,1,15.0,0.06666666666666667,1.7333333333333334,92,46.5,True,False,True,True
Ghr_S500,Ghr,500,0.0792659809949364,EXCELLENT,grid>0.05++severe_face,7,16,right,53,4,35.0,0.11428571428571428,2.4470588235294115,82,16.6,True,False,True,True
Ghr_S500,Ghr,500,0.0792659809949364,EXCELLENT,grid>0.05++severe_face,8,17,right,47,4,30.0,0.13333333333333333,2.2615384615384615,58,11.8,True,False,True,True
Ghr_S500,Ghr,500,0.0792659809949364,EXCELLENT,grid>0.05++severe_face,9,18,right,72,8,45.0,0.17777777777777778,2.6666666666666665,73,8.222222222222221,True,False,True,True
Ghr_S500,Ghr,500,0.0792659809949364,EXCELLENT,grid>0.05++severe_face,10,19,right,644,148,280.0,0.5285714285714286,1.7868421052631578,569,3.825503355704698,True,False,True,True
Ghr_S500,Ghr,500,0.0792659809949364,EXCELLENT,grid>0.05++severe_face,11,20,right,196,21,120.0,0.175,3.568421052631579,144,6.590909090909091,True,False,True,True
Ghr_S500,Ghr,500,0.0792659809949364,EXCELLENT,grid>0.05++severe_face,12,21,right,69,5,40.0,0.125,2.4592592592592593,92,15.5,True,False,True,True
Ghr_S500,Ghr,500,0.0792659809949364,EXCELLENT,grid>0.05++severe_face,13,22,right,56,5,25.0,0.2,2.6666666666666665,48,8.166666666666666,True,False,True,True
Ghr_S500,Ghr,500,0.0792659809949364,EXCELLENT,grid>0.05++severe_face,14,23,right,48,4,25.0,0.16,1.9714285714285715,78,15.8,True,False,True,True
Ghr_S530,Ghr,530,0.1142078824207396,CLEAN,grid>0.05+residual_p95_dark+severe_face,1,7,right,60,3,30.0,0.1,2.2153846153846155,79,20.0,True,False,True,True
Ghr_S530,Ghr,530,0.1142078824207396,CLEAN,grid>0.05+residual_p95_dark+severe_face,2,10,right,256,40,80.0,0.5,2.0666666666666664,142,3.4878048780487805,True,False,True,True
Ghr_S530,Ghr,530,0.1142078824207396,CLEAN,grid>0.05+residual_p95_dark+severe_face,3,11,right,61,3,25.0,0.12,2.325,69,17.5,True,False,True,True
Ghr_S530,Ghr,530,0.1142078824207396,CLEAN,grid>0.05+residual_p95_dark+severe_face,4,12,right,75,11,35.0,0.3142857142857143,2.0526315789473686,74,6.25,True,False,True,True
Ghr_S530,Ghr,530,0.1142078824207396,CLEAN,grid>0.05+residual_p95_dark+severe_face,5,16,right,84,5,50.0,0.1,2.5052631578947366,122,20.5,True,False,True,True
Ghr_S530,Ghr,530,0.1142078824207396,CLEAN,grid>0.05+residual_p95_dark+severe_face,6,16,top,159,57,20.0,2.85,1.0,165,2.8620689655172415,True,False,False,False
Ghr_S530,Ghr,530,0.1142078824207396,CLEAN,grid>0.05+residual_p95_dark+severe_face,7,18,right,127,7,85.0,0.08235294117647059,4.8,68,8.625,True,True,True,True
Ghr_S530,Ghr,530,0.1142078824207396,CLEAN,grid>0.05+residual_p95_dark+severe_face,8,19,right,228,45,90.0,0.5,1.9142857142857144,181,3.9565217391304346,True,False,True,True
Ghr_S530,Ghr,530,0.1142078824207396,CLEAN,grid>0.05+residual_p95_dark+severe_face,9,20,right,175,60,40.0,1.5,1.0,171,2.819672131147541,True,False,False,False
Ghr_S530,Ghr,530,0.1142078824207396,CLEAN,grid>0.05+residual_p95_dark+severe_face,10,21,right,54,3,20.0,0.15,2.9000000000000004,44,11.25,True,False,True,True
Ghr_S530,Ghr,530,0.1142078824207396,CLEAN,grid>0.05+residual_p95_dark+severe_face,11,22,right,148,79,35.0,2.257142857142857,1.0,276,3.4625,True,False,False,False
Ghr_S530,Ghr,530,0.1142078824207396,CLEAN,grid>0.05+residual_p95_dark+severe_face,12,22,top,33,12,5.0,2.4,,64,5.0,False,False,False,False
Ghr_S530,Ghr,530,0.1142078824207396,CLEAN,grid>0.05+residual_p95_dark+severe_face,13,23,right,150,6,60.0,0.1,3.0153846153846153,100,14.428571428571429,True,False,True,True
Ghr_S560,Ghr,560,0.0882505770101559,EXCELLENT,grid>0.05+persistent_p95_dark+severe_face,1,1,bottom,895,405,250.0,1.62,1.0,1287,3.1724137931034484,True,False,False,False
Ghr_S560,Ghr,560,0.0882505770101559,EXCELLENT,grid>0.05+persistent_p95_dark+severe_face,2,2,left,709,382,145.0,2.6344827586206896,1.0,2070,5.407310704960835,True,False,False,False
Ghr_S560,Ghr,560,0.0882505770101559,EXCELLENT,grid>0.05+persistent_p95_dark+severe_face,3,2,right,78,22,30.0,0.7333333333333333,1.6181818181818182,85,3.739130434782609,True,False,True,False
Ghr_S560,Ghr,560,0.0882505770101559,EXCELLENT,grid>0.05+persistent_p95_dark+severe_face,4,2,bottom,2435,1062,780.0,1.3615384615384616,1.0,3513,3.305738476011289,True,False,False,False
Ghr_S560,Ghr,560,0.0882505770101559,EXCELLENT,grid>0.05+persistent_p95_dark+severe_face,5,3,left,50,28,10.0,2.8,1.0,112,3.896551724137931,True,False,False,False
Ghr_S560,Ghr,560,0.0882505770101559,EXCELLENT,grid>0.05+persistent_p95_dark+severe_face,6,3,bottom,1242,607,185.0,3.281081081081081,1.0,2427,3.9934210526315788,True,False,False,False
Ghr_S560,Ghr,560,0.0882505770101559,EXCELLENT,grid>0.05+persistent_p95_dark+severe_face,7,5,left,838,351,185.0,1.8972972972972972,1.0,1813,5.153409090909091,True,False,False,False
Ghr_S560,Ghr,560,0.0882505770101559,EXCELLENT,grid>0.05+persistent_p95_dark+severe_face,8,5,bottom,2611,1178,710.0,1.6591549295774648,1.0,3881,3.292620865139949,True,False,False,False
Ghr_S560,Ghr,560,0.0882505770101559,EXCELLENT,grid>0.05+persistent_p95_dark+severe_face,9,6,left,760,351,170.0,2.0647058823529414,1.0,1687,4.795454545454546,True,False,False,False
Ghr_S560,Ghr,560,0.0882505770101559,EXCELLENT,grid>0.05+persistent_p95_dark+severe_face,10,6,right,947,170,460.0,0.3695652173913043,1.9574660633484162,1392,8.146198830409357,True,False,True,True
Ghr_S560,Ghr,560,0.0882505770101559,EXCELLENT,grid>0.05+persistent_p95_dark+severe_face,11,6,top,1716,323,865.0,0.37341040462427744,3.2233644859813086,1074,3.317901234567901,True,False,True,True
Ghr_S560,Ghr,560,0.0882505770101559,EXCELLENT,grid>0.05+persistent_p95_dark+severe_face,12,6,bottom,2100,766,570.0,1.343859649122807,1.0,2364,3.0834419817470664,True,False,False,False
Ghr_S560,Ghr,560,0.0882505770101559,EXCELLENT,grid>0.05+persistent_p95_dark+severe_face,13,7,left,487,278,90.0,3.088888888888889,1.0,1016,3.6451612903225805,True,False,False,False
Ghr_S560,Ghr,560,0.0882505770101559,EXCELLENT,grid>0.05+persistent_p95_dark+severe_face,14,7,right,894,155,440.0,0.3522727272727273,1.9474576271186441,1344,8.621794871794872,True,False,True,True
Ghr_S560,Ghr,560,0.0882505770101559,EXCELLENT,grid>0.05+persistent_p95_dark+severe_face,15,7,bottom,1343,444,460.0,0.9652173913043478,1.0432432432432432,1613,3.6269662921348313,True,False,False,False
Ghr_S560,Ghr,560,0.0882505770101559,EXCELLENT,grid>0.05+persistent_p95_dark+severe_face,16,8,right,514,156,215.0,0.7255813953488373,1.3,826,5.267515923566879,True,False,True,False
Ghr_S560,Ghr,560,0.0882505770101559,EXCELLENT,grid>0.05+persistent_p95_dark+severe_face,17,8,top,1087,276,505.0,0.5465346534653466,1.8202702702702702,1053,3.8050541516245486,True,False,True,True
Ghr_S560,Ghr,560,0.0882505770101559,EXCELLENT,grid>0.05+persistent_p95_dark+severe_face,18,8,bottom,472,164,170.0,0.9647058823529412,1.0692307692307692,449,2.727272727272727,True,False,False,False
Ghr_S560,Ghr,560,0.0882505770101559,EXCELLENT,grid>0.05+persistent_p95_dark+severe_face,19,9,top,60,9,25.0,0.36,1.7375,70,7.1,True,False,True,True
Ghr_S560,Ghr,560,0.0882505770101559,EXCELLENT,grid>0.05+persistent_p95_dark+severe_face,20,9,bottom,54,25,10.0,2.5,1.0,98,3.8076923076923075,True,False,False,False
Ghr_S560,Ghr,560,0.0882505770101559,EXCELLENT,grid>0.05+persistent_p95_dark+severe_face,21,10,bottom,37,11,5.0,2.2,,33,2.8333333333333335,False,False,False,False
Ghr_S560,Ghr,560,0.0882505770101559,EXCELLENT,grid>0.05+persistent_p95_dark+severe_face,22,11,right,437,109,180.0,0.6055555555555555,1.4627906976744187,582,5.3,True,False,True,True
Ghr_S560,Ghr,560,0.0882505770101559,EXCELLENT,grid>0.05+persistent_p95_dark+severe_face,23,11,bottom,1803,813,420.0,1.9357142857142857,1.0,2313,2.842751842751843,True,False,False,False
Ghr_S560,Ghr,560,0.0882505770101559,EXCELLENT,grid>0.05+persistent_p95_dark+severe_face,24,12,right,1080,279,455.0,0.6131868131868132,1.5986111111111112,1125,4.021428571428571,True,False,True,True
Ghr_S560,Ghr,560,0.0882505770101559,EXCELLENT,grid>0.05+persistent_p95_dark+severe_face,25,12,bottom,2371,1116,515.0,2.166990291262136,1.0,2749,2.4619516562220234,True,False,False,False
Ghr_S560,Ghr,560,0.0882505770101559,EXCELLENT,grid>0.05+persistent_p95_dark+severe_face,26,13,right,1569,430,620.0,0.6935483870967742,1.3646853146853148,2149,4.9883990719257545,True,False,True,True
Ghr_S560,Ghr,560,0.0882505770101559,EXCELLENT,grid>0.05+persistent_p95_dark+severe_face,27,14,bottom,2557,1271,540.0,2.3537037037037036,1.0,3661,2.8789308176100628,True,False,False,False
Ghr_S560,Ghr,560,0.0882505770101559,EXCELLENT,grid>0.05+persistent_p95_dark+severe_face,28,15,top,2935,637,1340.0,0.4753731343283582,2.5352435530085957,2035,3.1912225705329154,True,False,True,True
Ghr_S560,Ghr,560,0.0882505770101559,EXCELLENT,grid>0.05+persistent_p95_dark+severe_face,29,15,bottom,2748,1216,725.0,1.677241379310345,1.0,4756,3.9087921117502056,True,False,False,False
Ghr_S560,Ghr,560,0.0882505770101559,EXCELLENT,grid>0.05+persistent_p95_dark+severe_face,30,16,left,1058,300,395.0,0.759493670886076,1.266355140186916,1233,4.099667774086379,True,False,True,False
Ghr_S560,Ghr,560,0.0882505770101559,EXCELLENT,grid>0.05+persistent_p95_dark+severe_face,31,16,bottom,2789,958,945.0,1.0137566137566139,1.0,2905,3.0302398331595413,True,False,False,False
Ghr_S560,Ghr,560,0.0882505770101559,EXCELLENT,grid>0.05+persistent_p95_dark+severe_face,32,17,bottom,2794,1447,615.0,2.3528455284552847,1.0,3529,2.4378453038674035,True,False,False,False
Ghr_S560,Ghr,560,0.0882505770101559,EXCELLENT,grid>0.05+persistent_p95_dark+severe_face,33,18,right,973,348,400.0,0.87,1.1793103448275861,999,2.865329512893983,True,False,True,False
Ghr_S560,Ghr,560,0.0882505770101559,EXCELLENT,grid>0.05+persistent_p95_dark+severe_face,34,18,top,1810,440,855.0,0.5146198830409356,2.075510204081633,1504,3.4126984126984126,True,False,True,True
Ghr_S560,Ghr,560,0.0882505770101559,EXCELLENT,grid>0.05+persistent_p95_dark+severe_face,35,18,bottom,1999,863,625.0,1.3808,1.0,2382,2.7581018518518516,True,False,False,False
Ghr_S560,Ghr,560,0.0882505770101559,EXCELLENT,grid>0.05+persistent_p95_dark+severe_face,36,19,bottom,1864,846,400.0,2.115,1.0,2374,2.8040141676505312,True,False,False,False
Ghr_S560,Ghr,560,0.0882505770101559,EXCELLENT,grid>0.05+persistent_p95_dark+severe_face,37,20,right,812,170,400.0,0.425,2.0521008403361343,841,4.923976608187134,True,False,True,True
Ghr_S560,Ghr,560,0.0882505770101559,EXCELLENT,grid>0.05+persistent_p95_dark+severe_face,38,20,top,2032,565,810.0,0.6975308641975309,1.6256410256410256,1882,3.3268551236749118,True,False,True,True
Ghr_S560,Ghr,560,0.0882505770101559,EXCELLENT,grid>0.05+persistent_p95_dark+severe_face,39,22,right,1194,303,530.0,0.5716981132075472,1.6121693121693121,1427,4.697368421052632,True,False,True,True
Ghr_S560,Ghr,560,0.0882505770101559,EXCELLENT,grid>0.05+persistent_p95_dark+severe_face,40,22,top,3055,955,1245.0,0.7670682730923695,1.5015810276679842,2634,2.756276150627615,True,False,True,False
Ghr_S560,Ghr,560,0.0882505770101559,EXCELLENT,grid>0.05+persistent_p95_dark+severe_face,41,23,right,1238,414,310.0,1.335483870967742,1.0,2259,5.445783132530121,True,False,False,False
Ghr_S560,Ghr,560,0.0882505770101559,EXCELLENT,grid>0.05+persistent_p95_dark+severe_face,42,23,top,2771,1085,935.0,1.160427807486631,1.0,2444,2.251381215469613,True,False,False,False
Ghr_S560,Ghr,560,0.0882505770101559,EXCELLENT,grid>0.05+persistent_p95_dark+severe_face,43,24,left,1155,283,490.0,0.5775510204081633,1.458203125,2007,7.070422535211268,True,False,True,True
Ghr_S560,Ghr,560,0.0882505770101559,EXCELLENT,grid>0.05+persistent_p95_dark+severe_face,44,24,top,3101,703,1395.0,0.5039426523297491,1.8047524752475248,3389,4.815340909090909,True,False,True,True
Hcrtr1_S500,Hcrtr1,500,0.1140603627915854,CLEAN,grid>0.05,1,2,right,170,33,85.0,0.38823529411764707,2.12,174,5.147058823529412,True,False,True,True
Hcrtr1_S500,Hcrtr1,500,0.1140603627915854,CLEAN,grid>0.05,2,7,right,121,16,55.0,0.2909090909090909,2.0,144,8.529411764705882,True,False,True,True
Hcrtr1_S500,Hcrtr1,500,0.1140603627915854,CLEAN,grid>0.05,3,8,right,111,14,60.0,0.23333333333333334,2.1272727272727274,201,13.466666666666667,True,False,True,True
Hcrtr1_S500,Hcrtr1,500,0.1140603627915854,CLEAN,grid>0.05,4,11,right,73,6,35.0,0.17142857142857143,2.4,130,18.714285714285715,True,False,True,True
Hcrtr1_S500,Hcrtr1,500,0.1140603627915854,CLEAN,grid>0.05,5,12,right,106,8,75.0,0.10666666666666667,2.823529411764706,152,17.0,True,False,True,True
Hcrtr1_S500,Hcrtr1,500,0.1140603627915854,CLEAN,grid>0.05,6,13,right,47,2,25.0,0.08,2.8,43,14.666666666666666,True,False,True,True
Hcrtr1_S500,Hcrtr1,500,0.1140603627915854,CLEAN,grid>0.05,7,16,right,53,2,35.0,0.05714285714285714,2.5555555555555554,96,32.333333333333336,True,False,True,True
Hcrtr1_S500,Hcrtr1,500,0.1140603627915854,CLEAN,grid>0.05,8,17,right,48,1,25.0,0.04,2.5142857142857142,52,26.5,True,False,True,True
Hcrtr1_S500,Hcrtr1,500,0.1140603627915854,CLEAN,grid>0.05,9,18,right,145,10,65.0,0.15384615384615385,3.4222222222222225,79,7.2727272727272725,True,False,True,True
Hcrtr1_S500,Hcrtr1,500,0.1140603627915854,CLEAN,grid>0.05,10,20,right,109,16,55.0,0.2909090909090909,2.4761904761904763,106,6.294117647058823,True,False,True,True
Hcrtr1_S500,Hcrtr1,500,0.1140603627915854,CLEAN,grid>0.05,11,21,right,197,41,125.0,0.328,3.04,169,4.0476190476190474,True,False,True,True
Hcrtr1_S500,Hcrtr1,500,0.1140603627915854,CLEAN,grid>0.05,12,22,right,44,4,30.0,0.13333333333333333,3.04,45,9.2,True,False,True,True
Hcrtr1_S500,Hcrtr1,500,0.1140603627915854,CLEAN,grid>0.05,13,23,right,19,1,15.0,0.06666666666666667,3.022222222222222,52,26.5,True,False,True,True
Hcrtr1_S530,Hcrtr1,530,0.0754095803822876,EXCELLENT,grid>0.05,1,2,right,4,0,,,,16,17.0,False,False,False,False
Hcrtr1_S530,Hcrtr1,530,0.0754095803822876,EXCELLENT,grid>0.05,2,2,bottom,9,0,,,,16,17.0,False,False,False,False
Hcrtr1_S530,Hcrtr1,530,0.0754095803822876,EXCELLENT,grid>0.05,3,3,bottom,0,0,,,,11,12.0,False,False,False,False
Hcrtr1_S530,Hcrtr1,530,0.0754095803822876,EXCELLENT,grid>0.05,4,6,left,1,0,,,,11,12.0,False,False,False,False
Hcrtr1_S530,Hcrtr1,530,0.0754095803822876,EXCELLENT,grid>0.05,5,6,top,0,0,,,,17,18.0,False,False,False,False
Hcrtr1_S530,Hcrtr1,530,0.0754095803822876,EXCELLENT,grid>0.05,6,7,left,0,0,,,,5,6.0,False,False,False,False
Hcrtr1_S530,Hcrtr1,530,0.0754095803822876,EXCELLENT,grid>0.05,7,7,right,2,1,,,,24,12.5,False,False,False,False
Hcrtr1_S530,Hcrtr1,530,0.0754095803822876,EXCELLENT,grid>0.05,8,7,bottom,34,3,15.0,0.2,2.25,78,19.75,True,False,True,True
Hcrtr1_S530,Hcrtr1,530,0.0754095803822876,EXCELLENT,grid>0.05,9,10,top,0,0,,,,29,30.0,False,False,False,False
Hcrtr1_S530,Hcrtr1,530,0.0754095803822876,EXCELLENT,grid>0.05,10,10,bottom,3,0,,,,6,7.0,False,False,False,False
Hcrtr1_S530,Hcrtr1,530,0.0754095803822876,EXCELLENT,grid>0.05,11,11,bottom,6,0,,,,4,5.0,False,False,False,False
Hcrtr1_S530,Hcrtr1,530,0.0754095803822876,EXCELLENT,grid>0.05,12,12,right,7,0,,,,10,11.0,False,False,False,False
Hcrtr1_S530,Hcrtr1,530,0.0754095803822876,EXCELLENT,grid>0.05,13,12,top,26,22,,,,160,7.0,False,False,False,False
Hcrtr1_S530,Hcrtr1,530,0.0754095803822876,EXCELLENT,grid>0.05,14,12,bottom,15,0,5.0,0.0,,10,11.0,False,False,False,False
Hcrtr1_S530,Hcrtr1,530,0.0754095803822876,EXCELLENT,grid>0.05,15,13,bottom,0,0,,,,0,1.0,False,False,False,False
Hcrtr1_S530,Hcrtr1,530,0.0754095803822876,EXCELLENT,grid>0.05,16,15,left,1,0,,,,3,4.0,False,False,False,False
Hcrtr1_S530,Hcrtr1,530,0.0754095803822876,EXCELLENT,grid>0.05,17,15,bottom,24,8,,,,752,83.66666666666667,False,False,False,False
Hcrtr1_S530,Hcrtr1,530,0.0754095803822876,EXCELLENT,grid>0.05,18,16,left,2,0,,,,28,29.0,False,False,False,False
Hcrtr1_S530,Hcrtr1,530,0.0754095803822876,EXCELLENT,grid>0.05,19,16,bottom,0,0,,,,0,1.0,False,False,False,False
Hcrtr1_S530,Hcrtr1,530,0.0754095803822876,EXCELLENT,grid>0.05,20,20,right,0,0,,,,1,2.0,False,False,False,False
Hcrtr1_S530,Hcrtr1,530,0.0754095803822876,EXCELLENT,grid>0.05,21,20,top,0,0,,,,0,1.0,False,False,False,False
Hcrtr1_S530,Hcrtr1,530,0.0754095803822876,EXCELLENT,grid>0.05,22,22,left,0,0,,,,1,2.0,False,False,False,False
Hcrtr1_S530,Hcrtr1,530,0.0754095803822876,EXCELLENT,grid>0.05,23,22,right,1,0,,,,41,42.0,False,False,False,False
Hcrtr1_S530,Hcrtr1,530,0.0754095803822876,EXCELLENT,grid>0.05,24,23,top,0,0,,,,3,4.0,False,False,False,False
Hcrtr1_S530,Hcrtr1,530,0.0754095803822876,EXCELLENT,grid>0.05,25,24,left,0,0,,,,21,22.0,False,False,False,False
Hcrtr1_S560,Hcrtr1,560,0.0910462166400328,EXCELLENT,grid>0.05,1,1,bottom,16,0,10.0,0.0,2.0727272727272728,56,57.0,True,False,True,True
Hcrtr1_S560,Hcrtr1,560,0.0910462166400328,EXCELLENT,grid>0.05,2,6,bottom,14,4,,,,60,12.2,False,False,False,False
Hcrtr1_S560,Hcrtr1,560,0.0910462166400328,EXCELLENT,grid>0.05,3,8,bottom,9,3,,,,26,6.75,False,False,False,False
Hcrtr1_S560,Hcrtr1,560,0.0910462166400328,EXCELLENT,grid>0.05,4,17,bottom,22,5,5.0,1.0,,37,6.333333333333333,False,False,False,False
Hcrtr1_S560,Hcrtr1,560,0.0910462166400328,EXCELLENT,grid>0.05,5,18,bottom,5,2,,,,50,17.0,False,False,False,False
Lmx1a_S500,Lmx1a,500,0.1183363765848524,CLEAN,grid>0.05,1,0,bottom,226,53,85.0,0.6235294117647059,2.1666666666666665,162,3.0185185185185186,True,False,True,True
Lmx1a_S500,Lmx1a,500,0.1183363765848524,CLEAN,grid>0.05,2,10,bottom,189,48,80.0,0.6,1.9578947368421054,186,3.816326530612245,True,False,True,True
Lmx1a_S500,Lmx1a,500,0.1183363765848524,CLEAN,grid>0.05,3,11,bottom,215,36,85.0,0.4235294117647059,2.690909090909091,135,3.675675675675676,True,False,True,True
Lmx1a_S530,Lmx1a,530,0.1235738829299636,CLEAN,grid>0.05,1,2,bottom,307,57,120.0,0.475,3.348148148148148,143,2.4827586206896552,True,False,True,True
Lmx1a_S530,Lmx1a,530,0.1235738829299636,CLEAN,grid>0.05,2,7,left,62,31,10.0,3.1,1.0,69,2.1875,True,False,False,False
Lmx1a_S530,Lmx1a,530,0.1235738829299636,CLEAN,grid>0.05,3,7,right,156,46,55.0,0.8363636363636363,1.225,138,2.9574468085106385,True,False,True,False
Lmx1a_S530,Lmx1a,530,0.1235738829299636,CLEAN,grid>0.05,4,7,bottom,114,24,45.0,0.5333333333333333,2.025,86,3.48,True,False,True,True
Lmx1a_S530,Lmx1a,530,0.1235738829299636,CLEAN,grid>0.05,5,8,right,74,14,35.0,0.4,3.066666666666667,46,3.1333333333333333,True,False,True,True
Lmx1a_S530,Lmx1a,530,0.1235738829299636,CLEAN,grid>0.05,6,8,bottom,142,34,50.0,0.68,1.6076923076923078,98,2.8285714285714287,True,False,True,True
Lmx1a_S530,Lmx1a,530,0.1235738829299636,CLEAN,grid>0.05,7,9,right,83,28,30.0,0.9333333333333333,1.12,64,2.2413793103448274,True,False,False,False
Lmx1a_S530,Lmx1a,530,0.1235738829299636,CLEAN,grid>0.05,8,10,right,108,31,50.0,0.62,1.8631578947368421,95,3.0,True,False,True,True
Lmx1a_S530,Lmx1a,530,0.1235738829299636,CLEAN,grid>0.05,9,10,top,150,49,65.0,0.7538461538461538,1.481818181818182,133,2.68,True,False,True,False
Lmx1a_S530,Lmx1a,530,0.1235738829299636,CLEAN,grid>0.05,10,11,right,120,34,45.0,0.7555555555555555,2.4,71,2.057142857142857,True,False,True,False
Lmx1a_S530,Lmx1a,530,0.1235738829299636,CLEAN,grid>0.05,11,12,right,83,26,35.0,0.7428571428571429,1.3833333333333333,82,3.074074074074074,True,False,True,False
Lmx1a_S530,Lmx1a,530,0.1235738829299636,CLEAN,grid>0.05,12,15,bottom,69,27,20.0,1.35,1.0,136,4.892857142857143,True,False,False,False
Lmx1a_S530,Lmx1a,530,0.1235738829299636,CLEAN,grid>0.05,13,16,left,91,37,20.0,1.85,1.0,107,2.8421052631578947,True,False,False,False
Lmx1a_S530,Lmx1a,530,0.1235738829299636,CLEAN,grid>0.05,14,16,right,83,17,35.0,0.4857142857142857,1.8,84,4.722222222222222,True,False,True,True
Lmx1a_S530,Lmx1a,530,0.1235738829299636,CLEAN,grid>0.05,15,16,top,98,38,35.0,1.0857142857142856,1.0,114,2.948717948717949,True,False,False,False
Lmx1a_S530,Lmx1a,530,0.1235738829299636,CLEAN,grid>0.05,16,17,right,100,22,40.0,0.55,2.2285714285714286,64,2.8260869565217392,True,False,True,True
Lmx1a_S530,Lmx1a,530,0.1235738829299636,CLEAN,grid>0.05,17,17,bottom,87,20,40.0,0.5,2.1272727272727274,83,4.0,True,False,True,True
Lmx1a_S530,Lmx1a,530,0.1235738829299636,CLEAN,grid>0.05,18,18,right,94,22,40.0,0.55,2.325,71,3.130434782608696,True,False,True,True
Lmx1a_S530,Lmx1a,530,0.1235738829299636,CLEAN,grid>0.05,19,18,bottom,105,28,45.0,0.6222222222222222,2.0142857142857142,85,2.9655172413793105,True,False,True,True
Lmx1a_S530,Lmx1a,530,0.1235738829299636,CLEAN,grid>0.05,20,19,right,107,28,35.0,0.8,1.4666666666666668,58,2.0344827586206895,True,False,True,False
Lmx1a_S530,Lmx1a,530,0.1235738829299636,CLEAN,grid>0.05,21,19,bottom,155,46,55.0,0.8363636363636363,1.1800000000000002,155,3.3191489361702127,True,False,True,False
Lmx1a_S530,Lmx1a,530,0.1235738829299636,CLEAN,grid>0.05,22,20,right,134,30,55.0,0.5454545454545454,1.668421052631579,115,3.7419354838709675,True,False,True,True
Lmx1a_S530,Lmx1a,530,0.1235738829299636,CLEAN,grid>0.05,23,22,right,69,7,30.0,0.23333333333333334,2.55,55,7.0,True,False,True,True
Lmx1a_S530,Lmx1a,530,0.1235738829299636,CLEAN,grid>0.05,24,23,right,100,18,35.0,0.5142857142857142,1.5727272727272728,84,4.473684210526316,True,False,True,True
Mc4r_S500,Mc4r,500,0.0862037901980958,EXCELLENT,grid>0.05+persistent_p95_dark+severe_face,1,3,right,37,2,20.0,0.1,4.8,3,1.3333333333333333,True,True,True,True
Mc4r_S500,Mc4r,500,0.0862037901980958,EXCELLENT,grid>0.05+persistent_p95_dark+severe_face,2,5,left,528,144,240.0,0.6,1.9636363636363636,366,2.5310344827586206,True,False,True,True
Mc4r_S500,Mc4r,500,0.0862037901980958,EXCELLENT,grid>0.05+persistent_p95_dark+severe_face,3,5,top,860,193,305.0,0.6327868852459017,2.351020408163265,417,2.154639175257732,True,False,True,True
Mc4r_S500,Mc4r,500,0.0862037901980958,EXCELLENT,grid>0.05+persistent_p95_dark+severe_face,4,9,right,265,25,130.0,0.19230769230769232,4.8,56,2.1923076923076925,True,True,True,True
Mc4r_S500,Mc4r,500,0.0862037901980958,EXCELLENT,grid>0.05+persistent_p95_dark+severe_face,5,10,bottom,727,268,265.0,1.0113207547169811,1.0,674,2.509293680297398,True,False,False,False
Mc4r_S500,Mc4r,500,0.0862037901980958,EXCELLENT,grid>0.05+persistent_p95_dark+severe_face,6,18,left,484,160,165.0,0.9696969696969697,1.0340909090909092,484,3.012422360248447,True,False,False,False
Mc4r_S500,Mc4r,500,0.0862037901980958,EXCELLENT,grid>0.05+persistent_p95_dark+severe_face,7,18,right,552,138,215.0,0.641860465116279,1.6062500000000002,473,3.4100719424460433,True,False,True,True
Mc4r_S500,Mc4r,500,0.0862037901980958,EXCELLENT,grid>0.05+persistent_p95_dark+severe_face,8,19,right,533,140,230.0,0.6086956521739131,1.838709677419355,405,2.879432624113475,True,False,True,True
Mc4r_S500,Mc4r,500,0.0862037901980958,EXCELLENT,grid>0.05+persistent_p95_dark+severe_face,9,19,bottom,1336,474,370.0,1.281081081081081,1.0,1229,2.5894736842105264,True,False,False,False
Mc4r_S500,Mc4r,500,0.0862037901980958,EXCELLENT,grid>0.05+persistent_p95_dark+severe_face,10,20,right,599,168,245.0,0.6857142857142857,1.5155172413793103,546,3.2366863905325443,True,False,True,True
Mc4r_S500,Mc4r,500,0.0862037901980958,EXCELLENT,grid>0.05+persistent_p95_dark+severe_face,11,21,left,596,187,220.0,0.85,1.1867924528301887,599,3.1914893617021276,True,False,True,False
Mc4r_S500,Mc4r,500,0.0862037901980958,EXCELLENT,grid>0.05+persistent_p95_dark+severe_face,12,22,right,360,126,120.0,1.05,1.0,355,2.8031496062992125,True,False,False,False
Mc4r_S500,Mc4r,500,0.0862037901980958,EXCELLENT,grid>0.05+persistent_p95_dark+severe_face,13,23,right,254,95,90.0,1.0555555555555556,1.0,305,3.1875,True,False,False,False
Mc4r_S500,Mc4r,500,0.0862037901980958,EXCELLENT,grid>0.05+persistent_p95_dark+severe_face,14,24,top,716,188,275.0,0.6836363636363636,2.1857142857142855,434,2.3015873015873014,True,False,True,True
Mc4r_S530,Mc4r,530,0.0669391440605945,EXCELLENT,grid>0.05,1,12,right,466,126,175.0,0.72,1.5195121951219512,349,2.7559055118110236,True,False,True,False
Mc4r_S530,Mc4r,530,0.0669391440605945,EXCELLENT,grid>0.05,2,18,right,693,162,340.0,0.4764705882352941,4.455813953488372,329,2.0245398773006134,True,True,True,True
Mc4r_S530,Mc4r,530,0.0669391440605945,EXCELLENT,grid>0.05,3,20,right,187,33,75.0,0.44,2.329411764705882,106,3.1470588235294117,True,False,True,True
Mc4r_S530,Mc4r,530,0.0669391440605945,EXCELLENT,grid>0.05,4,20,top,365,111,140.0,0.7928571428571428,1.4875,243,2.1785714285714284,True,False,True,False
Mc4r_S530,Mc4r,530,0.0669391440605945,EXCELLENT,grid>0.05,5,21,right,97,21,45.0,0.4666666666666667,2.123076923076923,78,3.590909090909091,True,False,True,True
Mc4r_S530,Mc4r,530,0.0669391440605945,EXCELLENT,grid>0.05,6,22,left,104,34,35.0,0.9714285714285714,1.042857142857143,81,2.342857142857143,True,False,False,False
Mc4r_S560,Mc4r,560,0.0671433706397335,EXCELLENT,grid>0.05+persistent_p95_dark+severe_face,1,1,left,10,7,,,,12,1.625,False,False,False,False
Mc4r_S560,Mc4r,560,0.0671433706397335,EXCELLENT,grid>0.05+persistent_p95_dark+severe_face,2,2,right,104,31,30.0,1.0333333333333334,1.0,108,3.40625,True,False,False,False
Mc4r_S560,Mc4r,560,0.0671433706397335,EXCELLENT,grid>0.05+persistent_p95_dark+severe_face,3,3,left,79,26,30.0,0.8666666666666667,1.15,136,5.074074074074074,True,False,True,False
Mc4r_S560,Mc4r,560,0.0671433706397335,EXCELLENT,grid>0.05+persistent_p95_dark+severe_face,4,3,bottom,522,176,190.0,0.9263157894736842,1.0954545454545455,499,2.824858757062147,True,False,False,False
Mc4r_S560,Mc4r,560,0.0671433706397335,EXCELLENT,grid>0.05+persistent_p95_dark+severe_face,5,6,left,285,122,80.0,1.525,1.0,342,2.7886178861788617,True,False,False,False
Mc4r_S560,Mc4r,560,0.0671433706397335,EXCELLENT,grid>0.05+persistent_p95_dark+severe_face,6,6,top,573,179,175.0,1.022857142857143,1.0,463,2.577777777777778,True,False,False,False
Mc4r_S560,Mc4r,560,0.0671433706397335,EXCELLENT,grid>0.05+persistent_p95_dark+severe_face,7,8,left,91,46,20.0,2.3,1.0,144,3.0851063829787235,True,False,False,False
Mc4r_S560,Mc4r,560,0.0671433706397335,EXCELLENT,grid>0.05+persistent_p95_dark+severe_face,8,8,right,603,241,220.0,1.0954545454545455,1.0,544,2.2520661157024793,True,False,False,False
Mc4r_S560,Mc4r,560,0.0671433706397335,EXCELLENT,grid>0.05+persistent_p95_dark+severe_face,9,8,bottom,150,23,85.0,0.27058823529411763,4.8,48,2.0416666666666665,True,True,True,True
Mc4r_S560,Mc4r,560,0.0671433706397335,EXCELLENT,grid>0.05+persistent_p95_dark+severe_face,10,9,right,106,26,55.0,0.4727272727272727,1.694736842105263,115,4.296296296296297,True,False,True,True
Mc4r_S560,Mc4r,560,0.0671433706397335,EXCELLENT,grid>0.05+persistent_p95_dark+severe_face,11,9,bottom,22,6,5.0,1.2,,23,3.4285714285714284,False,False,False,False
Mc4r_S560,Mc4r,560,0.0671433706397335,EXCELLENT,grid>0.05+persistent_p95_dark+severe_face,12,11,left,6,5,,,,17,3.0,False,False,False,False
Mc4r_S560,Mc4r,560,0.0671433706397335,EXCELLENT,grid>0.05+persistent_p95_dark+severe_face,13,14,top,468,220,125.0,1.76,1.0,546,2.475113122171946,True,False,False,False
Mc4r_S560,Mc4r,560,0.0671433706397335,EXCELLENT,grid>0.05+persistent_p95_dark+severe_face,14,19,top,65,2,35.0,0.05714285714285714,4.8,7,2.6666666666666665,True,True,True,True
Mc4r_S560,Mc4r,560,0.0671433706397335,EXCELLENT,grid>0.05+persistent_p95_dark+severe_face,15,19,bottom,636,239,205.0,1.1658536585365853,1.0,528,2.2041666666666666,True,False,False,False
Mc4r_S560,Mc4r,560,0.0671433706397335,EXCELLENT,grid>0.05+persistent_p95_dark+severe_face,16,20,top,668,176,255.0,0.6901960784313725,1.623076923076923,448,2.536723163841808,True,False,True,True
Mc4r_S560,Mc4r,560,0.0671433706397335,EXCELLENT,grid>0.05+persistent_p95_dark+severe_face,17,22,right,403,129,165.0,0.7818181818181819,1.3285714285714285,541,4.1692307692307695,True,False,True,False
Mc4r_S560,Mc4r,560,0.0671433706397335,EXCELLENT,grid>0.05+persistent_p95_dark+severe_face,18,23,top,597,278,145.0,1.9172413793103449,1.0,647,2.3225806451612905,True,False,False,False
Mc4r_S560,Mc4r,560,0.0671433706397335,EXCELLENT,grid>0.05+persistent_p95_dark+severe_face,19,24,left,135,22,50.0,0.44,1.4612903225806453,356,15.521739130434783,True,False,True,True
Meis2_S500,Meis2,500,0.1625902061179973,LOW,grid>0.05,1,0,bottom,271,78,100.0,0.78,1.32,304,3.8607594936708862,True,False,True,False
Meis2_S500,Meis2,500,0.1625902061179973,LOW,grid>0.05,2,1,left,238,149,25.0,5.96,1.0,346,2.3133333333333335,True,False,False,False
Meis2_S500,Meis2,500,0.1625902061179973,LOW,grid>0.05,3,2,left,425,281,70.0,4.014285714285714,1.0,596,2.117021276595745,True,False,False,False
Meis2_S500,Meis2,500,0.1625902061179973,LOW,grid>0.05,4,3,right,22,0,10.0,0.0,4.8,3,4.0,True,True,True,True
Meis2_S500,Meis2,500,0.1625902061179973,LOW,grid>0.05,5,5,top,159,37,30.0,1.2333333333333334,1.0,229,6.052631578947368,True,False,False,False
Meis2_S500,Meis2,500,0.1625902061179973,LOW,grid>0.05,6,6,right,164,22,70.0,0.3142857142857143,1.9555555555555555,177,7.739130434782608,True,False,True,True
Meis2_S500,Meis2,500,0.1625902061179973,LOW,grid>0.05,7,7,right,209,32,105.0,0.3047619047619048,2.9333333333333336,164,5.0,True,False,True,True
Meis2_S500,Meis2,500,0.1625902061179973,LOW,grid>0.05,8,7,bottom,127,39,50.0,0.78,1.20625,306,7.675,True,False,True,False
Meis2_S500,Meis2,500,0.1625902061179973,LOW,grid>0.05,9,8,right,213,39,90.0,0.43333333333333335,1.473913043478261,292,7.325,True,False,True,True
Meis2_S500,Meis2,500,0.1625902061179973,LOW,grid>0.05,10,9,right,126,6,70.0,0.08571428571428572,4.8,38,5.571428571428571,True,True,True,True
Meis2_S500,Meis2,500,0.1625902061179973,LOW,grid>0.05,11,9,bottom,92,32,35.0,0.9142857142857143,1.075,200,6.090909090909091,True,False,False,False
Meis2_S500,Meis2,500,0.1625902061179973,LOW,grid>0.05,12,10,right,239,38,100.0,0.38,2.0526315789473686,218,5.615384615384615,True,False,True,True
Meis2_S500,Meis2,500,0.1625902061179973,LOW,grid>0.05,13,10,top,109,32,35.0,0.9142857142857143,1.0692307692307692,177,5.393939393939394,True,False,False,False
Meis2_S500,Meis2,500,0.1625902061179973,LOW,grid>0.05,14,10,bottom,180,67,55.0,1.2181818181818183,1.0,271,4.0,True,False,False,False
Meis2_S500,Meis2,500,0.1625902061179973,LOW,grid>0.05,15,12,bottom,306,67,120.0,0.5583333333333333,1.5976190476190477,342,5.044117647058823,True,False,True,True
Meis2_S500,Meis2,500,0.1625902061179973,LOW,grid>0.05,16,13,right,187,16,100.0,0.16,2.353846153846154,216,12.764705882352942,True,False,True,True
Meis2_S500,Meis2,500,0.1625902061179973,LOW,grid>0.05,17,13,bottom,279,45,135.0,0.3333333333333333,2.8923076923076922,199,4.3478260869565215,True,False,True,True
Meis2_S500,Meis2,500,0.1625902061179973,LOW,grid>0.05,18,15,bottom,332,72,135.0,0.5333333333333333,1.5641509433962264,344,4.726027397260274,True,False,True,True
Meis2_S500,Meis2,500,0.1625902061179973,LOW,grid>0.05,19,16,bottom,292,59,145.0,0.4068965517241379,1.8972972972972972,267,4.466666666666667,True,False,True,True
Meis2_S500,Meis2,500,0.1625902061179973,LOW,grid>0.05,20,17,right,240,70,55.0,1.2727272727272727,1.0,324,4.577464788732394,True,False,False,False
Meis2_S500,Meis2,500,0.1625902061179973,LOW,grid>0.05,21,18,right,117,18,55.0,0.32727272727272727,1.5297297297297299,152,8.052631578947368,True,False,True,True
Meis2_S500,Meis2,500,0.1625902061179973,LOW,grid>0.05,22,18,top,215,52,95.0,0.5473684210526316,1.7285714285714286,203,3.849056603773585,True,False,True,True
Meis2_S500,Meis2,500,0.1625902061179973,LOW,grid>0.05,23,19,right,95,11,55.0,0.2,2.575,117,9.833333333333334,True,False,True,True
Meis2_S500,Meis2,500,0.1625902061179973,LOW,grid>0.05,24,20,right,120,17,60.0,0.2833333333333333,2.2105263157894735,155,8.666666666666666,True,False,True,True
Meis2_S500,Meis2,500,0.1625902061179973,LOW,grid>0.05,25,20,top,264,45,140.0,0.32142857142857145,2.0,344,7.5,True,False,True,True
Meis2_S500,Meis2,500,0.1625902061179973,LOW,grid>0.05,26,21,left,86,27,20.0,1.35,1.0,241,8.642857142857142,True,False,False,False
Meis2_S500,Meis2,500,0.1625902061179973,LOW,grid>0.05,27,22,right,96,21,45.0,0.4666666666666667,1.7000000000000002,113,5.181818181818182,True,False,True,True
Meis2_S500,Meis2,500,0.1625902061179973,LOW,grid>0.05,28,23,left,69,27,15.0,1.8,1.0,136,4.892857142857143,True,False,False,False
Meis2_S530,Meis2,530,0.1366865137167609,CLEAN,grid>0.05,1,2,right,2,0,,,,4,5.0,False,False,False,False
Meis2_S530,Meis2,530,0.1366865137167609,CLEAN,grid>0.05,2,2,bottom,0,0,,,,6,7.0,False,False,False,False
Meis2_S530,Meis2,530,0.1366865137167609,CLEAN,grid>0.05,3,13,right,0,0,,,,2,3.0,False,False,False,False
Meis2_S530,Meis2,530,0.1366865137167609,CLEAN,grid>0.05,4,13,top,0,0,,,,33,34.0,False,False,False,False
Meis2_S530,Meis2,530,0.1366865137167609,CLEAN,grid>0.05,5,13,bottom,0,0,,,,1,2.0,False,False,False,False
Meis2_S530,Meis2,530,0.1366865137167609,CLEAN,grid>0.05,6,15,left,0,0,,,,12,13.0,False,False,False,False
Meis2_S530,Meis2,530,0.1366865137167609,CLEAN,grid>0.05,7,15,top,0,0,,,,6,7.0,False,False,False,False
Meis2_S530,Meis2,530,0.1366865137167609,CLEAN,grid>0.05,8,20,top,0,0,,,,3,4.0,False,False,False,False
Meis2_S530,Meis2,530,0.1366865137167609,CLEAN,grid>0.05,9,24,left,0,0,,,,0,1.0,False,False,False,False
Meis2_S530,Meis2,530,0.1366865137167609,CLEAN,grid>0.05,10,24,top,12,6,,,,23,3.4285714285714284,False,False,False,False
Meis2_S560,Meis2,560,0.1493439777734025,CLEAN,grid>0.05,1,1,bottom,0,0,,,,1,2.0,False,False,False,False
Meis2_S560,Meis2,560,0.1493439777734025,CLEAN,grid>0.05,2,1,right,0,0,,,,3,4.0,False,False,False,False
Meis2_S560,Meis2,560,0.1493439777734025,CLEAN,grid>0.05,3,2,bottom,0,0,,,,1,2.0,False,False,False,False
Meis2_S560,Meis2,560,0.1493439777734025,CLEAN,grid>0.05,4,2,right,0,0,,,,0,1.0,False,False,False,False
Meis2_S560,Meis2,560,0.1493439777734025,CLEAN,grid>0.05,5,5,left,0,0,,,,9,10.0,False,False,False,False
Meis2_S560,Meis2,560,0.1493439777734025,CLEAN,grid>0.05,6,6,bottom,0,0,,,,0,1.0,False,False,False,False
Meis2_S560,Meis2,560,0.1493439777734025,CLEAN,grid>0.05,7,6,right,0,0,,,,2,3.0,False,False,False,False
Meis2_S560,Meis2,560,0.1493439777734025,CLEAN,grid>0.05,8,7,right,0,0,,,,0,1.0,False,False,False,False
Meis2_S560,Meis2,560,0.1493439777734025,CLEAN,grid>0.05,9,15,bottom,0,0,,,,0,1.0,False,False,False,False
Meis2_S560,Meis2,560,0.1493439777734025,CLEAN,grid>0.05,10,15,left,0,0,,,,0,1.0,False,False,False,False
Meis2_S560,Meis2,560,0.1493439777734025,CLEAN,grid>0.05,11,20,right,1,0,,,,17,18.0,False,False,False,False
Meis2_S560,Meis2,560,0.1493439777734025,CLEAN,grid>0.05,12,21,left,0,0,,,,36,37.0,False,False,False,False
Meis2_S560,Meis2,560,0.1493439777734025,CLEAN,grid>0.05,13,21,right,0,0,,,,21,22.0,False,False,False,False
Meis2_S560,Meis2,560,0.1493439777734025,CLEAN,grid>0.05,14,22,left,0,0,,,,35,36.0,False,False,False,False
Meis2_S560,Meis2,560,0.1493439777734025,CLEAN,grid>0.05,15,22,right,0,0,,,,5,6.0,False,False,False,False
Meis2_S560,Meis2,560,0.1493439777734025,CLEAN,grid>0.05,16,23,left,0,0,,,,3,4.0,False,False,False,False
Meis2_S560,Meis2,560,0.1493439777734025,CLEAN,grid>0.05,17,23,right,0,0,,,,1,2.0,False,False,False,False
Meis2_S560,Meis2,560,0.1493439777734025,CLEAN,grid>0.05,18,24,left,0,0,,,,6,7.0,False,False,False,False
Nfib_S500,Nfib,500,0.0794963425571935,EXCELLENT,grid>0.05+persistent_p95_dark+severe_face,1,1,right,317,106,90.0,1.1777777777777778,1.0,352,3.2990654205607477,True,False,False,False
Nfib_S500,Nfib,500,0.0794963425571935,EXCELLENT,grid>0.05+persistent_p95_dark+severe_face,2,3,right,2,0,,,,3,4.0,False,False,False,False
Nfib_S500,Nfib,500,0.0794963425571935,EXCELLENT,grid>0.05+persistent_p95_dark+severe_face,3,5,left,242,59,95.0,0.6210526315789474,1.5,247,4.133333333333334,True,False,True,True
Nfib_S500,Nfib,500,0.0794963425571935,EXCELLENT,grid>0.05+persistent_p95_dark+severe_face,4,5,top,15,1,,,,7,4.0,False,False,False,False
Nfib_S500,Nfib,500,0.0794963425571935,EXCELLENT,grid>0.05+persistent_p95_dark+severe_face,5,10,top,206,55,80.0,0.6875,1.55,224,4.017857142857143,True,False,True,True
Nfib_S500,Nfib,500,0.0794963425571935,EXCELLENT,grid>0.05+persistent_p95_dark+severe_face,6,10,bottom,356,79,130.0,0.6076923076923076,1.6043478260869566,496,6.2125,True,False,True,True
Nfib_S500,Nfib,500,0.0794963425571935,EXCELLENT,grid>0.05+persistent_p95_dark+severe_face,7,11,bottom,213,49,80.0,0.6125,1.54,283,5.68,True,False,True,True
Nfib_S500,Nfib,500,0.0794963425571935,EXCELLENT,grid>0.05+persistent_p95_dark+severe_face,8,12,top,185,86,65.0,1.323076923076923,1.0,330,3.8045977011494254,True,False,False,False
Nfib_S500,Nfib,500,0.0794963425571935,EXCELLENT,grid>0.05+persistent_p95_dark+severe_face,9,15,left,255,84,80.0,1.05,1.0,316,3.7294117647058824,True,False,False,False
Nfib_S500,Nfib,500,0.0794963425571935,EXCELLENT,grid>0.05+persistent_p95_dark+severe_face,10,15,top,211,70,75.0,0.9333333333333333,1.0625,547,7.71830985915493,True,False,False,False
Nfib_S500,Nfib,500,0.0794963425571935,EXCELLENT,grid>0.05+persistent_p95_dark+severe_face,11,16,top,246,102,70.0,1.457142857142857,1.0,411,4.0,True,False,False,False
Nfib_S500,Nfib,500,0.0794963425571935,EXCELLENT,grid>0.05+persistent_p95_dark+severe_face,12,16,bottom,330,56,155.0,0.36129032258064514,2.4,313,5.508771929824562,True,False,True,True
Nfib_S500,Nfib,500,0.0794963425571935,EXCELLENT,grid>0.05+persistent_p95_dark+severe_face,13,17,top,232,75,85.0,0.8823529411764706,1.1071428571428572,338,4.4605263157894735,True,False,True,False
Nfib_S500,Nfib,500,0.0794963425571935,EXCELLENT,grid>0.05+persistent_p95_dark+severe_face,14,20,top,255,61,95.0,0.6421052631578947,1.4875,347,5.612903225806452,True,False,True,True
Nfib_S500,Nfib,500,0.0794963425571935,EXCELLENT,grid>0.05+persistent_p95_dark+severe_face,15,21,top,257,70,80.0,0.875,1.1578947368421053,329,4.647887323943662,True,False,True,False
Nfib_S530,Nfib,530,0.13548621132295,CLEAN,grid>0.05,1,15,top,78,28,30.0,0.9333333333333333,1.15,52,1.8275862068965518,True,False,False,False
Nfib_S530,Nfib,530,0.13548621132295,CLEAN,grid>0.05,2,19,right,148,36,70.0,0.5142857142857142,4.8,66,1.8108108108108107,True,True,True,True
Nfib_S530,Nfib,530,0.13548621132295,CLEAN,grid>0.05,3,21,right,60,25,15.0,1.6666666666666667,1.0,67,2.6153846153846154,True,False,False,False
Nfib_S560,Nfib,560,0.0,EXCELLENT,persistent_p95_dark+severe_face,1,0,bottom,5,1,,,,5,3.0,False,False,False,False
Nfib_S560,Nfib,560,0.0,EXCELLENT,persistent_p95_dark+severe_face,2,1,left,562,237,155.0,1.5290322580645161,1.0,714,3.004201680672269,True,False,False,False
Nfib_S560,Nfib,560,0.0,EXCELLENT,persistent_p95_dark+severe_face,3,2,right,209,74,60.0,1.2333333333333334,1.0,205,2.7466666666666666,True,False,False,False
Nfib_S560,Nfib,560,0.0,EXCELLENT,persistent_p95_dark+severe_face,4,3,bottom,493,173,160.0,1.08125,1.0,701,4.0344827586206895,True,False,False,False
Nfib_S560,Nfib,560,0.0,EXCELLENT,persistent_p95_dark+severe_face,5,5,top,5,4,,,,13,2.8,False,False,False,False
Nfib_S560,Nfib,560,0.0,EXCELLENT,persistent_p95_dark+severe_face,6,7,top,635,108,285.0,0.37894736842105264,4.116666666666667,289,2.6605504587155964,True,False,True,True
Nfib_S560,Nfib,560,0.0,EXCELLENT,persistent_p95_dark+severe_face,7,11,left,6,3,,,,10,2.75,False,False,False,False
Nfib_S560,Nfib,560,0.0,EXCELLENT,persistent_p95_dark+severe_face,8,15,left,455,84,185.0,0.4540540540540541,2.25,374,4.411764705882353,True,False,True,True
Nfib_S560,Nfib,560,0.0,EXCELLENT,persistent_p95_dark+severe_face,9,15,top,519,165,185.0,0.8918918918918919,1.153846153846154,410,2.4759036144578315,True,False,True,False
Nfib_S560,Nfib,560,0.0,EXCELLENT,persistent_p95_dark+severe_face,10,18,left,271,92,85.0,1.0823529411764705,1.0,323,3.4838709677419355,True,False,False,False
Nfib_S560,Nfib,560,0.0,EXCELLENT,persistent_p95_dark+severe_face,11,18,bottom,594,267,175.0,1.5257142857142858,1.0,957,3.574626865671642,True,False,False,False
Nfib_S560,Nfib,560,0.0,EXCELLENT,persistent_p95_dark+severe_face,12,19,top,222,10,145.0,0.06896551724137931,4.8,32,3.0,True,True,True,True
Nfib_S560,Nfib,560,0.0,EXCELLENT,persistent_p95_dark+severe_face,13,19,bottom,600,236,200.0,1.18,1.0,806,3.4050632911392404,True,False,False,False
Nfib_S560,Nfib,560,0.0,EXCELLENT,persistent_p95_dark+severe_face,14,24,left,65,10,25.0,0.4,1.84,169,15.454545454545455,True,False,True,True
Npy1r_S500,Npy1r,500,0.1153103927342195,CLEAN,grid>0.05,1,3,right,18,1,10.0,0.1,2.8,23,12.0,True,False,True,True
Npy1r_S500,Npy1r,500,0.1153103927342195,CLEAN,grid>0.05,2,6,right,93,4,65.0,0.06153846153846154,4.1000000000000005,67,13.6,True,False,True,True
Npy1r_S500,Npy1r,500,0.1153103927342195,CLEAN,grid>0.05,3,7,right,50,3,30.0,0.1,2.947368421052632,55,14.0,True,False,True,True
Npy1r_S500,Npy1r,500,0.1153103927342195,CLEAN,grid>0.05,4,8,right,35,4,20.0,0.2,2.56,76,15.4,True,False,True,True
Npy1r_S500,Npy1r,500,0.1153103927342195,CLEAN,grid>0.05,5,10,right,60,10,30.0,0.3333333333333333,2.3454545454545457,69,6.363636363636363,True,False,True,True
Npy1r_S500,Npy1r,500,0.1153103927342195,CLEAN,grid>0.05,6,11,right,48,3,15.0,0.2,1.95,94,23.75,True,False,True,True
Npy1r_S500,Npy1r,500,0.1153103927342195,CLEAN,grid>0.05,7,12,right,24,1,15.0,0.06666666666666667,2.5142857142857142,46,23.5,True,False,True,True
Npy1r_S500,Npy1r,500,0.1153103927342195,CLEAN,grid>0.05,8,13,right,29,0,15.0,0.0,2.1,112,113.0,True,False,True,True
Npy1r_S500,Npy1r,500,0.1153103927342195,CLEAN,grid>0.05,9,18,right,31,3,20.0,0.15,2.25,56,14.25,True,False,True,True
Npy1r_S500,Npy1r,500,0.1153103927342195,CLEAN,grid>0.05,10,19,right,24,2,15.0,0.13333333333333333,2.018181818181818,66,22.333333333333332,True,False,True,True
Npy1r_S500,Npy1r,500,0.1153103927342195,CLEAN,grid>0.05,11,20,right,44,2,25.0,0.08,2.2714285714285714,91,30.666666666666668,True,False,True,True
Npy1r_S500,Npy1r,500,0.1153103927342195,CLEAN,grid>0.05,12,21,right,14,0,5.0,0.0,,63,64.0,False,False,False,False
Npy1r_S500,Npy1r,500,0.1153103927342195,CLEAN,grid>0.05,13,22,right,22,1,10.0,0.1,1.675,52,26.5,True,False,True,True
Npy1r_S530,Npy1r,530,0.0788171996399704,EXCELLENT,grid>0.05,1,2,right,7,0,,,,6,7.0,False,False,False,False
Npy1r_S530,Npy1r,530,0.0788171996399704,EXCELLENT,grid>0.05,2,10,right,41,2,15.0,0.13333333333333333,2.025,50,17.0,True,False,True,True
Npy1r_S530,Npy1r,530,0.0788171996399704,EXCELLENT,grid>0.05,3,11,right,26,1,10.0,0.1,2.72,21,11.0,True,False,True,True
Npy1r_S530,Npy1r,530,0.0788171996399704,EXCELLENT,grid>0.05,4,12,right,114,3,85.0,0.03529411764705882,4.8,46,11.75,True,True,True,True
Npy1r_S530,Npy1r,530,0.0788171996399704,EXCELLENT,grid>0.05,5,18,right,39,4,20.0,0.2,3.2769230769230773,32,6.6,True,False,True,True
Npy1r_S530,Npy1r,530,0.0788171996399704,EXCELLENT,grid>0.05,6,19,right,56,7,30.0,0.23333333333333334,2.6666666666666665,50,6.375,True,False,True,True
Npy1r_S530,Npy1r,530,0.0788171996399704,EXCELLENT,grid>0.05,7,20,right,36,1,15.0,0.06666666666666667,2.4,35,18.0,True,False,True,True
Npy1r_S530,Npy1r,530,0.0788171996399704,EXCELLENT,grid>0.05,8,22,right,44,2,20.0,0.1,3.2,34,11.666666666666666,True,False,True,True
Npy1r_S530,Npy1r,530,0.0788171996399704,EXCELLENT,grid>0.05,9,0,right,13,0,10.0,0.0,4.8,7,8.0,True,True,True,True
Npy1r_S530,Npy1r,530,0.0788171996399704,EXCELLENT,grid>0.05,10,0,bottom,11,4,,,,33,6.8,False,False,False,False
Npy1r_S530,Npy1r,530,0.0788171996399704,EXCELLENT,grid>0.05,11,1,right,47,3,25.0,0.12,2.7,50,12.75,True,False,True,True
Npy1r_S530,Npy1r,530,0.0788171996399704,EXCELLENT,grid>0.05,12,1,bottom,11,2,,,,61,20.666666666666668,False,False,False,False
Npy1r_S530,Npy1r,530,0.0788171996399704,EXCELLENT,grid>0.05,13,5,bottom,52,9,15.0,0.6,1.3909090909090909,85,8.6,True,False,True,True
Npy1r_S530,Npy1r,530,0.0788171996399704,EXCELLENT,grid>0.05,14,6,bottom,33,4,10.0,0.4,1.2571428571428571,45,9.2,True,False,True,True
Npy1r_S530,Npy1r,530,0.0788171996399704,EXCELLENT,grid>0.05,15,13,right,72,9,45.0,0.2,3.6285714285714286,57,5.8,True,False,True,True
Npy1r_S530,Npy1r,530,0.0788171996399704,EXCELLENT,grid>0.05,16,16,right,40,3,20.0,0.15,2.4499999999999997,55,14.0,True,False,True,True
Npy1r_S530,Npy1r,530,0.0788171996399704,EXCELLENT,grid>0.05,17,17,right,40,2,30.0,0.06666666666666667,4.116666666666667,31,10.666666666666666,True,False,True,True
Npy1r_S530,Npy1r,530,0.0788171996399704,EXCELLENT,grid>0.05,18,21,right,23,1,10.0,0.1,2.28,36,18.5,True,False,True,True
Npy1r_S530,Npy1r,530,0.0788171996399704,EXCELLENT,grid>0.05,19,23,right,20,2,10.0,0.2,2.175,28,9.666666666666666,True,False,True,True
Npy1r_S560,Npy1r,560,0.1205473328326715,CLEAN,grid>0.05,1,1,right,262,54,135.0,0.4,2.1962264150943396,357,6.509090909090909,True,False,True,True
Npy1r_S560,Npy1r,560,0.1205473328326715,CLEAN,grid>0.05,2,2,right,241,32,130.0,0.24615384615384617,2.1789473684210527,371,11.272727272727273,True,False,True,True
Npy1r_S560,Npy1r,560,0.1205473328326715,CLEAN,grid>0.05,3,6,right,107,3,55.0,0.05454545454545454,2.4156862745098038,168,42.25,True,False,True,True
Npy1r_S560,Npy1r,560,0.1205473328326715,CLEAN,grid>0.05,4,11,right,23,4,10.0,0.4,1.4875,78,15.8,True,False,True,True
Npy1r_S560,Npy1r,560,0.1205473328326715,CLEAN,grid>0.05,5,12,right,15,2,,,,46,15.666666666666666,False,False,False,False
Npy1r_S560,Npy1r,560,0.1205473328326715,CLEAN,grid>0.05,6,17,right,34,8,5.0,1.6,,81,9.11111111111111,False,False,False,False
Npy1r_S560,Npy1r,560,0.1205473328326715,CLEAN,grid>0.05,7,18,right,37,3,15.0,0.2,1.84,93,23.5,True,False,True,True
Npy1r_S560,Npy1r,560,0.1205473328326715,CLEAN,grid>0.05,8,19,right,50,11,15.0,0.7333333333333333,1.3714285714285714,89,7.5,True,False,True,False
Npy1r_S560,Npy1r,560,0.1205473328326715,CLEAN,grid>0.05,9,20,right,126,11,70.0,0.15714285714285714,2.723404255319149,157,13.166666666666666,True,False,True,True
Npy1r_S560,Npy1r,560,0.1205473328326715,CLEAN,grid>0.05,10,21,right,101,7,50.0,0.14,2.2363636363636363,137,17.25,True,False,True,True
Npy1r_S560,Npy1r,560,0.1205473328326715,CLEAN,grid>0.05,11,22,right,205,23,95.0,0.24210526315789474,1.932,298,12.458333333333334,True,False,True,True
Npy1r_S560,Npy1r,560,0.1205473328326715,CLEAN,grid>0.05,12,23,right,150,5,70.0,0.07142857142857142,2.5543859649122806,173,29.0,True,False,True,True
Npy5r_S500,Npy5r,500,0.1113213230388364,CLEAN,grid>0.05,1,0,bottom,280,59,120.0,0.49166666666666664,2.0,239,4.0,True,False,True,True
Npy5r_S500,Npy5r,500,0.1113213230388364,CLEAN,grid>0.05,2,1,left,111,50,30.0,1.6666666666666667,1.0,154,3.0392156862745097,True,False,False,False
Npy5r_S500,Npy5r,500,0.1113213230388364,CLEAN,grid>0.05,3,1,bottom,184,50,85.0,0.5882352941176471,1.7473684210526317,185,3.6470588235294117,True,False,True,True
Npy5r_S500,Npy5r,500,0.1113213230388364,CLEAN,grid>0.05,4,2,left,213,89,50.0,1.78,1.0,283,3.1555555555555554,True,False,False,False
Npy5r_S500,Npy5r,500,0.1113213230388364,CLEAN,grid>0.05,5,2,right,181,51,80.0,0.6375,2.1,157,3.0384615384615383,True,False,True,True
Npy5r_S500,Npy5r,500,0.1113213230388364,CLEAN,grid>0.05,6,2,bottom,188,65,60.0,1.0833333333333333,1.0,226,3.4393939393939394,True,False,False,False
Npy5r_S500,Npy5r,500,0.1113213230388364,CLEAN,grid>0.05,7,3,left,141,66,35.0,1.8857142857142857,1.0,234,3.5074626865671643,True,False,False,False
Npy5r_S500,Npy5r,500,0.1113213230388364,CLEAN,grid>0.05,8,3,bottom,197,50,90.0,0.5555555555555556,1.6214285714285714,259,5.098039215686274,True,False,True,True
Npy5r_S500,Npy5r,500,0.1113213230388364,CLEAN,grid>0.05,9,5,left,171,80,40.0,2.0,1.0,324,4.012345679012346,True,False,False,False
Npy5r_S500,Npy5r,500,0.1113213230388364,CLEAN,grid>0.05,10,6,bottom,150,46,50.0,0.92,1.12,150,3.2127659574468086,True,False,False,False
Npy5r_S500,Npy5r,500,0.1113213230388364,CLEAN,grid>0.05,11,7,left,114,67,20.0,3.35,1.0,398,5.867647058823529,True,False,False,False
Npy5r_S500,Npy5r,500,0.1113213230388364,CLEAN,grid>0.05,12,11,left,149,82,30.0,2.7333333333333334,1.0,299,3.6144578313253013,True,False,False,False
Npy5r_S500,Npy5r,500,0.1113213230388364,CLEAN,grid>0.05,13,11,right,104,20,45.0,0.4444444444444444,1.7523809523809524,152,7.285714285714286,True,False,True,True
Npy5r_S500,Npy5r,500,0.1113213230388364,CLEAN,grid>0.05,14,12,right,107,16,55.0,0.2909090909090909,2.2444444444444445,158,9.352941176470589,True,False,True,True
Npy5r_S500,Npy5r,500,0.1113213230388364,CLEAN,grid>0.05,15,13,left,93,44,15.0,2.933333333333333,1.0,436,9.71111111111111,True,False,False,False
Npy5r_S500,Npy5r,500,0.1113213230388364,CLEAN,grid>0.05,16,13,right,100,19,45.0,0.4222222222222222,2.0142857142857142,94,4.75,True,False,True,True
Npy5r_S500,Npy5r,500,0.1113213230388364,CLEAN,grid>0.05,17,15,bottom,172,39,80.0,0.4875,1.82,237,5.95,True,False,True,True
Npy5r_S500,Npy5r,500,0.1113213230388364,CLEAN,grid>0.05,18,17,bottom,123,35,50.0,0.7,1.4000000000000001,116,3.25,True,False,True,False
Npy5r_S500,Npy5r,500,0.1113213230388364,CLEAN,grid>0.05,19,19,right,179,49,80.0,0.6125,2.0709677419354837,144,2.9,True,False,True,True
Npy5r_S500,Npy5r,500,0.1113213230388364,CLEAN,grid>0.05,20,19,top,250,87,75.0,1.16,1.0,294,3.352272727272727,True,False,False,False
Npy5r_S500,Npy5r,500,0.1113213230388364,CLEAN,grid>0.05,21,20,top,232,57,90.0,0.6333333333333333,1.7000000000000002,194,3.3620689655172415,True,False,True,True
Npy5r_S500,Npy5r,500,0.1113213230388364,CLEAN,grid>0.05,22,21,right,124,31,45.0,0.6888888888888889,1.6,116,3.65625,True,False,True,True
Npy5r_S500,Npy5r,500,0.1113213230388364,CLEAN,grid>0.05,23,21,top,185,59,55.0,1.0727272727272728,1.0,244,4.083333333333333,True,False,False,False
Npy5r_S500,Npy5r,500,0.1113213230388364,CLEAN,grid>0.05,24,23,right,89,21,25.0,0.84,1.1714285714285715,105,4.818181818181818,True,False,True,False
Otx2os1_S500,Otx2os1,500,0.1307228486578869,CLEAN,grid>0.05,1,2,right,55,6,35.0,0.17142857142857143,2.618181818181818,62,9.0,True,False,True,True
Otx2os1_S500,Otx2os1,500,0.1307228486578869,CLEAN,grid>0.05,2,6,right,35,3,15.0,0.2,2.1,44,11.25,True,False,True,True
Otx2os1_S500,Otx2os1,500,0.1307228486578869,CLEAN,grid>0.05,3,7,right,65,9,35.0,0.2571428571428571,2.6285714285714286,57,5.8,True,False,True,True
Otx2os1_S500,Otx2os1,500,0.1307228486578869,CLEAN,grid>0.05,4,8,right,103,26,50.0,0.52,3.7625,57,2.1481481481481484,True,False,True,True
Otx2os1_S500,Otx2os1,500,0.1307228486578869,CLEAN,grid>0.05,5,11,right,41,11,15.0,0.7333333333333333,1.3,66,5.583333333333333,True,False,True,False
Otx2os1_S500,Otx2os1,500,0.1307228486578869,CLEAN,grid>0.05,6,12,right,23,0,15.0,0.0,3.04,34,35.0,True,False,True,True
Otx2os1_S500,Otx2os1,500,0.1307228486578869,CLEAN,grid>0.05,7,13,right,18,2,10.0,0.2,2.4,34,11.666666666666666,True,False,True,True
Otx2os1_S500,Otx2os1,500,0.1307228486578869,CLEAN,grid>0.05,8,16,right,38,5,20.0,0.25,2.1,59,10.0,True,False,True,True
Otx2os1_S500,Otx2os1,500,0.1307228486578869,CLEAN,grid>0.05,9,17,right,32,2,20.0,0.1,2.9714285714285715,35,12.0,True,False,True,True
Otx2os1_S500,Otx2os1,500,0.1307228486578869,CLEAN,grid>0.05,10,18,right,29,12,5.0,2.4,,58,4.538461538461538,False,False,False,False
Otx2os1_S500,Otx2os1,500,0.1307228486578869,CLEAN,grid>0.05,11,19,right,43,12,20.0,0.6,1.657142857142857,49,3.8461538461538463,True,False,True,True
Otx2os1_S500,Otx2os1,500,0.1307228486578869,CLEAN,grid>0.05,12,20,right,38,14,10.0,1.4,1.0,59,4.0,True,False,False,False
Otx2os1_S500,Otx2os1,500,0.1307228486578869,CLEAN,grid>0.05,13,21,right,37,4,15.0,0.26666666666666666,2.9333333333333336,23,4.8,True,False,True,True
Otx2os1_S500,Otx2os1,500,0.1307228486578869,CLEAN,grid>0.05,14,22,right,18,0,15.0,0.0,2.8,27,28.0,True,False,True,True
Otx2os1_S500,Otx2os1,500,0.1307228486578869,CLEAN,grid>0.05,15,23,right,35,3,20.0,0.15,2.325,49,12.5,True,False,True,True
Otx2os1_S530,Otx2os1,530,0.1339297079277666,CLEAN,grid>0.05,1,2,bottom,62,19,20.0,0.95,1.0375,78,3.95,True,False,False,False
Otx2os1_S530,Otx2os1,530,0.1339297079277666,CLEAN,grid>0.05,2,6,bottom,75,11,30.0,0.36666666666666664,1.9846153846153847,64,5.416666666666667,True,False,True,True
Otx2os1_S530,Otx2os1,530,0.1339297079277666,CLEAN,grid>0.05,3,6,right,41,2,20.0,0.1,2.9333333333333336,32,11.0,True,False,True,True
Otx2os1_S530,Otx2os1,530,0.1339297079277666,CLEAN,grid>0.05,4,7,bottom,40,8,20.0,0.4,1.86,54,6.111111111111111,True,False,True,True
Otx2os1_S530,Otx2os1,530,0.1339297079277666,CLEAN,grid>0.05,5,7,right,101,11,50.0,0.22,3.2,60,5.083333333333333,True,False,True,True
Otx2os1_S530,Otx2os1,530,0.1339297079277666,CLEAN,grid>0.05,6,9,bottom,86,31,35.0,0.8857142857142857,1.1714285714285715,89,2.8125,True,False,True,False
Otx2os1_S530,Otx2os1,530,0.1339297079277666,CLEAN,grid>0.05,7,10,bottom,106,32,40.0,0.8,1.3,89,2.727272727272727,True,False,True,False
Otx2os1_S530,Otx2os1,530,0.1339297079277666,CLEAN,grid>0.05,8,10,right,61,8,30.0,0.26666666666666666,2.34,54,6.111111111111111,True,False,True,True
Otx2os1_S530,Otx2os1,530,0.1339297079277666,CLEAN,grid>0.05,9,11,bottom,40,11,15.0,0.7333333333333333,1.5,38,3.25,True,False,True,False
Otx2os1_S530,Otx2os1,530,0.1339297079277666,CLEAN,grid>0.05,10,11,right,45,3,25.0,0.12,2.8,39,10.0,True,False,True,True
Otx2os1_S530,Otx2os1,530,0.1339297079277666,CLEAN,grid>0.05,11,12,bottom,43,7,15.0,0.4666666666666667,1.8,48,6.125,True,False,True,True
Otx2os1_S530,Otx2os1,530,0.1339297079277666,CLEAN,grid>0.05,12,12,right,66,7,30.0,0.23333333333333334,2.5454545454545454,55,7.0,True,False,True,True
Otx2os1_S530,Otx2os1,530,0.1339297079277666,CLEAN,grid>0.05,13,13,bottom,48,10,20.0,0.5,1.8,52,4.818181818181818,True,False,True,True
Otx2os1_S530,Otx2os1,530,0.1339297079277666,CLEAN,grid>0.05,14,13,right,66,9,25.0,0.36,1.9384615384615385,60,6.1,True,False,True,True
Otx2os1_S530,Otx2os1,530,0.1339297079277666,CLEAN,grid>0.05,15,15,bottom,58,4,25.0,0.16,1.9875,56,11.4,True,False,True,True
Otx2os1_S530,Otx2os1,530,0.1339297079277666,CLEAN,grid>0.05,16,16,right,59,9,30.0,0.3,2.4,60,6.1,True,False,True,True
Otx2os1_S530,Otx2os1,530,0.1339297079277666,CLEAN,grid>0.05,17,19,bottom,62,18,30.0,0.6,1.425,78,4.157894736842105,True,False,True,True
Otx2os1_S530,Otx2os1,530,0.1339297079277666,CLEAN,grid>0.05,18,19,right,61,10,25.0,0.4,1.85,76,7.0,True,False,True,True
Otx2os1_S530,Otx2os1,530,0.1339297079277666,CLEAN,grid>0.05,19,20,right,54,8,25.0,0.32,2.4285714285714284,65,7.333333333333333,True,False,True,True
Otx2os1_S560,Otx2os1,560,0.1333963727287647,CLEAN,grid>0.05,1,1,right,136,42,50.0,0.84,1.24,190,4.441860465116279,True,False,True,False
Otx2os1_S560,Otx2os1,560,0.1333963727287647,CLEAN,grid>0.05,2,2,right,4,0,,,,7,8.0,False,False,False,False
Otx2os1_S560,Otx2os1,560,0.1333963727287647,CLEAN,grid>0.05,3,6,right,39,1,25.0,0.04,2.1818181818181817,69,35.0,True,False,True,True
Otx2os1_S560,Otx2os1,560,0.1333963727287647,CLEAN,grid>0.05,4,6,top,31,22,,,,89,3.9130434782608696,False,False,False,False
Otx2os1_S560,Otx2os1,560,0.1333963727287647,CLEAN,grid>0.05,5,7,right,43,8,20.0,0.4,1.5307692307692309,78,8.777777777777779,True,False,True,True
Otx2os1_S560,Otx2os1,560,0.1333963727287647,CLEAN,grid>0.05,6,12,right,25,2,10.0,0.2,1.8,51,17.333333333333332,True,False,True,True
Otx2os1_S560,Otx2os1,560,0.1333963727287647,CLEAN,grid>0.05,7,12,top,14,2,5.0,0.4,,43,14.666666666666666,False,False,False,False
Otx2os1_S560,Otx2os1,560,0.1333963727287647,CLEAN,grid>0.05,8,13,right,31,1,10.0,0.1,2.04,66,33.5,True,False,True,True
Otx2os1_S560,Otx2os1,560,0.1333963727287647,CLEAN,grid>0.05,9,15,left,18,3,5.0,0.6,,113,28.5,False,False,False,False
Otx2os1_S560,Otx2os1,560,0.1333963727287647,CLEAN,grid>0.05,10,15,top,14,6,,,,72,10.428571428571429,False,False,False,False
Otx2os1_S560,Otx2os1,560,0.1333963727287647,CLEAN,grid>0.05,11,16,right,21,3,5.0,0.6,,52,13.25,False,False,False,False
Otx2os1_S560,Otx2os1,560,0.1333963727287647,CLEAN,grid>0.05,12,16,top,23,9,5.0,1.8,,100,10.1,False,False,False,False
Otx2os1_S560,Otx2os1,560,0.1333963727287647,CLEAN,grid>0.05,13,17,right,21,0,15.0,0.0,2.7,31,32.0,True,False,True,True
Otx2os1_S560,Otx2os1,560,0.1333963727287647,CLEAN,grid>0.05,14,17,top,19,10,,,,51,4.7272727272727275,False,False,False,False
Otx2os1_S560,Otx2os1,560,0.1333963727287647,CLEAN,grid>0.05,15,18,right,23,1,10.0,0.1,2.057142857142857,35,18.0,True,False,True,True
Otx2os1_S560,Otx2os1,560,0.1333963727287647,CLEAN,grid>0.05,16,19,right,29,4,10.0,0.4,1.6,47,9.6,True,False,True,True
Otx2os1_S560,Otx2os1,560,0.1333963727287647,CLEAN,grid>0.05,17,19,top,0,0,,,,0,1.0,False,False,False,False
Otx2os1_S560,Otx2os1,560,0.1333963727287647,CLEAN,grid>0.05,18,20,right,46,8,20.0,0.4,1.657142857142857,61,6.888888888888889,True,False,True,True
Otx2os1_S560,Otx2os1,560,0.1333963727287647,CLEAN,grid>0.05,19,20,top,43,15,20.0,0.75,1.3555555555555556,80,5.0625,True,False,True,False
Otx2os1_S560,Otx2os1,560,0.1333963727287647,CLEAN,grid>0.05,20,21,right,53,5,25.0,0.2,2.9333333333333336,48,8.166666666666666,True,False,True,True
Otx2os1_S560,Otx2os1,560,0.1333963727287647,CLEAN,grid>0.05,21,21,top,47,7,15.0,0.4666666666666667,1.3,66,8.375,True,False,True,True
Otx2os1_S560,Otx2os1,560,0.1333963727287647,CLEAN,grid>0.05,22,22,left,27,9,,,,73,7.4,False,False,False,False
Otx2os1_S560,Otx2os1,560,0.1333963727287647,CLEAN,grid>0.05,23,22,right,39,3,10.0,0.3,1.8,39,10.0,True,False,True,True
Otx2os1_S560,Otx2os1,560,0.1333963727287647,CLEAN,grid>0.05,24,23,right,50,13,10.0,1.3,1.0,88,6.357142857142857,True,False,False,False
Otx2os1_S560,Otx2os1,560,0.1333963727287647,CLEAN,grid>0.05,25,23,top,65,19,20.0,0.95,1.0375,95,4.8,True,False,False,False
Otx2os1_S560,Otx2os1,560,0.1333963727287647,CLEAN,grid>0.05,26,24,left,36,3,20.0,0.15,1.7642857142857142,82,20.75,True,False,True,True
Otx2os1_S560,Otx2os1,560,0.1333963727287647,CLEAN,grid>0.05,27,24,top,34,6,15.0,0.4,1.6181818181818182,86,12.428571428571429,True,False,True,True
Pde11a_S500,Pde11a,500,0.1004067310276434,CLEAN,grid>0.05,1,5,bottom,205,42,90.0,0.4666666666666667,2.269565217391304,148,3.4651162790697674,True,False,True,True
Pde11a_S500,Pde11a,500,0.1004067310276434,CLEAN,grid>0.05,2,5,top,24,5,10.0,0.5,2.6666666666666665,14,2.5,True,False,True,True
Pde11a_S500,Pde11a,500,0.1004067310276434,CLEAN,grid>0.05,3,7,bottom,75,15,35.0,0.42857142857142855,1.5608695652173914,146,9.1875,True,False,True,True
Pde11a_S500,Pde11a,500,0.1004067310276434,CLEAN,grid>0.05,4,7,right,131,23,65.0,0.35384615384615387,2.3454545454545457,120,5.041666666666667,True,False,True,True
Pde11a_S500,Pde11a,500,0.1004067310276434,CLEAN,grid>0.05,5,8,bottom,98,14,35.0,0.4,1.6421052631578947,157,10.533333333333333,True,False,True,True
Pde11a_S500,Pde11a,500,0.1004067310276434,CLEAN,grid>0.05,6,8,right,175,31,90.0,0.34444444444444444,3.0133333333333336,124,3.90625,True,False,True,True
Pde11a_S500,Pde11a,500,0.1004067310276434,CLEAN,grid>0.05,7,9,right,116,27,55.0,0.4909090909090909,2.1176470588235294,99,3.5714285714285716,True,False,True,True
Pde11a_S500,Pde11a,500,0.1004067310276434,CLEAN,grid>0.05,8,9,top,112,39,35.0,1.1142857142857143,1.0,142,3.575,True,False,False,False
Pde11a_S500,Pde11a,500,0.1004067310276434,CLEAN,grid>0.05,9,10,right,140,24,65.0,0.36923076923076925,2.5739130434782607,108,4.36,True,False,True,True
Pde11a_S500,Pde11a,500,0.1004067310276434,CLEAN,grid>0.05,10,10,top,73,26,20.0,1.3,1.0,115,4.296296296296297,True,False,False,False
Pde11a_S500,Pde11a,500,0.1004067310276434,CLEAN,grid>0.05,11,11,bottom,168,34,60.0,0.5666666666666667,1.9428571428571428,143,4.114285714285714,True,False,True,True
Pde11a_S500,Pde11a,500,0.1004067310276434,CLEAN,grid>0.05,12,11,top,107,36,35.0,1.0285714285714285,1.0,217,5.891891891891892,True,False,False,False
Pde11a_S500,Pde11a,500,0.1004067310276434,CLEAN,grid>0.05,13,12,bottom,139,57,35.0,1.6285714285714286,1.0,220,3.810344827586207,True,False,False,False
Pde11a_S500,Pde11a,500,0.1004067310276434,CLEAN,grid>0.05,14,12,top,80,27,30.0,0.9,1.045,255,9.142857142857142,True,False,False,False
Pde11a_S500,Pde11a,500,0.1004067310276434,CLEAN,grid>0.05,15,13,bottom,153,37,50.0,0.74,1.1857142857142857,202,5.342105263157895,True,False,True,False
Pde11a_S500,Pde11a,500,0.1004067310276434,CLEAN,grid>0.05,16,15,bottom,106,27,40.0,0.675,1.6,99,3.5714285714285716,True,False,True,True
Pde11a_S500,Pde11a,500,0.1004067310276434,CLEAN,grid>0.05,17,16,bottom,156,38,45.0,0.8444444444444444,1.21,116,3.0,True,False,True,False
Pde11a_S500,Pde11a,500,0.1004067310276434,CLEAN,grid>0.05,18,17,right,146,39,60.0,0.65,1.52,149,3.75,True,False,True,True
Pde11a_S500,Pde11a,500,0.1004067310276434,CLEAN,grid>0.05,19,18,bottom,147,53,25.0,2.12,1.0,164,3.0555555555555554,True,False,False,False
Pde11a_S500,Pde11a,500,0.1004067310276434,CLEAN,grid>0.05,20,18,top,130,44,45.0,0.9777777777777777,1.0166666666666666,224,5.0,True,False,False,False
Pde11a_S500,Pde11a,500,0.1004067310276434,CLEAN,grid>0.05,21,19,right,204,39,75.0,0.52,1.72,143,3.6,True,False,True,True
Pde11a_S500,Pde11a,500,0.1004067310276434,CLEAN,grid>0.05,22,19,top,170,53,60.0,0.8833333333333333,1.190909090909091,229,4.2592592592592595,True,False,True,False
Pde11a_S500,Pde11a,500,0.1004067310276434,CLEAN,grid>0.05,23,20,right,144,33,55.0,0.6,1.54,165,4.882352941176471,True,False,True,True
Pde11a_S500,Pde11a,500,0.1004067310276434,CLEAN,grid>0.05,24,20,top,192,64,65.0,0.9846153846153847,1.012,262,4.046153846153846,True,False,False,False
Pde11a_S500,Pde11a,500,0.1004067310276434,CLEAN,grid>0.05,25,21,right,132,27,60.0,0.45,2.0285714285714285,125,4.5,True,False,True,True
Pde11a_S500,Pde11a,500,0.1004067310276434,CLEAN,grid>0.05,26,21,top,131,22,70.0,0.3142857142857143,2.618181818181818,119,5.217391304347826,True,False,True,True
Pde11a_S500,Pde11a,500,0.1004067310276434,CLEAN,grid>0.05,27,22,right,134,26,55.0,0.4727272727272727,1.8800000000000001,114,4.2592592592592595,True,False,True,True
Pde11a_S500,Pde11a,500,0.1004067310276434,CLEAN,grid>0.05,28,22,top,178,30,60.0,0.5,2.033333333333333,101,3.2903225806451615,True,False,True,True
Pde11a_S500,Pde11a,500,0.1004067310276434,CLEAN,grid>0.05,29,23,right,112,29,50.0,0.58,1.8,146,4.9,True,False,True,True
Pde11a_S530,Pde11a,530,0.1518210541018408,LOW,grid>0.05,1,2,bottom,113,34,40.0,0.85,1.225,100,2.8857142857142857,True,False,True,False
Pde11a_S530,Pde11a,530,0.1518210541018408,LOW,grid>0.05,2,6,left,83,35,20.0,1.75,1.0,101,2.8333333333333335,True,False,False,False
Pde11a_S530,Pde11a,530,0.1518210541018408,LOW,grid>0.05,3,7,right,91,18,45.0,0.4,2.4,85,4.526315789473684,True,False,True,True
Pde11a_S530,Pde11a,530,0.1518210541018408,LOW,grid>0.05,4,10,right,136,37,50.0,0.74,1.3800000000000001,122,3.236842105263158,True,False,True,False
Pde11a_S530,Pde11a,530,0.1518210541018408,LOW,grid>0.05,5,12,right,120,23,50.0,0.46,2.56,84,3.5416666666666665,True,False,True,True
Pde11a_S530,Pde11a,530,0.1518210541018408,LOW,grid>0.05,6,12,top,117,57,35.0,1.6285714285714286,1.0,152,2.6379310344827585,True,False,False,False
Pde11a_S530,Pde11a,530,0.1518210541018408,LOW,grid>0.05,7,13,bottom,185,59,75.0,0.7866666666666666,1.2285714285714286,229,3.8333333333333335,True,False,True,False
Pde11a_S530,Pde11a,530,0.1518210541018408,LOW,grid>0.05,8,16,bottom,71,25,25.0,1.0,1.0,78,3.0384615384615383,True,False,False,False
Pde11a_S530,Pde11a,530,0.1518210541018408,LOW,grid>0.05,9,16,right,69,8,30.0,0.26666666666666666,1.9714285714285715,76,8.555555555555555,True,False,True,True
Pde11a_S530,Pde11a,530,0.1518210541018408,LOW,grid>0.05,10,17,right,105,17,40.0,0.425,1.8857142857142857,83,4.666666666666667,True,False,True,True
Pde11a_S530,Pde11a,530,0.1518210541018408,LOW,grid>0.05,11,18,right,146,37,55.0,0.6727272727272727,1.7545454545454546,126,3.3421052631578947,True,False,True,True
Pde11a_S530,Pde11a,530,0.1518210541018408,LOW,grid>0.05,12,19,right,236,64,100.0,0.64,2.0454545454545454,169,2.6153846153846154,True,False,True,True
Pde11a_S530,Pde11a,530,0.1518210541018408,LOW,grid>0.05,13,20,right,143,30,65.0,0.46153846153846156,1.968,124,4.032258064516129,True,False,True,True
Pde11a_S530,Pde11a,530,0.1518210541018408,LOW,grid>0.05,14,21,right,82,23,30.0,0.7666666666666667,1.2625000000000002,85,3.5833333333333335,True,False,True,False
Pde11a_S530,Pde11a,530,0.1518210541018408,LOW,grid>0.05,15,22,left,88,24,35.0,0.6857142857142857,1.2750000000000001,87,3.52,True,False,True,True
Pde11a_S530,Pde11a,530,0.1518210541018408,LOW,grid>0.05,16,22,right,114,18,55.0,0.32727272727272727,2.55,83,4.421052631578948,True,False,True,True
Pde11a_S530,Pde11a,530,0.1518210541018408,LOW,grid>0.05,17,23,right,78,10,40.0,0.25,1.9285714285714286,75,6.909090909090909,True,False,True,True
Pde11a_S560,Pde11a,560,0.1549756406138289,LOW,grid>0.05+persistent_p95_dark+severe_face,1,1,right,429,118,180.0,0.6555555555555556,1.40625,662,5.571428571428571,True,False,True,True
Pde11a_S560,Pde11a,560,0.1549756406138289,LOW,grid>0.05+persistent_p95_dark+severe_face,2,1,bottom,539,56,305.0,0.18360655737704917,4.155223880597015,308,5.421052631578948,True,False,True,True
Pde11a_S560,Pde11a,560,0.1549756406138289,LOW,grid>0.05+persistent_p95_dark+severe_face,3,2,right,47,5,10.0,0.5,1.55,27,4.666666666666667,True,False,True,True
Pde11a_S560,Pde11a,560,0.1549756406138289,LOW,grid>0.05+persistent_p95_dark+severe_face,4,6,right,283,61,125.0,0.488,1.902127659574468,336,5.435483870967742,True,False,True,True
Pde11a_S560,Pde11a,560,0.1549756406138289,LOW,grid>0.05+persistent_p95_dark+severe_face,5,6,top,304,119,95.0,1.2526315789473683,1.0,410,3.425,True,False,False,False
Pde11a_S560,Pde11a,560,0.1549756406138289,LOW,grid>0.05+persistent_p95_dark+severe_face,6,7,right,298,41,145.0,0.2827586206896552,2.325,314,7.5,True,False,True,True
Pde11a_S560,Pde11a,560,0.1549756406138289,LOW,grid>0.05+persistent_p95_dark+severe_face,7,9,right,49,4,25.0,0.16,4.2,25,5.2,True,False,True,True
Pde11a_S560,Pde11a,560,0.1549756406138289,LOW,grid>0.05+persistent_p95_dark+severe_face,8,12,right,284,62,115.0,0.5391304347826087,1.7428571428571429,286,4.555555555555555,True,False,True,True
Pde11a_S560,Pde11a,560,0.1549756406138289,LOW,grid>0.05+persistent_p95_dark+severe_face,9,12,top,348,98,145.0,0.6758620689655173,1.526190476190476,332,3.3636363636363638,True,False,True,True
Pde11a_S560,Pde11a,560,0.1549756406138289,LOW,grid>0.05+persistent_p95_dark+severe_face,10,13,left,256,99,70.0,1.4142857142857144,1.0,351,3.52,True,False,False,False
Pde11a_S560,Pde11a,560,0.1549756406138289,LOW,grid>0.05+persistent_p95_dark+severe_face,11,13,right,486,121,190.0,0.6368421052631579,1.4865671641791045,583,4.786885245901639,True,False,True,True
Pde11a_S560,Pde11a,560,0.1549756406138289,LOW,grid>0.05+persistent_p95_dark+severe_face,12,13,bottom,422,88,175.0,0.5028571428571429,1.7552238805970148,441,4.966292134831461,True,False,True,True
Pde11a_S560,Pde11a,560,0.1549756406138289,LOW,grid>0.05+persistent_p95_dark+severe_face,13,14,bottom,356,87,145.0,0.6,1.4764705882352942,547,6.2272727272727275,True,False,True,True
Pde11a_S560,Pde11a,560,0.1549756406138289,LOW,grid>0.05+persistent_p95_dark+severe_face,14,15,bottom,383,74,175.0,0.4228571428571429,1.9852941176470589,494,6.6,True,False,True,True
Pde11a_S560,Pde11a,560,0.1549756406138289,LOW,grid>0.05+persistent_p95_dark+severe_face,15,16,left,249,76,85.0,0.8941176470588236,1.15,306,3.987012987012987,True,False,True,False
Pde11a_S560,Pde11a,560,0.1549756406138289,LOW,grid>0.05+persistent_p95_dark+severe_face,16,16,top,336,131,85.0,1.5411764705882354,1.0,563,4.2727272727272725,True,False,False,False
Pde11a_S560,Pde11a,560,0.1549756406138289,LOW,grid>0.05+persistent_p95_dark+severe_face,17,17,left,217,60,85.0,0.7058823529411765,1.5173913043478262,217,3.5737704918032787,True,False,True,False
Pde11a_S560,Pde11a,560,0.1549756406138289,LOW,grid>0.05+persistent_p95_dark+severe_face,18,17,right,250,72,100.0,0.72,1.4129032258064516,283,3.8904109589041096,True,False,True,False
Pde11a_S560,Pde11a,560,0.1549756406138289,LOW,grid>0.05+persistent_p95_dark+severe_face,19,18,right,192,59,65.0,0.9076923076923077,1.0692307692307692,282,4.716666666666667,True,False,False,False
Pde11a_S560,Pde11a,560,0.1549756406138289,LOW,grid>0.05+persistent_p95_dark+severe_face,20,18,top,382,125,130.0,0.9615384615384616,1.0405405405405406,504,4.007936507936508,True,False,False,False
Pde11a_S560,Pde11a,560,0.1549756406138289,LOW,grid>0.05+persistent_p95_dark+severe_face,21,19,right,259,75,100.0,0.75,1.4000000000000001,266,3.513157894736842,True,False,True,False
Pde11a_S560,Pde11a,560,0.1549756406138289,LOW,grid>0.05+persistent_p95_dark+severe_face,22,19,top,19,3,5.0,0.6,,13,3.5,False,False,False,False
Pde11a_S560,Pde11a,560,0.1549756406138289,LOW,grid>0.05+persistent_p95_dark+severe_face,23,20,right,292,54,125.0,0.432,2.3419354838709676,234,4.2727272727272725,True,False,True,True
Pde11a_S560,Pde11a,560,0.1549756406138289,LOW,grid>0.05+persistent_p95_dark+severe_face,24,20,top,436,126,170.0,0.7411764705882353,1.3416666666666668,448,3.5354330708661417,True,False,True,False
Pde11a_S560,Pde11a,560,0.1549756406138289,LOW,grid>0.05+persistent_p95_dark+severe_face,25,21,left,285,118,80.0,1.475,1.0,331,2.7899159663865545,True,False,False,False
Pde11a_S560,Pde11a,560,0.1549756406138289,LOW,grid>0.05+persistent_p95_dark+severe_face,26,21,right,335,81,165.0,0.4909090909090909,2.151219512195122,303,3.707317073170732,True,False,True,True
Pde11a_S560,Pde11a,560,0.1549756406138289,LOW,grid>0.05+persistent_p95_dark+severe_face,27,22,left,278,103,90.0,1.1444444444444444,1.0,370,3.5673076923076925,True,False,False,False
Pde11a_S560,Pde11a,560,0.1549756406138289,LOW,grid>0.05+persistent_p95_dark+severe_face,28,22,right,269,56,105.0,0.5333333333333333,1.453846153846154,345,6.0701754385964914,True,False,True,True
Pde11a_S560,Pde11a,560,0.1549756406138289,LOW,grid>0.05+persistent_p95_dark+severe_face,29,22,top,399,120,150.0,0.8,1.4081081081081082,394,3.2644628099173554,True,False,True,False
Pde11a_S560,Pde11a,560,0.1549756406138289,LOW,grid>0.05+persistent_p95_dark+severe_face,30,23,left,217,72,70.0,1.0285714285714285,1.0,344,4.726027397260274,True,False,False,False
Pde11a_S560,Pde11a,560,0.1549756406138289,LOW,grid>0.05+persistent_p95_dark+severe_face,31,23,top,348,113,145.0,0.7793103448275862,1.2823529411764707,417,3.6666666666666665,True,False,True,False
Pdyn_S500,Pdyn,500,0.1343819777572155,CLEAN,grid>0.05,1,2,right,123,26,70.0,0.37142857142857144,3.266666666666667,84,3.1481481481481484,True,False,True,True
Pdyn_S500,Pdyn,500,0.1343819777572155,CLEAN,grid>0.05,2,3,right,43,8,20.0,0.4,2.533333333333333,33,3.7777777777777777,True,False,True,True
Pdyn_S500,Pdyn,500,0.1343819777572155,CLEAN,grid>0.05,3,6,right,135,30,50.0,0.6,1.8666666666666667,95,3.096774193548387,True,False,True,True
Pdyn_S500,Pdyn,500,0.1343819777572155,CLEAN,grid>0.05,4,7,right,127,36,60.0,0.6,2.2363636363636363,89,2.4324324324324325,True,False,True,True
Pdyn_S500,Pdyn,500,0.1343819777572155,CLEAN,grid>0.05,5,8,right,158,24,75.0,0.32,1.8685714285714285,254,10.2,True,False,True,True
Pdyn_S500,Pdyn,500,0.1343819777572155,CLEAN,grid>0.05,6,10,right,181,55,60.0,0.9166666666666666,1.1153846153846154,169,3.0357142857142856,True,False,False,False
Pdyn_S500,Pdyn,500,0.1343819777572155,CLEAN,grid>0.05,7,11,right,233,22,110.0,0.2,2.4585365853658536,287,12.521739130434783,True,False,True,True
Pdyn_S500,Pdyn,500,0.1343819777572155,CLEAN,grid>0.05,8,19,right,203,37,85.0,0.43529411764705883,2.2363636363636363,186,4.921052631578948,True,False,True,True
Pdyn_S500,Pdyn,500,0.1343819777572155,CLEAN,grid>0.05,9,20,right,190,36,90.0,0.4,2.139130434782609,201,5.45945945945946,True,False,True,True
Pdyn_S500,Pdyn,500,0.1343819777572155,CLEAN,grid>0.05,10,21,right,201,29,95.0,0.30526315789473685,2.9333333333333336,129,4.333333333333333,True,False,True,True
Pdyn_S530,Pdyn,530,0.1102537243036848,CLEAN,grid>0.05,1,8,right,87,25,35.0,0.7142857142857143,1.8,67,2.6153846153846154,True,False,True,False
Pdyn_S530,Pdyn,530,0.1102537243036848,CLEAN,grid>0.05,2,10,right,114,33,55.0,0.6,2.577777777777778,74,2.2058823529411766,True,False,True,True
Pdyn_S530,Pdyn,530,0.1102537243036848,CLEAN,grid>0.05,3,11,right,64,11,30.0,0.36666666666666664,2.742857142857143,40,3.4166666666666665,True,False,True,True
Pdyn_S530,Pdyn,530,0.1102537243036848,CLEAN,grid>0.05,4,12,right,95,19,50.0,0.38,3.12,66,3.35,True,False,True,True
Pdyn_S530,Pdyn,530,0.1102537243036848,CLEAN,grid>0.05,5,18,right,92,21,45.0,0.4666666666666667,2.533333333333333,57,2.6363636363636362,True,False,True,True
Pdyn_S530,Pdyn,530,0.1102537243036848,CLEAN,grid>0.05,6,19,right,131,32,55.0,0.5818181818181818,1.98,89,2.727272727272727,True,False,True,True
Pdyn_S530,Pdyn,530,0.1102537243036848,CLEAN,grid>0.05,7,20,right,121,28,30.0,0.9333333333333333,1.1,78,2.7241379310344827,True,False,False,False
Pdyn_S560,Pdyn,560,0.0739472214480642,EXCELLENT,grid>0.05,1,1,left,84,32,15.0,2.1333333333333333,1.0,246,7.484848484848484,True,False,False,False
Pdyn_S560,Pdyn,560,0.0739472214480642,EXCELLENT,grid>0.05,2,1,right,415,102,190.0,0.5368421052631579,2.2883720930232556,386,3.7572815533980584,True,False,True,True
Pdyn_S560,Pdyn,560,0.0739472214480642,EXCELLENT,grid>0.05,3,2,right,457,125,190.0,0.6578947368421053,1.480327868852459,547,4.349206349206349,True,False,True,True
Pdyn_S560,Pdyn,560,0.0739472214480642,EXCELLENT,grid>0.05,4,2,bottom,999,234,410.0,0.5707317073170731,1.8397350993377484,916,3.902127659574468,True,False,True,True
Pdyn_S560,Pdyn,560,0.0739472214480642,EXCELLENT,grid>0.05,5,3,left,417,175,115.0,1.5217391304347827,1.0,681,3.875,True,False,False,False
Pdyn_S560,Pdyn,560,0.0739472214480642,EXCELLENT,grid>0.05,6,5,top,24,6,10.0,0.6,1.3625,23,3.4285714285714284,True,False,True,True
Pdyn_S560,Pdyn,560,0.0739472214480642,EXCELLENT,grid>0.05,7,5,bottom,293,88,110.0,0.8,1.3138888888888889,291,3.2808988764044944,True,False,True,False
Pdyn_S560,Pdyn,560,0.0739472214480642,EXCELLENT,grid>0.05,8,6,right,293,59,115.0,0.5130434782608696,1.6875,326,5.45,True,False,True,True
Pdyn_S560,Pdyn,560,0.0739472214480642,EXCELLENT,grid>0.05,9,6,bottom,521,154,180.0,0.8555555555555555,1.2,500,3.232258064516129,True,False,True,False
Pdyn_S560,Pdyn,560,0.0739472214480642,EXCELLENT,grid>0.05,10,9,right,31,11,5.0,2.2,,17,1.5,False,False,False,False
Pdyn_S560,Pdyn,560,0.0739472214480642,EXCELLENT,grid>0.05,11,11,top,54,9,25.0,0.36,4.8,16,1.7,True,True,True,True
Pdyn_S560,Pdyn,560,0.0739472214480642,EXCELLENT,grid>0.05,12,12,right,201,45,90.0,0.5,2.5428571428571427,139,3.0434782608695654,True,False,True,True
Pdyn_S560,Pdyn,560,0.0739472214480642,EXCELLENT,grid>0.05,13,12,bottom,227,61,80.0,0.7625,1.3862068965517242,242,3.9193548387096775,True,False,True,False
Pdyn_S560,Pdyn,560,0.0739472214480642,EXCELLENT,grid>0.05,14,14,bottom,156,46,50.0,0.92,1.063157894736842,167,3.574468085106383,True,False,False,False
Pdyn_S560,Pdyn,560,0.0739472214480642,EXCELLENT,grid>0.05,15,15,top,166,58,40.0,1.45,1.0,216,3.6779661016949152,True,False,False,False
Pdyn_S560,Pdyn,560,0.0739472214480642,EXCELLENT,grid>0.05,16,15,bottom,424,144,150.0,0.96,1.026470588235294,699,4.827586206896552,True,False,False,False
Pdyn_S560,Pdyn,560,0.0739472214480642,EXCELLENT,grid>0.05,17,16,left,259,101,75.0,1.3466666666666667,1.0,275,2.7058823529411766,True,False,False,False
Pdyn_S560,Pdyn,560,0.0739472214480642,EXCELLENT,grid>0.05,18,16,right,300,79,105.0,0.7523809523809524,1.2689655172413794,371,4.65,True,False,True,False
Pdyn_S560,Pdyn,560,0.0739472214480642,EXCELLENT,grid>0.05,19,16,top,172,49,60.0,0.8166666666666667,1.1434782608695653,210,4.22,True,False,True,False
Pdyn_S560,Pdyn,560,0.0739472214480642,EXCELLENT,grid>0.05,20,17,right,296,75,105.0,0.7142857142857143,1.453846153846154,256,3.3815789473684212,True,False,True,False
Pdyn_S560,Pdyn,560,0.0739472214480642,EXCELLENT,grid>0.05,21,17,top,217,54,75.0,0.72,1.4388888888888889,182,3.327272727272727,True,False,True,False
Pdyn_S560,Pdyn,560,0.0739472214480642,EXCELLENT,grid>0.05,22,17,bottom,367,116,115.0,1.008695652173913,1.0,344,2.948717948717949,True,False,False,False
Pdyn_S560,Pdyn,560,0.0739472214480642,EXCELLENT,grid>0.05,23,18,right,331,51,145.0,0.35172413793103446,2.488888888888889,232,4.480769230769231,True,False,True,True
Pdyn_S560,Pdyn,560,0.0739472214480642,EXCELLENT,grid>0.05,24,19,right,325,97,130.0,0.7461538461538462,1.4756756756756757,286,2.9285714285714284,True,False,True,False
Pdyn_S560,Pdyn,560,0.0739472214480642,EXCELLENT,grid>0.05,25,19,top,203,54,100.0,0.54,2.1818181818181817,169,3.090909090909091,True,False,True,True
Pdyn_S560,Pdyn,560,0.0739472214480642,EXCELLENT,grid>0.05,26,20,right,326,94,145.0,0.6482758620689655,1.8333333333333335,259,2.736842105263158,True,False,True,True
Pdyn_S560,Pdyn,560,0.0739472214480642,EXCELLENT,grid>0.05,27,21,right,327,86,115.0,0.7478260869565218,1.4923076923076923,268,3.0919540229885056,True,False,True,False
Pdyn_S560,Pdyn,560,0.0739472214480642,EXCELLENT,grid>0.05,28,22,left,327,101,100.0,1.01,1.0,356,3.5,True,False,False,False
Pdyn_S560,Pdyn,560,0.0739472214480642,EXCELLENT,grid>0.05,29,23,left,493,144,130.0,1.1076923076923078,1.0,597,4.124137931034483,True,False,False,False
Pdyn_S560,Pdyn,560,0.0739472214480642,EXCELLENT,grid>0.05,30,23,right,364,84,135.0,0.6222222222222222,1.5222222222222221,404,4.764705882352941,True,False,True,True
Piezo2_S500,Piezo2,500,0.1491840969647024,CLEAN,grid>0.05+residual_p95_dark+severe_face,1,1,right,147,34,70.0,0.4857142857142857,1.86,168,4.828571428571428,True,False,True,True
Piezo2_S500,Piezo2,500,0.1491840969647024,CLEAN,grid>0.05+residual_p95_dark+severe_face,2,2,right,150,31,75.0,0.41333333333333333,1.8976744186046512,215,6.75,True,False,True,True
Piezo2_S500,Piezo2,500,0.1491840969647024,CLEAN,grid>0.05+residual_p95_dark+severe_face,3,3,right,25,6,10.0,0.6,1.5,34,5.0,True,False,True,True
Piezo2_S500,Piezo2,500,0.1491840969647024,CLEAN,grid>0.05+residual_p95_dark+severe_face,4,6,right,128,13,65.0,0.2,2.4727272727272727,137,9.857142857142858,True,False,True,True
Piezo2_S500,Piezo2,500,0.1491840969647024,CLEAN,grid>0.05+residual_p95_dark+severe_face,5,8,right,644,100,300.0,0.3333333333333333,3.854761904761905,329,3.267326732673267,True,False,True,True
Piezo2_S500,Piezo2,500,0.1491840969647024,CLEAN,grid>0.05+residual_p95_dark+severe_face,6,12,right,138,22,70.0,0.3142857142857143,2.018181818181818,263,11.478260869565217,True,False,True,True
Piezo2_S500,Piezo2,500,0.1491840969647024,CLEAN,grid>0.05+residual_p95_dark+severe_face,7,13,right,132,14,70.0,0.2,2.8848484848484848,121,8.133333333333333,True,False,True,True
Piezo2_S500,Piezo2,500,0.1491840969647024,CLEAN,grid>0.05+residual_p95_dark+severe_face,8,17,right,89,20,35.0,0.5714285714285714,1.6125,103,4.9523809523809526,True,False,True,True
Piezo2_S500,Piezo2,500,0.1491840969647024,CLEAN,grid>0.05+residual_p95_dark+severe_face,9,18,right,112,16,55.0,0.2909090909090909,2.541176470588235,115,6.823529411764706,True,False,True,True
Piezo2_S500,Piezo2,500,0.1491840969647024,CLEAN,grid>0.05+residual_p95_dark+severe_face,10,19,right,161,20,70.0,0.2857142857142857,2.352,140,6.714285714285714,True,False,True,True
Piezo2_S500,Piezo2,500,0.1491840969647024,CLEAN,grid>0.05+residual_p95_dark+severe_face,11,20,right,148,29,70.0,0.4142857142857143,1.95,154,5.166666666666667,True,False,True,True
Piezo2_S500,Piezo2,500,0.1491840969647024,CLEAN,grid>0.05+residual_p95_dark+severe_face,12,21,right,129,11,55.0,0.2,2.976,85,7.166666666666667,True,False,True,True
Piezo2_S500,Piezo2,500,0.1491840969647024,CLEAN,grid>0.05+residual_p95_dark+severe_face,13,22,right,100,14,55.0,0.2545454545454545,2.275,114,7.666666666666667,True,False,True,True
Piezo2_S500,Piezo2,500,0.1491840969647024,CLEAN,grid>0.05+residual_p95_dark+severe_face,14,23,right,76,14,50.0,0.28,1.78,152,10.2,True,False,True,True
Piezo2_S530,Piezo2,530,0.1597911906872609,LOW,grid>0.05,1,7,right,94,9,40.0,0.225,3.2384615384615385,65,6.6,True,False,True,True
Piezo2_S530,Piezo2,530,0.1597911906872609,LOW,grid>0.05,2,10,right,125,26,60.0,0.43333333333333335,2.1272727272727274,106,3.962962962962963,True,False,True,True
Piezo2_S530,Piezo2,530,0.1597911906872609,LOW,grid>0.05,3,11,right,93,13,45.0,0.28888888888888886,2.68,97,7.0,True,False,True,True
Piezo2_S530,Piezo2,530,0.1597911906872609,LOW,grid>0.05,4,22,right,62,6,25.0,0.24,2.333333333333333,68,9.857142857142858,True,False,True,True
Piezo2_S530,Piezo2,530,0.1597911906872609,LOW,grid>0.05,5,1,right,122,21,55.0,0.38181818181818183,1.9058823529411766,142,6.5,True,False,True,True
Piezo2_S530,Piezo2,530,0.1597911906872609,LOW,grid>0.05,6,2,right,81,6,45.0,0.13333333333333333,2.769230769230769,73,10.571428571428571,True,False,True,True
Piezo2_S530,Piezo2,530,0.1597911906872609,LOW,grid>0.05,7,3,right,89,11,45.0,0.24444444444444444,2.4,92,7.75,True,False,True,True
Piezo2_S530,Piezo2,530,0.1597911906872609,LOW,grid>0.05,8,8,right,70,7,40.0,0.175,2.56,76,9.625,True,False,True,True
Piezo2_S530,Piezo2,530,0.1597911906872609,LOW,grid>0.05,9,9,right,67,12,25.0,0.48,1.5058823529411764,107,8.307692307692308,True,False,True,True
Piezo2_S530,Piezo2,530,0.1597911906872609,LOW,grid>0.05,10,12,right,153,36,60.0,0.6,1.4451612903225808,188,5.108108108108108,True,False,True,True
Piezo2_S530,Piezo2,530,0.1597911906872609,LOW,grid>0.05,11,13,right,110,18,60.0,0.3,2.314285714285714,140,7.421052631578948,True,False,True,True
Piezo2_S530,Piezo2,530,0.1597911906872609,LOW,grid>0.05,12,16,right,113,8,70.0,0.11428571428571428,2.9405405405405407,122,13.666666666666666,True,False,True,True
Piezo2_S530,Piezo2,530,0.1597911906872609,LOW,grid>0.05,13,17,right,67,7,35.0,0.2,2.552380952380952,73,9.25,True,False,True,True
Piezo2_S530,Piezo2,530,0.1597911906872609,LOW,grid>0.05,14,18,right,81,11,40.0,0.275,2.290909090909091,79,6.666666666666667,True,False,True,True
Piezo2_S530,Piezo2,530,0.1597911906872609,LOW,grid>0.05,15,19,right,95,7,45.0,0.15555555555555556,2.977777777777778,66,8.375,True,False,True,True
Piezo2_S530,Piezo2,530,0.1597911906872609,LOW,grid>0.05,16,20,right,91,12,40.0,0.3,2.9647058823529413,65,5.076923076923077,True,False,True,True
Piezo2_S530,Piezo2,530,0.1597911906872609,LOW,grid>0.05,17,21,right,43,3,20.0,0.15,2.8,38,9.75,True,False,True,True
Piezo2_S530,Piezo2,530,0.1597911906872609,LOW,grid>0.05,18,23,right,94,12,45.0,0.26666666666666666,2.2736842105263158,108,8.384615384615385,True,False,True,True
Slc17a6_S500,Slc17a6,500,0.1267194383129547,CLEAN,grid>0.05,1,0,right,258,89,90.0,0.9888888888888889,1.0136363636363637,276,3.077777777777778,True,False,False,False
Slc17a6_S500,Slc17a6,500,0.1267194383129547,CLEAN,grid>0.05,2,3,right,28,0,20.0,0.0,4.8,5,6.0,True,True,True,True
Slc17a6_S500,Slc17a6,500,0.1267194383129547,CLEAN,grid>0.05,3,5,top,171,51,40.0,1.275,1.0,255,4.923076923076923,True,False,False,False
Slc17a6_S500,Slc17a6,500,0.1267194383129547,CLEAN,grid>0.05,4,7,right,360,110,140.0,0.7857142857142857,1.3,374,3.3783783783783785,True,False,True,False
Slc17a6_S500,Slc17a6,500,0.1267194383129547,CLEAN,grid>0.05,5,7,top,383,131,105.0,1.2476190476190476,1.0,441,3.3484848484848486,True,False,False,False
Slc17a6_S500,Slc17a6,500,0.1267194383129547,CLEAN,grid>0.05,6,8,right,317,70,130.0,0.5384615384615384,1.7090909090909092,404,5.704225352112676,True,False,True,True
Slc17a6_S500,Slc17a6,500,0.1267194383129547,CLEAN,grid>0.05,7,8,top,353,115,135.0,0.8518518518518519,1.2142857142857144,298,2.5775862068965516,True,False,True,False
Slc17a6_S500,Slc17a6,500,0.1267194383129547,CLEAN,grid>0.05,8,9,right,158,22,65.0,0.3384615384615385,3.8363636363636364,69,3.0434782608695654,True,False,True,True
Slc17a6_S500,Slc17a6,500,0.1267194383129547,CLEAN,grid>0.05,9,9,top,372,117,145.0,0.8068965517241379,1.2470588235294118,364,3.093220338983051,True,False,True,False
Slc17a6_S500,Slc17a6,500,0.1267194383129547,CLEAN,grid>0.05,10,10,top,255,48,105.0,0.45714285714285713,1.896774193548387,209,4.285714285714286,True,False,True,True
Slc17a6_S500,Slc17a6,500,0.1267194383129547,CLEAN,grid>0.05,11,14,top,277,104,85.0,1.223529411764706,1.0,300,2.8666666666666667,True,False,False,False
Slc17a6_S500,Slc17a6,500,0.1267194383129547,CLEAN,grid>0.05,12,18,right,539,117,235.0,0.4978723404255319,1.8083333333333333,491,4.169491525423729,True,False,True,True
Slc17a6_S500,Slc17a6,500,0.1267194383129547,CLEAN,grid>0.05,13,18,top,611,152,255.0,0.596078431372549,1.8493150684931507,489,3.2026143790849675,True,False,True,True
Slc17a6_S500,Slc17a6,500,0.1267194383129547,CLEAN,grid>0.05,14,19,right,425,100,175.0,0.5714285714285714,1.6088235294117648,427,4.237623762376238,True,False,True,True
Slc17a6_S500,Slc17a6,500,0.1267194383129547,CLEAN,grid>0.05,15,20,right,614,145,275.0,0.5272727272727272,1.5252252252252252,809,5.5479452054794525,True,False,True,True
Slc17a6_S500,Slc17a6,500,0.1267194383129547,CLEAN,grid>0.05,16,21,top,691,192,255.0,0.7529411764705882,1.3506329113924052,614,3.1865284974093266,True,False,True,False
Slc17a6_S500,Slc17a6,500,0.1267194383129547,CLEAN,grid>0.05,17,22,right,502,154,170.0,0.9058823529411765,1.1043478260869566,548,3.541935483870968,True,False,False,False
Slc17a6_S500,Slc17a6,500,0.1267194383129547,CLEAN,grid>0.05,18,22,top,763,205,280.0,0.7321428571428571,1.321978021978022,657,3.1941747572815533,True,False,True,False
Slc17a6_S500,Slc17a6,500,0.1267194383129547,CLEAN,grid>0.05,19,23,right,440,128,185.0,0.6918918918918919,1.603921568627451,410,3.186046511627907,True,False,True,True
Slc17a6_S500,Slc17a6,500,0.1267194383129547,CLEAN,grid>0.05,20,23,top,659,218,220.0,0.990909090909091,1.011764705882353,534,2.442922374429224,True,False,False,False
Slc17a6_S530,Slc17a6,530,0.0502046299190267,EXCELLENT,grid>0.05,1,2,right,5,0,,,,7,8.0,False,False,False,False
Slc17a6_S530,Slc17a6,530,0.0502046299190267,EXCELLENT,grid>0.05,2,2,bottom,8,3,,,,12,3.25,False,False,False,False
Slc17a6_S530,Slc17a6,530,0.0502046299190267,EXCELLENT,grid>0.05,3,3,left,4,4,,,,10,2.2,False,False,False,False
Slc17a6_S530,Slc17a6,530,0.0502046299190267,EXCELLENT,grid>0.05,4,6,left,9,3,,,,34,8.75,False,False,False,False
Slc17a6_S530,Slc17a6,530,0.0502046299190267,EXCELLENT,grid>0.05,5,6,bottom,6,3,,,,11,3.0,False,False,False,False
Slc17a6_S530,Slc17a6,530,0.0502046299190267,EXCELLENT,grid>0.05,6,13,left,10,5,,,,17,3.0,False,False,False,False
Slc17a6_S530,Slc17a6,530,0.0502046299190267,EXCELLENT,grid>0.05,7,13,right,9,1,,,,7,4.0,False,False,False,False
Slc17a6_S530,Slc17a6,530,0.0502046299190267,EXCELLENT,grid>0.05,8,13,top,9,0,,,,9,10.0,False,False,False,False
Slc17a6_S530,Slc17a6,530,0.0502046299190267,EXCELLENT,grid>0.05,9,13,bottom,10,1,,,,6,3.5,False,False,False,False
Slc17a6_S530,Slc17a6,530,0.0502046299190267,EXCELLENT,grid>0.05,10,15,left,4,0,,,,8,9.0,False,False,False,False
Slc17a6_S530,Slc17a6,530,0.0502046299190267,EXCELLENT,grid>0.05,11,15,top,1,0,,,,7,8.0,False,False,False,False
Slc17a6_S560,Slc17a6,560,0.0757975483252175,EXCELLENT,grid>0.05,1,1,right,47,5,15.0,0.3333333333333333,1.8,59,10.0,True,False,True,True
Slc17a6_S560,Slc17a6,560,0.0757975483252175,EXCELLENT,grid>0.05,2,2,right,11,5,,,,28,4.833333333333333,False,False,False,False
Slc17a6_S560,Slc17a6,560,0.0757975483252175,EXCELLENT,grid>0.05,3,6,top,42,17,5.0,3.4,,119,6.666666666666667,False,False,False,False
Slc17a6_S560,Slc17a6,560,0.0757975483252175,EXCELLENT,grid>0.05,4,7,right,37,9,15.0,0.6,1.6125,63,6.4,True,False,True,True
Slc17a6_S560,Slc17a6,560,0.0757975483252175,EXCELLENT,grid>0.05,5,13,bottom,20,4,10.0,0.4,2.4,36,7.4,True,False,True,True
Slc17a6_S560,Slc17a6,560,0.0757975483252175,EXCELLENT,grid>0.05,6,13,right,18,0,10.0,0.0,2.175,43,44.0,True,False,True,True
Slc17a6_S560,Slc17a6,560,0.0757975483252175,EXCELLENT,grid>0.05,7,15,bottom,28,1,10.0,0.1,1.9333333333333333,80,40.5,True,False,True,True
Slc17a6_S560,Slc17a6,560,0.0757975483252175,EXCELLENT,grid>0.05,8,15,left,2,1,,,,44,22.5,False,False,False,False
Slc17a6_S560,Slc17a6,560,0.0757975483252175,EXCELLENT,grid>0.05,9,17,left,15,6,,,,79,11.428571428571429,False,False,False,False
Slc17a6_S560,Slc17a6,560,0.0757975483252175,EXCELLENT,grid>0.05,10,17,right,12,1,,,,73,37.0,False,False,False,False
Slc17a6_S560,Slc17a6,560,0.0757975483252175,EXCELLENT,grid>0.05,11,18,top,14,1,,,,46,23.5,False,False,False,False
Slc17a6_S560,Slc17a6,560,0.0757975483252175,EXCELLENT,grid>0.05,12,22,right,30,9,10.0,0.9,1.03,135,13.6,True,False,False,False
Slc17a6_S560,Slc17a6,560,0.0757975483252175,EXCELLENT,grid>0.05,13,22,top,53,16,15.0,1.0666666666666667,1.0,127,7.529411764705882,True,False,False,False
Slc17a6_S560,Slc17a6,560,0.0757975483252175,EXCELLENT,grid>0.05,14,23,left,30,3,15.0,0.2,1.95,93,23.5,True,False,True,True
Slc17a6_S560,Slc17a6,560,0.0757975483252175,EXCELLENT,grid>0.05,15,23,right,30,11,5.0,2.2,,95,8.0,False,False,False,False
Slc17a6_S560,Slc17a6,560,0.0757975483252175,EXCELLENT,grid>0.05,16,23,top,40,15,5.0,3.0,,111,7.0,False,False,False,False
Slc17a6_S560,Slc17a6,560,0.0757975483252175,EXCELLENT,grid>0.05,17,24,left,15,4,,,,82,16.6,False,False,False,False
Slc32a1_S500,Slc32a1,500,0.1201637132817695,CLEAN,grid>0.05++severe_face,1,1,right,106,17,45.0,0.37777777777777777,1.86,116,6.5,True,False,True,True
Slc32a1_S500,Slc32a1,500,0.1201637132817695,CLEAN,grid>0.05++severe_face,2,2,right,48,9,25.0,0.36,1.6846153846153846,90,9.1,True,False,True,True
Slc32a1_S500,Slc32a1,500,0.1201637132817695,CLEAN,grid>0.05++severe_face,3,5,top,0,0,,,,4,5.0,False,False,False,False
Slc32a1_S500,Slc32a1,500,0.1201637132817695,CLEAN,grid>0.05++severe_face,4,6,left,57,27,20.0,1.35,1.0,86,3.107142857142857,True,False,False,False
Slc32a1_S500,Slc32a1,500,0.1201637132817695,CLEAN,grid>0.05++severe_face,5,6,right,65,10,30.0,0.3333333333333333,1.9666666666666668,75,6.909090909090909,True,False,True,True
Slc32a1_S500,Slc32a1,500,0.1201637132817695,CLEAN,grid>0.05++severe_face,6,6,top,137,43,55.0,0.7818181818181819,1.211764705882353,147,3.3636363636363638,True,False,True,False
Slc32a1_S500,Slc32a1,500,0.1201637132817695,CLEAN,grid>0.05++severe_face,7,8,right,28,2,15.0,0.13333333333333333,2.1,40,13.666666666666666,True,False,True,True
Slc32a1_S500,Slc32a1,500,0.1201637132817695,CLEAN,grid>0.05++severe_face,8,10,right,85,25,35.0,0.7142857142857143,1.4071428571428573,106,4.115384615384615,True,False,True,False
Slc32a1_S500,Slc32a1,500,0.1201637132817695,CLEAN,grid>0.05++severe_face,9,11,right,23,1,15.0,0.06666666666666667,2.88,25,13.0,True,False,True,True
Slc32a1_S500,Slc32a1,500,0.1201637132817695,CLEAN,grid>0.05++severe_face,10,12,right,11,2,,,,36,12.333333333333334,False,False,False,False
Slc32a1_S500,Slc32a1,500,0.1201637132817695,CLEAN,grid>0.05++severe_face,11,12,top,28,9,10.0,0.9,1.1,41,4.2,True,False,False,False
Slc32a1_S500,Slc32a1,500,0.1201637132817695,CLEAN,grid>0.05++severe_face,12,13,right,9,1,,,,36,18.5,False,False,False,False
Slc32a1_S500,Slc32a1,500,0.1201637132817695,CLEAN,grid>0.05++severe_face,13,14,left,10,2,,,,51,17.333333333333332,False,False,False,False
Slc32a1_S500,Slc32a1,500,0.1201637132817695,CLEAN,grid>0.05++severe_face,14,15,left,47,12,20.0,0.6,1.2,89,6.923076923076923,True,False,True,True
Slc32a1_S500,Slc32a1,500,0.1201637132817695,CLEAN,grid>0.05++severe_face,15,15,top,41,5,15.0,0.3333333333333333,1.4000000000000001,147,24.666666666666668,True,False,True,True
Slc32a1_S500,Slc32a1,500,0.1201637132817695,CLEAN,grid>0.05++severe_face,16,16,left,22,8,,,,49,5.555555555555555,False,False,False,False
Slc32a1_S500,Slc32a1,500,0.1201637132817695,CLEAN,grid>0.05++severe_face,17,17,left,46,7,20.0,0.35,1.8857142857142857,55,7.0,True,False,True,True
Slc32a1_S500,Slc32a1,500,0.1201637132817695,CLEAN,grid>0.05++severe_face,18,17,right,27,10,10.0,1.0,1.0,64,5.909090909090909,True,False,False,False
Slc32a1_S500,Slc32a1,500,0.1201637132817695,CLEAN,grid>0.05++severe_face,19,17,top,45,11,10.0,1.1,1.0,89,7.5,True,False,False,False
Slc32a1_S500,Slc32a1,500,0.1201637132817695,CLEAN,grid>0.05++severe_face,20,18,right,38,10,15.0,0.6666666666666666,1.3,53,4.909090909090909,True,False,True,True
Slc32a1_S500,Slc32a1,500,0.1201637132817695,CLEAN,grid>0.05++severe_face,21,19,right,186,43,80.0,0.5375,1.8857142857142857,182,4.159090909090909,True,False,True,True
Slc32a1_S500,Slc32a1,500,0.1201637132817695,CLEAN,grid>0.05++severe_face,22,19,bottom,236,94,70.0,1.3428571428571427,1.0,284,3.0,True,False,False,False
Slc32a1_S500,Slc32a1,500,0.1201637132817695,CLEAN,grid>0.05++severe_face,23,20,right,54,12,20.0,0.6,1.4785714285714286,67,5.230769230769231,True,False,True,True
Slc32a1_S500,Slc32a1,500,0.1201637132817695,CLEAN,grid>0.05++severe_face,24,22,right,16,2,,,,37,12.666666666666666,False,False,False,False
Slc32a1_S500,Slc32a1,500,0.1201637132817695,CLEAN,grid>0.05++severe_face,25,23,left,8,1,,,,44,22.5,False,False,False,False
Slc32a1_S500,Slc32a1,500,0.1201637132817695,CLEAN,grid>0.05++severe_face,26,23,right,62,16,20.0,0.8,1.1090909090909091,113,6.705882352941177,True,False,True,False
Slc32a1_S500,Slc32a1,500,0.1201637132817695,CLEAN,grid>0.05++severe_face,27,24,left,43,15,10.0,1.5,1.0,125,7.875,True,False,False,False
Slc32a1_S530,Slc32a1,530,0.1074693935876556,CLEAN,grid>0.05,1,7,left,63,25,20.0,1.25,1.0,64,2.5,True,False,False,False
Slc32a1_S530,Slc32a1,530,0.1074693935876556,CLEAN,grid>0.05,2,7,right,427,81,225.0,0.36,4.766666666666667,208,2.548780487804878,True,True,True,True
Slc32a1_S530,Slc32a1,530,0.1074693935876556,CLEAN,grid>0.05,3,11,right,134,30,65.0,0.46153846153846156,2.64,93,3.032258064516129,True,False,True,True
Slc32a1_S530,Slc32a1,530,0.1074693935876556,CLEAN,grid>0.05,4,16,left,83,33,30.0,1.1,1.0,96,2.8529411764705883,True,False,False,False
Slc32a1_S530,Slc32a1,530,0.1074693935876556,CLEAN,grid>0.05,5,21,right,74,14,30.0,0.4666666666666667,2.018181818181818,55,3.7333333333333334,True,False,True,True
Slc32a1_S530,Slc32a1,530,0.1074693935876556,CLEAN,grid>0.05,6,22,left,69,26,20.0,1.3,1.0,73,2.740740740740741,True,False,False,False
Slc32a1_S530,Slc32a1,530,0.1074693935876556,CLEAN,grid>0.05,7,22,right,106,39,35.0,1.1142857142857143,1.0,135,3.4,True,False,False,False
Slc32a1_S560,Slc32a1,560,0.0628557684121398,EXCELLENT,grid>0.05,1,1,right,347,87,150.0,0.58,1.7696969696969698,371,4.2272727272727275,True,False,True,True
Slc32a1_S560,Slc32a1,560,0.0628557684121398,EXCELLENT,grid>0.05,2,2,left,316,125,80.0,1.5625,1.0,519,4.126984126984127,True,False,False,False
Slc32a1_S560,Slc32a1,560,0.0628557684121398,EXCELLENT,grid>0.05,3,2,right,41,11,15.0,0.7333333333333333,1.5,44,3.75,True,False,True,False
Slc32a1_S560,Slc32a1,560,0.0628557684121398,EXCELLENT,grid>0.05,4,6,right,455,125,170.0,0.7352941176470589,1.33125,611,4.857142857142857,True,False,True,False
Slc32a1_S560,Slc32a1,560,0.0628557684121398,EXCELLENT,grid>0.05,5,6,top,688,223,265.0,0.8415094339622642,1.196875,700,3.1294642857142856,True,False,True,False
Slc32a1_S560,Slc32a1,560,0.0628557684121398,EXCELLENT,grid>0.05,6,7,right,424,122,150.0,0.8133333333333334,1.21,613,4.991869918699187,True,False,True,False
Slc32a1_S560,Slc32a1,560,0.0628557684121398,EXCELLENT,grid>0.05,7,7,top,1379,490,450.0,1.0888888888888888,1.0,1429,2.9124236252545823,True,False,False,False
Slc32a1_S560,Slc32a1,560,0.0628557684121398,EXCELLENT,grid>0.05,8,8,left,169,69,25.0,2.76,1.0,248,3.557142857142857,True,False,False,False
Slc32a1_S560,Slc32a1,560,0.0628557684121398,EXCELLENT,grid>0.05,9,8,bottom,361,113,110.0,1.0272727272727273,1.0,265,2.3333333333333335,True,False,False,False
Slc32a1_S560,Slc32a1,560,0.0628557684121398,EXCELLENT,grid>0.05,10,9,right,221,50,90.0,0.5555555555555556,1.9548387096774194,183,3.607843137254902,True,False,True,True
Slc32a1_S560,Slc32a1,560,0.0628557684121398,EXCELLENT,grid>0.05,11,13,right,381,79,190.0,0.41578947368421054,1.5897196261682243,759,9.5,True,False,True,True
Slc32a1_S560,Slc32a1,560,0.0628557684121398,EXCELLENT,grid>0.05,12,13,top,878,328,300.0,1.0933333333333333,1.0,672,2.045592705167173,True,False,False,False
Slc32a1_S560,Slc32a1,560,0.0628557684121398,EXCELLENT,grid>0.05,13,16,left,589,144,270.0,0.5333333333333333,1.8,614,4.241379310344827,True,False,True,True
Slc32a1_S560,Slc32a1,560,0.0628557684121398,EXCELLENT,grid>0.05,14,17,left,467,145,170.0,0.8529411764705882,1.1875,544,3.732876712328767,True,False,True,False
Slc32a1_S560,Slc32a1,560,0.0628557684121398,EXCELLENT,grid>0.05,15,18,right,475,165,180.0,0.9166666666666666,1.0692307692307692,564,3.4036144578313254,True,False,False,False
Slc32a1_S560,Slc32a1,560,0.0628557684121398,EXCELLENT,grid>0.05,16,19,top,26,12,10.0,1.2,1.0,25,2.0,True,False,False,False
Slc32a1_S560,Slc32a1,560,0.0628557684121398,EXCELLENT,grid>0.05,17,19,bottom,1209,528,310.0,1.7032258064516128,1.0,1162,2.1984877126654063,True,False,False,False
Slc32a1_S560,Slc32a1,560,0.0628557684121398,EXCELLENT,grid>0.05,18,22,right,411,110,200.0,0.55,1.4722222222222223,623,5.621621621621622,True,False,True,True
Slc32a1_S560,Slc32a1,560,0.0628557684121398,EXCELLENT,grid>0.05,19,23,right,162,53,20.0,2.65,1.0,629,11.666666666666666,True,False,False,False
Slc32a1_S560,Slc32a1,560,0.0628557684121398,EXCELLENT,grid>0.05,20,23,top,979,361,340.0,1.061764705882353,1.0,897,2.4806629834254146,True,False,False,False
Slc32a1_S560,Slc32a1,560,0.0628557684121398,EXCELLENT,grid>0.05,21,24,left,136,21,55.0,0.38181818181818183,1.5666666666666667,363,16.545454545454547,True,False,True,True
Slc5a7_S500,Slc5a7,500,0.1004755169392196,CLEAN,grid>0.05+persistent_p95_dark+severe_face,1,0,right,945,127,600.0,0.21166666666666667,4.8,307,2.40625,True,True,True,True
Slc5a7_S500,Slc5a7,500,0.1004755169392196,CLEAN,grid>0.05+persistent_p95_dark+severe_face,2,0,bottom,5673,2071,2095.0,0.98854415274463,1.045859872611465,4096,1.9773166023166022,True,False,False,False
Slc5a7_S500,Slc5a7,500,0.1004755169392196,CLEAN,grid>0.05+persistent_p95_dark+severe_face,3,1,left,637,226,110.0,2.0545454545454547,1.0,638,2.814977973568282,True,False,False,False
Slc5a7_S500,Slc5a7,500,0.1004755169392196,CLEAN,grid>0.05+persistent_p95_dark+severe_face,4,4,left,64,33,,,,106,3.1470588235294117,False,False,False,False
Slc5a7_S500,Slc5a7,500,0.1004755169392196,CLEAN,grid>0.05+persistent_p95_dark+severe_face,5,5,top,118,41,35.0,1.1714285714285715,1.0,141,3.380952380952381,True,False,False,False
Slc5a7_S500,Slc5a7,500,0.1004755169392196,CLEAN,grid>0.05+persistent_p95_dark+severe_face,6,8,left,770,134,195.0,0.6871794871794872,2.275,318,2.362962962962963,True,False,True,True
Slc5a7_S500,Slc5a7,500,0.1004755169392196,CLEAN,grid>0.05+persistent_p95_dark+severe_face,7,9,right,1017,146,265.0,0.5509433962264151,4.0,273,1.8639455782312926,True,False,True,True
Slc5a7_S500,Slc5a7,500,0.1004755169392196,CLEAN,grid>0.05+persistent_p95_dark+severe_face,8,9,top,5937,2316,2040.0,1.1352941176470588,1.0,4196,1.8113940440224428,True,False,False,False
Slc5a7_S500,Slc5a7,500,0.1004755169392196,CLEAN,grid>0.05+persistent_p95_dark+severe_face,9,9,bottom,2707,1650,265.0,6.226415094339623,1.0,3191,1.933373712901272,True,False,False,False
Slc5a7_S500,Slc5a7,500,0.1004755169392196,CLEAN,grid>0.05+persistent_p95_dark+severe_face,10,10,right,1212,407,450.0,0.9044444444444445,1.4276595744680851,961,2.357843137254902,True,False,False,False
Slc5a7_S500,Slc5a7,500,0.1004755169392196,CLEAN,grid>0.05+persistent_p95_dark+severe_face,11,10,top,3032,686,1700.0,0.40352941176470586,4.8,1191,1.735080058224163,True,True,True,True
Slc5a7_S500,Slc5a7,500,0.1004755169392196,CLEAN,grid>0.05+persistent_p95_dark+severe_face,12,12,top,130,42,45.0,0.9333333333333333,1.09,224,5.232558139534884,True,False,False,False
Slc5a7_S500,Slc5a7,500,0.1004755169392196,CLEAN,grid>0.05+persistent_p95_dark+severe_face,13,14,left,179,50,65.0,0.7692307692307693,1.2045454545454546,321,6.313725490196078,True,False,True,False
Slc5a7_S500,Slc5a7,500,0.1004755169392196,CLEAN,grid>0.05+persistent_p95_dark+severe_face,14,14,bottom,231,73,75.0,0.9733333333333334,1.0222222222222221,390,5.283783783783784,True,False,False,False
Slc5a7_S500,Slc5a7,500,0.1004755169392196,CLEAN,grid>0.05+persistent_p95_dark+severe_face,15,16,right,332,98,125.0,0.784,1.2892857142857144,288,2.919191919191919,True,False,True,False
Slc5a7_S500,Slc5a7,500,0.1004755169392196,CLEAN,grid>0.05+persistent_p95_dark+severe_face,16,16,top,170,62,55.0,1.1272727272727272,1.0,164,2.619047619047619,True,False,False,False
Slc5a7_S500,Slc5a7,500,0.1004755169392196,CLEAN,grid>0.05+persistent_p95_dark+severe_face,17,17,left,371,148,95.0,1.5578947368421052,1.0,369,2.4832214765100673,True,False,False,False
Slc5a7_S500,Slc5a7,500,0.1004755169392196,CLEAN,grid>0.05+persistent_p95_dark+severe_face,18,19,right,320,109,105.0,1.0380952380952382,1.0,352,3.209090909090909,True,False,False,False
Slc5a7_S500,Slc5a7,500,0.1004755169392196,CLEAN,grid>0.05+persistent_p95_dark+severe_face,19,21,top,226,56,100.0,0.56,2.6666666666666665,141,2.491228070175439,True,False,True,True
Slc5a7_S500,Slc5a7,500,0.1004755169392196,CLEAN,grid>0.05+persistent_p95_dark+severe_face,20,23,left,143,42,45.0,0.9333333333333333,1.0818181818181818,136,3.186046511627907,True,False,False,False
Slc5a7_S500,Slc5a7,500,0.1004755169392196,CLEAN,grid>0.05+persistent_p95_dark+severe_face,21,23,top,197,65,65.0,1.0,1.0,190,2.893939393939394,True,False,False,False
Slc5a7_S530,Slc5a7,530,0.1536219067210471,LOW,grid>0.05,1,11,right,127,27,45.0,0.6,2.28,64,2.3214285714285716,True,False,True,True
Slc5a7_S530,Slc5a7,530,0.1536219067210471,LOW,grid>0.05,2,12,right,51,13,15.0,0.8666666666666667,1.2,54,3.9285714285714284,True,False,True,False
Slc5a7_S530,Slc5a7,530,0.1536219067210471,LOW,grid>0.05,3,18,right,56,21,20.0,1.05,1.0,54,2.5,True,False,False,False
Slc5a7_S530,Slc5a7,530,0.1536219067210471,LOW,grid>0.05,4,19,right,66,19,30.0,0.6333333333333333,2.04,51,2.6,True,False,True,True
Slc5a7_S530,Slc5a7,530,0.1536219067210471,LOW,grid>0.05,5,20,right,81,10,35.0,0.2857142857142857,3.2,51,4.7272727272727275,True,False,True,True
Slc5a7_S530,Slc5a7,530,0.1536219067210471,LOW,grid>0.05,6,0,right,20,5,5.0,1.0,,17,3.0,False,False,False,False
Slc5a7_S530,Slc5a7,530,0.1536219067210471,LOW,grid>0.05,7,1,right,150,57,65.0,0.8769230769230769,1.3,110,1.9137931034482758,True,False,True,False
Slc5a7_S530,Slc5a7,530,0.1536219067210471,LOW,grid>0.05,8,5,left,45,23,15.0,1.5333333333333334,1.0,79,3.3333333333333335,True,False,False,False
Slc5a7_S530,Slc5a7,530,0.1536219067210471,LOW,grid>0.05,9,8,left,64,14,25.0,0.56,1.86,52,3.533333333333333,True,False,True,True
Slc5a7_S530,Slc5a7,530,0.1536219067210471,LOW,grid>0.05,10,8,right,42,12,20.0,0.6,1.4000000000000001,56,4.384615384615385,True,False,True,True
Slc5a7_S530,Slc5a7,530,0.1536219067210471,LOW,grid>0.05,11,17,right,93,25,40.0,0.625,2.65,66,2.576923076923077,True,False,True,True
Slc5a7_S530,Slc5a7,530,0.1536219067210471,LOW,grid>0.05,12,21,right,33,11,15.0,0.7333333333333333,1.24,53,4.5,True,False,True,False
Slc5a7_S560,Slc5a7,560,0.0502988663411054,EXCELLENT,grid>0.05,1,1,left,25,14,,,,152,10.2,False,False,False,False
Slc5a7_S560,Slc5a7,560,0.0502988663411054,EXCELLENT,grid>0.05,2,1,right,206,56,80.0,0.7,1.5692307692307694,209,3.6842105263157894,True,False,True,False
Slc5a7_S560,Slc5a7,560,0.0502988663411054,EXCELLENT,grid>0.05,3,2,right,179,57,70.0,0.8142857142857143,1.3178571428571428,227,3.9310344827586206,True,False,True,False
Slc5a7_S560,Slc5a7,560,0.0502988663411054,EXCELLENT,grid>0.05,4,2,bottom,385,78,180.0,0.43333333333333335,2.0105263157894737,451,5.7215189873417724,True,False,True,True
Slc5a7_S560,Slc5a7,560,0.0502988663411054,EXCELLENT,grid>0.05,5,5,left,111,43,35.0,1.2285714285714286,1.0,186,4.25,True,False,False,False
Slc5a7_S560,Slc5a7,560,0.0502988663411054,EXCELLENT,grid>0.05,6,5,top,40,17,10.0,1.7,1.0,38,2.1666666666666665,True,False,False,False
Slc5a7_S560,Slc5a7,560,0.0502988663411054,EXCELLENT,grid>0.05,7,5,bottom,171,52,70.0,0.7428571428571429,1.2454545454545456,217,4.113207547169812,True,False,True,False
Slc5a7_S560,Slc5a7,560,0.0502988663411054,EXCELLENT,grid>0.05,8,6,right,115,29,50.0,0.58,1.4666666666666668,171,5.733333333333333,True,False,True,True
Slc5a7_S560,Slc5a7,560,0.0502988663411054,EXCELLENT,grid>0.05,9,6,bottom,243,30,95.0,0.3157894736842105,2.24,218,7.064516129032258,True,False,True,True
Slc5a7_S560,Slc5a7,560,0.0502988663411054,EXCELLENT,grid>0.05,10,7,left,125,40,50.0,0.8,1.4666666666666668,136,3.341463414634146,True,False,True,False
Slc5a7_S560,Slc5a7,560,0.0502988663411054,EXCELLENT,grid>0.05,11,8,left,13,6,,,,22,3.2857142857142856,False,False,False,False
Slc5a7_S560,Slc5a7,560,0.0502988663411054,EXCELLENT,grid>0.05,12,9,top,35,15,5.0,3.0,,40,2.5625,False,False,False,False
Slc5a7_S560,Slc5a7,560,0.0502988663411054,EXCELLENT,grid>0.05,13,11,right,90,33,30.0,1.1,1.0,125,3.7058823529411766,True,False,False,False
Slc5a7_S560,Slc5a7,560,0.0502988663411054,EXCELLENT,grid>0.05,14,11,top,33,6,15.0,0.4,4.8,11,1.7142857142857142,True,True,True,True
Slc5a7_S560,Slc5a7,560,0.0502988663411054,EXCELLENT,grid>0.05,15,12,right,78,15,40.0,0.375,2.314285714285714,73,4.625,True,False,True,True
Slc5a7_S560,Slc5a7,560,0.0502988663411054,EXCELLENT,grid>0.05,16,14,top,166,84,40.0,2.1,1.0,247,2.9176470588235293,True,False,False,False
Slc5a7_S560,Slc5a7,560,0.0502988663411054,EXCELLENT,grid>0.05,17,15,left,124,23,60.0,0.38333333333333336,1.6541666666666668,243,10.166666666666666,True,False,True,True
Slc5a7_S560,Slc5a7,560,0.0502988663411054,EXCELLENT,grid>0.05,18,15,top,83,26,30.0,0.8666666666666667,1.3416666666666668,115,4.296296296296297,True,False,True,False
Slc5a7_S560,Slc5a7,560,0.0502988663411054,EXCELLENT,grid>0.05,19,15,bottom,229,51,105.0,0.4857142857142857,1.6857142857142857,336,6.480769230769231,True,False,True,True
Slc5a7_S560,Slc5a7,560,0.0502988663411054,EXCELLENT,grid>0.05,20,16,left,116,41,45.0,0.9111111111111111,1.15,168,4.023809523809524,True,False,False,False
Slc5a7_S560,Slc5a7,560,0.0502988663411054,EXCELLENT,grid>0.05,21,16,top,85,32,20.0,1.6,1.0,140,4.2727272727272725,True,False,False,False
Slc5a7_S560,Slc5a7,560,0.0502988663411054,EXCELLENT,grid>0.05,22,17,left,118,58,35.0,1.6571428571428573,1.0,197,3.3559322033898304,True,False,False,False
Slc5a7_S560,Slc5a7,560,0.0502988663411054,EXCELLENT,grid>0.05,23,19,right,104,27,40.0,0.675,1.4764705882352942,135,4.857142857142857,True,False,True,True
Slc5a7_S560,Slc5a7,560,0.0502988663411054,EXCELLENT,grid>0.05,24,19,top,144,33,50.0,0.66,1.58125,102,3.0294117647058822,True,False,True,True
Slc5a7_S560,Slc5a7,560,0.0502988663411054,EXCELLENT,grid>0.05,25,20,right,164,33,70.0,0.4714285714285714,1.8,176,5.205882352941177,True,False,True,True
Slc5a7_S560,Slc5a7,560,0.0502988663411054,EXCELLENT,grid>0.05,26,21,left,168,55,55.0,1.0,1.0,200,3.5892857142857144,True,False,False,False
Slc5a7_S560,Slc5a7,560,0.0502988663411054,EXCELLENT,grid>0.05,27,21,top,239,93,75.0,1.24,1.0,237,2.5319148936170213,True,False,False,False
Slc5a7_S560,Slc5a7,560,0.0502988663411054,EXCELLENT,grid>0.05,28,23,right,130,32,55.0,0.5818181818181818,1.4724137931034482,239,7.2727272727272725,True,False,True,True
Slc5a7_S560,Slc5a7,560,0.0502988663411054,EXCELLENT,grid>0.05,29,24,left,114,35,35.0,1.0,1.0,242,6.75,True,False,False,False
Slc6a2_S530,Slc6a2,530,0.0971376219575528,EXCELLENT,grid>0.05+residual_p95_dark+severe_face,1,12,left,105,49,20.0,2.45,1.0,158,3.18,True,False,False,False
Slc6a2_S530,Slc6a2,530,0.0971376219575528,EXCELLENT,grid>0.05+residual_p95_dark+severe_face,2,20,right,38,8,15.0,0.5333333333333333,1.7285714285714286,52,5.888888888888889,True,False,True,True
Slc6a2_S530,Slc6a2,530,0.0971376219575528,EXCELLENT,grid>0.05+residual_p95_dark+severe_face,3,21,right,82,21,25.0,0.84,1.12,93,4.2727272727272725,True,False,True,False
Slc6a2_S530,Slc6a2,530,0.0971376219575528,EXCELLENT,grid>0.05+residual_p95_dark+severe_face,4,22,left,125,43,20.0,2.15,1.0,110,2.522727272727273,True,False,False,False
Slc6a2_S530,Slc6a2,530,0.0971376219575528,EXCELLENT,grid>0.05+residual_p95_dark+severe_face,5,7,left,37,18,10.0,1.8,1.0,88,4.684210526315789,True,False,False,False
Slc6a2_S530,Slc6a2,530,0.0971376219575528,EXCELLENT,grid>0.05+residual_p95_dark+severe_face,6,7,right,37,2,20.0,0.1,2.8,38,13.0,True,False,True,True
Slc6a2_S530,Slc6a2,530,0.0971376219575528,EXCELLENT,grid>0.05+residual_p95_dark+severe_face,7,10,right,43,3,20.0,0.15,2.1,60,15.25,True,False,True,True
Slc6a2_S530,Slc6a2,530,0.0971376219575528,EXCELLENT,grid>0.05+residual_p95_dark+severe_face,8,13,right,61,5,25.0,0.2,1.9384615384615385,61,10.333333333333334,True,False,True,True
Slc6a2_S530,Slc6a2,530,0.0971376219575528,EXCELLENT,grid>0.05+residual_p95_dark+severe_face,9,16,right,76,3,45.0,0.06666666666666667,2.8869565217391306,85,21.5,True,False,True,True
Slc6a2_S530,Slc6a2,530,0.0971376219575528,EXCELLENT,grid>0.05+residual_p95_dark+severe_face,10,18,right,100,10,50.0,0.2,2.2421052631578946,89,8.181818181818182,True,False,True,True
Slc6a2_S560,Slc6a2,560,0.0731869017431938,EXCELLENT,grid>0.05,1,2,right,3,0,,,,10,11.0,False,False,False,False
Slc6a2_S560,Slc6a2,560,0.0731869017431938,EXCELLENT,grid>0.05,2,6,right,62,2,35.0,0.05714285714285714,2.25,95,32.0,True,False,True,True
Slc6a2_S560,Slc6a2,560,0.0731869017431938,EXCELLENT,grid>0.05,3,7,right,62,13,25.0,0.52,1.4764705882352942,144,10.357142857142858,True,False,True,True
Slc6a2_S560,Slc6a2,560,0.0731869017431938,EXCELLENT,grid>0.05,4,12,right,34,4,20.0,0.2,2.588235294117647,47,9.6,True,False,True,True
Slc6a2_S560,Slc6a2,560,0.0731869017431938,EXCELLENT,grid>0.05,5,13,right,18,0,10.0,0.0,2.05,47,48.0,True,False,True,True
Slc6a2_S560,Slc6a2,560,0.0731869017431938,EXCELLENT,grid>0.05,6,16,right,1,0,,,,15,16.0,False,False,False,False
Slc6a2_S560,Slc6a2,560,0.0731869017431938,EXCELLENT,grid>0.05,7,17,right,5,1,,,,18,9.5,False,False,False,False
Slc6a2_S560,Slc6a2,560,0.0731869017431938,EXCELLENT,grid>0.05,8,18,right,12,0,,,,30,31.0,False,False,False,False
Slc6a2_S560,Slc6a2,560,0.0731869017431938,EXCELLENT,grid>0.05,9,19,right,6,0,,,,26,27.0,False,False,False,False
Slc6a2_S560,Slc6a2,560,0.0731869017431938,EXCELLENT,grid>0.05,10,20,right,50,3,15.0,0.2,2.2666666666666666,67,17.0,True,False,True,True
Slc6a2_S560,Slc6a2,560,0.0731869017431938,EXCELLENT,grid>0.05,11,21,right,34,2,15.0,0.13333333333333333,2.4,51,17.333333333333332,True,False,True,True
Slc6a2_S560,Slc6a2,560,0.0731869017431938,EXCELLENT,grid>0.05,12,22,right,20,2,10.0,0.2,1.4111111111111112,38,13.0,True,False,True,True
Slc6a2_S560,Slc6a2,560,0.0731869017431938,EXCELLENT,grid>0.05,13,23,right,33,1,15.0,0.06666666666666667,2.2285714285714286,57,29.0,True,False,True,True
Slc6a4_S500,Slc6a4,500,0.1366938801424286,CLEAN,grid>0.05+persistent_p95_dark+severe_face,1,0,bottom,131,61,35.0,1.7428571428571429,1.0,1425,23.0,True,False,False,False
Slc6a4_S500,Slc6a4,500,0.1366938801424286,CLEAN,grid>0.05+persistent_p95_dark+severe_face,2,1,bottom,103,45,20.0,2.25,1.0,1239,26.956521739130434,True,False,False,False
Slc6a4_S500,Slc6a4,500,0.1366938801424286,CLEAN,grid>0.05+persistent_p95_dark+severe_face,3,2,right,74,14,20.0,0.7,1.3714285714285714,110,7.4,True,False,True,False
Slc6a4_S500,Slc6a4,500,0.1366938801424286,CLEAN,grid>0.05+persistent_p95_dark+severe_face,4,2,bottom,125,41,35.0,1.1714285714285715,1.0,1390,33.11904761904762,True,False,False,False
Slc6a4_S500,Slc6a4,500,0.1366938801424286,CLEAN,grid>0.05+persistent_p95_dark+severe_face,5,3,left,52,20,15.0,1.3333333333333333,1.0,99,4.761904761904762,True,False,False,False
Slc6a4_S500,Slc6a4,500,0.1366938801424286,CLEAN,grid>0.05+persistent_p95_dark+severe_face,6,3,right,4,1,,,,5,3.0,False,False,False,False
Slc6a4_S500,Slc6a4,500,0.1366938801424286,CLEAN,grid>0.05+persistent_p95_dark+severe_face,7,3,bottom,129,22,50.0,0.44,1.441304347826087,1076,46.82608695652174,True,False,True,True
Slc6a4_S500,Slc6a4,500,0.1366938801424286,CLEAN,grid>0.05+persistent_p95_dark+severe_face,8,4,left,3,3,,,,5,1.5,False,False,False,False
Slc6a4_S500,Slc6a4,500,0.1366938801424286,CLEAN,grid>0.05+persistent_p95_dark+severe_face,9,5,top,3,2,,,,4,1.6666666666666667,False,False,False,False
Slc6a4_S500,Slc6a4,500,0.1366938801424286,CLEAN,grid>0.05+persistent_p95_dark+severe_face,10,8,right,224,64,95.0,0.6736842105263158,1.6,733,11.292307692307693,True,False,True,True
Slc6a4_S500,Slc6a4,500,0.1366938801424286,CLEAN,grid>0.05+persistent_p95_dark+severe_face,11,8,bottom,188,114,25.0,4.56,1.0,3627,31.547826086956523,True,False,False,False
Slc6a4_S500,Slc6a4,500,0.1366938801424286,CLEAN,grid>0.05+persistent_p95_dark+severe_face,12,9,top,162,59,55.0,1.0727272727272728,1.0,484,8.083333333333334,True,False,False,False
Slc6a4_S500,Slc6a4,500,0.1366938801424286,CLEAN,grid>0.05+persistent_p95_dark+severe_face,13,9,bottom,228,117,60.0,1.95,1.0,2962,25.110169491525422,True,False,False,False
Slc6a4_S500,Slc6a4,500,0.1366938801424286,CLEAN,grid>0.05+persistent_p95_dark+severe_face,14,10,right,84,17,30.0,0.5666666666666667,1.4666666666666668,193,10.777777777777779,True,False,True,True
Slc6a4_S500,Slc6a4,500,0.1366938801424286,CLEAN,grid>0.05+persistent_p95_dark+severe_face,15,10,bottom,218,108,45.0,2.4,1.0,4850,44.5045871559633,True,False,False,False
Slc6a4_S500,Slc6a4,500,0.1366938801424286,CLEAN,grid>0.05+persistent_p95_dark+severe_face,16,11,right,70,19,30.0,0.6333333333333333,1.6181818181818182,140,7.05,True,False,True,True
Slc6a4_S500,Slc6a4,500,0.1366938801424286,CLEAN,grid>0.05+persistent_p95_dark+severe_face,17,12,left,62,29,15.0,1.9333333333333333,1.0,435,14.533333333333333,True,False,False,False
Slc6a4_S500,Slc6a4,500,0.1366938801424286,CLEAN,grid>0.05+persistent_p95_dark+severe_face,18,12,right,54,18,20.0,0.9,1.2,90,4.7894736842105265,True,False,False,False
Slc6a4_S500,Slc6a4,500,0.1366938801424286,CLEAN,grid>0.05+persistent_p95_dark+severe_face,19,12,bottom,202,110,45.0,2.4444444444444446,1.0,2849,25.675675675675677,True,False,False,False
Slc6a4_S500,Slc6a4,500,0.1366938801424286,CLEAN,grid>0.05+persistent_p95_dark+severe_face,20,13,left,45,22,15.0,1.4666666666666666,1.0,133,5.826086956521739,True,False,False,False
Slc6a4_S500,Slc6a4,500,0.1366938801424286,CLEAN,grid>0.05+persistent_p95_dark+severe_face,21,13,right,18,4,10.0,0.4,1.4363636363636365,80,16.2,True,False,True,True
Slc6a4_S500,Slc6a4,500,0.1366938801424286,CLEAN,grid>0.05+persistent_p95_dark+severe_face,22,13,bottom,140,76,35.0,2.1714285714285713,1.0,3077,39.97402597402598,True,False,False,False
Slc6a4_S500,Slc6a4,500,0.1366938801424286,CLEAN,grid>0.05+persistent_p95_dark+severe_face,23,14,top,156,45,60.0,0.75,1.25,484,10.543478260869565,True,False,True,False
Slc6a4_S500,Slc6a4,500,0.1366938801424286,CLEAN,grid>0.05+persistent_p95_dark+severe_face,24,14,bottom,156,50,20.0,2.5,1.0,1224,24.019607843137255,True,False,False,False
Slc6a4_S500,Slc6a4,500,0.1366938801424286,CLEAN,grid>0.05+persistent_p95_dark+severe_face,25,17,bottom,129,63,30.0,2.1,1.0,2005,31.34375,True,False,False,False
Slc6a4_S500,Slc6a4,500,0.1366938801424286,CLEAN,grid>0.05+persistent_p95_dark+severe_face,26,18,top,284,112,90.0,1.2444444444444445,1.0,2339,20.707964601769913,True,False,False,False
Slc6a4_S500,Slc6a4,500,0.1366938801424286,CLEAN,grid>0.05+persistent_p95_dark+severe_face,27,18,bottom,372,213,85.0,2.5058823529411764,1.0,6334,29.602803738317757,True,False,False,False
Slc6a4_S500,Slc6a4,500,0.1366938801424286,CLEAN,grid>0.05+persistent_p95_dark+severe_face,28,19,right,76,21,25.0,0.84,1.12,140,6.409090909090909,True,False,True,False
Slc6a4_S500,Slc6a4,500,0.1366938801424286,CLEAN,grid>0.05+persistent_p95_dark+severe_face,29,19,top,270,53,120.0,0.44166666666666665,1.719642857142857,1360,25.203703703703702,True,False,True,True
Slc6a4_S500,Slc6a4,500,0.1366938801424286,CLEAN,grid>0.05+persistent_p95_dark+severe_face,30,23,top,160,42,45.0,0.9333333333333333,1.040909090909091,449,10.465116279069768,True,False,False,False
Slc6a4_S500,Slc6a4,500,0.1366938801424286,CLEAN,grid>0.05+persistent_p95_dark+severe_face,31,24,top,173,61,65.0,0.9384615384615385,1.06,419,6.774193548387097,True,False,False,False
Slc6a4_S530,Slc6a4,530,0.124417917361036,CLEAN,grid>0.05,1,9,top,20,7,,,,33,4.25,False,False,False,False
Slc6a4_S530,Slc6a4,530,0.124417917361036,CLEAN,grid>0.05,2,10,right,23,7,10.0,0.7,1.55,31,4.0,True,False,True,False
Slc6a4_S530,Slc6a4,530,0.124417917361036,CLEAN,grid>0.05,3,11,right,17,7,,,,32,4.125,False,False,False,False
Slc6a4_S530,Slc6a4,530,0.124417917361036,CLEAN,grid>0.05,4,12,right,6,1,,,,40,20.5,False,False,False,False
Slc6a4_S530,Slc6a4,530,0.124417917361036,CLEAN,grid>0.05,5,18,right,23,2,5.0,0.4,,19,6.666666666666667,False,False,False,False
Slc6a4_S530,Slc6a4,530,0.124417917361036,CLEAN,grid>0.05,6,20,right,27,6,5.0,1.2,,20,3.0,False,False,False,False
Slc6a4_S530,Slc6a4,530,0.124417917361036,CLEAN,grid>0.05,7,20,top,46,12,15.0,0.8,1.225,34,2.6923076923076925,True,False,True,False
Slc6a4_S530,Slc6a4,530,0.124417917361036,CLEAN,grid>0.05,8,21,right,7,0,,,,20,21.0,False,False,False,False
Slc6a4_S530,Slc6a4,530,0.124417917361036,CLEAN,grid>0.05,9,22,right,34,9,15.0,0.6,1.8,51,5.2,True,False,True,True
Slc6a4_S530,Slc6a4,530,0.124417917361036,CLEAN,grid>0.05,10,23,right,12,1,,,,15,8.0,False,False,False,False
Slc6a4_S560,Slc6a4,560,0.1478419840676052,CLEAN,grid>0.05+persistent_p95_dark+severe_face,1,1,right,58,14,25.0,0.56,1.5272727272727273,107,7.2,True,False,True,True
Slc6a4_S560,Slc6a4,560,0.1478419840676052,CLEAN,grid>0.05+persistent_p95_dark+severe_face,2,2,left,47,23,10.0,2.3,1.0,141,5.916666666666667,True,False,False,False
Slc6a4_S560,Slc6a4,560,0.1478419840676052,CLEAN,grid>0.05+persistent_p95_dark+severe_face,3,2,right,5,2,,,,4,1.6666666666666667,False,False,False,False
Slc6a4_S560,Slc6a4,560,0.1478419840676052,CLEAN,grid>0.05+persistent_p95_dark+severe_face,4,3,left,4,1,,,,7,4.0,False,False,False,False
Slc6a4_S560,Slc6a4,560,0.1478419840676052,CLEAN,grid>0.05+persistent_p95_dark+severe_face,5,3,right,4,1,,,,5,3.0,False,False,False,False
Slc6a4_S560,Slc6a4,560,0.1478419840676052,CLEAN,grid>0.05+persistent_p95_dark+severe_face,6,3,bottom,21,7,,,,84,10.625,False,False,False,False
Slc6a4_S560,Slc6a4,560,0.1478419840676052,CLEAN,grid>0.05+persistent_p95_dark+severe_face,7,5,left,47,17,10.0,1.7,1.0,91,5.111111111111111,True,False,False,False
Slc6a4_S560,Slc6a4,560,0.1478419840676052,CLEAN,grid>0.05+persistent_p95_dark+severe_face,8,5,top,0,0,,,,0,1.0,False,False,False,False
Slc6a4_S560,Slc6a4,560,0.1478419840676052,CLEAN,grid>0.05+persistent_p95_dark+severe_face,9,6,right,51,11,30.0,0.36666666666666664,2.466666666666667,55,4.666666666666667,True,False,True,True
Slc6a4_S560,Slc6a4,560,0.1478419840676052,CLEAN,grid>0.05+persistent_p95_dark+severe_face,10,6,top,47,4,20.0,0.2,2.34,30,6.2,True,False,True,True
Slc6a4_S560,Slc6a4,560,0.1478419840676052,CLEAN,grid>0.05+persistent_p95_dark+severe_face,11,7,bottom,99,36,35.0,1.0285714285714285,1.0,850,23.0,True,False,False,False
Slc6a4_S560,Slc6a4,560,0.1478419840676052,CLEAN,grid>0.05+persistent_p95_dark+severe_face,12,8,bottom,11,7,,,,47,6.0,False,False,False,False
Slc6a4_S560,Slc6a4,560,0.1478419840676052,CLEAN,grid>0.05+persistent_p95_dark+severe_face,13,10,bottom,6,0,,,,4,5.0,False,False,False,False
Slc6a4_S560,Slc6a4,560,0.1478419840676052,CLEAN,grid>0.05+persistent_p95_dark+severe_face,14,11,left,0,0,,,,0,1.0,False,False,False,False
Slc6a4_S560,Slc6a4,560,0.1478419840676052,CLEAN,grid>0.05+persistent_p95_dark+severe_face,15,12,left,73,44,5.0,8.8,,161,3.6,False,False,False,False
Slc6a4_S560,Slc6a4,560,0.1478419840676052,CLEAN,grid>0.05+persistent_p95_dark+severe_face,16,12,top,104,36,35.0,1.0285714285714285,1.0,610,16.513513513513512,True,False,False,False
Slc6a4_S560,Slc6a4,560,0.1478419840676052,CLEAN,grid>0.05+persistent_p95_dark+severe_face,17,12,bottom,57,19,15.0,1.2666666666666666,1.0,682,34.15,True,False,False,False
Slc6a4_S560,Slc6a4,560,0.1478419840676052,CLEAN,grid>0.05+persistent_p95_dark+severe_face,18,13,right,27,4,15.0,0.26666666666666666,2.466666666666667,36,7.4,True,False,True,True
Slc6a4_S560,Slc6a4,560,0.1478419840676052,CLEAN,grid>0.05+persistent_p95_dark+severe_face,19,14,bottom,6,1,,,,52,26.5,False,False,False,False
Slc6a4_S560,Slc6a4,560,0.1478419840676052,CLEAN,grid>0.05+persistent_p95_dark+severe_face,20,15,top,7,1,,,,34,17.5,False,False,False,False
Slc6a4_S560,Slc6a4,560,0.1478419840676052,CLEAN,grid>0.05+persistent_p95_dark+severe_face,21,16,right,9,1,,,,17,9.0,False,False,False,False
Slc6a4_S560,Slc6a4,560,0.1478419840676052,CLEAN,grid>0.05+persistent_p95_dark+severe_face,22,17,bottom,81,20,40.0,0.5,1.825,388,18.523809523809526,True,False,True,True
Slc6a4_S560,Slc6a4,560,0.1478419840676052,CLEAN,grid>0.05+persistent_p95_dark+severe_face,23,18,bottom,106,47,25.0,1.88,1.0,919,19.166666666666668,True,False,False,False
Slc6a4_S560,Slc6a4,560,0.1478419840676052,CLEAN,grid>0.05+persistent_p95_dark+severe_face,24,19,right,12,2,,,,32,11.0,False,False,False,False
Slc6a4_S560,Slc6a4,560,0.1478419840676052,CLEAN,grid>0.05+persistent_p95_dark+severe_face,25,19,top,8,0,,,,1,2.0,False,False,False,False
Slc6a4_S560,Slc6a4,560,0.1478419840676052,CLEAN,grid>0.05+persistent_p95_dark+severe_face,26,19,bottom,110,42,35.0,1.2,1.0,1163,27.069767441860463,True,False,False,False
Slc6a4_S560,Slc6a4,560,0.1478419840676052,CLEAN,grid>0.05+persistent_p95_dark+severe_face,27,20,right,76,30,20.0,1.5,1.0,87,2.838709677419355,True,False,False,False
Slc6a4_S560,Slc6a4,560,0.1478419840676052,CLEAN,grid>0.05+persistent_p95_dark+severe_face,28,22,right,25,9,5.0,1.8,,38,3.9,False,False,False,False
Slc6a4_S560,Slc6a4,560,0.1478419840676052,CLEAN,grid>0.05+persistent_p95_dark+severe_face,29,23,right,6,2,,,,22,7.666666666666667,False,False,False,False
Slc6a4_S560,Slc6a4,560,0.1478419840676052,CLEAN,grid>0.05+persistent_p95_dark+severe_face,30,23,top,56,24,15.0,1.6,1.0,107,4.32,True,False,False,False
Snap25_S500,Snap25,500,0.0289247622718352,EXCELLENT,persistent_p95_dark+severe_face,1,0,right,1677,900,230.0,3.9130434782608696,1.0,1763,1.957824639289678,True,False,False,False
Snap25_S500,Snap25,500,0.0289247622718352,EXCELLENT,persistent_p95_dark+severe_face,2,0,bottom,2914,764,1250.0,0.6112,2.212048192771084,3992,5.219607843137255,True,False,True,True
Snap25_S500,Snap25,500,0.0289247622718352,EXCELLENT,persistent_p95_dark+severe_face,3,1,left,2191,421,1025.0,0.41073170731707315,4.8,833,1.9763033175355451,True,True,True,True
Snap25_S500,Snap25,500,0.0289247622718352,EXCELLENT,persistent_p95_dark+severe_face,4,1,right,1830,774,435.0,1.7793103448275862,1.0,1811,2.338064516129032,True,False,False,False
Snap25_S500,Snap25,500,0.0289247622718352,EXCELLENT,persistent_p95_dark+severe_face,5,1,bottom,2098,1044,575.0,1.8156521739130436,1.0,3626,3.4708133971291866,True,False,False,False
Snap25_S500,Snap25,500,0.0289247622718352,EXCELLENT,persistent_p95_dark+severe_face,6,2,right,2236,1106,385.0,2.8727272727272726,1.0,2287,2.066847335140018,True,False,False,False
Snap25_S500,Snap25,500,0.0289247622718352,EXCELLENT,persistent_p95_dark+severe_face,7,2,bottom,5208,3188,495.0,6.44040404040404,1.0,6758,2.119473189087488,True,False,False,False
Snap25_S500,Snap25,500,0.0289247622718352,EXCELLENT,persistent_p95_dark+severe_face,8,3,left,2813,702,1285.0,0.5463035019455252,3.0808510638297877,1572,2.2375533428165006,True,False,True,True
Snap25_S500,Snap25,500,0.0289247622718352,EXCELLENT,persistent_p95_dark+severe_face,9,3,right,0,0,,,,1,2.0,False,False,False,False
Snap25_S500,Snap25,500,0.0289247622718352,EXCELLENT,persistent_p95_dark+severe_face,10,3,bottom,6045,3023,1240.0,2.4379032258064517,1.0,5656,1.8707010582010581,True,False,False,False
Snap25_S500,Snap25,500,0.0289247622718352,EXCELLENT,persistent_p95_dark+severe_face,11,4,bottom,4,3,,,,52,13.25,False,False,False,False
Snap25_S500,Snap25,500,0.0289247622718352,EXCELLENT,persistent_p95_dark+severe_face,12,5,left,3324,967,1145.0,0.8445414847161572,1.3163934426229509,2160,2.2324380165289255,True,False,True,False
Snap25_S500,Snap25,500,0.0289247622718352,EXCELLENT,persistent_p95_dark+severe_face,13,5,top,112,0,10.0,0.0,,0,1.0,False,False,False,False
Snap25_S500,Snap25,500,0.0289247622718352,EXCELLENT,persistent_p95_dark+severe_face,14,5,bottom,3570,1628,890.0,1.8292134831460674,1.0,3807,2.3376304481276855,True,False,False,False
Snap25_S500,Snap25,500,0.0289247622718352,EXCELLENT,persistent_p95_dark+severe_face,15,6,left,2643,912,880.0,1.0363636363636364,1.0,1809,1.9824753559693318,True,False,False,False
Snap25_S500,Snap25,500,0.0289247622718352,EXCELLENT,persistent_p95_dark+severe_face,16,6,top,7820,1786,3675.0,0.4859863945578231,4.8,2873,1.6082820369334079,True,True,True,True
Snap25_S500,Snap25,500,0.0289247622718352,EXCELLENT,persistent_p95_dark+severe_face,17,6,bottom,2908,1150,490.0,2.3469387755102042,1.0,4640,4.032145960034752,True,False,False,False
Snap25_S500,Snap25,500,0.0289247622718352,EXCELLENT,persistent_p95_dark+severe_face,18,7,left,6834,1687,3120.0,0.5407051282051282,4.3619318181818185,3063,1.8151658767772512,True,True,True,True
Snap25_S500,Snap25,500,0.0289247622718352,EXCELLENT,persistent_p95_dark+severe_face,19,7,bottom,2406,1003,745.0,1.3463087248322148,1.0,4167,4.151394422310757,True,False,False,False
Snap25_S500,Snap25,500,0.0289247622718352,EXCELLENT,persistent_p95_dark+severe_face,20,8,left,1962,577,645.0,0.8945736434108527,1.206060606060606,1247,2.1591695501730106,True,False,True,False
Snap25_S500,Snap25,500,0.0289247622718352,EXCELLENT,persistent_p95_dark+severe_face,21,8,right,5657,2634,1155.0,2.2805194805194806,1.0,4179,1.586337760910816,True,False,False,False
Snap25_S500,Snap25,500,0.0289247622718352,EXCELLENT,persistent_p95_dark+severe_face,22,8,top,2184,691,910.0,0.7593406593406593,1.7854014598540147,1409,2.03757225433526,True,False,True,False
Snap25_S500,Snap25,500,0.0289247622718352,EXCELLENT,persistent_p95_dark+severe_face,23,8,bottom,1758,692,550.0,1.2581818181818183,1.0,4873,7.033189033189033,True,False,False,False
Snap25_S500,Snap25,500,0.0289247622718352,EXCELLENT,persistent_p95_dark+severe_face,24,9,top,3126,949,870.0,1.0908045977011493,1.0,1845,1.9431578947368422,True,False,False,False
Snap25_S500,Snap25,500,0.0289247622718352,EXCELLENT,persistent_p95_dark+severe_face,25,9,bottom,2748,1096,910.0,1.2043956043956043,1.0,4388,4.000911577028259,True,False,False,False
Snap25_S500,Snap25,500,0.0289247622718352,EXCELLENT,persistent_p95_dark+severe_face,26,10,bottom,9594,2722,3795.0,0.7172595520421607,2.0513966480446926,8248,3.0293793609988984,True,False,True,False
Snap25_S500,Snap25,500,0.0289247622718352,EXCELLENT,persistent_p95_dark+severe_face,27,11,left,5365,1268,2425.0,0.5228865979381443,4.744600938967136,2309,1.8203309692671394,True,True,True,True
Snap25_S500,Snap25,500,0.0289247622718352,EXCELLENT,persistent_p95_dark+severe_face,28,11,bottom,1601,846,260.0,3.253846153846154,1.0,3101,3.6623376623376624,True,False,False,False
Snap25_S500,Snap25,500,0.0289247622718352,EXCELLENT,persistent_p95_dark+severe_face,29,12,right,1464,248,615.0,0.4032520325203252,3.647761194029851,689,2.7710843373493974,True,False,True,True
Snap25_S500,Snap25,500,0.0289247622718352,EXCELLENT,persistent_p95_dark+severe_face,30,12,top,2297,1192,765.0,1.558169934640523,1.0,2237,1.875943000838223,True,False,False,False
Snap25_S500,Snap25,500,0.0289247622718352,EXCELLENT,persistent_p95_dark+severe_face,31,12,bottom,2740,808,975.0,0.8287179487179487,1.4466666666666668,3749,4.635352286773795,True,False,True,False
Snap25_S500,Snap25,500,0.0289247622718352,EXCELLENT,persistent_p95_dark+severe_face,32,13,bottom,4289,1322,1885.0,0.7013262599469496,1.9613065326633166,4844,3.6621315192743764,True,False,True,False
Snap25_S500,Snap25,500,0.0289247622718352,EXCELLENT,persistent_p95_dark+severe_face,33,14,left,878,130,420.0,0.30952380952380953,2.346341463414634,820,6.267175572519084,True,False,True,True
Snap25_S500,Snap25,500,0.0289247622718352,EXCELLENT,persistent_p95_dark+severe_face,34,15,left,3388,1271,980.0,1.296938775510204,1.0,2491,1.9591194968553458,True,False,False,False
Snap25_S500,Snap25,500,0.0289247622718352,EXCELLENT,persistent_p95_dark+severe_face,35,15,top,2128,740,595.0,1.2436974789915967,1.0,2343,3.163292847503374,True,False,False,False
Snap25_S500,Snap25,500,0.0289247622718352,EXCELLENT,persistent_p95_dark+severe_face,36,15,bottom,3787,1747,1095.0,1.5954337899543378,1.0,6070,3.473112128146453,True,False,False,False
Snap25_S500,Snap25,500,0.0289247622718352,EXCELLENT,persistent_p95_dark+severe_face,37,16,left,2761,1228,895.0,1.3720670391061454,1.0,2834,2.306753458096013,True,False,False,False
Snap25_S500,Snap25,500,0.0289247622718352,EXCELLENT,persistent_p95_dark+severe_face,38,16,right,3632,1391,1215.0,1.1448559670781893,1.0,2364,1.6989942528735633,True,False,False,False
Snap25_S500,Snap25,500,0.0289247622718352,EXCELLENT,persistent_p95_dark+severe_face,39,16,top,3898,1868,1190.0,1.5697478991596638,1.0,3270,1.7501337613697163,True,False,False,False
Snap25_S500,Snap25,500,0.0289247622718352,EXCELLENT,persistent_p95_dark+severe_face,40,16,bottom,4428,1296,1660.0,0.7807228915662651,1.6802281368821292,4726,3.6445643793369316,True,False,True,False
Snap25_S500,Snap25,500,0.0289247622718352,EXCELLENT,persistent_p95_dark+severe_face,41,17,left,2536,607,1275.0,0.476078431372549,2.7236363636363636,1600,2.633223684210526,True,False,True,True
Snap25_S500,Snap25,500,0.0289247622718352,EXCELLENT,persistent_p95_dark+severe_face,42,17,right,2446,1078,490.0,2.2,1.0,2023,1.8758109360519,True,False,False,False
Snap25_S500,Snap25,500,0.0289247622718352,EXCELLENT,persistent_p95_dark+severe_face,43,17,top,3021,779,1400.0,0.5564285714285714,3.058128078817734,1712,2.1961538461538463,True,False,True,True
Snap25_S500,Snap25,500,0.0289247622718352,EXCELLENT,persistent_p95_dark+severe_face,44,17,bottom,2700,961,700.0,1.3728571428571428,1.0,4177,4.343035343035343,True,False,False,False
Snap25_S500,Snap25,500,0.0289247622718352,EXCELLENT,persistent_p95_dark+severe_face,45,18,left,3230,1115,1135.0,0.9823788546255506,1.0276497695852536,2505,2.2455197132616487,True,False,False,False
Snap25_S500,Snap25,500,0.0289247622718352,EXCELLENT,persistent_p95_dark+severe_face,46,18,right,2264,1285,325.0,3.953846153846154,1.0,2380,1.8514774494556765,True,False,False,False
Snap25_S500,Snap25,500,0.0289247622718352,EXCELLENT,persistent_p95_dark+severe_face,47,18,top,1952,271,985.0,0.2751269035532995,4.263829787234043,967,3.5588235294117645,True,True,True,True
Snap25_S500,Snap25,500,0.0289247622718352,EXCELLENT,persistent_p95_dark+severe_face,48,18,bottom,5268,1804,1735.0,1.0397694524495678,1.0,5879,3.257617728531856,True,False,False,False
Snap25_S500,Snap25,500,0.0289247622718352,EXCELLENT,persistent_p95_dark+severe_face,49,19,top,9305,3781,2810.0,1.3455516014234876,1.0,7344,1.9420941300898995,True,False,False,False
Snap25_S500,Snap25,500,0.0289247622718352,EXCELLENT,persistent_p95_dark+severe_face,50,19,bottom,2395,876,755.0,1.1602649006622516,1.0,4175,4.7616875712656785,True,False,False,False
Snap25_S500,Snap25,500,0.0289247622718352,EXCELLENT,persistent_p95_dark+severe_face,51,20,right,936,202,420.0,0.48095238095238096,2.707070707070707,643,3.1724137931034484,True,False,True,True
Snap25_S500,Snap25,500,0.0289247622718352,EXCELLENT,persistent_p95_dark+severe_face,52,21,left,654,166,215.0,0.772093023255814,1.336144578313253,577,3.461077844311377,True,False,True,False
Snap25_S500,Snap25,500,0.0289247622718352,EXCELLENT,persistent_p95_dark+severe_face,53,21,right,901,433,210.0,2.0619047619047617,1.0,1094,2.5230414746543777,True,False,False,False
Snap25_S500,Snap25,500,0.0289247622718352,EXCELLENT,persistent_p95_dark+severe_face,54,23,left,1421,366,365.0,1.0027397260273974,1.0,1054,2.8746594005449593,True,False,False,False
Snap25_S500,Snap25,500,0.0289247622718352,EXCELLENT,persistent_p95_dark+severe_face,55,23,right,2254,907,535.0,1.6953271028037382,1.0,1765,1.9449339207048457,True,False,False,False
Snap25_S500,Snap25,500,0.0289247622718352,EXCELLENT,persistent_p95_dark+severe_face,56,24,left,2524,759,950.0,0.7989473684210526,1.3953488372093024,1904,2.5065789473684212,True,False,True,False
Snap25_S500,Snap25,500,0.0289247622718352,EXCELLENT,persistent_p95_dark+severe_face,57,24,top,4189,1429,1625.0,0.8793846153846154,1.354585152838428,2826,1.976923076923077,True,False,True,False
Snap25_S530,Snap25,530,0.0875724006337899,EXCELLENT,grid>0.05+residual_p95_dark+severe_face,1,2,right,199,29,80.0,0.3625,4.8,68,2.3,True,True,True,True
Snap25_S530,Snap25,530,0.0875724006337899,EXCELLENT,grid>0.05+residual_p95_dark+severe_face,2,6,right,160,5,110.0,0.045454545454545456,4.8,28,4.833333333333333,True,True,True,True
Snap25_S530,Snap25,530,0.0875724006337899,EXCELLENT,grid>0.05+residual_p95_dark+severe_face,3,7,right,1454,197,860.0,0.22906976744186047,4.8,722,3.6515151515151514,True,True,True,True
Snap25_S530,Snap25,530,0.0875724006337899,EXCELLENT,grid>0.05+residual_p95_dark+severe_face,4,9,right,192,49,55.0,0.8909090909090909,1.0486486486486486,267,5.36,True,False,False,False
Snap25_S530,Snap25,530,0.0875724006337899,EXCELLENT,grid>0.05+residual_p95_dark+severe_face,5,11,right,1291,390,585.0,0.6666666666666666,1.4387434554973821,1367,3.498721227621483,True,False,True,True
Snap25_S530,Snap25,530,0.0875724006337899,EXCELLENT,grid>0.05+residual_p95_dark+severe_face,6,16,right,3359,1294,1170.0,1.105982905982906,1.0,2867,2.2146718146718145,True,False,False,False
Snap25_S530,Snap25,530,0.0875724006337899,EXCELLENT,grid>0.05+residual_p95_dark+severe_face,7,18,right,1566,502,285.0,1.7614035087719297,1.0,1638,3.2584493041749503,True,False,False,False
Snap25_S530,Snap25,530,0.0875724006337899,EXCELLENT,grid>0.05+residual_p95_dark+severe_face,8,19,right,514,60,200.0,0.3,2.653968253968254,295,4.852459016393443,True,False,True,True
Snap25_S530,Snap25,530,0.0875724006337899,EXCELLENT,grid>0.05+residual_p95_dark+severe_face,9,20,right,682,157,290.0,0.5413793103448276,1.5169117647058825,833,5.2784810126582276,True,False,True,True
Snap25_S530,Snap25,530,0.0875724006337899,EXCELLENT,grid>0.05+residual_p95_dark+severe_face,10,21,right,339,119,145.0,0.8206896551724138,1.09873417721519,739,6.166666666666667,True,False,True,False
Snap25_S530,Snap25,530,0.0875724006337899,EXCELLENT,grid>0.05+residual_p95_dark+severe_face,11,23,right,745,273,285.0,0.9578947368421052,1.0305084745762711,1196,4.368613138686132,True,False,False,False
Snap25_S560,Snap25,560,0.0768431753357508,EXCELLENT,grid>0.05+persistent_p95_dark+severe_face,1,0,right,2485,1108,670.0,1.653731343283582,1.0,2031,1.8322813345356177,True,False,False,False
Snap25_S560,Snap25,560,0.0768431753357508,EXCELLENT,grid>0.05+persistent_p95_dark+severe_face,2,0,bottom,1,1,,,,370,185.5,False,False,False,False
Snap25_S560,Snap25,560,0.0768431753357508,EXCELLENT,grid>0.05+persistent_p95_dark+severe_face,3,1,left,2334,1059,885.0,1.1966101694915254,1.0,2013,1.9,True,False,False,False
Snap25_S560,Snap25,560,0.0768431753357508,EXCELLENT,grid>0.05+persistent_p95_dark+severe_face,4,1,right,1797,744,485.0,1.5340206185567011,1.0,1740,2.3369127516778523,True,False,False,False
Snap25_S560,Snap25,560,0.0768431753357508,EXCELLENT,grid>0.05+persistent_p95_dark+severe_face,5,1,bottom,4284,1831,1515.0,1.2085808580858086,1.0,6572,3.587882096069869,True,False,False,False
Snap25_S560,Snap25,560,0.0768431753357508,EXCELLENT,grid>0.05+persistent_p95_dark+severe_face,6,2,left,2148,898,555.0,1.618018018018018,1.0,2023,2.2513904338153505,True,False,False,False
Snap25_S560,Snap25,560,0.0768431753357508,EXCELLENT,grid>0.05+persistent_p95_dark+severe_face,7,2,right,927,431,245.0,1.7591836734693878,1.0,869,2.013888888888889,True,False,False,False
Snap25_S560,Snap25,560,0.0768431753357508,EXCELLENT,grid>0.05+persistent_p95_dark+severe_face,8,2,bottom,2084,1072,225.0,4.764444444444444,1.0,6951,6.479030754892824,True,False,False,False
Snap25_S560,Snap25,560,0.0768431753357508,EXCELLENT,grid>0.05+persistent_p95_dark+severe_face,9,3,left,952,250,470.0,0.5319148936170213,3.96,488,1.948207171314741,True,False,True,True
Snap25_S560,Snap25,560,0.0768431753357508,EXCELLENT,grid>0.05+persistent_p95_dark+severe_face,10,3,bottom,2761,1279,640.0,1.9984375,1.0,7001,5.4703125,True,False,False,False
Snap25_S560,Snap25,560,0.0768431753357508,EXCELLENT,grid>0.05+persistent_p95_dark+severe_face,11,5,top,4,2,,,,9,3.3333333333333335,False,False,False,False
Snap25_S560,Snap25,560,0.0768431753357508,EXCELLENT,grid>0.05+persistent_p95_dark+severe_face,12,5,bottom,5661,2213,1730.0,1.2791907514450866,1.0,9795,4.42457091237579,True,False,False,False
Snap25_S560,Snap25,560,0.0768431753357508,EXCELLENT,grid>0.05+persistent_p95_dark+severe_face,13,6,left,5397,1525,2570.0,0.5933852140077821,3.5695090439276487,2814,1.844692005242464,True,False,True,True
Snap25_S560,Snap25,560,0.0768431753357508,EXCELLENT,grid>0.05+persistent_p95_dark+severe_face,14,6,right,4451,1518,1715.0,0.885131195335277,1.2373493975903616,3177,2.0921658986175116,True,False,True,False
Snap25_S560,Snap25,560,0.0768431753357508,EXCELLENT,grid>0.05+persistent_p95_dark+severe_face,15,6,top,3513,746,1585.0,0.47066246056782335,3.0038216560509556,2126,2.8473895582329316,True,False,True,True
Snap25_S560,Snap25,560,0.0768431753357508,EXCELLENT,grid>0.05+persistent_p95_dark+severe_face,16,6,bottom,6645,3380,1225.0,2.759183673469388,1.0,9746,2.8828748890860694,True,False,False,False
Snap25_S560,Snap25,560,0.0768431753357508,EXCELLENT,grid>0.05+persistent_p95_dark+severe_face,17,7,left,737,255,205.0,1.2439024390243902,1.0,788,3.08203125,True,False,False,False
Snap25_S560,Snap25,560,0.0768431753357508,EXCELLENT,grid>0.05+persistent_p95_dark+severe_face,18,7,right,4338,1510,1375.0,1.0981818181818181,1.0,3017,1.99735274652548,True,False,False,False
Snap25_S560,Snap25,560,0.0768431753357508,EXCELLENT,grid>0.05+persistent_p95_dark+severe_face,19,7,top,3294,297,2185.0,0.13592677345537757,4.8,877,2.946308724832215,True,True,True,True
Snap25_S560,Snap25,560,0.0768431753357508,EXCELLENT,grid>0.05+persistent_p95_dark+severe_face,20,7,bottom,3728,1531,1030.0,1.4864077669902913,1.0,9799,6.396866840731071,True,False,False,False
Snap25_S560,Snap25,560,0.0768431753357508,EXCELLENT,grid>0.05+persistent_p95_dark+severe_face,21,8,right,904,179,475.0,0.37684210526315787,3.453968253968254,569,3.1666666666666665,True,False,True,True
Snap25_S560,Snap25,560,0.0768431753357508,EXCELLENT,grid>0.05+persistent_p95_dark+severe_face,22,8,top,4383,2550,790.0,3.2278481012658227,1.0,3749,1.4700117600940807,True,False,False,False
Snap25_S560,Snap25,560,0.0768431753357508,EXCELLENT,grid>0.05+persistent_p95_dark+severe_face,23,8,bottom,599,269,145.0,1.8551724137931034,1.0,2957,10.955555555555556,True,False,False,False
Snap25_S560,Snap25,560,0.0768431753357508,EXCELLENT,grid>0.05+persistent_p95_dark+severe_face,24,9,right,154,30,65.0,0.46153846153846156,2.0727272727272728,124,4.032258064516129,True,False,True,True
Snap25_S560,Snap25,560,0.0768431753357508,EXCELLENT,grid>0.05+persistent_p95_dark+severe_face,25,9,top,2,0,,,,9,10.0,False,False,False,False
Snap25_S560,Snap25,560,0.0768431753357508,EXCELLENT,grid>0.05+persistent_p95_dark+severe_face,26,9,bottom,68,5,0.0,,,1433,239.0,False,False,False,False
Snap25_S560,Snap25,560,0.0768431753357508,EXCELLENT,grid>0.05+persistent_p95_dark+severe_face,27,10,top,12,1,,,,236,118.5,False,False,False,False
Snap25_S560,Snap25,560,0.0768431753357508,EXCELLENT,grid>0.05+persistent_p95_dark+severe_face,28,10,bottom,151,109,,,,1378,12.536363636363637,False,False,False,False
Snap25_S560,Snap25,560,0.0768431753357508,EXCELLENT,grid>0.05+persistent_p95_dark+severe_face,29,11,right,1136,277,385.0,0.7194805194805195,1.5023809523809524,738,2.658273381294964,True,False,True,False
Snap25_S560,Snap25,560,0.0768431753357508,EXCELLENT,grid>0.05+persistent_p95_dark+severe_face,30,11,bottom,5464,1941,1570.0,1.2363057324840765,1.0,9608,4.94799176107106,True,False,False,False
Snap25_S560,Snap25,560,0.0768431753357508,EXCELLENT,grid>0.05+persistent_p95_dark+severe_face,31,12,left,1124,300,365.0,0.821917808219178,1.55,787,2.617940199335548,True,False,True,False
Snap25_S560,Snap25,560,0.0768431753357508,EXCELLENT,grid>0.05+persistent_p95_dark+severe_face,32,12,right,3530,1175,1040.0,1.1298076923076923,1.0,2516,2.1403061224489797,True,False,False,False
Snap25_S560,Snap25,560,0.0768431753357508,EXCELLENT,grid>0.05+persistent_p95_dark+severe_face,33,12,bottom,4384,1718,1365.0,1.2586080586080586,1.0,10579,6.154741128563118,True,False,False,False
Snap25_S560,Snap25,560,0.0768431753357508,EXCELLENT,grid>0.05+persistent_p95_dark+severe_face,34,13,right,4773,441,2515.0,0.1753479125248509,4.8,2083,4.714932126696833,True,True,True,True
Snap25_S560,Snap25,560,0.0768431753357508,EXCELLENT,grid>0.05+persistent_p95_dark+severe_face,35,13,bottom,4623,2085,1540.0,1.353896103896104,1.0,10942,5.245925215723873,True,False,False,False
Snap25_S560,Snap25,560,0.0768431753357508,EXCELLENT,grid>0.05+persistent_p95_dark+severe_face,36,14,top,6287,1541,2520.0,0.6115079365079366,2.8073394495412844,3281,2.1284046692607004,True,False,True,True
Snap25_S560,Snap25,560,0.0768431753357508,EXCELLENT,grid>0.05+persistent_p95_dark+severe_face,37,14,bottom,5536,2309,1490.0,1.5496644295302013,1.0,10062,4.356277056277056,True,False,False,False
Snap25_S560,Snap25,560,0.0768431753357508,EXCELLENT,grid>0.05+persistent_p95_dark+severe_face,38,15,top,5941,2462,2015.0,1.2218362282878412,1.0,4220,1.7137637028014616,True,False,False,False
Snap25_S560,Snap25,560,0.0768431753357508,EXCELLENT,grid>0.05+persistent_p95_dark+severe_face,39,15,bottom,3913,1984,910.0,2.18021978021978,1.0,11202,5.643828715365239,True,False,False,False
Snap25_S560,Snap25,560,0.0768431753357508,EXCELLENT,grid>0.05+persistent_p95_dark+severe_face,40,16,left,5575,2754,1370.0,2.01021897810219,1.0,4559,1.6551724137931034,True,False,False,False
Snap25_S560,Snap25,560,0.0768431753357508,EXCELLENT,grid>0.05+persistent_p95_dark+severe_face,41,16,right,2729,723,1270.0,0.5692913385826772,2.0283582089552237,2285,3.157458563535912,True,False,True,True
Snap25_S560,Snap25,560,0.0768431753357508,EXCELLENT,grid>0.05+persistent_p95_dark+severe_face,42,16,bottom,7545,4880,950.0,5.136842105263158,1.0,13627,2.7920508092603975,True,False,False,False
Snap25_S560,Snap25,560,0.0768431753357508,EXCELLENT,grid>0.05+persistent_p95_dark+severe_face,43,17,bottom,6160,2826,1605.0,1.7607476635514019,1.0,11387,4.028298549699328,True,False,False,False
Snap25_S560,Snap25,560,0.0768431753357508,EXCELLENT,grid>0.05+persistent_p95_dark+severe_face,44,18,left,4702,1900,1450.0,1.3103448275862069,1.0,2917,1.534981588637559,True,False,False,False
Snap25_S560,Snap25,560,0.0768431753357508,EXCELLENT,grid>0.05+persistent_p95_dark+severe_face,45,18,right,3486,1157,1100.0,1.0518181818181818,1.0,2257,1.9499136442141622,True,False,False,False
Snap25_S560,Snap25,560,0.0768431753357508,EXCELLENT,grid>0.05+persistent_p95_dark+severe_face,46,18,bottom,6500,2586,2585.0,1.0003868471953579,1.0,9976,3.8565906455353693,True,False,False,False
Snap25_S560,Snap25,560,0.0768431753357508,EXCELLENT,grid>0.05+persistent_p95_dark+severe_face,47,19,top,298,24,160.0,0.15,3.6171122994652407,269,10.8,True,False,True,True
Snap25_S560,Snap25,560,0.0768431753357508,EXCELLENT,grid>0.05+persistent_p95_dark+severe_face,48,19,bottom,4617,1309,1000.0,1.309,1.0,7348,5.609923664122137,True,False,False,False
Snap25_S560,Snap25,560,0.0768431753357508,EXCELLENT,grid>0.05+persistent_p95_dark+severe_face,49,20,right,5764,2159,1620.0,1.3327160493827162,1.0,3814,1.7662037037037037,True,False,False,False
Snap25_S560,Snap25,560,0.0768431753357508,EXCELLENT,grid>0.05+persistent_p95_dark+severe_face,50,21,left,5835,1651,2540.0,0.65,3.285714285714286,2860,1.7318401937046004,True,False,True,True
Snap25_S560,Snap25,560,0.0768431753357508,EXCELLENT,grid>0.05+persistent_p95_dark+severe_face,51,21,right,7369,3023,2145.0,1.4093240093240094,1.0,4750,1.5710978835978835,True,False,False,False
Snap25_S560,Snap25,560,0.0768431753357508,EXCELLENT,grid>0.05+persistent_p95_dark+severe_face,52,21,top,7083,3516,1850.0,1.9005405405405404,1.0,7848,2.2317315894228034,True,False,False,False
Snap25_S560,Snap25,560,0.0768431753357508,EXCELLENT,grid>0.05+persistent_p95_dark+severe_face,53,22,left,8894,2717,3450.0,0.787536231884058,2.3553903345724905,4218,1.5522442972774098,True,False,True,False
Snap25_S560,Snap25,560,0.0768431753357508,EXCELLENT,grid>0.05+persistent_p95_dark+severe_face,54,22,right,2062,726,630.0,1.1523809523809523,1.0,2372,3.264099037138927,True,False,False,False
Snap25_S560,Snap25,560,0.0768431753357508,EXCELLENT,grid>0.05+persistent_p95_dark+severe_face,55,22,top,6617,1848,2910.0,0.6350515463917525,2.1298482293423273,5943,3.214710654407788,True,False,True,True
Snap25_S560,Snap25,560,0.0768431753357508,EXCELLENT,grid>0.05+persistent_p95_dark+severe_face,56,23,right,1527,477,590.0,0.8084745762711865,1.2321917808219178,1833,3.8368200836820083,True,False,True,False
Snap25_S560,Snap25,560,0.0768431753357508,EXCELLENT,grid>0.05+persistent_p95_dark+severe_face,57,23,top,8385,2382,3875.0,0.6147096774193549,2.4194174757281552,6376,2.6760386067981536,True,False,True,True
Snap25_S560,Snap25,560,0.0768431753357508,EXCELLENT,grid>0.05+persistent_p95_dark+severe_face,58,24,left,1393,476,455.0,1.0461538461538462,1.0,1871,3.9245283018867925,True,False,False,False
Tacr1_S500,Tacr1,500,0.1071630602181079,CLEAN,grid>0.05,1,2,right,116,30,50.0,0.6,2.2,88,2.870967741935484,True,False,True,True
Tacr1_S500,Tacr1,500,0.1071630602181079,CLEAN,grid>0.05,2,8,right,59,13,20.0,0.65,1.675,45,3.2857142857142856,True,False,True,True
Tacr1_S500,Tacr1,500,0.1071630602181079,CLEAN,grid>0.05,3,11,right,76,18,35.0,0.5142857142857142,2.690909090909091,61,3.263157894736842,True,False,True,True
Tacr1_S500,Tacr1,500,0.1071630602181079,CLEAN,grid>0.05,4,13,right,46,15,15.0,1.0,1.0,52,3.3125,True,False,False,False
Tacr1_S530,Tacr1,530,0.1085037673868429,CLEAN,grid>0.05,1,1,left,54,34,5.0,6.8,,89,2.5714285714285716,False,False,False,False
Tacr1_S530,Tacr1,530,0.1085037673868429,CLEAN,grid>0.05,2,1,right,36,12,20.0,0.6,2.0,38,3.0,True,False,True,True
Tacr1_S530,Tacr1,530,0.1085037673868429,CLEAN,grid>0.05,3,7,left,25,12,5.0,2.4,,26,2.076923076923077,False,False,False,False
Tacr1_S530,Tacr1,530,0.1085037673868429,CLEAN,grid>0.05,4,7,right,23,2,15.0,0.13333333333333333,2.4,23,8.0,True,False,True,True
Tacr1_S530,Tacr1,530,0.1085037673868429,CLEAN,grid>0.05,5,7,bottom,57,15,30.0,0.5,2.64,45,2.875,True,False,True,True
Tacr1_S530,Tacr1,530,0.1085037673868429,CLEAN,grid>0.05,6,8,left,55,19,20.0,0.95,1.1,46,2.35,True,False,False,False
Tacr1_S530,Tacr1,530,0.1085037673868429,CLEAN,grid>0.05,7,8,right,28,5,10.0,0.5,1.8,20,3.5,True,False,True,True
Tacr1_S530,Tacr1,530,0.1085037673868429,CLEAN,grid>0.05,8,8,bottom,62,16,20.0,0.8,1.3,58,3.4705882352941178,True,False,True,False
Tacr1_S530,Tacr1,530,0.1085037673868429,CLEAN,grid>0.05,9,9,right,51,21,5.0,4.2,,44,2.0454545454545454,False,False,False,False
Tacr1_S530,Tacr1,530,0.1085037673868429,CLEAN,grid>0.05,10,9,bottom,54,7,25.0,0.28,2.9333333333333336,32,4.125,True,False,True,True
Tacr1_S530,Tacr1,530,0.1085037673868429,CLEAN,grid>0.05,11,11,top,57,15,20.0,0.75,1.3833333333333333,74,4.6875,True,False,True,False
Tacr1_S530,Tacr1,530,0.1085037673868429,CLEAN,grid>0.05,12,12,left,55,14,25.0,0.56,1.9333333333333333,41,2.8,True,False,True,True
Tacr1_S530,Tacr1,530,0.1085037673868429,CLEAN,grid>0.05,13,12,right,33,7,15.0,0.4666666666666667,1.675,50,6.375,True,False,True,True
Tacr1_S530,Tacr1,530,0.1085037673868429,CLEAN,grid>0.05,14,12,top,63,30,10.0,3.0,1.0,71,2.3225806451612905,True,False,False,False
Tacr1_S530,Tacr1,530,0.1085037673868429,CLEAN,grid>0.05,15,15,bottom,150,93,15.0,6.2,1.0,211,2.25531914893617,True,False,False,False
Tacr1_S530,Tacr1,530,0.1085037673868429,CLEAN,grid>0.05,16,17,left,46,11,20.0,0.55,1.9,41,3.5,True,False,True,True
Tacr1_S530,Tacr1,530,0.1085037673868429,CLEAN,grid>0.05,17,17,right,48,8,25.0,0.32,1.875,45,5.111111111111111,True,False,True,True
Tacr1_S530,Tacr1,530,0.1085037673868429,CLEAN,grid>0.05,18,17,top,30,9,5.0,1.8,,46,4.7,False,False,False,False
Tacr1_S530,Tacr1,530,0.1085037673868429,CLEAN,grid>0.05,19,17,bottom,32,7,15.0,0.4666666666666667,2.7,23,3.0,True,False,True,True
Tacr1_S530,Tacr1,530,0.1085037673868429,CLEAN,grid>0.05,20,18,right,45,13,10.0,1.3,1.0,35,2.5714285714285716,True,False,False,False
Tacr1_S530,Tacr1,530,0.1085037673868429,CLEAN,grid>0.05,21,18,top,40,17,5.0,3.4,,47,2.6666666666666665,False,False,False,False
Tacr1_S530,Tacr1,530,0.1085037673868429,CLEAN,grid>0.05,22,18,bottom,37,8,10.0,0.8,1.3625,30,3.4444444444444446,True,False,True,False
Tacr1_S530,Tacr1,530,0.1085037673868429,CLEAN,grid>0.05,23,19,right,82,14,25.0,0.56,2.8,41,2.8,True,False,True,True
Tacr1_S530,Tacr1,530,0.1085037673868429,CLEAN,grid>0.05,24,19,bottom,52,18,20.0,0.9,1.3,43,2.3157894736842106,True,False,False,False
Tacr1_S530,Tacr1,530,0.1085037673868429,CLEAN,grid>0.05,25,20,right,36,5,20.0,0.25,4.4,19,3.3333333333333335,True,True,True,True
Tacr1_S530,Tacr1,530,0.1085037673868429,CLEAN,grid>0.05,26,22,right,56,12,20.0,0.6,2.25,37,2.923076923076923,True,False,True,True
Tacr1_S530,Tacr1,530,0.1085037673868429,CLEAN,grid>0.05,27,23,right,37,9,10.0,0.9,1.15,40,4.1,True,False,False,False
Tacr1_S530,Tacr1,530,0.1085037673868429,CLEAN,grid>0.05,28,23,top,37,18,10.0,1.8,1.0,41,2.210526315789474,True,False,False,False
Tacr1_S560,Tacr1,560,0.0649080879085444,EXCELLENT,grid>0.05,1,1,bottom,62,9,35.0,0.2571428571428571,3.085714285714286,50,5.1,True,False,True,True
Tacr1_S560,Tacr1,560,0.0649080879085444,EXCELLENT,grid>0.05,2,1,right,135,23,65.0,0.35384615384615387,2.523076923076923,135,5.666666666666667,True,False,True,True
Tacr1_S560,Tacr1,560,0.0649080879085444,EXCELLENT,grid>0.05,3,6,right,62,12,25.0,0.48,1.5272727272727273,66,5.153846153846154,True,False,True,True
Tacr1_S560,Tacr1,560,0.0649080879085444,EXCELLENT,grid>0.05,4,6,top,34,6,20.0,0.3,3.6,23,3.4285714285714284,True,False,True,True
Tacr1_S560,Tacr1,560,0.0649080879085444,EXCELLENT,grid>0.05,5,7,right,73,11,35.0,0.3142857142857143,2.742857142857143,59,5.0,True,False,True,True
Tacr1_S560,Tacr1,560,0.0649080879085444,EXCELLENT,grid>0.05,6,9,right,24,8,5.0,1.6,,28,3.2222222222222223,False,False,False,False
Tacr1_S560,Tacr1,560,0.0649080879085444,EXCELLENT,grid>0.05,7,12,bottom,99,25,35.0,0.7142857142857143,1.45625,100,3.8846153846153846,True,False,True,False
Tacr1_S560,Tacr1,560,0.0649080879085444,EXCELLENT,grid>0.05,8,12,right,111,28,40.0,0.7,1.3833333333333333,137,4.758620689655173,True,False,True,False
Tacr1_S560,Tacr1,560,0.0649080879085444,EXCELLENT,grid>0.05,9,13,bottom,74,11,30.0,0.36666666666666664,1.8857142857142857,63,5.333333333333333,True,False,True,True
Tacr1_S560,Tacr1,560,0.0649080879085444,EXCELLENT,grid>0.05,10,13,right,101,11,65.0,0.16923076923076924,3.3071428571428574,90,7.583333333333333,True,False,True,True
Tacr1_S560,Tacr1,560,0.0649080879085444,EXCELLENT,grid>0.05,11,14,bottom,78,18,40.0,0.45,1.835294117647059,104,5.526315789473684,True,False,True,True
Tacr1_S560,Tacr1,560,0.0649080879085444,EXCELLENT,grid>0.05,12,15,bottom,55,14,20.0,0.7,1.3454545454545455,86,5.8,True,False,True,False
Tacr1_S560,Tacr1,560,0.0649080879085444,EXCELLENT,grid>0.05,13,15,left,41,4,15.0,0.26666666666666666,1.7444444444444445,81,16.4,True,False,True,True
Tacr1_S560,Tacr1,560,0.0649080879085444,EXCELLENT,grid>0.05,14,16,left,63,20,20.0,1.0,1.0,57,2.761904761904762,True,False,False,False
Tacr1_S560,Tacr1,560,0.0649080879085444,EXCELLENT,grid>0.05,15,16,right,43,18,10.0,1.8,1.0,86,4.578947368421052,True,False,False,False
Tacr1_S560,Tacr1,560,0.0649080879085444,EXCELLENT,grid>0.05,16,19,right,54,6,25.0,0.24,2.057142857142857,52,7.571428571428571,True,False,True,True
Tacr1_S560,Tacr1,560,0.0649080879085444,EXCELLENT,grid>0.05,17,20,right,80,19,25.0,0.76,1.35,65,3.3,True,False,True,False
Tacr1_S560,Tacr1,560,0.0649080879085444,EXCELLENT,grid>0.05,18,20,top,76,32,20.0,1.6,1.0,121,3.696969696969697,True,False,False,False
Tacr1_S560,Tacr1,560,0.0649080879085444,EXCELLENT,grid>0.05,19,21,right,75,24,20.0,1.2,1.0,91,3.68,True,False,False,False
Tacr1_S560,Tacr1,560,0.0649080879085444,EXCELLENT,grid>0.05,20,21,top,87,26,35.0,0.7428571428571429,1.3833333333333333,97,3.6296296296296298,True,False,True,False
Tacr1_S560,Tacr1,560,0.0649080879085444,EXCELLENT,grid>0.05,21,23,right,65,7,20.0,0.35,2.018181818181818,60,7.625,True,False,True,True
Tacr1_S560,Tacr1,560,0.0649080879085444,EXCELLENT,grid>0.05,22,24,left,38,11,15.0,0.7333333333333333,1.3,88,7.416666666666667,True,False,True,False
Zfhx3_S500,Zfhx3,500,0.1022609420948501,CLEAN,grid>0.05,1,1,left,140,51,50.0,1.02,1.0,118,2.2884615384615383,True,False,False,False
Zfhx3_S500,Zfhx3,500,0.1022609420948501,CLEAN,grid>0.05,2,9,bottom,88,27,20.0,1.35,1.0,70,2.5357142857142856,True,False,False,False
Zfhx3_S500,Zfhx3,500,0.1022609420948501,CLEAN,grid>0.05,3,11,bottom,95,21,35.0,0.6,2.0,58,2.6818181818181817,True,False,True,True
Zfhx3_S500,Zfhx3,500,0.1022609420948501,CLEAN,grid>0.05,4,14,bottom,262,22,170.0,0.12941176470588237,4.8,106,4.6521739130434785,True,True,True,True
Zfhx3_S500,Zfhx3,500,0.1022609420948501,CLEAN,grid>0.05,5,14,left,75,13,45.0,0.28888888888888886,2.329411764705882,103,7.428571428571429,True,False,True,True
Zfhx3_S500,Zfhx3,500,0.1022609420948501,CLEAN,grid>0.05,6,16,bottom,274,47,115.0,0.40869565217391307,3.6074074074074076,131,2.75,True,False,True,True
Zfhx3_S500,Zfhx3,500,0.1022609420948501,CLEAN,grid>0.05,7,17,bottom,109,28,30.0,0.9333333333333333,1.1,85,2.9655172413793105,True,False,False,False
Zfhx3_S500,Zfhx3,500,0.1022609420948501,CLEAN,grid>0.05,8,19,bottom,106,20,70.0,0.2857142857142857,3.4000000000000004,78,3.761904761904762,True,False,True,True
Zfhx3_S530,Zfhx3,530,0.1168879840943957,CLEAN,grid>0.05,1,1,right,128,19,65.0,0.2923076923076923,4.8,35,1.8,True,True,True,True
Zfhx3_S530,Zfhx3,530,0.1168879840943957,CLEAN,grid>0.05,2,2,left,139,66,30.0,2.2,1.0,133,2.0,True,False,False,False
Zfhx3_S530,Zfhx3,530,0.1168879840943957,CLEAN,grid>0.05,3,2,right,5,0,,,,0,1.0,False,False,False,False
Zfhx3_S530,Zfhx3,530,0.1168879840943957,CLEAN,grid>0.05,4,6,bottom,151,70,30.0,2.3333333333333335,1.0,115,1.6338028169014085,True,False,False,False
Zfhx3_S530,Zfhx3,530,0.1168879840943957,CLEAN,grid>0.05,5,7,right,101,14,45.0,0.3111111111111111,4.8,36,2.466666666666667,True,True,True,True
Zfhx3_S530,Zfhx3,530,0.1168879840943957,CLEAN,grid>0.05,6,7,top,107,36,35.0,1.0285714285714285,1.0,84,2.2972972972972974,True,False,False,False
Zfhx3_S530,Zfhx3,530,0.1168879840943957,CLEAN,grid>0.05,7,12,bottom,89,37,20.0,1.85,1.0,82,2.1842105263157894,True,False,False,False
Zfhx3_S530,Zfhx3,530,0.1168879840943957,CLEAN,grid>0.05,8,13,right,382,113,155.0,0.7290322580645161,3.6285714285714286,163,1.4385964912280702,True,False,True,False
Zfhx3_S530,Zfhx3,530,0.1168879840943957,CLEAN,grid>0.05,9,13,top,150,20,70.0,0.2857142857142857,4.8,42,2.0476190476190474,True,True,True,True
Zfhx3_S530,Zfhx3,530,0.1168879840943957,CLEAN,grid>0.05,10,20,right,167,60,45.0,1.3333333333333333,1.0,108,1.7868852459016393,True,False,False,False
Zfhx3_S530,Zfhx3,530,0.1168879840943957,CLEAN,grid>0.05,11,21,right,38,13,15.0,0.8666666666666667,1.1,35,2.5714285714285716,True,False,True,False
Zfhx3_S530,Zfhx3,530,0.1168879840943957,CLEAN,grid>0.05,12,22,right,95,25,25.0,1.0,1.0,45,1.7692307692307692,True,False,False,False
Zfhx3_S530,Zfhx3,530,0.1168879840943957,CLEAN,grid>0.05,13,23,top,102,40,35.0,1.1428571428571428,1.0,54,1.3414634146341464,True,False,False,False
Zfhx3_S530,Zfhx3,530,0.1168879840943957,CLEAN,grid>0.05,14,24,left,41,13,10.0,1.3,1.0,33,2.4285714285714284,True,False,False,False
