gene,section,version,n_cells,sum,mass_ratio_vs_raw,changed_fraction_vs_raw,pearson_vs_raw,spearman_vs_raw,grid12_corr_vs_raw,top10_jaccard_vs_raw,log1p_std,log1p_std_ratio_vs_raw,q95,q95_ratio_vs_raw,q99,q99_ratio_vs_raw,fine26_eta2,fine26_eta2_ratio_vs_raw,r1r5_eta2,r1r5_eta2_ratio_vs_raw,loss_grid,loss_top10,loss_dyn,loss_fine26,loss_r1r5,overcorrection_score,severe_flag
Nfib,500,MAP400,31461,151042.98571436378,1.0520365093079693,0.27271860398588726,0.9971125598570583,0.9804017932647016,0.996290750812034,0.9878693623639191,0.8328747978243674,0.9592865600524954,16.4765924012911,1.0297870250806296,31.0,0.9999999999999678,0.19628353940662918,0.9999298383098318,0.00444510423040802,0.7418020542448769,0.0037092491879660017,0.01213063763608091,0.04071343994750465,7.016169016815788e-05,0.2581979457551231,0.06296428684336856,True
Nfib,500,Stage416C,31461,146166.365718918,1.018070137066545,0.2021868344934999,0.9976420191980999,0.987497212896237,0.9976609553617354,0.9726623174899037,0.8545734232100993,0.9842785513560142,16.158407079646018,1.009900442477813,31.0,0.9999999999999678,0.19589155325430677,0.9979329380547399,0.006021259964019278,1.0048320081893651,0.00233904463826462,0.027337682510096273,0.015721448643985836,0.0020670619452600736,0.0,0.00949304754752136,False
Nfib,500,Stage594,31461,143572.0,1.0,0.0,0.9999999999999999,1.0,1.0,1.0,0.8682231488553643,0.9999999999988483,16.0,0.9999999999999376,31.0,0.9999999999999678,0.1962973119568116,0.9999999999949056,0.005992305095718757,0.9999999998331193,0.0,0.0,1.1517453657461374e-12,5.094369370794993e-12,1.6688073145587623e-10,3.462536923848347e-11,False
Nfib,530,MAP400,20513,158113.98421606718,1.0592056607630642,0.37654170526007896,0.9985351728830346,0.9752220357298902,0.99642498770111,0.9374437443744374,0.9213810852881801,0.9271330946915715,29.936880334144984,1.032306218418757,48.10593374401263,1.0022069530002422,0.43173391599008293,1.0005449460367095,0.11160618934877811,0.9060108738862382,0.0035750122988900124,0.06255625562556255,0.07286690530842854,0.0,0.09398912611376176,0.046597459869328575,False
Nfib,530,Stage416C,20513,150561.94999592725,1.0086145796774246,0.10178910934529323,0.9995096004693044,0.9932999833199806,0.9997855660334057,0.9242902208201893,0.9796687685297731,0.9857846570136676,29.0,0.9999999999999656,48.0,0.9999999999999791,0.4318940871023394,1.0009161431813716,0.12093619431957699,0.9817511711428705,0.00021443396659426295,0.0757097791798107,0.014215342986332424,0.0,0.01824882885712953,0.021677676997973384,False
Nfib,530,Stage594,20513,149360.0,1.0005627160427664,0.0021449812314142253,0.9999680758580175,0.9995481601694709,0.9999766233245413,0.9990990990990991,0.9932011905551185,0.9994015594130767,29.0,0.9999999999999656,48.0,0.9999999999999791,0.4318079619455339,1.000716547812148,0.1236317841588689,1.0036337721006323,2.3376675458708362e-05,0.0009009009009008917,0.0005984405869232656,0.0,0.0,0.0003045436326565731,False
Nfib,560,MAP400,19976,156741.47684668473,1.0483187654024941,0.3593812575090108,0.9974722912057301,0.987554364440731,0.9947592805112196,0.9724504591590141,0.8911977994751289,0.9563161178975926,23.328254834865373,1.0142719493419288,43.0,0.9999999999999767,0.24458672222178657,0.9757900214356232,0.021939198715470336,0.9827964411007021,0.005240719488780354,0.02754954084098593,0.04368388210240737,0.02420997856437679,0.01720355889929792,0.023577535979169673,False
Nfib,560,Stage416C,19976,150326.3715995727,1.0054132413008066,0.19243091710052063,0.9996582088749081,0.9976834099415676,0.9997828944366598,0.9920516641828118,0.9236634244703436,0.9911539512930837,23.0,0.9999999999999566,43.0,0.9999999999999767,0.25112271001485525,1.0018656465176676,0.022746945041198632,1.0189805435619355,0.00021710556334020303,0.007948335817188235,0.008846048706916299,0.0,0.0,0.003402298017488947,False
Nfib,560,Stage594,19976,149517.0,1.0,0.0,1.0,0.9999999999999999,0.9999999999999999,1.0,0.931907120245365,0.999999999998927,23.0,0.9999999999999566,43.0,0.9999999999999767,0.2506550762437236,0.9999999999960105,0.022323237851692164,0.9999999999552037,1.1102230246251565e-16,0.0,1.0730305533002138e-12,3.9894754166880375e-12,4.479627779829798e-11,9.971778958117739e-12,False
Snap25,500,MAP400,31461,3616465.34825648,1.0424698017418996,0.1856902196370109,0.9980757075641862,0.9798298255770193,0.9978551635915646,0.9352363413136894,1.8007440580987006,0.9764252328174682,439.0,1.020930232558137,910.1632305204295,1.019219743023996,0.42303336239088485,0.8985704276471477,0.006029503320974865,1.0359543455137514,0.0021448364084354354,0.06476365868631062,0.02357476718253182,0.10142957235285233,0.0,0.03838256692602604,False
Snap25,500,Stage416C,31461,3471282.537035628,1.0006199063730143,0.17240392867359589,0.9997758161851074,0.9938741977746487,0.9998269422182019,0.9883391112511819,1.848830396885551,1.0024992961104298,430.0,0.9999999999999977,893.0,0.9999999999999989,0.46853650663055535,0.9952242223919462,0.005601848433796565,0.9624771592235674,0.00017305778179810272,0.011660888748818099,0.0,0.004775777608053811,0.03752284077643264,0.010826512983020531,False
Snap25,500,Stage594,31461,3469132.0,1.0,0.0,1.0,1.0,1.0,1.0,1.8442211421571826,0.9999999999994578,430.0,0.9999999999999977,893.0,0.9999999999999989,0.47078487047217166,0.9999999999978759,0.005820240386123149,0.9999999998281858,0.0,0.0,5.422329252269265e-13,2.1240786907128495e-12,1.7181422951040304e-10,3.4896108225268564e-11,False
Snap25,530,MAP400,20513,2591147.47049599,1.0132704955615686,0.19602203480719543,0.999842799744139,0.989479833719059,0.9998810579742562,0.9840579710144928,2.0352979042977055,0.9758726147100603,533.5134104349077,1.0085319667956647,1261.2000000000153,0.9999999999999993,0.471569200022778,0.9447509341902024,0.04790121555048997,0.9532048488316065,0.00011894202574380675,0.01594202898550723,0.02412738528993974,0.055249065809797604,0.0467951511683935,0.028446514655876377,False
Snap25,530,Stage416C,20513,2558607.373603155,1.0005456620738347,0.13445132355091893,0.9999696265596377,0.9958804297134543,0.9999856829223105,0.9975669099756691,2.0719193752053724,0.993431661222971,529.0,0.9999999999999981,1255.3063259259343,0.9953269314350762,0.4985077987419882,0.9987202483534672,0.049199843292277695,0.9790467454530929,1.4317077689507407e-05,0.0024330900243308973,0.006568338777029004,0.001279751646532823,0.020953254546907107,0.0062497504144978675,False
Snap25,530,Stage594,20513,2560514.0,1.0012912500019553,0.016136108809047922,0.9999661841719171,0.9998175023764939,0.9999887436302308,0.9980554205153136,2.0849370448874516,0.999673296574365,529.0,0.9999999999999981,1261.2000000000153,0.9999999999999993,0.49967496607506345,1.0010585741563947,0.05004577768314503,0.9958803216766071,1.1256369769174768e-05,0.001944579484686404,0.000326703425635011,0.0,0.0041196783233928835,0.0012804435206966946,False
Snap25,560,MAP400,19976,1916792.645458255,1.042429141933219,0.19553464156988387,0.9989723679573633,0.9214136435135185,0.9973541101743959,0.9689807976366323,2.012037394371534,0.9705515492655113,504.9723985292218,1.0099447970584414,1091.75,0.9999999999999991,0.4903733229961896,0.9055797663968543,0.027659441107927306,0.7446718829514593,0.0026458898256040975,0.03101920236336775,0.02944845073448865,0.09442023360314566,0.25532811704854075,0.08257237871502938,True
Snap25,560,Stage416C,19976,1835066.3445680218,0.9979830836116554,0.22281738085702843,0.9998772840676796,0.9688234637213641,0.9998268851281863,0.9895522388059701,2.061850504457025,0.9945800247314496,499.0,0.997999999999998,1088.75,0.9972521181589183,0.5401085065235207,0.9974264753597218,0.032638471190261815,0.8787217248197876,0.00017311487181370655,0.010447761194029903,0.0054199752685504254,0.0025735246402781575,0.12127827518021239,0.027978530230976916,False
Snap25,560,Stage594,19976,1838775.0,1.0,0.0,1.0,1.0,1.0,1.0,2.073086582462541,0.9999999999995176,500.0,0.999999999999998,1091.75,0.9999999999999991,0.5415020754564723,0.9999999999981534,0.03714312536892922,0.9999999999730772,0.0,0.0,4.823919041996305e-13,1.846633956859023e-12,2.6922797324857584e-11,5.8503646371832476e-12,False
Zfhx3,500,MAP400,31461,237377.8919435077,1.114628118777212,0.3538349067098948,0.9927718905314216,0.8964171024212851,0.9817722325181762,0.920876445526476,1.0913288284963536,0.9338163795606436,31.307534345832117,1.0099204627687455,53.67882517654516,1.0128080221989462,0.40122523644386165,0.9264733534036591,0.016990849798055527,0.9154295312256416,0.018227767481823753,0.07912355447352404,0.06618362043935644,0.0735266465963409,0.08457046877435836,0.06432641155308069,False
Zfhx3,500,Stage416C,31461,216828.79092988733,1.0181380639627327,0.20094720447538222,0.9992550146717436,0.9787249786432396,0.9988168835819757,0.993075228202707,1.1433489706784776,0.9783284089035057,31.0,0.9999999999999678,53.0,0.9999999999999811,0.4312657280038023,0.9958401639266224,0.019439743238639673,1.047370511281392,0.001183116418024266,0.006924771797293006,0.021671591096494303,0.004159836073377554,0.0,0.006787863077037826,False
Zfhx3,500,Stage594,31461,213748.0,1.0036719476348337,0.008772766282063508,0.9995004672309996,0.998139580658596,0.9997105425136137,0.9955960994023277,1.1685645108282658,0.9999045679826937,31.0,0.9999999999999678,53.0,0.9999999999999811,0.43371589155179463,1.0014978619787576,0.018703840132870263,1.0077216742221013,0.0002894574863863131,0.004403900597672261,9.543201730632944e-05,0.0,0.0,0.0009577580202729807,False
Zfhx3,530,MAP400,20513,203069.5728496059,1.0234123535943531,0.29898113391507825,0.999751324094624,0.9841567101368747,0.9995603714162568,0.9929111531190926,1.1695426518287515,0.9664688956911827,40.0,0.9999999999999749,97.88000000000102,0.9999999999999898,0.5107324960510716,0.992914163152263,0.011570370132935303,0.9508093440407909,0.00043962858374324565,0.007088846880907385,0.03353110430881734,0.007085836847737004,0.04919065595920913,0.01946721451608282,False
Zfhx3,530,Stage416C,20513,199787.3153626271,1.0068707180715393,0.1998732511090528,0.9997789462102993,0.9882180516364361,0.9998648280126906,0.9928842504743833,1.1951493575926153,0.9876293763313656,40.0,0.9999999999999749,97.88000000000102,0.9999999999999898,0.5131423731119591,0.9975992009826572,0.011468201767661777,0.9424135334270126,0.0001351719873093904,0.007115749525616666,0.012370623668634395,0.002400799017342803,0.05758646657298738,0.015921762154378127,False
Zfhx3,530,Stage594,20513,198424.0,1.0,0.0,0.9999999999999999,1.0,0.9999999999999999,1.0,1.2101192878963491,0.9999999999991735,40.0,0.9999999999999749,97.88000000000102,0.9999999999999898,0.5143772896023824,0.999999999998056,0.012168969735627788,0.9999999999178237,1.1102230246251565e-16,0.0,8.264500195309665e-13,1.944000516118649e-12,8.217626579209991e-11,1.69893654700104e-11,False
Zfhx3,560,MAP400,19976,134928.47086782468,1.0290535381434016,0.3593812575090108,0.999629721512809,0.9704815317463789,0.9986964226042674,0.9610014443909485,1.0651373798600747,0.9654499772864772,34.19414825166756,1.0057102426960751,74.03711489105652,1.0005015525818315,0.4565998093886824,1.0008522954117784,0.018830783921149605,0.904286888499629,0.0013035773957326136,0.03899855560905152,0.03455002271352281,0.0,0.09571311150037098,0.03411305344373559,False
Zfhx3,560,Stage416C,19976,132743.1890449383,1.0123871372183917,0.18732478974769723,0.9998134944898784,0.9862087175325349,0.9996899786731884,0.9971112181030333,1.0848432176293947,0.9833115235870119,34.0,0.9999999999999706,74.0,0.9999999999999866,0.45911989843119466,1.0063762506368525,0.020412578201150788,0.9802473919868071,0.00031002132681157146,0.00288878189696673,0.016688476412988096,0.0,0.019752608013192896,0.007927977529991859,False
Zfhx3,560,Stage594,19976,131169.0,1.0003813329875915,0.0014517420905086104,0.9999883278942316,0.9998473990880994,0.9999943376468139,1.0,1.103242262953942,0.9999885816140343,34.0,0.9999999999999706,74.0,0.9999999999999866,0.4563089620849868,1.000214767349934,0.020817337252101612,0.9996846232942778,5.662353186108859e-06,0.0,1.1418385965744626e-05,0.0,0.00031537670572223675,6.649148897481804e-05,False
Npy5r,500,MAP400,31461,127269.45891369664,1.0349550618739105,0.27640570865516034,0.9971158322666591,0.989484568954029,0.9961334515446296,0.9851162790697674,0.8549928444629468,0.9835687377324033,13.0,0.9999999999999231,21.0,0.9999999999999525,0.3789529464663732,0.9668931132519272,0.027362413003355943,1.0390269857862973,0.0038665484553703777,0.014883720930232602,0.016431262267596725,0.03310688674807283,0.0,0.013657683680254506,False
Npy5r,500,Stage416C,31461,122078.44031616946,0.9927417058995167,0.14821525062776136,0.9989769766267322,0.9966602105646567,0.9990045962834306,0.9874292897548711,0.8672826753633323,0.997706743148378,13.0,0.9999999999999231,21.0,0.9999999999999525,0.38943300916226153,0.9936328458271482,0.026539145698152376,1.007765234619938,0.0009954037165693652,0.012570710245128902,0.002293256851621961,0.00636715417285183,0.0,0.004445304997234412,False
Npy5r,500,Stage594,31461,122971.0,1.0,0.0,0.9999999999999998,0.9999999999999998,1.0,1.0,0.8692761488466286,0.9999999999988497,13.0,0.9999999999999231,21.0,0.9999999999999525,0.3919284782067414,0.9999999999974486,0.026334650953853764,0.9999999999620273,0.0,0.0,1.1503020758141247e-12,2.5514035328910722e-12,3.7972736066649304e-11,8.3348883350709e-12,False
Npy5r,530,MAP400,20513,66979.82136065839,1.0578322334985057,0.2962511578023692,0.99527764309418,0.9738047254668867,0.9933802549624887,0.9720101781170484,0.8405870458295068,0.9736971881418839,11.0,0.9999999999999091,18.06535353203595,1.0036307517797194,0.3146653093862516,0.9492983121855451,0.019751276426417188,0.7701899912030711,0.006619745037511282,0.027989821882951627,0.026302811858116115,0.05070168781445494,0.22981000879692892,0.06828481507799258,False
Npy5r,530,Stage416C,20513,63431.94659169954,1.0017995924018375,0.16891727197387024,0.9995563284487471,0.9936758257883034,0.9993998131147938,0.9698952879581152,0.8576670494439246,0.9934818750167574,11.0,0.9999999999999091,18.0,0.9999999999999445,0.32870235622728483,0.9916459891514398,0.025043175884846832,0.9765446545343054,0.0006001868852062442,0.030104712041884807,0.006518124983242557,0.008354010848560245,0.02345534546569461,0.013806476044917693,False
Npy5r,530,Stage594,20513,63433.0,1.0018162291923307,0.0042899624628284505,0.9997396023182006,0.9997461788475435,0.9999533183243704,0.9965217391304347,0.8638413873411036,1.0006339427043915,11.0,0.9999999999999091,18.0,0.9999999999999445,0.3316815560337753,1.0006337906777063,0.025666819594414487,1.0008632926220866,4.668167562960068e-05,0.003478260869565264,0.0,0.0,0.0,0.0007049885090389729,False
Npy5r,560,MAP400,19976,42723.35878976136,1.0597122430241432,0.2789847817380857,0.9972891920855247,0.9683143112153886,0.9947739628620947,0.9959165154264973,0.7762199322991957,0.9784810233164087,9.0,0.9999999999998889,15.0,0.9999999999999333,0.41259674786474027,0.9673510346069278,0.014198893234312398,0.9121383484893663,0.0052260371379052595,0.004083484573502716,0.021518976683591262,0.03264896539307216,0.08786165151063374,0.030267823059741027,False
Npy5r,560,Stage416C,19976,40383.17260533718,1.0016661525284547,0.1617440929114938,0.9996574162875528,0.9857602664819902,0.9995153949104952,0.973120728929385,0.7883821059824055,0.9938123175232574,8.84259504028154,0.982510560031173,15.0,0.9999999999999333,0.4265358243657517,1.0000318061944415,0.016116089370551326,1.0352992236773861,0.0004846050895047638,0.02687927107061505,0.0061876824767426175,0.0,0.0,0.006710311727372487,False
Npy5r,560,Stage594,19976,40336.0,1.0004960809604126,0.0009511413696435723,0.9999480782038697,0.9997423102520674,0.9999885087667283,0.9995446265938069,0.7932900907727161,0.999999185162458,9.0,0.9999999999998889,15.0,0.9999999999999333,0.42631901036972436,0.9995234763434193,0.015533166455302654,0.9978521961917063,1.1491233271709866e-05,0.0004553734061930603,8.148375419958498e-07,0.0004765236565806852,0.0021478038082937134,0.000618401388376233,False
Hcrtr1,500,MAP400,31461,131072.1243064677,1.0151344065619643,0.19881758367502622,0.9999545291393431,0.9614940240870865,0.9998882052372646,1.0,0.996029732750143,0.9883117297603402,14.0,0.9999999999999286,87.0,0.9999999999999886,0.3818303189430025,0.9960983941944649,0.10081933051698712,1.0239810884371738,0.00011179476273537325,0.0,0.011688270239659793,0.0039016058055351133,0.0,0.003140334161586056,False
Hcrtr1,500,Stage416C,31461,127901.52441921447,0.9905785747859669,0.20383967451765678,0.9998844936900239,0.979556718318867,0.9997371302885972,0.9510657460222155,1.0029786658329052,0.9952068171751015,14.0,0.9999999999999286,87.0,0.9999999999999886,0.3843621031068851,1.0027031765152394,0.09879869111079495,1.0034582727441745,0.00026286971140276894,0.0489342539777845,0.00479318282489849,0.0,0.0,0.010798061302817153,False
Hcrtr1,500,Stage594,31461,129858.0,1.0057311916231664,0.009821683989701535,0.99971555686719,0.9948875847076168,0.9999331203843987,0.9928464977645306,1.0090701345748705,1.0012510845410267,14.0,0.9999999999999286,87.0,0.9999999999999886,0.3838357832831625,1.0013301416742815,0.09836027450114425,0.9990054528847586,6.687961560125633e-05,0.0071535022354694,0.0,0.0,0.0009945471152413843,0.001642985793262408,False
Hcrtr1,530,MAP400,20513,59529.6448296,1.0857526232873715,0.27421635060693217,0.9994122269754558,0.8693632670339763,0.9991193144217919,0.9804668889947594,0.892737743238183,0.9847101068971549,11.0,0.9999999999999091,46.0,0.9999999999999782,0.261282629375688,0.9381574395811852,0.10891075816404192,0.8914224254626925,0.0008806855782080847,0.019533111005240578,0.01528989310284512,0.06184256041881475,0.10857757453730754,0.04122476492848322,False
Hcrtr1,530,Stage416C,20513,55273.99918840057,1.0081345149996457,0.15687612733388584,0.9998919228960548,0.9397835655506321,0.9998869369032978,0.988388969521045,0.9032874197497035,0.9963466408782415,11.0,0.9999999999999091,46.0,0.9999999999999782,0.27947198481705826,1.0034678628928386,0.12452699713642527,1.0192396021680425,0.00011306309670222614,0.011611030478954953,0.0036533591217584593,0.0,0.0,0.0030754905394831276,False
Hcrtr1,530,Stage594,20513,54828.0,1.0,0.0,1.0,0.9999999999999998,1.0,1.0,0.9065995534972585,0.999999999998897,11.0,0.9999999999999091,46.0,0.9999999999999782,0.2785061636257901,0.9999999999964095,0.1221763723373017,0.9999999999918151,0.0,0.0,1.103006574965093e-12,3.5904612616377563e-12,8.184897204444042e-12,2.575673008209378e-12,False
Hcrtr1,560,MAP400,19976,85122.33955338618,1.0190020895838412,0.1892270724869844,0.9998869589024797,0.9688750038455892,0.9999294592805327,0.9975272007912958,0.9968931883282267,0.9903080906120771,16.173514509016794,1.0108446568134866,62.167898185791934,1.0027080352546924,0.48963252484765507,0.9850415310476883,0.03862116757678521,0.996830192864195,7.054071946732687e-05,0.002472799208704246,0.009691909387922859,0.014958468952311677,0.0031698071358049473,0.006072705080842211,False
Hcrtr1,560,Stage416C,19976,83969.55797130734,1.005202106557818,0.16334601521826192,0.9998761384229078,0.979035388235193,0.9999484410314291,0.9856577645895154,1.0007510866873865,0.9941405051601613,16.0,0.9999999999999376,62.258498957963084,1.0041693380316463,0.4940672053754216,0.9939632106238924,0.03975095801567465,1.0259906064859532,5.155896857089726e-05,0.014342235410484627,0.005859494839838719,0.006036789376107632,0.0,0.005258015719000375,False
Hcrtr1,560,Stage594,19976,83536.0,1.0000119710301072,5.0060072086503804e-05,0.9999999002134528,0.9999999051490723,0.9999999983433718,1.0,1.0066574754817756,1.0000078785938116,16.0,0.9999999999999376,62.0,0.9999999999999838,0.4970736524605287,1.0000115736092745,0.03874240048661684,0.9999592703227853,1.6566281679786243e-09,0.0,0.0,0.0,4.072967721469034e-05,8.146266768571664e-06,False
Bcl11b,500,MAP400,31461,319265.7105651153,1.0972008940935019,0.18375131114713456,0.9962629613513835,0.9135518562571479,0.9955880065393912,0.8357446808510638,1.1713441166900829,1.0141168810132055,41.84093369054132,1.0460233422635068,147.0,1.0068493150684863,0.45477076266015454,0.8682508808851049,0.03347507756877161,0.9523063087615321,0.004411993460608832,0.1642553191489362,0.0,0.13174911911489506,0.047693691238467895,0.0696220245925816,False
Bcl11b,500,Stage416C,31461,290044.6461242058,0.9967786534019485,0.1807952703347001,0.9998454111762133,0.9898620208000093,0.9997973961031275,0.9374251497005988,1.1555388038419525,1.0004330844750233,40.0,0.9999999999999749,146.0,0.9999999999999932,0.5214010329932933,0.9954617652699317,0.034123711918301255,0.9707588002267873,0.0002026038968725441,0.06257485029940124,0.0,0.0045382347300683135,0.02924119977321271,0.019311377739910963,False
Bcl11b,500,Stage594,31461,291367.0,1.0013231058965846,0.006007437780108706,0.9999669779299166,0.9989833219531651,0.9999876206954762,0.9452960625187857,1.1546233525444076,0.9996405124192477,40.0,0.9999999999999749,146.0,0.9999999999999932,0.5241410392509199,1.0006930005254682,0.035288951585938526,1.003907792471255,1.237930452380187e-05,0.05470393748121427,0.0003594875807523268,0.0,0.0,0.01101516087329808,False
Bcl11b,530,MAP400,20513,92782.28513605236,1.0401484864076902,0.2962511578023692,0.9998392968615034,0.892956974975845,0.9997962694959684,0.9966745843230403,0.9893541056502305,0.979854657152007,14.241131503581952,1.0172236788272095,99.71382034083061,1.0072103064730262,0.4028232301283967,0.9768011717891094,0.0898350620909461,0.9106083345813926,0.0002037305040315518,0.0033254156769596532,0.020145342847992964,0.023198828210890587,0.08939166541860744,0.02725299653169644,False
Bcl11b,530,Stage416C,20513,89697.1902050745,1.0055626080993991,0.1569736264807683,0.9999238664761688,0.9501948053721082,0.999942374459123,0.9814990512333965,1.0070438854511417,0.9973745855809938,14.0,0.9999999999999286,99.0,0.9999999999999899,0.41173248462160505,0.9984051151018112,0.09865770374917598,1.000038573065291,5.7625540876959924e-05,0.018500948766603464,0.002625414419006211,0.0015948848981888197,0.0,0.004555774724935091,False
Bcl11b,530,Stage594,20513,89201.0,1.0,0.0,0.9999999999999998,1.0,1.0,1.0,1.0096947526124478,0.9999999999990095,14.0,0.9999999999999286,99.0,0.9999999999999899,0.41239019952198536,0.9999999999975752,0.0986538983649131,0.9999999999898634,0.0,0.0,9.905409825705647e-13,2.4248381080838044e-12,1.0136558259432604e-11,2.7103874700173947e-12,False
Bcl11b,560,MAP400,19976,50215.40073686778,1.030144026932831,0.19688626351621946,0.9997997522763101,0.9655877165783188,0.9995528701372285,0.9939629150495903,0.820481987092466,0.990026305664258,8.0,0.999999999999875,31.0,0.9999999999999678,0.4426796791801874,0.9828700799487453,0.04438696185148892,0.9482317267921598,0.00044712986277151145,0.006037084950409666,0.009973694335742023,0.017129920051254688,0.051768273207840165,0.01707122048160361,False
Bcl11b,560,Stage416C,19976,49033.79544650817,1.0059039807678203,0.1619943932719263,0.999831775067231,0.9753348998572661,0.9998354647296659,0.9671138035482475,0.8243753300518624,0.9947241686367705,8.0,0.999999999999875,31.0,0.9999999999999678,0.4483224551619655,0.9953985874479242,0.049681073621611054,1.0613290088816576,0.00016453527033410964,0.0328861964517525,0.005275831363229511,0.004601412552075801,0.0,0.008585595127478385,False
Bcl11b,560,Stage594,19976,49101.0,1.0072826488327247,0.009711653984781738,0.9997455327184103,0.9963729522703544,0.9999127492949828,0.981686541737649,0.8308596260240221,1.002548378902373,8.0,0.999999999999875,31.0,0.9999999999999678,0.45133150163267555,1.0020794943978735,0.04653803266525193,0.9941847162986561,8.725070501724996e-05,0.01831345826235098,0.0,0.0,0.005815283701343876,0.004843198533742421,False
Slc5a7,500,MAP400,31461,677400.5288034684,1.26560383081851,0.2767553478910397,0.9958854790069155,0.7120845632101294,0.9914105827714391,0.36830695859527424,1.374619428771438,1.119534923062671,40.73096218009275,1.5085541548181944,664.4000000000015,1.0097264437689863,0.2800664210985502,0.6116580909024546,0.0736314110490249,0.6919182763045282,0.00858941722856088,0.6316930414047257,0.0,0.3883419090975454,0.3080817236954718,0.26734121828526075,True
Slc5a7,500,Stage416C,31461,540293.2296954165,1.0094429398743674,0.17796637106258542,0.9999127629817799,0.9850632971133897,0.9998932268416749,0.9349059420722604,1.2327955818535685,1.0040289537562754,27.51171933916389,1.0189525681171434,658.7458785893216,1.0011335540871023,0.4495584444298844,0.9818244500375193,0.10869226181989798,1.0213869512291553,0.00010677315832507972,0.06509405792773959,0.0,0.01817554996248072,0.0,0.01667527620970908,False
Slc5a7,500,Stage594,31461,535239.0,1.0,0.0,1.0,1.0,1.0,1.0,1.227848636476495,0.9999999999991855,27.0,0.999999999999963,658.0000000000073,0.9999999999999984,0.4578806775607628,0.9999999999978161,0.10641634072970521,0.9999999999906029,0.0,0.0,8.144596108650148e-13,2.1839197117401454e-12,9.39714972503225e-12,2.479105809527482e-12,False
Slc5a7,530,MAP400,20513,190018.11554840545,1.0970199439326462,0.2937649295568664,0.9994850670543762,0.8810974335300872,0.9973956049094947,0.7736556898707795,1.0330891003684766,0.9980071902201365,21.0,1.0499999999999476,74.0,0.9999999999999866,0.29789946659135513,0.8421779977539524,0.014967234317604917,0.5921159517387565,0.0026043950905052515,0.22634431012922052,0.0019928097798634914,0.1578220022460476,0.40788404826124347,0.15932951310137605,True
Slc5a7,530,Stage416C,20513,172961.77902203458,0.9985496413204239,0.17286598742261006,0.9999830562156561,0.9910837508305826,0.9999257719687207,0.9737080689029919,1.031975747039376,0.9969316444348779,20.0,0.99999999999995,73.82919825367229,0.9976918682928554,0.35065067568771957,0.991308535529697,0.024314532135425213,0.9619026488758624,7.422803127932198e-05,0.026291931097008114,0.003068355565122083,0.008691464470303,0.03809735112413759,0.015244666057570022,False
Slc5a7,530,Stage594,20513,173389.0,1.0010160900163383,0.005167454784770633,0.999996528934244,0.9994526793217534,0.9999933283436279,0.999092970521542,1.0352383304290456,1.0000834361636084,20.0,0.99999999999995,74.0,0.9999999999999866,0.3541389980269962,1.0011702125472068,0.02536056510027035,1.0032845629547291,6.671656372136958e-06,0.0009070294784579991,0.0,0.0,0.0,0.00018274022696602722,False
Slc5a7,560,MAP400,19976,75012.9278453164,1.1580000593614561,0.28243892671205445,0.9976693992796617,0.8860414912049485,0.9779250151570067,0.5403005464480874,0.8526882375733259,1.0189360936501126,10.248107927146581,1.1386786585717157,22.0,1.0476190476189977,0.2719626099751657,0.8361882005959965,0.02475854839772282,0.7132877331101942,0.022074984842993306,0.45969945355191255,0.0,0.16381179940400348,0.2867122668898058,0.18645970093774303,True
Slc5a7,560,Stage416C,19976,64919.894976325,1.0021904809707771,0.16810172206647978,0.9999875841524936,0.9903059264586569,0.9999073523390674,0.9733492442322991,0.8322998791695992,0.9945726354101423,9.0,0.9999999999998889,21.0,0.9999999999999525,0.32468389613756127,0.9982873855290496,0.03437018239323392,0.9901965612858218,9.26476609326432e-05,0.02665075576770093,0.005427364589857708,0.001712614470950391,0.009803438714178214,0.008737364240723976,False
Slc5a7,560,Stage594,19976,64778.0,1.0,0.0,1.0,1.0,1.0,1.0,0.8368417243104427,0.9999999999988051,9.0,0.9999999999998889,21.0,0.9999999999999525,0.32524090842287307,0.9999999999969255,0.03471046430176676,0.9999999999711903,0.0,0.0,1.194933041404056e-12,3.074540622094446e-12,2.88097323775105e-11,6.6158412082018e-12,False
Npy1r,500,MAP400,31461,142179.0788229311,1.0417881446036747,0.2676011569880169,0.9983025023967869,0.9801902130750788,0.9955136937807827,0.9871944121071012,0.9222913782449058,0.9702539998649794,16.0,0.9999999999999376,30.49756600302274,1.0165855334340574,0.29664659977055324,0.9814005620111137,0.05749349229133012,1.0218173750380262,0.0044863062192173064,0.012805587892898762,0.0297460001350206,0.018599437988886303,0.0,0.013127466447204594,False
Npy1r,500,Stage416C,31461,137419.72542460845,1.0069149551907182,0.18139919265121898,0.9993450492608086,0.9911681241166825,0.9990322416761814,0.9826674500587544,0.9408901252254084,0.989819951662826,16.0,0.9999999999999376,30.002983607112593,1.0000994535703864,0.3003856411367259,0.9937704907444378,0.05596407568114528,0.9946354383757043,0.0009677583238185683,0.017332549941245556,0.010180048337174008,0.0062295092555622045,0.005364561624295661,0.0080148854964192,False
Npy1r,500,Stage594,31461,136480.0,1.000029309182567,0.000127141540319761,0.9999989027011583,0.999998422862629,0.999999927918896,1.0,0.9505771051622565,1.000010691001867,16.0,0.9999999999999376,30.0,0.9999999999999667,0.3022730917505667,1.0000147729800148,0.05626218862735904,0.9999337247734316,7.20811039744973e-08,0.0,0.0,0.0,6.627522656843521e-05,1.326946153448194e-05,False
Npy1r,530,MAP400,20513,97502.57352808974,1.0253930414783121,0.2937649295568664,0.9993894921453328,0.9909733948873158,0.998959222945969,0.8718274111675127,0.936487062029402,0.9779993584342691,17.0,0.9999999999999413,32.0,0.9999999999999687,0.3304271665583368,0.9770190004895409,0.03852729708795183,0.8993951393148746,0.0010407770540310501,0.12817258883248728,0.022000641565730894,0.022980999510459066,0.10060486068512542,0.05495997352956674,False
Npy1r,530,Stage416C,20513,94537.53313227382,0.9942109743845051,0.1735484814507873,0.9996796108225495,0.9959853492204818,0.999522701808109,0.868020304568528,0.9538756044076705,0.9961586945100939,17.0,0.9999999999999413,31.124204351176868,0.9726313859742467,0.33845411598894093,1.0007533749701705,0.04294045579426126,1.0024175101917834,0.00047729819189101796,0.13197969543147203,0.0038413054899061327,0.0,0.0,0.027259659822653836,False
Npy1r,530,Stage594,20513,95090.0,1.0000210331482415,9.749914688246478e-05,0.9999991374385259,0.9999980645365645,0.9999999218674349,1.0,0.957563090107925,1.0000096378870043,17.0,0.9999999999999413,32.0,0.9999999999999687,0.3382094747208075,1.000030010817762,0.042826538890308415,0.9997581928390218,7.813256508448774e-08,0.0,0.0,0.0,0.00024180716097821353,4.8377058708659605e-05,False
Npy1r,560,MAP400,19976,45208.53954264474,1.0589712010176557,0.190879054865839,0.9974264909306265,0.9645237090428771,0.9925358329886873,0.9851745576279293,0.7865001453386349,0.9817347314745171,8.808072423880972,1.1010090529849839,17.0,0.9999999999999413,0.2773727388400775,0.9732084904260966,0.014930361254365372,0.9016236387596942,0.0074641670113126946,0.01482544237207073,0.018265268525482936,0.026791509573903416,0.0983763612403058,0.033144549744615115,False
Npy1r,560,Stage416C,19976,42787.34916541109,1.0022568964280782,0.15869042851421705,0.9996995547513388,0.984822870599973,0.9993684033288253,0.9762135922330097,0.794478404872935,0.991693451161934,8.00049391337232,1.000061739171415,17.0,0.9999999999999413,0.2844775813522062,0.9981370147102748,0.016642845363398277,1.0050381595070041,0.0006315966711747389,0.02378640776699026,0.00830654883806603,0.001862985289725172,0.0,0.00691750771319124,False
Npy1r,560,Stage594,19976,43116.0,1.0099552598908434,0.011113336003203845,0.9979602817359445,0.9955566801192005,0.9983877568545876,0.9884836852207294,0.802382428904632,1.0015595077117203,8.0,0.999999999999875,17.0,0.9999999999999413,0.28613966995750995,1.0039687296411886,0.016473729173081035,0.9948254692519425,0.0016122431454124175,0.01151631477927062,0.0,0.0,0.005174530748057515,0.0036606177345481104,False
Pdyn,500,MAP400,31461,72623.4807937143,1.0610797421754496,0.34785925431486603,0.9955673312563501,0.97919838581087,0.9895968648129644,0.7077615298087739,0.6975757502934005,0.965370118011572,7.0,0.9999999999998571,12.0,0.9999999999999166,0.26591446651898015,0.9769091473405712,0.08196574733039914,1.0357681552668285,0.010403135187035617,0.29223847019122606,0.03462988198842798,0.023090852659428784,0.0,0.07207246800522368,False
Pdyn,500,Stage416C,31461,69101.07382153696,1.0096149178372802,0.17822065414322494,0.9982391286621451,0.9908376273602292,0.9970458967709241,0.9707470747074708,0.7129168281462044,0.986600526509799,7.0,0.9999999999998571,12.0,0.9999999999999166,0.2711881928747992,0.9962836160748737,0.08052984580863387,1.017623245731037,0.002954103229075855,0.029252925292529208,0.013399473490200986,0.0037163839251262987,0.0,0.00986457718738647,False
Pdyn,500,Stage594,31461,68788.0,1.0050406907937992,0.006674930866787451,0.9982063088147405,0.9979779657274852,0.9991566004432713,0.9926289926289926,0.7233637843626977,1.0010579948941802,7.0,0.9999999999998571,12.0,0.9999999999999166,0.2729684482402668,1.0028238685624278,0.0793482511149491,1.002691909215338,0.0008433995567287411,0.0073710073710073765,0.0,0.0,0.0,0.0016428813855472236,False
Pdyn,530,MAP400,20513,76346.9805698389,1.014065728533616,0.18900209623165798,0.9994086253324151,0.9953118076062808,0.9992084137465326,0.9995278564683664,0.8244767339853516,0.991290751173317,11.86726514175131,1.0788422856136575,19.0,0.9999999999999475,0.38045383272413463,0.9823898270407422,0.07584259732844764,0.9640843781217627,0.0007915862534674245,0.00047214353163360645,0.008709248826683003,0.01761017295925782,0.03591562187823727,0.012699754689855824,False
Pdyn,530,Stage416C,20513,75156.36453285952,0.9982515743924598,0.17471847121337689,0.9994324270295811,0.9965211941762039,0.9994174379973917,0.9697685403873406,0.8271945315789019,0.9945584329731716,11.333949470280755,1.0303590427527023,18.97145370066338,0.998497563192757,0.38531349773048035,0.9949382233359678,0.07994604678897299,1.0162459820311371,0.0005825620026083111,0.030231459612659384,0.005441567026828409,0.00506177666403218,0.0,0.008263473061225657,False
Pdyn,530,Stage594,20513,75435.0,1.0019525023908193,0.004923706917564471,0.999735832737703,0.9995870629307786,0.9999159340705882,0.9938967136150235,0.8321143464635002,1.0004736599184036,11.0,0.9999999999999091,19.0,0.9999999999999475,0.3880933273377398,1.0021161673916885,0.07858507564669945,0.9989457963365697,8.40659294117918e-05,0.006103286384976481,0.0,0.0,0.001054203663430342,0.0014483111955637229,False
Pdyn,560,MAP400,19976,59077.035438163875,1.0308689090207976,0.28243892671205445,0.9987327568816583,0.9884442238032435,0.9968047315459246,1.0,0.8100025052307902,0.9791302976404481,10.10125479360963,1.010125479360862,17.61123554881414,1.035955032283124,0.4281742893249461,0.9900029902802426,0.03442585702324686,1.0077342555128657,0.0031952684540753618,0.0,0.020869702359551878,0.009997009719757366,0.0,0.006812396106676921,False
Pdyn,560,Stage416C,19976,57306.84881320223,0.9999799122845368,0.08069683620344413,0.9998055922004188,0.9966874408250121,0.9998889700500792,0.9965052421367948,0.8244719939889279,0.9966210025987295,10.0,0.9999999999999,17.0,0.9999999999999413,0.4321667766991662,0.9992342181649566,0.03412978148183193,0.9990673553656344,0.00011102994992084891,0.003494757863205189,0.003378997401270456,0.0007657818350433887,0.0009326446343655981,0.001736642336761096,False
Pdyn,560,Stage594,19976,57308.0,1.0,0.0,1.0,0.9999999999999999,0.9999999999999998,1.0,0.8272673281398719,0.9999999999987912,10.0,0.9999999999999,17.0,0.9999999999999413,0.43249797579172133,0.9999999999976878,0.03416164215308806,0.9999999999707274,2.220446049250313e-16,0.0,1.2088108292118704e-12,2.312150471084351e-12,2.927258435647673e-11,6.558753540275575e-12,False
Lmx1a,500,MAP400,31461,232189.52909585153,1.0641230858937825,0.26652045389529894,0.9955101184296349,0.9595220672188377,0.9949551239100443,0.949390243902439,1.0208738495285596,0.9717002903623468,32.0,1.0322580645160957,47.68380926657825,1.0145491333314305,0.570163970874158,0.9511906430345994,0.04718428354608955,0.9723835462058201,0.005044876089955741,0.05060975609756102,0.02829970963765316,0.04880935696540056,0.027616453794179874,0.03207603051695007,False
Lmx1a,500,Stage416C,31461,219719.73719466792,1.006974111562287,0.19656082133435046,0.9991621257656533,0.9902415043708633,0.9996003090914092,0.9895769466584917,1.041352535002553,0.9911925563563361,31.230025873588417,1.0074201894705617,47.0,0.9999999999999787,0.5973773839543381,0.9965901161847818,0.04868955981030421,1.0034045930844224,0.0003996909085908218,0.010423053341508282,0.008807443643663926,0.0034098838152182287,0.0,0.004608014341796252,False
Lmx1a,500,Stage594,31461,218350.0,1.0006966150010541,0.002765328501954801,0.9999450734270681,0.9996694825890076,0.9999843833152268,0.999692118226601,1.0504231228950254,0.9998262312153237,31.0,0.9999999999999678,47.0,0.9999999999999787,0.5995200921117415,1.0001647439308163,0.04839108197136973,0.9972534995915338,1.561668477323419e-05,0.00030788177339902134,0.0001737687846763425,0.0,0.002746500408466246,0.0006487535302629688,False
Lmx1a,530,MAP400,20513,110852.72173989897,1.03589057058927,0.2696826402768976,0.9991493560536807,0.9869406130025025,0.9986654402064798,0.9099778270509978,0.9194746384668796,0.9633406803125226,20.838142305987894,1.0419071152993427,39.461623664204566,1.0118365042103474,0.4595100034031305,0.9901639887027004,0.030300189712783577,0.9342838115032882,0.0013345597935201514,0.09002217294900217,0.036659319687477376,0.009836011297299607,0.06571618849671179,0.04071365044480222,False
Lmx1a,530,Stage416C,20513,106942.21687295158,0.9993478943758792,0.07936430556232633,0.999828039116937,0.9977185307671256,0.999884888233289,0.9964523281596452,0.9509623169808423,0.9963305642876591,20.0,0.99999999999995,39.0,0.9999999999999744,0.46351031426233424,0.9987839615587102,0.03259629592400109,1.0050825386058981,0.00011511176671097356,0.0035476718403547602,0.003669435712340907,0.0012160384412898129,0.0,0.0017096515521392909,False
Lmx1a,530,Stage594,20513,107012.0,1.0,0.0,1.0,1.0,1.0,1.0,0.9544646637030053,0.9999999999989523,20.0,0.99999999999995,39.0,0.9999999999999744,0.4640746468715593,0.9999999999978452,0.03243146176652195,0.9999999999691658,0.0,0.0,1.0477174683387602e-12,2.1548318684949663e-12,3.083422406291447e-11,6.8073546799496395e-12,False
Lmx1a,560,MAP400,19976,79678.23231958506,1.0707856677048428,0.36138366039247094,0.9979808090053551,0.9516557637735432,0.99317579099766,0.9767337807606264,0.8818696054328554,0.9602615050523603,13.0,0.9999999999999231,47.07530318199555,1.0016021953615861,0.43459789471989885,0.9773418282666194,0.016893934719530886,0.8762424383578064,0.006824209002340043,0.023266219239373553,0.0397384949476397,0.022658171733380583,0.12375756164219365,0.0432489313129855,False
Lmx1a,560,Stage416C,19976,75124.11390652298,1.0095834474274366,0.18241890268321986,0.9998496498319825,0.9895795366629498,0.9996607295578773,0.9935897435897436,0.9098017687551001,0.9906766378859969,13.0,0.9999999999999231,46.78128312854504,0.9953464495434903,0.44569749431924743,1.002303069674488,0.019569472454598436,1.0150153025730064,0.00033927044212267443,0.0064102564102563875,0.009323362114003086,0.0,0.0,0.0032145777932764295,False
Lmx1a,560,Stage594,19976,74558.0,1.001975514372875,0.0039046856227472966,0.9997650845566524,0.9991531619944166,0.9998755701360065,0.9972590223846505,0.9185609308997505,1.0002144268881377,13.0,0.9999999999999231,47.0,0.9999999999999787,0.4449384868219849,1.0005961820340847,0.01928913405586292,1.0004749124181098,0.00012442986399352485,0.002740977615349527,0.0,0.0,0.0,0.0005730814958686103,False
Piezo2,500,MAP400,31461,144954.11758074324,1.0358897005741592,0.2014239852515813,0.9998631072784768,0.9778358202155384,0.9993988282369333,0.9827873403664631,0.877319691636668,0.9765249096647819,11.439200371389841,1.039927306489891,24.999911798831896,1.0416629916179523,0.26111894836634664,0.981311342073466,0.09748302857988882,1.0441595787504645,0.0006011717630667324,0.01721265963353691,0.023475090335218107,0.018688657926533958,0.0,0.011995515931671141,False
Piezo2,500,Stage416C,31461,139894.20354506068,0.9997298941275811,0.188296621213566,0.9999750728899945,0.993695688687302,0.9999416676003231,0.9621575826037843,0.8908972076424774,0.9916377387935917,11.0,0.9999999999999091,24.071664719373498,1.002986029973854,0.2671256754349306,1.0038852281817667,0.09589102574085011,1.0271073283434318,5.833239967689696e-05,0.037842417396215744,0.008362261206408261,0.0,0.0,0.00925260220046018,False
Piezo2,500,Stage594,31461,140847.0,1.0065388903181545,0.01582912176981024,0.999913367524125,0.9951389005906318,0.999930294669688,0.9902097902097902,0.8972836133593128,0.9987463040351642,11.0,0.9999999999999091,24.400000000001455,1.016666666666685,0.26770399748207196,1.0060586207592932,0.09155339910429272,0.9806461702568954,6.970533031203097e-05,0.009790209790209836,0.0012536959648358215,0.0,0.019353829743104622,0.0060934881656924626,False
Piezo2,530,MAP400,20513,152982.77976822353,1.021021936210471,0.2696826402768976,0.9999193749642589,0.9878768395287849,0.9998599930112053,0.99487895716946,0.9739221474424067,0.9667879480373743,18.0,0.9999999999999445,113.76357641669017,1.006757313422028,0.38986114096439267,1.0053363397336235,0.07475967319573187,0.9315002233367687,0.0001400069887946831,0.005121042830540046,0.033212051962625666,0.0,0.06849977666323126,0.021394575689038332,False
Piezo2,530,Stage416C,20513,150332.52070196136,1.003333849699074,0.08038804660459221,0.9999487698161181,0.9945904948940989,0.999972273309947,0.9925407925407925,1.0015806614591858,0.9942438572004074,18.0,0.9999999999999445,113.0,0.9999999999999912,0.3872003149290073,0.9984748579751053,0.07929307340253589,0.9879860682394987,2.772669005302042e-05,0.007459207459207473,0.0057561427995925785,0.0015251420248947323,0.01201393176050125,0.005356430146849811,False
Piezo2,530,Stage594,20513,150073.0,1.0016017833187616,0.006044947106712816,0.9999695874841881,0.9989921946535605,0.999991176016464,0.9976657329598506,1.0066903852581228,0.999316151119983,18.0,0.9999999999999445,113.0,0.9999999999999912,0.38874423092477334,1.0024561597591202,0.08047440353056867,1.0027053578117786,8.823983535966029e-06,0.002334267040149385,0.0006838488800170461,0.0,0.0,0.0006053879807404794,False
Piezo2,560,MAP400,19976,62353.11665902588,1.0818995481586222,0.28098718462154587,0.9995279837223622,0.9401921755943163,0.9967752578040073,0.9690152801358234,0.7864497296378128,0.960834899474729,8.807387857697833,1.1009234822120915,15.095917358064046,1.006394490537536,0.246172332107009,0.9720320097550172,0.02670146206759297,0.8150191705762598,0.003224742195992669,0.030984719864176613,0.039165100525271,0.027967990244982754,0.18498082942374017,0.05726467645083264,False
Piezo2,560,Stage416C,19976,58449.10030207004,1.0141602953528368,0.17871445734881858,0.9999311238663142,0.983539589126084,0.9997377942175973,0.9794849410737669,0.8066763488765942,0.9855465128565003,8.014329561478721,1.001791195184715,15.0,0.9999999999999333,0.25466725889195674,1.0055749375276846,0.031901795390782084,0.9737509786344299,0.000262205782402658,0.020515058926233065,0.0144534871434997,0.0,0.026249021365570058,0.012295954643541097,False
Piezo2,560,Stage594,19976,58180.0,1.0094910901740322,0.015318382058470165,0.9998623757309496,0.9919954229777049,0.999789390795465,0.9883116883116884,0.8184371922111605,0.9999151727940021,8.0,0.999999999999875,15.0,0.9999999999999333,0.25518078033993824,1.0076026198462515,0.03182031233432215,0.9712638394311952,0.00021060920453497278,0.011688311688311637,8.482720599789495e-05,0.0,0.02873616056880479,0.00814398173352986,False
Tacr1,500,MAP400,31461,169703.77898080973,1.0217395012481545,0.19001303200788278,0.9992248472981585,0.9917900188213632,0.9992826067612627,0.99813200498132,0.9795608244575081,0.9788972706570274,21.0,0.9999999999999525,33.0,0.9999999999999697,0.4179089508264791,0.9862202573865309,0.018747605696019926,1.0276668981261943,0.0007173932387373183,0.0018679950186799577,0.021102729342972637,0.013779742613469148,0.0,0.0074935720427718126,False
Tacr1,500,Stage416C,31461,166653.38897128124,1.0033739469531,0.19001303200788278,0.9986176141181402,0.9896658993506062,0.9989194367987073,0.9801118707271598,0.9903542365267084,0.9896833712766271,21.0,0.9999999999999525,33.0,0.9999999999999697,0.41878061429683255,0.9882772895950689,0.018430793708294927,1.0103005635662743,0.0010805632012926836,0.019888129272840227,0.010316628723372911,0.011722710404931114,0.0,0.008601606320487388,False
Tacr1,500,Stage594,31461,166240.0,1.000885046329466,0.0022567623406757574,0.999847752657818,0.9998009273177334,0.9999536921994735,0.9987538940809969,1.0006892119367132,1.0000113457816957,21.0,0.9999999999999525,33.0,0.9999999999999697,0.4237379026272041,0.9999759578419432,0.01829859624805366,1.003054040671079,4.630780052650163e-05,0.0012461059190030932,0.0,2.4042158056847285e-05,0.0,0.00026329117551728844,False
Tacr1,530,MAP400,20513,61547.84083827543,1.026687142828375,0.18885584751133427,0.9992689778435979,0.9890796013670262,0.9977472253911086,0.8237655560016057,0.8283526449028522,0.978880571939509,11.0,0.9999999999999091,21.0,0.9999999999999525,0.3198597373652803,0.9859239183305367,0.03772697250374895,0.9383051391273121,0.0022527746088913947,0.17623444399839427,0.021119428060491052,0.01407608166946328,0.06169486087268794,0.05507551784198559,False
Tacr1,530,Stage416C,20513,60135.91351047106,1.003134608501886,0.1679422805050456,0.9994290458576395,0.9907102901747321,0.9991111268353381,0.9823717948717948,0.8379268847322185,0.9901946389829663,11.0,0.9999999999999091,21.0,0.9999999999999525,0.32224537093172323,0.9932773077033362,0.03895342556212517,0.9688081753160352,0.0008888731646619075,0.017628205128205177,0.009805361017033665,0.006722692296663779,0.031191824683964753,0.013247391258105857,False
Tacr1,530,Stage594,20513,59948.0,1.0,0.0,1.0,1.0,0.9999999999999999,1.0,0.8462244206774004,0.9999999999988183,11.0,0.9999999999999091,21.0,0.9999999999999525,0.3244263897217468,0.9999999999969177,0.04020757313329788,0.9999999999751291,1.1102230246251565e-16,0.0,1.1817213874110166e-12,3.082312183266822e-12,2.487088313074537e-11,5.827005544745134e-12,False
Tacr1,560,MAP400,19976,50644.5223629013,1.046828631490963,0.27748297957549056,0.997071502603207,0.9702280469049688,0.9934138882061807,0.7741811175337187,0.7943696811170515,0.9747794438280815,9.227347856169112,1.0252608729075652,17.0,0.9999999999999413,0.32213636861173045,0.9806516407726454,0.02646736254242297,0.9630885613534508,0.006586111793819294,0.22581888246628135,0.02522055617191854,0.01934835922735456,0.03691143864654922,0.0627770696611846,False
Tacr1,560,Stage416C,19976,48738.04246950531,1.0074214528928938,0.1775130156187425,0.9997936819097613,0.987259375831708,0.9995255695800541,0.7699421965317919,0.8082935939583197,0.991865624655421,9.0,0.9999999999998889,17.0,0.9999999999999413,0.3282260984351764,0.9991900739491314,0.02746782148354271,0.9994930410499759,0.00047443041994588153,0.23005780346820814,0.008134375344578948,0.0008099260508686035,0.0005069589500240612,0.047996698846725125,False
Tacr1,560,Stage594,19976,48630.0,1.005188201492383,0.008710452543051661,0.9990299058793958,0.998383586584711,0.9996514090001416,0.7727272727272727,0.815740242871997,1.0010034863576072,9.0,0.9999999999998889,17.0,0.9999999999999413,0.32866735876762304,1.000533364279517,0.027088388803559686,0.9856863282235803,0.00034859099985840025,0.2272727272727273,0.0,0.0,0.014313671776419734,0.048386998009801084,False
Slc6a4,500,MAP400,31461,173633.46730179852,1.0901146867265101,0.2743714440100442,0.9989939419237226,0.9508912948357919,0.9971524267645313,0.8176064441887226,0.8899276370571475,0.9909416679031646,16.0,1.0666666666665956,31.870365971510267,1.0280763216615885,0.3180303978264132,0.8844630258768137,0.05031356213149768,0.9802300266380806,0.0028475732354686922,0.18239355581127736,0.009058332096835375,0.11553697412318631,0.019769973361919435,0.06592128172573744,False
Slc6a4,500,Stage416C,31461,158562.35125014628,0.9954944202043338,0.1817488318870983,0.9999603311194297,0.9965258549761576,0.9998938270918082,0.9855436832181018,0.8955260420186854,0.9971755373990363,15.0,0.9999999999999333,31.0,0.9999999999999678,0.3594122153894423,0.9995485265969566,0.05222944988070777,1.0175561593920182,0.00010617290819181502,0.014456316781898182,0.0028244626009636953,0.000451473403043412,0.0,0.003567685138819421,False
Slc6a4,500,Stage594,31461,159280.0,1.0,0.0,1.0,1.0,1.0,1.0,0.8980625862057511,0.9999999999988866,15.0,0.9999999999999333,31.0,0.9999999999999678,0.3595745537358657,0.999999999997219,0.05132832168290043,0.9999999999805176,0.0,0.0,1.1134426713965695e-12,2.7809976543835546e-12,1.9482415680727172e-11,4.675371201301459e-12,False
Slc6a4,530,MAP400,20513,63160.95784648729,1.0830811071830593,0.2755813386632867,0.9947069635302376,0.956140687328483,0.9932708897363588,0.8068048494329292,0.8284872340345676,0.9591235482902263,11.0,0.9999999999999091,21.0,0.9999999999999525,0.32686702732033474,0.9398537634286109,0.10717259880460207,0.869030554671671,0.006729110263641203,0.19319515056707082,0.04087645170977372,0.06014623657138907,0.130969445328329,0.08638327888804076,False
Slc6a4,530,Stage416C,20513,59099.76088258211,1.0134398944128902,0.17559596353531906,0.9988815749362572,0.985812090708113,0.9990658616066032,0.8040752351097179,0.8526641270011562,0.9871126667897637,11.0,0.9999999999999091,21.0,0.9999999999999525,0.34531388782720246,0.9928947550910443,0.12212665518215565,0.9902885259565737,0.0009341383933968439,0.1959247648902821,0.012887333210236274,0.007105244908955699,0.009711474043426316,0.045312591089259446,False
Slc6a4,530,Stage594,20513,58361.0,1.000771657864051,0.0018524837907668307,0.9999279121409709,0.999963354377862,0.9999906160784292,0.998825831702544,0.8641165861750275,1.0003709559078724,11.0,0.9999999999999091,21.0,0.9999999999999525,0.3478160515272629,1.0000893258909667,0.12334956757165617,1.0002047568217047,9.383921570793596e-06,0.0011741682974559797,0.0,0.0,0.0,0.00023671044380535466,False
Slc6a4,560,MAP400,19976,78196.74644230574,1.0221128872924088,0.19258109731678014,0.9996982524524775,0.9888571482141424,0.9994947613356157,0.9990375360923965,0.9262432886287466,0.9831961614683115,15.0,0.9999999999999333,31.129209963294148,1.004168063332037,0.45189532642586083,0.9918297075783016,0.04502913283538674,0.9962544127176626,0.0005052386643843443,0.0009624639076034613,0.016803838531688542,0.008170292421698422,0.003745587282337426,0.006037484161542439,False
Slc6a4,560,Stage416C,19976,76336.28543618185,0.9977947250007431,0.14302162595114137,0.9998768454264143,0.9938396048164361,0.9998921582651189,0.983140655105973,0.9374494036230817,0.9950913183700301,15.0,0.9999999999999333,31.0,0.9999999999999678,0.4562957630237528,1.0014878816927004,0.044028086679083915,0.9741066033384199,0.00010784173488109783,0.016859344894026962,0.004908681629969935,0.0,0.02589339666158008,0.009553852984091615,False
Slc6a4,560,Stage594,19976,76505.0,1.0,0.0,1.0,0.9999999999999999,1.0,1.0,0.942073743701873,0.9999999999989385,15.0,0.9999999999999333,31.0,0.9999999999999678,0.45561785755362993,0.9999999999978052,0.045198427489577093,0.9999999999778754,0.0,0.0,1.0614842338441122e-12,2.194799897381472e-12,2.2124635457032582e-11,5.076183917651633e-12,False
Slc6a2,500,MAP400,31461,790320.4721389132,1.056736399218751,0.263310130002225,0.9998514149086681,0.7688942385881985,0.9997236280571401,0.7012210963886724,1.2719401844578646,1.0110133613192456,22.397106113868922,1.0665288625651361,1051.0263600556789,1.0005963062220835,0.4183369218931887,0.859618828099532,0.22094902130716942,0.8220343709046418,0.00027637194285989874,0.29877890361132764,0.0,0.14038117190046795,0.17796562909535818,0.12348041531000273,False
Slc6a2,500,Stage416C,31461,757148.0935878225,1.012381658199921,0.17313499253043452,0.9998879913164958,0.9610108028322619,0.9998916121721356,0.7668562144597888,1.2715552514686035,1.0107073937901818,23.0,1.0952380952380432,1050.800000000003,1.0003808073115008,0.46970619501398025,0.9651748812458384,0.26956206617806805,1.0028977823910976,0.00010838782786437573,0.2331437855402112,0.0,0.03482511875416161,0.0,0.05361545842444744,False
Slc6a2,500,Stage594,31461,749324.0,1.0019200735939071,0.02072407107212104,0.9999896769775481,0.9923712633665412,0.9999974427554239,0.9932372831520141,1.2569288197958923,0.9990814399676466,21.0,0.9999999999999525,1050.4000000000015,0.9999999999999991,0.48773452865498373,1.002220368330585,0.26771362195085346,0.9960206997116581,2.5572445760957407e-06,0.006762716847985906,0.0009185600323533549,0.0,0.003979300288341925,0.0023326268826514562,False
Slc6a2,530,MAP400,20513,1018299.5354318293,1.2543183472403003,0.2755813386632867,0.9910934344152322,0.578387091941075,0.9959006221950559,0.38738441215323643,1.7785392431940212,1.157666673847488,137.28583447679384,1.492237331269482,1134.2196927164616,1.0112154458796563,0.37787364214361785,0.5617839046192538,0.23269308648247505,0.5401027530472282,0.004099377804944071,0.6126155878467636,0.0,0.43821609538074624,0.4598972469527718,0.3029656615970452,True
Slc6a2,530,Stage416C,20513,825783.4520877633,1.0171813879516938,0.16769853263783943,0.9993165969881977,0.944416332240378,0.9997668007286777,0.7846219201359388,1.5553865248788368,1.0124146271689862,102.39999999999782,1.1130434782608338,1124.640000000003,1.002674654969508,0.6425351958872155,0.9552556488277774,0.4139243837042793,0.9607578057928065,0.0002331992713222597,0.2153780798640612,0.0,0.04474435117222264,0.03924219420719355,0.05991956490295993,False
Slc6a2,530,Stage594,20513,812198.0,1.0004471351937279,0.004777458197240774,0.9999953766357054,0.998023901566563,0.9999995950927422,0.9967532467532467,1.5365394424128032,1.0001468971463419,92.0,0.9999999999999892,1121.640000000003,0.9999999999999992,0.6720160732525047,0.9990848037376582,0.42975806152177354,0.9975092757628243,4.0490725783381976e-07,0.0032467532467532756,0.0,0.0009151962623418219,0.0024907242371756677,0.0013306157307057197,False
Slc6a2,560,MAP400,19976,354734.449856619,1.0355365901448763,0.10567681217460953,0.9998883114340199,0.8718902167938293,0.9998992683636059,0.6129032258064516,1.156969142912009,1.0275401051119084,15.0,1.0714285714284948,524.75,0.999999999999998,0.4432646914781591,0.8892856121770791,0.2190072053073471,0.8824881942877179,0.00010073163639412464,0.3870967741935484,0.0,0.11071438782292087,0.11751180571228215,0.1230847398730291,True
Slc6a2,560,Stage416C,19976,349302.0320320304,1.0196783405934429,0.16720064076892271,0.9997592867720613,0.9587107049605778,0.9998456119971129,0.7484008528784648,1.149887541533377,1.0212507157452693,17.0,1.2142857142856276,524.75,0.999999999999998,0.47061627324506106,0.9441588484244317,0.2448421644018093,0.9865900039463252,0.00015438800288714027,0.2515991471215352,0.0,0.05584115157556835,0.013409996053674766,0.06420093655073308,False
Slc6a2,560,Stage594,19976,342868.0,1.0008961907514282,0.009711653984781738,0.999999081881756,0.9969433342145861,0.999999707918371,0.9961795606494747,1.1255763084238783,0.9996591571650124,14.0,0.9999999999999286,524.75,0.999999999999998,0.4993715339339402,1.0018481706209443,0.2471597158048461,0.9959285631501867,2.9208162899418966e-07,0.00382043935052534,0.00034084283498758694,0.0,0.004071436849813259,0.001646602223391036,False
Foxp2,500,MAP400,31461,326441.6090669967,1.0190186611070948,0.2682368646896157,0.9997088596630979,0.9903413154909252,0.999522413148826,0.9971635676016388,1.1793322151660899,0.9674149154352417,45.0,0.9999999999999777,81.40000000000146,1.004938271604944,0.5634186102940272,0.9965405835109398,0.035963490457191216,1.0091046990606134,0.00047758685117405,0.0028364323983611772,0.03258508456475828,0.0034594164890602297,0.0,0.007871704060670748,False
Foxp2,500,Stage416C,31461,322886.62392374146,1.0079214354461585,0.1886780458345253,0.9992778903865915,0.9898833438681266,0.9996408396686953,0.9896193771626297,1.2072052858200972,0.9902794008982031,45.0,0.9999999999999777,82.0,1.0123456790123333,0.5601560045219619,0.990769884779204,0.03603643189944284,1.0111513733738309,0.0003591603313046754,0.01038062283737029,0.0097205991017969,0.009230115220795976,0.0,0.005938099498253568,False
Foxp2,500,Stage594,31461,320950.0,1.001876078901448,0.008868122437303328,0.9998828307322573,0.9996629265292769,0.9999721799709571,0.9977924944812362,1.219155754967012,1.0000824588919557,45.0,0.9999999999999777,82.0,1.0123456790123333,0.5652286319434067,0.9997420397597825,0.03583124186015387,1.0053939168473738,2.7820029042890937e-05,0.002207505518763808,0.0,0.00025796024021751407,0.0,0.0004986571576048426,False
Foxp2,530,MAP400,20513,183930.9661570406,1.0875830992203157,0.2755813386632867,0.9946136420391282,0.9132489628705015,0.9969417496626156,0.9465791940018744,1.1627497224159882,0.9611026902886943,43.0,1.0238095238094993,80.0,1.0126582278480885,0.5290764171294416,0.9084268767663725,0.0810395198068927,0.9180697323871304,0.003058250337384383,0.0534208059981256,0.03889730971130567,0.09157312323362754,0.08193026761286959,0.053775951378662555,False
Foxp2,530,Stage416C,20513,170366.79639967275,1.0073782153375597,0.18066591917320723,0.9995603933682262,0.9879322010090583,0.9998352000406309,0.991900905192949,1.199289189193662,0.9913053892399073,42.09643031995919,1.0022959599990044,79.0,0.9999999999999875,0.5777630774823717,0.9920221181580836,0.08873850460202186,1.0052889672414271,0.00016479995936913294,0.008099094807050955,0.008694610760092703,0.00797788184191639,0.0,0.004987277473685836,False
Foxp2,530,Stage594,20513,169119.0,1.0,0.0,1.0,1.0,1.0,1.0,1.209807998837005,0.9999999999991733,42.0,0.9999999999999761,79.0,0.9999999999999875,0.5824094714280456,0.999999999998283,0.08827163879508228,0.9999999999886713,0.0,0.0,8.266720641358916e-13,1.7169599075828046e-12,1.1328715743275097e-11,2.7744695429987588e-12,False
Foxp2,560,MAP400,19976,55355.166522265274,1.0142209736760526,0.19258109731678014,0.9998429617018341,0.9760642289912438,0.9997998137280477,0.833889816360601,0.8700387356492129,0.9909647121607312,11.0,0.9999999999999091,32.02797019281353,1.0008740685253914,0.46727494057791946,0.9970991692474651,0.05407618798287988,1.0087330542394881,0.0002001862719522851,0.166110183639399,0.009035287839268769,0.0029008307525348886,0.0,0.03564929770063099,False
Foxp2,560,Stage416C,19976,54685.10739667172,1.0019441066467272,0.16149379255106128,0.9997570411388382,0.9816381227963625,0.9998535449951096,0.982068390325271,0.8718639564289079,0.9930436188926605,10.994418142391815,0.9994925583991651,32.078923374156616,1.002466355442363,0.4670777367866549,0.9966783640226029,0.05275614308263815,0.9841090381314063,0.0001464550048904112,0.017931609674728954,0.006956381107339538,0.003321635977397097,0.015890961868593734,0.008849408726589948,False
Foxp2,560,Stage594,19976,54616.0,1.0006779164147384,0.0014517420905086104,0.999974257612535,0.9999627946384779,0.9999949600563388,0.9970869746150645,0.8782666837262939,1.0003362560515834,11.0,0.9999999999999091,32.25,1.0078124999999685,0.4685674388341778,0.9998571792018938,0.053547867321799655,0.9988778012353747,5.039943661189206e-06,0.0029130253849355414,0.0,0.0001428207981062357,0.0011221987646252707,0.0008366169782656474,False
Fstl4,500,MAP400,31461,125655.13776459868,1.0442197364385684,0.34633355583102887,0.9988162173112567,0.9732197092321225,0.9982242782101175,0.9936672423719056,0.8902489344336606,0.9565997893813947,15.0,0.9999999999999333,37.0,0.9999999999999729,0.37540683275493325,1.0064119818270334,0.06859105057563583,1.04789930831967,0.0017757217898825006,0.0063327576280943765,0.04340021061860533,0.0,0.0,0.01030173800731644,False
Fstl4,500,Stage416C,31461,121486.32316047087,1.009576039693444,0.09240011442738628,0.9997195934580114,0.9913447198336366,0.9998501501452479,0.9979745370370371,0.9208429224007628,0.9894739679551493,15.0,0.9999999999999333,37.0,0.9999999999999729,0.37409957385989845,1.0029074078541567,0.06595525073174945,1.0076308941446763,0.00014984985475208212,0.0020254629629629095,0.010526032044850697,0.0,0.0,0.0025402689725131378,False
Fstl4,500,Stage594,31461,122182.0,1.015357255638473,0.021232637233400083,0.997239040715165,0.9919886315049841,0.9985073731341617,0.9773499433748585,0.9325098892563563,1.002010481738095,15.0,0.9999999999999333,37.0,0.9999999999999729,0.37422946391011924,1.0032556244859718,0.06630577619258674,1.012986044486845,0.0014926268658382869,0.022650056625141524,0.0,0.0,0.0,0.0048285366981959624,False
Fstl4,530,MAP400,20513,68160.2132337548,1.0679569000792002,0.18929459367230536,0.9957529572553934,0.9367291781546491,0.9960551714626964,0.9880459770114942,0.9357695709104197,0.9763594688554202,14.0,0.9999999999999286,31.0,0.9999999999999678,0.35081779758516657,0.9527835333842296,0.17423939613690853,0.9191821557375977,0.003944828537303602,0.011954022988505786,0.023640531144579757,0.04721646661577039,0.08081784426240235,0.033514738709712374,False
Fstl4,530,Stage416C,20513,64452.92828463519,1.009869925961412,0.1594111051528299,0.9996102317669029,0.9795255599505526,0.9997928339455173,0.99488609948861,0.9531742136606309,0.9945190545904873,14.0,0.9999999999999286,31.0,0.9999999999999678,0.36973814358846235,1.0041691650196827,0.19526437844090855,1.030097304590331,0.000207166054482677,0.005113900511390046,0.005480945409512716,0.0,0.0,0.002160402395077088,False
Fstl4,530,Stage594,20513,64746.0,1.014461871112295,0.0222785550626432,0.9981412679234704,0.9958115254018012,0.9996042527971319,0.9790432801822323,0.9622671889456654,1.004006446354011,14.0,0.9999999999999286,31.0,0.9999999999999678,0.3724052533095474,1.011412749129357,0.19212463196102925,1.013533892400947,0.00039574720286805753,0.0209567198177677,0.0,0.0,0.0,0.004270493404127151,False
Fstl4,560,MAP400,19976,38121.51882419341,1.0413154913871836,0.19708650380456547,0.9987463932393404,0.9609372486332509,0.997154386055074,1.0,0.7657746092874139,0.9790449514575548,8.0,0.999999999999875,18.206692174775192,1.0114828985985658,0.32974488368536903,0.9946987077028795,0.08002662040705968,0.9475989742986389,0.0028456139449259954,0.0,0.02095504854244523,0.005301292297120508,0.05240102570136107,0.01630059609717056,False
Fstl4,560,Stage416C,19976,36751.02814982015,1.0038795965423843,0.15859030837004406,0.9997611412863053,0.9736269960626847,0.9996924418938822,0.9766502020655591,0.7770093295465004,0.9934085723158278,8.0,0.999999999999875,18.01918745945639,1.001065969969744,0.3321693431844389,1.0020122608462965,0.08433487830657074,0.9986132586183418,0.0003075581061178223,0.02334979793444092,0.006591427684172202,0.0,0.0013867413816581742,0.006327105021277824,False
Fstl4,560,Stage594,19976,37440.0,1.0226993362287962,0.014317180616740088,0.9927623674122618,0.9895187942848496,0.9963234443344341,0.9636520986585894,0.7879251374904299,1.0073644628989973,8.0,0.999999999999875,18.25,1.0138888888888327,0.3359138523058627,1.0133078368153108,0.0845709356296273,1.0014084244777306,0.003676555665565906,0.03634790134141064,0.0,0.0,0.0,0.00800489140139531,False
Epb41l4a,500,MAP400,31461,176619.84847091167,1.0462889261691626,0.2682368646896157,0.997455480797177,0.9722943380143828,0.9928295137468853,0.9860099096473331,0.9696688587094848,0.956306758246433,19.433996074558056,1.0228418986608965,43.0,0.9999999999999767,0.4151394884733555,0.9971516783976424,0.04471268643839502,1.0391688918324982,0.007170486253114672,0.01399009035266685,0.043693241753567036,0.0028483216023575952,0.0,0.01354042799234123,False
Epb41l4a,500,Stage416C,31461,171203.90699585213,1.0142051052441983,0.16235974698833477,0.9993983918074849,0.9901886753400589,0.999336519237866,0.9952816278383958,0.9955957519912357,0.9818763772384984,19.0,0.9999999999999475,43.0,0.9999999999999767,0.4178770862714269,1.0037273001221938,0.04358956571348273,1.013066409247175,0.0006634807621339611,0.004718372161604201,0.01812362276150159,0.0,0.0,0.00470109513704795,False
Epb41l4a,500,Stage594,31461,169653.0,1.005017594161345,0.015956263310130003,0.999520185317087,0.9986622569011161,0.999774688802325,0.994122832794593,1.0137542437958105,0.9997846438351882,19.0,0.9999999999999475,43.0,0.9999999999999767,0.4179854930263599,1.0039876896554292,0.04333714717518315,1.0071999423981264,0.0002253111976749933,0.005877167205406986,0.00021535616481183073,0.0,0.0,0.001263566913578762,False
Epb41l4a,530,MAP400,20513,105093.43910245347,1.0820208500463668,0.2740701018866085,0.9899957814578253,0.939163412310156,0.9875629718587735,0.8885421310744539,0.9725498499223315,0.9694914418449311,20.0,1.052631578947313,39.0,0.9999999999999744,0.3998956237797669,0.9239221554914393,0.09906403507681537,0.8839738951753976,0.012437028141226492,0.1114578689255461,0.03050855815506892,0.0760778445085607,0.1160261048246024,0.06930148091100093,False
Epb41l4a,530,Stage416C,20513,98046.33533947842,1.0094652912112845,0.17905718324964656,0.9991941096646483,0.9882365281794129,0.9989943092298105,0.9885792599360439,0.9883545487240852,0.9852464391136682,19.0,0.9999999999999475,39.0,0.9999999999999744,0.43102349091627773,0.9958402370867883,0.11016424065745409,0.9830238880083801,0.0010056907701895268,0.011420740063956103,0.01475356088633184,0.00415976291321174,0.016976111991619858,0.009663173325061813,False
Epb41l4a,530,Stage594,20513,97831.0,1.007248241992443,0.019256081509286795,0.9992072850178668,0.9979957112773463,0.9997670039033009,0.9936305732484076,1.0036957160698132,1.0005393626083168,20.0,1.052631578947313,39.0,0.9999999999999744,0.43551425071665156,1.006215725658878,0.11308097773620074,1.0090506840570463,0.00023299609669913401,0.006369426751592355,0.0,0.0,0.0,0.0013204845696582978,False
Epb41l4a,560,MAP400,19976,87119.88916096084,1.0492074229949278,0.3616339607529035,0.9990873075622649,0.9580720924112935,0.9974422349848076,0.9955773955773956,0.9995609555107262,0.9609471938234052,21.03038218102602,1.001446770525001,43.0,0.9999999999999767,0.5350315503986222,0.9855230497014454,0.02470762599565008,0.9579983255692975,0.002557765015192448,0.004422604422604448,0.03905280617659479,0.014476950298554558,0.04200167443070246,0.02050236006872974,False
Epb41l4a,560,Stage416C,19976,83475.4763035815,1.005316813637564,0.16654985983179815,0.9996476749395706,0.9814077533965493,0.999444305541373,0.9930932412432166,1.0302890464614491,0.9904882364260148,21.0,0.9999999999999525,42.73515228420035,0.9938407507953338,0.5414802657641862,0.9974015223429041,0.024975860337192176,0.9683986792942062,0.0005556944586270207,0.006906758756783371,0.009511763573985199,0.0025984776570958656,0.0316013207057938,0.01023480303045705,False
Epb41l4a,560,Stage594,19976,83429.0,1.0047570874581497,0.009811774128954745,0.9995545658300359,0.9984094858867449,0.9998560715916477,0.9965568125922283,1.0410312709306342,1.000815481004921,21.0,0.9999999999999525,43.0,0.9999999999999767,0.5432574843000623,1.0006751420577744,0.025414575247776645,0.9854091419673987,0.0001439284083523118,0.0034431874077717195,0.0,0.0,0.014590858032601295,0.0036355947697450652,False
Pde11a,500,MAP400,31461,211716.47782386153,1.0882648118628673,0.26871364546581483,0.9942023721195087,0.9295089948686214,0.9872919219660033,0.9235135942635195,0.9424084877157509,0.9483291629356944,28.0,1.0370370370369988,53.142503691421894,1.0026887488947338,0.4760587832249292,0.9560161641747056,0.020847362861594707,1.1823978433182216,0.01270807803399665,0.07648640573648047,0.05167083706430564,0.043983835825294415,0.0,0.03696983133201544,False
Pde11a,500,Stage416C,31461,200103.92423659534,1.0285739763889863,0.1951622643908331,0.9981284340395035,0.9768144223437787,0.9981882794263377,0.9909502262443439,0.968286869463799,0.9743701254494561,28.0,1.0370370370369988,53.0,0.9999999999999811,0.49629725329376523,0.9966588436205156,0.01865211681038893,1.0578902874354437,0.001811720573662301,0.009049773755656076,0.025629874550543885,0.0033411563794844,0.0,0.007966505051869332,False
Pde11a,500,Stage594,31461,196378.0,1.0094219846308052,0.0291471981183052,0.9991642899284899,0.9959966116733825,0.999623026185405,0.99096657633243,0.9928593681500668,0.9990970006995603,28.0,1.0370370370369988,53.0,0.9999999999999811,0.5001700379436286,1.0044361283931142,0.018165617708035375,1.0302975653622455,0.00037697381459500523,0.009033423667569984,0.0009029993004396886,0.0,0.0,0.0020626793565209356,False
Pde11a,530,MAP400,20513,105284.29439824334,1.0662240558837748,0.2740701018866085,0.9961292114931856,0.968867412322937,0.9935925841390942,0.9825970548862115,0.9365526262125455,0.9563652879708276,18.0,0.9999999999999445,36.0,1.0285714285713992,0.4166402558138533,0.9508280503504043,0.08589355614821662,0.8742058364919767,0.006407415860905763,0.01740294511378848,0.04363471202917235,0.0491719496495957,0.1257941635080233,0.04848223723229712,False
Pde11a,530,Stage416C,20513,99502.256721223,1.0076688107876146,0.1781796909277044,0.9992807676277993,0.9924671749865012,0.9993739092766336,0.9828209764918626,0.9697727154232456,0.9902881443007373,18.0,0.9999999999999445,35.0,0.9999999999999714,0.434706657771647,0.9920579639525373,0.09872164876801803,1.0047673587083659,0.0006260907233663904,0.01717902350813738,0.009711855699262695,0.007942036047462686,0.0,0.00709180119564583,False
Pde11a,530,Stage594,20513,99320.0,1.0058230796496026,0.01608735923560669,0.9992387672634866,0.9984434583832558,0.9997718190477495,0.9936823104693141,0.9796105550341724,1.000334102263146,18.0,0.9999999999999445,35.0,0.9999999999999714,0.43988899624458594,1.003884744292942,0.09867685341385227,1.0043114413867933,0.00022818095225052293,0.006317689530685899,0.0,0.0,0.0,0.0013091740965872844,False
Pde11a,560,MAP400,19976,64940.151459175075,1.023372542968862,0.3616339607529035,0.9995580537747203,0.985316414434425,0.9989418217743872,0.8702090592334495,0.8521547801972067,0.977019911608366,12.0,0.9999999999999166,23.002281791178724,1.000099208312075,0.40016647763113306,1.0010544396593355,0.04542865467969132,0.9773873393758792,0.001058178225612827,0.1297909407665505,0.022980088391634013,0.0,0.022612660624120817,0.035288373601583635,False
Pde11a,560,Stage416C,19976,63613.32903601411,1.0024635428087383,0.16875250300360434,0.9996137992816402,0.9930598584390081,0.9993833661750197,0.9847560975609756,0.8655767809374464,0.9924086206569752,12.0,0.9999999999999166,23.0,0.9999999999999566,0.39934280322253723,0.9989939399182285,0.04624497804932401,0.9949503539960838,0.0006166338249803394,0.015243902439024404,0.0075913793430247845,0.0010060600817715093,0.005049646003916219,0.005901524338543451,False
Pde11a,560,Stage594,19976,63457.0,1.0,0.0,0.9999999999999998,1.0,0.9999999999999999,1.0,0.8721979665628474,0.9999999999988535,12.0,0.9999999999999166,23.0,0.9999999999999566,0.39974497067942777,0.9999999999974984,0.04647968399889738,0.9999999999784852,1.1102230246251565e-16,0.0,1.1465273175303992e-12,2.5015545190854027e-12,2.1514789949605984e-11,5.0325965617048494e-12,False
Slc32a1,500,MAP400,31461,462905.2505636955,1.024323820212509,0.09624614602205905,0.9970570355084427,0.9883924411467658,0.9969933622910547,0.9399154589371981,1.14285218791845,0.9876780584241021,49.75107727551563,1.0153281076635634,71.0,0.999999999999986,0.5101665653710117,0.970421031076036,0.023844272128699103,0.9538875412638392,0.00300663770894527,0.06008454106280192,0.012321941575897943,0.029578968923964055,0.046112458736160766,0.03022090960155399,False
Slc32a1,500,Stage416C,31461,452474.0400216143,1.00124147794291,0.18998124662280283,0.9986214205835738,0.9928446681408777,0.9987189526489242,0.9817462731974445,1.1563013402678866,0.9993011124116309,49.0,0.9999999999999796,70.9279723495822,0.9989855260504396,0.5183512710018628,0.9859896924044557,0.024588851777019596,0.9836743699905872,0.0012810473510758147,0.018253726802555548,0.0006988875883691126,0.014010307595544336,0.016325630009412784,0.01011391986939152,False
Slc32a1,500,Stage594,31461,451913.0,1.0,0.0,1.0,1.0,1.0,1.0,1.1571100301053052,0.9999999999991357,49.0,0.9999999999999796,71.0,0.999999999999986,0.5257167240124127,0.9999999999980979,0.024996942612494025,0.9999999999599951,0.0,0.0,8.643086246706844e-13,1.9021451080902807e-12,4.000488829092319e-11,8.554268404736831e-12,False
Slc32a1,530,MAP400,20513,293699.54190000676,1.047710842415078,0.29483742017257347,0.9980512196765727,0.9777227769573004,0.9971828700902644,0.9804482594182165,1.1850465108146877,0.9493225668886417,55.0,1.0185185185184997,89.0,0.9999999999999888,0.5213396433758304,0.9573773967976706,0.06854100717560331,0.8198039843766299,0.002817129909735594,0.01955174058178355,0.050677433111358305,0.04262260320232936,0.18019601562337006,0.059172984485715376,False
Slc32a1,530,Stage416C,20513,280724.1592597419,1.0014239160251204,0.18398089016721103,0.9993976659545987,0.9929588566990764,0.9995211063291994,0.9874213836477987,1.237517370040241,0.9913561666775738,54.506744190079495,1.0093841516681201,88.0,0.9887640449438092,0.5405464214088935,0.992648328881592,0.08005877890273849,0.9575655309622314,0.000478893670800562,0.012578616352201255,0.008643833322426242,0.007351671118407954,0.042434469037768596,0.014297496700320923,False
Slc32a1,530,Stage594,20513,280889.0,1.0020119504146972,0.009701165114805245,0.9998014009430918,0.9994671691594534,0.9999265349789933,0.997090203685742,1.2474836871047825,0.9993400302743132,54.0,0.9999999999999815,89.0,0.9999999999999888,0.5455504959139378,1.0018377083655674,0.08360806928028697,1.0000178162893074,7.346502100669117e-05,0.0029097963142580285,0.0006599697256868264,0.0,0.0,0.0007286462121903093,False
Slc32a1,560,MAP400,19976,236677.58941234823,1.0179987759302354,0.2751301561874249,0.9997263785846673,0.9880985985569931,0.9996265691016879,0.9731051344743277,1.2598483038696582,0.9724056222967102,58.0,0.9999999999999827,100.0,0.99999999999999,0.545105331602887,0.9974991471011149,0.0594335120642044,0.9843356333947477,0.0003734308983120993,0.02689486552567233,0.027594377703289763,0.002500852898885131,0.015664366605252278,0.01460557872628232,False
Slc32a1,560,Stage416C,19976,233617.0334261625,1.0048346979313894,0.1801161393672407,0.9995352402600401,0.9865209797426274,0.9996476290268939,0.9907045009784736,1.2853496541702785,0.9920886717021937,58.0,0.9999999999999827,99.12626264909305,0.9912626264909207,0.5429932633425562,0.9936342311552291,0.05780447149733423,0.9573555236465026,0.00035237097310614196,0.009295499021526377,0.007911328297806275,0.006365768844770914,0.04264447635349744,0.01331388869814143,False
Slc32a1,560,Stage594,19976,232493.0,1.0,0.0,1.0,1.0,1.0,1.0,1.295599567691792,0.9999999999992281,58.0,0.9999999999999827,100.0,0.99999999999999,0.5464719776313083,0.9999999999981701,0.060379315801306024,0.999999999983438,0.0,0.0,7.719380690218713e-13,1.829869589187183e-12,1.6561974014450698e-11,3.8327563345319506e-12,False
Ghr,500,MAP400,31461,401652.4950252889,1.0410035845271748,0.09624614602205905,0.998172918009056,0.9688015753421102,0.9990284885268206,0.9743268628678773,1.3174885618313195,1.006695742460987,69.0,1.0147058823529262,146.0,1.006896551724131,0.4003945158539385,0.9341368195534627,0.12988164800581972,0.9002555221779563,0.0009715114731794205,0.025673137132122714,0.0,0.06586318044653727,0.09974447782204365,0.03845046137477661,False
Ghr,500,Stage416C,31461,385176.2566098129,0.998300443223509,0.08226057658688535,0.99978433508406,0.9957349859452677,0.9999574176811976,0.9958860759493671,1.3075643657182103,0.9991126436289731,68.0,0.9999999999999853,145.0,0.9999999999999931,0.4280514785069486,0.9986616472127315,0.14449867751963988,1.0015713103566306,4.258231880238661e-05,0.004113924050632933,0.0008873563710268817,0.0013383527872684597,0.0,0.0012764431055461323,False
Ghr,500,Stage594,31461,386920.0,1.0028198801550934,0.012014875560217412,0.9998477721786198,0.9986268967433444,0.9999682933896471,0.9971590909090909,1.3076903787975092,0.9992089304842063,68.0,0.9999999999999853,145.0,0.9999999999999931,0.4292479782054299,1.001453130059474,0.14402211954191405,0.998268118892149,3.170661035289957e-05,0.0028409090909090606,0.0007910695157936631,0.0,0.001731881107851052,0.001079113264981335,False
Ghr,530,MAP400,20513,354775.66493000265,1.0046772944631424,0.09569541266513917,0.999977692474091,0.9867007892603255,0.9999731637475554,0.9990361445783132,1.520117397732219,0.989769507403031,100.0,0.99999999999999,198.0,0.999999999999995,0.5570907962495272,0.999588983396485,0.146569575676868,0.9889031863010831,2.683625244459531e-05,0.0009638554216867545,0.010230492596968954,0.0004110166035149465,0.011096813698916907,0.004545802914706432,False
Ghr,530,Stage416C,20513,353653.10467743233,1.0014983537721376,0.0776580704918832,0.999950953422548,0.9908968322313393,0.999981257470873,0.9975903614457832,1.5305115667030627,0.9965372948893684,99.21054203276219,0.9921054203276121,198.0,0.999999999999995,0.556725229645262,0.9989330466034504,0.1491507216426205,1.006318147476028,1.8742529127036e-05,0.002409638554216831,0.0034627051106316253,0.001066953396549608,0.0,0.00139160791810502,False
Ghr,530,Stage594,20513,354907.0,1.005049217838493,0.016428606249695315,0.9996676739181094,0.9981000001687501,0.9999140626778305,0.992816091954023,1.536719055637986,1.0005790769744196,100.0,0.99999999999999,198.0,0.999999999999995,0.5572855547087352,0.9999384388381442,0.14908241973717745,1.005857315331218,8.593732216954919e-05,0.007183908045977017,0.0,6.156116185584981e-05,0.0,0.001466281306000483,False
Ghr,560,MAP400,19976,348548.2480873098,1.0810043981245847,0.27983580296355626,0.9984892835368138,0.8273286502986142,0.9966909320806554,0.97361993160723,1.5277838869309917,0.9840317727958444,102.0,1.009900990099,239.25,1.0010460251045983,0.5528233570289033,0.8675400758627884,0.038100127899994674,0.8702510735278722,0.0033090679193445993,0.026380068392769962,0.015968227204155583,0.13245992413721164,0.12974892647212777,0.06157324282512191,False
Ghr,560,Stage416C,19976,322798.8228852164,1.0011438851385306,0.158089707649179,0.9999568283627175,0.9693819761805043,0.9999564761177624,0.9985133795837463,1.5428362766006523,0.9937268807349682,101.0,0.9999999999999901,239.0,0.9999999999999959,0.6356247485350853,0.9974794580460594,0.04275893368217525,0.9766635964449167,4.352388223760606e-05,0.0014866204162536922,0.0062731192650318235,0.0025205419539405804,0.023336403555083263,0.006732041814509393,False
Ghr,560,Stage594,19976,322430.0,1.0,0.0,1.0,1.0,0.9999999999999999,1.0,1.5525757695701707,0.9999999999993558,101.0,0.9999999999999901,239.0,0.9999999999999959,0.6372309157916888,0.9999999999984307,0.04378061579938305,0.9999999999771588,1.1102230246251565e-16,0.0,6.441513988875158e-13,1.5693002453076588e-12,2.2841173397125658e-11,5.010947212724659e-12,False
Ebf3,500,MAP400,31461,368365.917415174,1.0363047350206465,0.09624614602205905,0.9958797057757437,0.9796224689443013,0.9965333668139338,0.91415313225058,1.0707828054445565,0.9955563772254612,40.244955049738124,1.006123876243428,86.10590145890345,1.0012314123128192,0.45158173747048524,0.947375662316158,0.05431148701340955,0.9563985659642358,0.0034666331860662147,0.08584686774941996,0.004443622774538802,0.052624337683842004,0.04360143403576422,0.03799657908592624,False
Ebf3,500,Stage416C,31461,355013.8839834259,0.9987421516943515,0.08572518356059884,0.9997316619374994,0.9982168438359824,0.9999209086341556,0.990436341900777,1.0755113508347938,0.9999527249201707,40.0,0.9999999999999749,86.0,0.9999999999999885,0.4758414621221492,0.9982702641178526,0.05616911705747004,0.9891105171172743,7.909136584438592e-05,0.009563658099222994,4.72750798292676e-05,0.0017297358821474207,0.010889482882725732,0.0044618486619539596,False
Ebf3,500,Stage594,31461,355461.0,1.0,0.0,0.9999999999999998,1.0,1.0,1.0,1.0755621981225714,0.9999999999990702,40.0,0.9999999999999749,86.0,0.9999999999999885,0.47666596835040514,0.9999999999979021,0.05678750360493965,0.9999999999823905,0.0,0.0,9.298117831235686e-13,2.097877427331696e-12,1.7609469438184533e-11,4.127431729727959e-12,False
Ebf3,530,MAP400,20513,245533.21004066098,1.0679303657467367,0.18851460049724564,0.9941404175730435,0.9379385790670711,0.9958171494398824,0.944234404536862,1.1940793799766973,0.974841554761451,51.0,0.9999999999999803,107.0,1.0094339622641415,0.5387072402578421,0.9142983681980875,0.11334236383059729,0.9289343280298016,0.004182850560117579,0.055765595463137974,0.025158445238549043,0.08570163180191248,0.07106567197019842,0.0483748390067831,False
Ebf3,530,Stage416C,20513,230797.92807002197,1.0038402369137376,0.17871593623555793,0.9996807702708038,0.9935088618341968,0.9998824120123031,0.9912875121006777,1.2181872427538598,0.9945231159924334,50.62902760767444,0.9927260315230086,106.0,0.9999999999999906,0.5851400416074082,0.9931045013483578,0.12109983116334894,0.9925131829293978,0.00011758798769689882,0.00871248789932233,0.005476884007566629,0.0068954986516421846,0.00748681707060217,0.005737855123366042,False
Ebf3,530,Stage594,20513,229915.0,1.0,0.0,1.0,1.0,1.0,1.0,1.2248958552735476,0.9999999999991835,51.0,0.9999999999999803,106.0,0.9999999999999906,0.5892028893353708,0.9999999999983028,0.1220133225887548,0.9999999999918041,0.0,0.0,8.164580123093401e-13,1.6971979377444768e-12,8.19588841238783e-12,2.1419088724883293e-12,False
Ebf3,560,MAP400,19976,147086.31775028788,1.0091616369718759,0.09486383660392471,0.9998563663914445,0.9953653749040893,0.9998048705910372,0.9316596931659693,1.058428294706272,0.9895062213172905,27.0,0.999999999999963,68.0,0.9999999999999853,0.5245353374056217,0.9961199770857317,0.055648814369284094,0.9843743593587733,0.00019512940896282416,0.0683403068340307,0.01049377868270951,0.003880022914268255,0.015625640641226735,0.019706975696239602,False
Ebf3,560,Stage416C,19976,146288.6565331156,1.0036888702864173,0.1802663195835002,0.9997130407268982,0.9929024324200489,0.9998566626688302,0.9288702928870293,1.06250761884237,0.9933199105692007,27.0,0.999999999999963,68.0,0.9999999999999853,0.5236315668697121,0.9944036696774,0.056310625409295455,0.9960811643628226,0.00014333733116977943,0.07112970711297073,0.006680089430799341,0.005596330322599985,0.003918835637177431,0.017493659966943454,False
Ebf3,560,Stage594,19976,146027.0,1.0018936405239072,0.00460552663195835,0.9996722737584847,0.9997129382406419,0.9999476826874775,0.9990710636321412,1.0699631965961929,1.000290000662049,27.0,0.999999999999963,68.0,0.9999999999999853,0.5264923297613037,0.9998364076891315,0.05669943247210162,1.0029587898378989,5.23173125225318e-05,0.0009289363678588458,0.0,0.0001635923108684878,0.0,0.0002289691982499731,False
Cep112,500,MAP400,31461,45127.43853311997,1.046894597808193,0.18902768507040463,0.9971205264207255,0.9656722448851154,0.9940935849113118,1.0,0.6611270783023001,0.9783413449999612,5.304426256912849,1.0608852513823575,9.0,0.9999999999998889,0.24737621300364818,0.9853845585498415,0.04026286651659867,1.0728276509713301,0.005906415088688166,0.0,0.02165865500003883,0.014615441450158473,0.0,0.008436102307777093,False
Cep112,500,Stage416C,31461,43574.33764281776,1.010864790117797,0.08763230666539525,0.9993279375151141,0.9826218602054301,0.9991777785922563,0.9932502596053998,0.6711574883688869,0.9931844291777334,5.0,0.9999999999997999,9.0,0.9999999999998889,0.25034001198310374,0.99719038948864,0.03854218267523929,1.0269790226122717,0.000822221407743684,0.00674974039460019,0.006815570822266581,0.0028096105113599723,0.0,0.0034394286271940853,False
Cep112,500,Stage594,31461,43106.0,1.0,0.0,1.0,1.0,1.0,1.0,0.6757632003187477,0.9999999999985202,5.0,0.9999999999997999,9.0,0.9999999999998889,0.2510453516409049,0.9999999999960167,0.037529668888634765,0.9999999999733544,0.0,0.0,1.4798162695228712e-12,3.983258167750137e-12,2.6645574635608682e-11,6.421729814576338e-12,False
Cep112,530,MAP400,20513,26540.912891614484,1.062784322733131,0.27538634036952175,0.9984286570669882,0.9507107025636821,0.9922044007214358,0.5954730121880442,0.6264647277848284,0.9758517342615922,5.0,0.9999999999997999,8.0,0.999999999999875,0.3043071307865131,0.9705853625107487,0.03567685993925531,0.8562716602857634,0.007795599278564214,0.40452698781195584,0.02414826573840778,0.029414637489251327,0.1437283397142366,0.12192276600648315,True
Cep112,530,Stage416C,20513,25054.71830028917,1.0032722660589104,0.1581923658167991,0.9998073464465962,0.9724788944086139,0.9993507317087084,0.5954730121880442,0.6371098823710016,0.9924338211751397,5.0,0.9999999999997999,8.0,0.999999999999875,0.31254752188379953,0.9968680294982702,0.039802957753098556,0.9553011329348847,0.0006492682912916381,0.40452698781195584,0.007566178824860326,0.0031319705017297528,0.04469886706511528,0.09211465449899056,True
Cep112,530,Stage594,20513,24973.0,1.0,0.0,0.9999999999999999,1.0,0.9999999999999998,1.0,0.6419671204026564,0.9999999999984424,5.0,0.9999999999997999,8.0,0.999999999999875,0.3135294869874699,0.9999999999968106,0.0416653517722315,0.9999999999759993,2.220446049250313e-16,0.0,1.5576429035490946e-12,3.1894487051431497e-12,2.400069032404417e-11,5.7496007954682685e-12,False
Cep112,560,MAP400,19976,21945.41388658782,1.0772341393377096,0.27563075690829,0.997006014300946,0.906508490613593,0.9938742258091422,0.7364541098415038,0.6330531677162432,0.9804478756525237,5.0,0.9999999999997999,10.0,0.9999999999999,0.4391234074095659,0.9722660988794719,0.031421428508408324,0.9229425452102925,0.006125774190857802,0.26354589015849617,0.01955212434747633,0.027733901120528093,0.07705745478970749,0.07880302892141318,False
Cep112,560,Stage416C,19976,20473.74916366974,1.004994559379037,0.14677613135762915,0.9997677025329126,0.94751140815619,0.9997413173210601,0.9701437523037229,0.6423671957617781,0.9948730763729567,5.0,0.9999999999997999,10.0,0.9999999999999,0.45048888121139147,0.9974304711009493,0.034145416461102175,1.0029543235897724,0.00025868267893991437,0.02985624769627715,0.005126923627043256,0.0025695288990507104,0.0,0.007562276580262206,False
Cep112,560,Stage594,19976,20372.0,1.0,0.0,1.0,1.0,1.0,1.0,0.6456775351713041,0.9999999999984512,5.0,0.9999999999997999,10.0,0.9999999999999,0.451649407414986,0.999999999997786,0.03404483699505478,0.999999999970627,0.0,0.0,1.5487611193520934e-12,2.214006755707487e-12,2.937294851790284e-11,6.6271432785924844e-12,False
Otx2os1,500,MAP400,31461,64620.42048521715,1.0424666142675543,0.18502272655033217,0.997284684368724,0.9671008534674672,0.9936444522819511,0.9959425717852685,0.7717558261858456,0.9824241899804682,8.0,0.999999999999875,15.0,0.9999999999999333,0.1644000125978475,0.9822525337116886,0.07455928856395487,0.9892223025918406,0.006355547718048915,0.00405742821473154,0.01757581001953179,0.017747466288311364,0.01077769740815937,0.011302789929756595,False
Otx2os1,500,Stage416C,31461,63651.173696366524,1.0268305752140177,0.1904898127840819,0.9987609653037413,0.9741903550165625,0.9980549949419233,0.989358372456964,0.7726499984746906,0.983562447000066,8.0,0.999999999999875,15.0,0.9999999999999333,0.16686586328598257,0.9969854284840282,0.07831075107010724,1.0389951806583981,0.0019450050580767098,0.010641627543035992,0.01643755299993399,0.0030145715159718423,0.0,0.006407751423403707,False
Otx2os1,500,Stage594,31461,62258.0,1.0043556817448538,0.005848510854709004,0.9991693575221388,0.9978335216661196,0.999805927420009,0.9959425717852685,0.7860654247802902,1.0006399200483194,8.0,0.999999999999875,15.0,0.9999999999999333,0.16763697202331312,1.0015926271030633,0.0755855253462382,1.002837994644803,0.00019407257999104477,0.00405742821473154,0.0,0.0,0.0,0.000850300158944517,False
Otx2os1,530,MAP400,20513,95683.9755772214,1.0586032900441589,0.27538634036952175,0.9951730740530087,0.9802770059986332,0.9911490181822614,0.8099173553719008,0.8406600635216952,0.9504607870597006,14.0,1.076923076922994,22.376522282516795,1.0171146492052627,0.35856177772901493,0.9515027257801049,0.080391918066341,0.8650593017274127,0.008850981817738579,0.1900826446280992,0.04953921294029939,0.04849727421989514,0.13494069827258726,0.08638216237572391,False
Otx2os1,530,Stage416C,20513,91231.4842431564,1.0093429834285506,0.19002583727392386,0.9984691054771215,0.9930619362436546,0.9980509477551966,0.807570977917981,0.8682578155796655,0.9816631508691717,13.534658415209536,1.0411275704006535,22.0,0.9999999999999546,0.37125297461841567,0.9851809067344705,0.08752250891241825,0.9417882078983192,0.001949052244803351,0.19242902208201895,0.018336849130828337,0.014819093265529548,0.058211792101680815,0.0571491617649722,False
Otx2os1,530,Stage594,20513,90937.0,1.006084945843982,0.01633110710281285,0.998742820486827,0.9981389500415667,0.9997019105990241,0.9917743830787309,0.8845195175573474,1.0000488346090284,14.0,1.076923076922994,22.0,0.9999999999999546,0.3782385680073709,1.0037183291917122,0.09364158259226353,1.0076326575896097,0.000298089400975865,0.008225616921269108,0.0,0.0,0.0,0.0017047412644489945,False
Otx2os1,560,MAP400,19976,61811.15991762208,1.0208115459302418,0.10342410893071687,0.9989622522500293,0.9900039869653983,0.9979350116776586,0.9955680902497985,0.821000636918961,0.985061779510811,10.0,0.9999999999999,20.0,0.99999999999995,0.33456554974807834,0.9923959643103354,0.04589687833774329,0.9743668105712442,0.0020649883223413656,0.004431909750201468,0.014938220489189025,0.007604035689664612,0.02563318942875581,0.010934468736030456,False
Otx2os1,560,Stage416C,19976,60784.016313629174,1.0038482653239282,0.08435122146575891,0.9998019482741948,0.9952991268690176,0.9998043863804786,0.990692027519223,0.8282998567380626,0.9938196076301996,10.0,0.9999999999999,20.0,0.99999999999995,0.3364136621038097,0.9978778773309702,0.04657607043139305,0.9887857047972272,0.00019561361952136203,0.009307972480776971,0.0061803923698003915,0.00212212266902978,0.01121429520277284,0.005804079268380269,False
Otx2os1,560,Stage594,19976,61136.0,1.0096612772704001,0.01762114537444934,0.9983067063645479,0.9961250266139469,0.999130225567,0.9864271457085828,0.8336998735489055,1.0002987136501895,10.0,0.9999999999999,20.0,0.99999999999995,0.33753960142744144,1.0012176642327353,0.048290917365990116,1.0251910116241003,0.000869774432999959,0.013572854291417191,0.0,0.0,0.0,0.00288852574488343,False
Dscaml1,500,MAP400,31461,118725.4525023141,1.0530907619506307,0.18902768507040463,0.9967695170972499,0.9766035196461772,0.9975091485020028,0.9778214486243684,0.8982787857901612,0.9834631513612666,13.0,0.9999999999999231,27.0,0.999999999999963,0.27300281010562905,0.9453318766156696,0.130492446571505,0.9862301743485824,0.002490851497997215,0.022178551375631628,0.016536848638733392,0.05466812338433036,0.0137698256514176,0.02192884010962204,False
Dscaml1,500,Stage416C,31461,113183.99460527615,1.0039382171835742,0.08849051206255364,0.9997408021494523,0.9954522377770583,0.9999032888519831,0.9913892078071183,0.9087773930587703,0.9949573484330679,13.0,0.9999999999999231,27.0,0.999999999999963,0.28720739460088923,0.9945183538986493,0.13267990760249365,1.0027624728122375,9.671114801690361e-05,0.008610792192881744,0.005042651566932066,0.005481646101350712,0.0,0.003846360201836285,False
Dscaml1,500,Stage594,31461,112740.0,1.0,0.0,1.0,0.9999999999999998,1.0,1.0,0.9133832666183981,0.9999999999989052,13.0,0.9999999999999231,27.0,0.999999999999963,0.2887904415981888,0.9999999999965373,0.13231439268901976,0.9999999999924422,0.0,0.0,1.0947909245828669e-12,3.4626745915034007e-12,7.557843240135753e-12,2.423061751244404e-12,False
Dscaml1,530,MAP400,20513,64715.95449633898,1.0856924321624444,0.27538634036952175,0.9948947290139768,0.9438111816582345,0.9955497342828878,0.8378832423351533,0.8440005371927005,0.9715388879507699,12.0,1.0909090909089918,27.0,0.999999999999963,0.40678679160399706,0.9347446700338004,0.10180953217273794,0.9127460243201522,0.004450265717112156,0.16211675766484668,0.028461112049230075,0.06525532996619965,0.08725397567984783,0.06950748821544728,False
Dscaml1,530,Stage416C,20513,59634.50288598424,1.0004446196145524,0.16940476770828256,0.9998284281169498,0.9895874123081656,0.999951852318565,0.9832185886402753,0.8658239162415721,0.9966600347725377,11.146047185746013,1.013277016885909,27.0,0.999999999999963,0.4338471595456422,0.9969259778458551,0.11092960448188083,0.9945095838222114,4.814768143501791e-05,0.016781411359724663,0.0033399652274622715,0.003074022154144873,0.00549041617778856,0.005746792520111077,False
Dscaml1,530,Stage594,20513,59608.0,1.0,0.0,0.9999999999999999,1.0,1.0,1.0,0.8687254289655325,0.9999999999988489,11.0,0.9999999999999091,27.0,0.999999999999963,0.4351849276534018,0.9999999999977022,0.11154201657318287,0.9999999999910347,0.0,0.0,1.1510792319313623e-12,2.2978285940666865e-12,8.965272968453064e-12,2.4828361588902227e-12,False
Dscaml1,560,MAP400,19976,52269.78634189246,1.0508813273667035,0.3595814977973568,0.9987369506990381,0.975187169816414,0.9970440177153569,0.8049959709911362,0.7976541243646795,0.966862404258454,9.0,0.9999999999998889,20.0,0.99999999999995,0.4155455606416475,0.9880098187324509,0.0377978560031649,0.970698174071788,0.0029559822846431105,0.19500402900886382,0.033137595741545955,0.011990181267549138,0.029301825928211955,0.0544779228461628,False
Dscaml1,560,Stage416C,19976,50020.81753314059,1.0056659268007115,0.1659491389667601,0.9996427454946996,0.9881413281134065,0.9995817673871141,0.9766317485898469,0.8176544103544257,0.9911053988186648,9.0,0.9999999999998889,20.0,0.99999999999995,0.4199168717703041,0.9984031395254304,0.039159586381541274,1.0056691838496272,0.00041823261288587155,0.023368251410153085,0.008894601181335227,0.001596860474569639,0.0,0.006855589135788764,False
Dscaml1,560,Stage594,19976,49739.0,1.0,0.0,1.0,1.0,1.0,1.0,0.824992388627917,0.9999999999987879,9.0,0.9999999999998889,20.0,0.99999999999995,0.420588492909692,0.9999999999976225,0.0389388349662218,0.9999999999743188,0.0,0.0,1.212141498285746e-12,2.3775426072347727e-12,2.568123491641927e-11,5.854183804387958e-12,False
Mc4r,500,MAP400,31461,746504.7639252404,1.0576133706486046,0.2678554400686564,0.996538506600048,0.9602898320427079,0.993115137971057,0.9476923076923077,1.1183001188358614,0.9480376890350825,82.0,1.0123456790123333,189.40000000000146,1.0106723585912432,0.49943723807183754,0.9473498086919048,0.034374334431412024,1.0052401247421876,0.006884862028943006,0.05230769230769228,0.051962310964917546,0.05265019130809523,0.0,0.032761011321929615,False
Mc4r,500,Stage416C,31461,705542.735910706,0.9995802667615504,0.19757795365690856,0.9997153118948195,0.995848787718731,0.9996641554181239,0.9902053712480253,1.181549945723387,1.0016576598321343,81.0,0.9999999999999877,187.42700465397328,1.0001441016754047,0.5237703463803425,0.9935056892384527,0.03279423755320207,0.9590319054637652,0.0003358445818760769,0.009794628751974677,0.0,0.006494310761547273,0.040968094536234845,0.011518575726326575,False
Mc4r,500,Stage594,31461,705839.0,1.0,0.0,1.0,0.9999999999999998,0.9999999999999999,1.0,1.179594579170291,0.9999999999991521,81.0,0.9999999999999877,187.40000000000146,0.9999999999999947,0.5271941087532496,0.9999999999981032,0.03419514759145007,0.9999999999707562,1.1102230246251565e-16,0.0,8.47877323906232e-13,1.89681603757208e-12,2.9243829580138936e-11,6.397726792783942e-12,False
Mc4r,530,MAP400,20513,630567.1108660919,1.0754658051338721,0.2761663335445815,0.9959045051055575,0.9239976121406468,0.9955545818758824,0.9452313503305004,1.4472484397422283,0.9448709606772265,133.0,1.0152671755725113,230.0,1.0048933939182016,0.5372754201982156,0.8926995083911491,0.1000781920013671,0.7951548558010393,0.004445418124117584,0.05476864966949957,0.055129039322773465,0.10730049160885091,0.20484514419896072,0.08529774858484045,False
Mc4r,530,Stage416C,20513,587568.9482723821,1.0021301478243658,0.08974796470530882,0.9996605889933783,0.994041840712844,0.9999274386856973,0.9937288953207911,1.5289467756827078,0.9982096847317923,131.0,0.9999999999999925,228.88000000000102,0.9999999999999957,0.5965139595190191,0.9911261494423651,0.12371117720130435,0.982926862499037,7.256131430266599e-05,0.006271104679208883,0.0017903152682077206,0.0088738505576349,0.017073137500962954,0.006816193864063425,False
Mc4r,530,Stage594,20513,587266.0,1.0016134534042844,0.010432408716423732,0.999920530118902,0.999883446117598,0.9999770693926654,0.9975880366618427,1.532067635305643,1.0002472130158697,131.0,0.9999999999999925,228.88000000000102,0.9999999999999957,0.6016769688631641,0.9997046470435336,0.1259323915788944,1.0005751569255759,2.2930607334603614e-05,0.002411963338157297,0.0,0.00029535295646643256,0.0,0.0005460493803916666,False
Mc4r,560,MAP400,19976,396214.23218685994,1.0359300345825575,0.3613336003203845,0.9994213811941004,0.9750797191735914,0.9989653767334484,0.9792797237296498,1.2918286078204042,0.9554614386840777,94.31459210773227,1.014135399007863,183.94627990507956,1.0106938456322998,0.5263343843538185,0.9773399501442952,0.06855291015669761,0.9784986303399155,0.0010346232665515709,0.020720276270350224,0.044538561315922265,0.0226600498557048,0.021501369660084535,0.02209097607372268,False
Mc4r,560,Stage416C,19976,382271.8079232987,0.9994765837062548,0.08865638766519823,0.9998875499848421,0.9959919086297411,0.9999636401669052,0.9975186104218362,1.3513579793194712,0.9994905138974088,93.05379920274997,1.0005784860510643,182.44946197418463,1.0024695712867233,0.537202656924859,0.9975210313893976,0.06927768331605322,0.9888437716638292,3.6359833094801175e-05,0.002481389578163795,0.0005094861025911612,0.0024789686106023723,0.011156228336170804,0.0033324864921245867,False
Mc4r,560,Stage594,19976,382472.0,1.0,0.0,1.0,0.9999999999999999,1.0,1.0,1.3520468283875875,0.9999999999992604,93.0,0.9999999999999893,182.0,0.9999999999999946,0.5385376749156041,0.9999999999981432,0.07005928064703051,0.9999999999857263,0.0,0.0,7.396305790052793e-13,1.8568480086855743e-12,1.4273693338395788e-11,3.374034385217328e-12,False
Meis2,500,MAP400,31461,704599.2183225959,1.048281429988672,0.2685547185404151,0.996090089785957,0.9794100735089155,0.9866605415982339,0.9012824336415151,1.2268783830999148,0.9542624935272503,70.0,1.0144927536231738,129.0,1.0078124999999922,0.47067031935374826,0.9407071835433108,0.07917530103709611,0.9954902137958084,0.013339458401766091,0.09871756635848494,0.045737506472749656,0.05929281645668916,0.004509786204191624,0.044319426778776295,False
Meis2,500,Stage416C,31461,676050.7857509275,1.0058079345008273,0.1956390451670322,0.998973371925607,0.9922169505403502,0.9985027615082213,0.9879592466810744,1.271338190503872,0.9888432044269275,69.0,0.9999999999999856,128.0,0.9999999999999922,0.4977137523867058,0.9947576530029228,0.07781544690631047,0.9783924388375211,0.0014972384917787407,0.012040753318925623,0.011156795573072475,0.005242346997077152,0.02160756116247886,0.01030893910866657,False
Meis2,500,Stage594,31461,672147.0,1.0,0.0,1.0,1.0,1.0,1.0,1.2856822849277427,0.9999999999992222,69.0,0.9999999999999856,128.0,0.9999999999999922,0.5003366909349615,0.9999999999980014,0.07953398229220643,0.9999999999874267,0.0,0.0,7.778222510523847e-13,1.998623488930207e-12,1.2573275753879898e-11,3.0699442987724977e-12,False
Meis2,530,MAP400,20513,423925.05545861693,1.038123640487654,0.2761663335445815,0.99944117972583,0.9678655600966306,0.9985628445598665,0.9837553750597229,1.3622010646945857,0.9386282124315152,77.0,1.013157894736829,174.0,0.9999999999999943,0.514323459131755,0.9654549368892258,0.039571763178894166,0.8541943326526551,0.001437155440133453,0.01624462494027712,0.061371787568484826,0.03454506311077421,0.1458056673473449,0.0518808596814029,False
Meis2,530,Stage416C,20513,414289.4368482136,1.0145275747647613,0.18924584409886414,0.999339681864826,0.9744938892864549,0.9989961758570886,0.9855212355212355,1.4235072177629742,0.9808713778180699,76.0,0.9999999999999869,174.0,0.9999999999999943,0.5217670719545966,0.9794276084065546,0.0438386991614276,0.9463002243612085,0.001003824142911447,0.014478764478764505,0.01912862218193012,0.02057239159344537,0.05369977563879147,0.02177667560716858,False
Meis2,530,Stage594,20513,408357.0,1.0,0.0,1.0,1.0,1.0,1.0,1.451267974531542,0.9999999999993109,76.0,0.9999999999999869,174.0,0.9999999999999943,0.5327265307565587,0.999999999998123,0.0463264173799327,0.999999999978414,0.0,0.0,6.891154313848347e-13,1.877054067733752e-12,2.1585955245484456e-11,4.8304249489206084e-12,False
Meis2,560,MAP400,19976,309063.3010689083,1.041104426209264,0.28258910692831396,0.9995343744773283,0.9444294489861171,0.9988666582989045,0.975609756097561,1.325705667780974,0.955677622399774,70.71373870803308,1.010196267257601,224.0,1.0033594624859978,0.46271613373296355,0.9726893553296552,0.040229335779698325,0.9271820893060713,0.0011333417010954694,0.024390243902439046,0.04432237760022595,0.02731064467034483,0.07281791069392873,0.033994903713606806,False
Meis2,560,Stage416C,19976,298240.1383087909,1.0046457375970266,0.18086704044853824,0.9999575557634017,0.9900584198364568,0.9999448782457366,0.978900883218842,1.3714623029674349,0.9886627663776267,69.95180447660358,0.9993114925228942,223.25,0.9999999999999956,0.4758965435892897,1.0003962871426904,0.0431346997323083,0.9941432102782671,5.51217542633653e-05,0.021099116781157945,0.011337233622373266,0.0,0.005856789721732869,0.007669652375905489,False
Meis2,560,Stage594,19976,296862.0,1.0000033685799077,5.0060072086503804e-05,0.9999999857845502,0.9999999999861495,0.9999999991598029,1.0,1.3871900572544227,1.000000624537225,70.0,0.9999999999999858,223.25,0.9999999999999956,0.4757085612258439,1.0000011238220639,0.04338880627409925,0.9999997085215955,8.401971340887826e-10,0.0,0.0,0.0,2.91478404523815e-07,5.846372033158076e-08,False
Slc17a6,500,MAP400,31461,125522.6529692962,1.020841354662461,0.1974508121165888,0.999048715269951,0.9954665142341246,0.9989674214867863,0.8199583116206357,0.8465233180465652,0.981886797183055,13.0,0.9999999999999231,21.0,0.9999999999999525,0.19435037072196168,0.9871237601710209,0.15766855988780745,1.025246101931048,0.0010325785132137,0.1800416883793643,0.01811320281694495,0.012876239828979119,0.0,0.04241274190770041,False
Slc17a6,500,Stage416C,31461,123921.14591613141,1.0078167364682125,0.18683449349988876,0.9980767953533906,0.9918641265188399,0.9988652082265971,0.9740057187418768,0.8485739074869221,0.9842652865347431,12.945117645768716,0.9957782804436708,21.0,0.9999999999999525,0.1960919674404393,0.9959694932409341,0.1543435338352405,1.0036249873496805,0.0011347917734029211,0.025994281258123197,0.0157347134652569,0.0040305067590659105,0.0,0.009378858651169785,False
Slc17a6,500,Stage594,31461,125764.0,1.022804163955758,0.029655764279584246,0.9883534872711439,0.9889099715075398,0.9968329561645408,0.789380081300813,0.8631592888531632,1.0011829462023343,13.0,0.9999999999999231,21.0,0.9999999999999525,0.19688291082318984,0.9999867688610565,0.15670052596058184,1.0189514226929597,0.0031670438354591823,0.21061991869918695,0.0,1.3231138943470278e-05,0.0,0.04276003873471792,False
Slc17a6,530,MAP400,20513,114595.94268311007,1.0228310277147938,0.2939111782771901,0.999451031907256,0.9925158953471556,0.9994871716156977,0.9963898916967509,0.9761428947161708,0.9682534599711762,19.243503532450656,1.0128159753920867,34.0,0.9999999999999706,0.37902886894492716,0.9944637001211053,0.15992244196742203,0.9737798150378164,0.0005128283843023329,0.0036101083032491488,0.03174654002882382,0.0055362998788947015,0.02622018496218359,0.013525192311490719,False
Slc17a6,530,Stage416C,20513,112769.95391719611,1.0065330862492736,0.2862087456734754,0.9996816584113705,0.9939534024564266,0.9997348963146967,0.984629294755877,0.9925103487176004,0.9844886280532132,19.047001648981343,1.0024737709989653,34.0,0.9999999999999706,0.38121849795702795,1.0002086624384285,0.16371047149502024,0.9968454126322666,0.00026510368530330286,0.015370705244122984,0.015511371946786756,0.0,0.0031545873677334413,0.006860353648789297,False
Slc17a6,530,Stage594,20513,112038.0,1.0,0.0,1.0,1.0,0.9999999999999999,1.0,1.0081481090129656,0.999999999999008,19.0,0.9999999999999475,34.0,0.9999999999999706,0.3811389685694659,0.9999999999973763,0.16422854478682916,0.9999999999939109,1.1102230246251565e-16,0.0,9.919842725025774e-13,2.62367905179417e-12,6.0891292008591336e-12,1.9409807094916686e-12,False
Slc17a6,560,MAP400,19976,135955.66091036072,1.0224690219478425,0.1933820584701642,0.9987192525206421,0.9944296460410853,0.9987544532446121,0.9937167713871435,0.9261175719468262,0.974055680398387,20.46371979455453,1.0231859897276756,33.0,0.9999999999999697,0.47369939223276974,0.9901477390337714,0.06774700047916332,0.9857457657158392,0.0012455467553879052,0.006283228612856462,0.02594431960161303,0.009852260966228599,0.014254234284160838,0.011515918044049367,False
Slc17a6,560,Stage416C,19976,134095.03563453557,1.00847599147566,0.19037845414497398,0.9981076823588938,0.9922972611573708,0.9977513813718288,0.9730250481695568,0.9364770066905419,0.984951344797261,20.0,0.99999999999995,33.0,0.9999999999999697,0.4728156334097754,0.9883004666606436,0.06847581304225957,0.9963502779893175,0.0022486186281711618,0.026974951830443183,0.015048655202739014,0.01169953333935636,0.003649722010682477,0.01192429620227844,False
Slc17a6,560,Stage594,19976,133158.0,1.001428915227724,0.006507809371245494,0.999829742253426,0.999698366563072,0.9999603694326141,0.9980582524271845,0.9508315104347455,1.0000488727298638,20.0,0.99999999999995,33.0,0.9999999999999697,0.4778945531439645,0.9989166527356096,0.06871083450305121,0.9997699335930954,3.963056738587323e-05,0.001941747572815511,0.0,0.0010833472643904107,0.00023006640690459434,0.0006589583622992779,False
