section,w_zero,w_low,w_mid,w_high,band_median,band_max,band_median_stage594,band_median_raw,mass_change_pct,gridcorr_raw,q95plus_pct_change,changed_frac,objective
500,0.0,0.0,0.0,0.0,4.69788417891715,14.491093820314557,4.69788417891715,4.7791132864611345,2.2804163955757972,0.996832956164541,0.7780345106687936,0.029655764279584246,6.871548251964333
500,0.0,0.0,0.0,0.1,4.69788417891715,13.78727198141306,4.69788417891715,4.7791132864611345,2.3103274445576236,0.9968132646783092,0.7780345106687936,0.03458249896697498,6.765974976129108
500,0.0,0.0,0.0,0.25,4.69788417891715,13.80311733115207,4.69788417891715,4.7791132864611345,2.3558027356109017,0.9967807058252908,0.7780345106687936,0.03458249896697498,6.76835177858996
500,0.0,0.0,0.1,0.0,4.69788417891715,14.491093820314557,4.69788417891715,4.7791132864611345,2.313893443892097,0.9968212185343662,0.7780345106687936,0.036807475922570804,6.871548251964333
500,0.0,0.0,0.1,0.1,4.69788417891715,13.78727198141306,4.69788417891715,4.7791132864611345,2.343804492873912,0.9968010286089389,0.7780345106687936,0.04173421060996154,6.765974976129108
500,0.0,0.0,0.1,0.25,4.69788417891715,13.80311733115207,4.69788417891715,4.7791132864611345,2.389279783927202,0.9967677250374848,0.7780345106687936,0.04173421060996154,6.76835177858996
500,0.0,0.0,0.25,0.0,4.69788417891715,14.491093820314557,4.69788417891715,4.7791132864611345,2.364109016366512,0.996802090913042,0.7780345106687936,0.036807475922570804,6.871548251964333
500,0.0,0.0,0.25,0.1,4.69788417891715,13.78727198141306,4.69788417891715,4.7791132864611345,2.3940200653483386,0.9967811546017941,0.7780345106687936,0.04173421060996154,6.765974976129108
500,0.0,0.0,0.25,0.25,4.69788417891715,13.80311733115207,4.69788417891715,4.7791132864611345,2.439495356401628,0.9967467359010662,0.7780345106687936,0.04173421060996154,6.76835177858996
500,0.0,0.0,0.5,0.0,4.666012527913651,14.491093820314557,4.69788417891715,4.7791132864611345,2.448372723873227,0.9967651152799569,0.7780345106687936,0.036807475922570804,6.839676600960834
500,0.0,0.0,0.5,0.1,4.668735510966872,13.78727198141306,4.69788417891715,4.7791132864611345,2.4782837728550415,0.996742931568531,0.7780345106687936,0.04173421060996154,6.736826308178831
500,0.0,0.0,0.5,0.25,4.663874911621955,13.80311733115207,4.69788417891715,4.7791132864611345,2.5237590639083436,0.9967066454716471,0.7780345106687936,0.04173421060996154,6.734342511294765
500,0.0,0.0,0.75,0.0,4.666012527913651,14.491093820314557,4.69788417891715,4.7791132864611345,2.5344938964052797,0.9967137925007071,0.7780345106687936,0.036807475922570804,6.839676600960834
500,0.0,0.0,0.75,0.1,4.668735510966872,13.78727198141306,4.69788417891715,4.7791132864611345,2.564404945387106,0.9966903186899208,0.7780345106687936,0.04173421060996154,6.736826308178831
500,0.0,0.0,0.75,0.25,4.663874911621955,13.80311733115207,4.69788417891715,4.7791132864611345,2.609880236440396,0.9966520980889213,0.7780345106687936,0.04173421060996154,6.734342511294765
500,0.0,0.25,0.0,0.0,4.417469682027366,14.491093820314557,4.69788417891715,4.7791132864611345,2.4841621767379816,0.9967765458475174,0.7780345106687936,0.055815136200375065,6.59113375507455
500,0.0,0.25,0.0,0.1,4.417469682027366,13.78727198141306,4.69788417891715,4.7791132864611345,2.5140732257197964,0.9967552534418064,0.7780345106687936,0.06074187088776581,6.485560479239325
500,0.0,0.25,0.0,0.25,4.417469682027366,13.80311733115207,4.69788417891715,4.7791132864611345,2.559548516773086,0.9967202416102764,0.7780345106687936,0.06074187088776581,6.487937281700177
500,0.0,0.25,0.1,0.0,4.417469682027366,14.491093820314557,4.69788417891715,4.7791132864611345,2.51763922505427,0.9967626393305685,0.7780345106687936,0.06296684784336162,6.59113375507455
500,0.0,0.25,0.1,0.1,4.417469682027366,13.78727198141306,4.69788417891715,4.7791132864611345,2.5475502740360967,0.9967408500864112,0.7780345106687936,0.06789358253075237,6.485560479239325
500,0.0,0.25,0.1,0.25,4.417469682027366,13.80311733115207,4.69788417891715,4.7791132864611345,2.5930255650893863,0.9967050960134856,0.7780345106687936,0.06789358253075237,6.487937281700177
500,0.0,0.25,0.25,0.0,4.417469682027366,14.491093820314557,4.69788417891715,4.7791132864611345,2.5678547975286965,0.9967402609502728,0.7780345106687936,0.06296684784336162,6.59113375507455
500,0.0,0.25,0.25,0.1,4.417469682027366,13.78727198141306,4.69788417891715,4.7791132864611345,2.597765846510535,0.9967177277387984,0.7780345106687936,0.06789358253075237,6.485560479239325
500,0.0,0.25,0.25,0.25,4.417469682027366,13.80311733115207,4.69788417891715,4.7791132864611345,2.643241137563813,0.9966808622782525,0.7780345106687936,0.06789358253075237,6.487937281700177
500,0.0,0.25,0.5,0.0,4.385598031023866,14.491093820314557,4.69788417891715,4.7791132864611345,2.6521185050354115,0.9966978717353683,0.7780345106687936,0.06296684784336162,6.559262104071049
500,0.0,0.25,0.5,0.1,4.388321014077087,13.78727198141306,4.69788417891715,4.7791132864611345,2.6820295540172263,0.9966740952371096,0.7780345106687936,0.06789358253075237,6.456411811289046
500,0.0,0.25,0.5,0.25,4.38346041473217,13.80311733115207,4.69788417891715,4.7791132864611345,2.727504845070516,0.9966353687424128,0.7780345106687936,0.06789358253075237,6.45392801440498
500,0.0,0.25,0.75,0.0,4.385598031023866,14.491093820314557,4.69788417891715,4.7791132864611345,2.738239677567464,0.9966408610380141,0.7780345106687936,0.06296684784336162,6.559262104071049
500,0.0,0.25,0.75,0.1,4.388321014077087,13.78727198141306,4.69788417891715,4.7791132864611345,2.768150726549291,0.9966157988482087,0.7780345106687936,0.06789358253075237,6.456411811289046
500,0.0,0.25,0.75,0.25,4.38346041473217,13.80311733115207,4.69788417891715,4.7791132864611345,2.8136260176025925,0.9965751446643875,0.7780345106687936,0.06789358253075237,6.45392801440498
500,0.0,0.5,0.0,0.0,4.4180941017422874,14.491093820314557,4.69788417891715,4.7791132864611345,2.68898261403804,0.9966932953747049,0.7780345106687936,0.055815136200375065,6.5917581747894705
500,0.0,0.5,0.0,0.1,4.4180941017422874,13.78727198141306,4.69788417891715,4.7791132864611345,2.7188936630198786,0.9966704333647602,0.7780345106687936,0.06074187088776581,6.486184898954246
500,0.0,0.5,0.0,0.25,4.4180941017422874,13.80311733115207,4.69788417891715,4.7791132864611345,2.7643689540731566,0.9966330169019059,0.7780345106687936,0.06074187088776581,6.488561701415097
500,0.0,0.5,0.1,0.0,4.4180941017422874,14.491093820314557,4.69788417891715,4.7791132864611345,2.7224596623543285,0.9966772171058768,0.7780345106687936,0.06296684784336162,6.5917581747894705
500,0.0,0.5,0.1,0.1,4.4180941017422874,13.78727198141306,4.69788417891715,4.7791132864611345,2.7523707113361553,0.9966538599490151,0.7780345106687936,0.06789358253075237,6.486184898954246
500,0.0,0.5,0.1,0.25,4.4180941017422874,13.80311733115207,4.69788417891715,4.7791132864611345,2.797846002389457,0.9966157038577992,0.7780345106687936,0.06789358253075237,6.488561701415097
500,0.0,0.5,0.25,0.0,4.4180941017422874,14.491093820314557,4.69788417891715,4.7791132864611345,2.772675234828779,0.9966515839571221,0.7780345106687936,0.06296684784336162,6.5917581747894705
500,0.0,0.5,0.25,0.1,4.4180941017422874,13.78727198141306,4.69788417891715,4.7791132864611345,2.8025862838105935,0.9966274853871626,0.7780345106687936,0.06789358253075237,6.486184898954246
500,0.0,0.5,0.25,0.25,4.4180941017422874,13.80311733115207,4.69788417891715,4.7791132864611345,2.8480615748638836,0.9965882218532701,0.7780345106687936,0.06789358253075237,6.488561701415097
500,0.0,0.5,0.5,0.0,4.386222450738789,14.491093820314557,4.69788417891715,4.7791132864611345,2.85693894233547,0.9966037763560124,0.7780345106687936,0.06296684784336162,6.559886523785972
500,0.0,0.5,0.5,0.1,4.38894543379201,13.78727198141306,4.69788417891715,4.7791132864611345,2.886849991317297,0.9965784388376682,0.7780345106687936,0.06789358253075237,6.457036231003968
500,0.0,0.5,0.5,0.25,4.384084834447092,13.80311733115207,4.69788417891715,4.7791132864611345,2.932325282370575,0.9965373209691478,0.7780345106687936,0.06789358253075237,6.454552434119902
500,0.0,0.5,0.75,0.0,4.386222450738789,14.491093820314557,4.69788417891715,4.7791132864611345,2.9430601148675466,0.9965410772840071,0.7780345106687936,0.06296684784336162,6.559886523785972
500,0.0,0.5,0.75,0.1,4.38894543379201,13.78727198141306,4.69788417891715,4.7791132864611345,2.9729711638493614,0.9965144587124876,0.7780345106687936,0.06789358253075237,6.457036231003968
500,0.0,0.5,0.75,0.25,4.384084834447092,13.80311733115207,4.69788417891715,4.7791132864611345,3.018446454902663,0.996471420316046,0.7780345106687936,0.06789358253075237,6.454552434119902
500,0.0,0.75,0.0,0.0,4.48077075008401,14.491093820314557,4.69788417891715,4.7791132864611345,2.8967748601191503,0.9965737913378504,0.7780345106687936,0.055815136200375065,6.654434823131194
500,0.0,0.75,0.0,0.1,4.48077075008401,13.78727198141306,4.69788417891715,4.7791132864611345,2.9266859091009767,0.9965493431130292,0.7780345106687936,0.06074187088776581,6.548861547295969
500,0.0,0.75,0.0,0.25,4.48077075008401,13.80311733115207,4.69788417891715,4.7791132864611345,2.972161200154255,0.996509480557382,0.7780345106687936,0.06074187088776581,6.5512383497568205
500,0.0,0.75,0.1,0.0,4.48077075008401,14.491093820314557,4.69788417891715,4.7791132864611345,2.9302519084354386,0.996555469091747,0.7780345106687936,0.06296684784336162,6.654434823131194
500,0.0,0.75,0.1,0.1,4.48077075008401,13.78727198141306,4.69788417891715,4.7791132864611345,2.9601629574172654,0.9965305275561355,0.7780345106687936,0.06789358253075237,6.548861547295969
500,0.0,0.75,0.1,0.25,4.48077075008401,13.80311733115207,4.69788417891715,4.7791132864611345,3.005638248470555,0.9964899282092672,0.7780345106687936,0.06789358253075237,6.5512383497568205
500,0.0,0.75,0.25,0.0,4.48077075008401,14.491093820314557,4.69788417891715,4.7791132864611345,2.9804674809098652,0.9965264732180791,0.7780345106687936,0.06296684784336162,6.654434823131194
500,0.0,0.75,0.25,0.1,4.48077075008401,13.78727198141306,4.69788417891715,4.7791132864611345,3.0103785298916916,0.9965007930405588,0.7780345106687936,0.06789358253075237,6.548861547295969
500,0.0,0.75,0.25,0.25,4.48077075008401,13.80311733115207,4.69788417891715,4.7791132864611345,3.0558538209449697,0.9964590905322789,0.7780345106687936,0.06789358253075237,6.5512383497568205
500,0.0,0.75,0.5,0.0,4.44889909908051,14.491093820314557,4.69788417891715,4.7791132864611345,3.0647311884165687,0.9964730698623165,0.7780345106687936,0.06296684784336162,6.622563172127693
500,0.0,0.75,0.5,0.1,4.451622082133731,13.78727198141306,4.69788417891715,4.7791132864611345,3.094642237398383,0.9964461554375351,0.7780345106687936,0.06789358253075237,6.51971287934569
500,0.0,0.75,0.5,0.25,4.446761482788814,13.80311733115207,4.69788417891715,4.7791132864611345,3.140117528451685,0.9964026058574355,0.7780345106687936,0.06789358253075237,6.517229082461624
500,0.0,0.75,0.75,0.0,4.44889909908051,14.491093820314557,4.69788417891715,4.7791132864611345,3.1508523609486447,0.9964044062094146,0.7780345106687936,0.06296684784336162,6.622563172127693
500,0.0,0.75,0.75,0.1,4.451622082133731,13.78727198141306,4.69788417891715,4.7791132864611345,3.1807634099304596,0.9963762157959027,0.7780345106687936,0.06789358253075237,6.51971287934569
500,0.0,0.75,0.75,0.25,4.446761482788814,13.80311733115207,4.69788417891715,4.7791132864611345,3.2262387009837377,0.9963307535116009,0.7780345106687936,0.06789358253075237,6.517229082461624
500,0.0,1.0,0.0,0.0,4.5629150312663125,14.491093820314557,4.69788417891715,4.7791132864611345,3.1066950219235077,0.9964177628623995,0.7780345106687936,0.055815136200375065,6.7365791043134955
500,0.0,1.0,0.0,0.1,4.5629150312663125,13.78727198141306,4.69788417891715,4.7791132864611345,3.136606070905334,0.9963917201840778,0.7780345106687936,0.06074187088776581,6.631005828478271
500,0.0,1.0,0.0,0.25,4.5629150312663125,13.80311733115207,4.69788417891715,4.7791132864611345,3.182081361958612,0.996349391508418,0.7780345106687936,0.06074187088776581,6.633382630939122
500,0.0,1.0,0.1,0.0,4.5629150312663125,14.491093820314557,4.69788417891715,4.7791132864611345,3.140172070239796,0.996397147196983,0.7780345106687936,0.06296684784336162,6.7365791043134955
500,0.0,1.0,0.1,0.1,4.5629150312663125,13.78727198141306,4.69788417891715,4.7791132864611345,3.1700831192216343,0.9963706131554432,0.7780345106687936,0.06789358253075237,6.631005828478271
500,0.0,1.0,0.1,0.25,4.5629150312663125,13.80311733115207,4.69788417891715,4.7791132864611345,3.2155584102749124,0.9963275506972049,0.7780345106687936,0.06789358253075237,6.633382630939122
500,0.0,1.0,0.25,0.0,4.5629150312663125,14.491093820314557,4.69788417891715,4.7791132864611345,3.190387642714234,0.9963647147341125,0.7780345106687936,0.06296684784336162,6.7365791043134955
500,0.0,1.0,0.25,0.1,4.5629150312663125,13.78727198141306,4.69788417891715,4.7791132864611345,3.220298691696061,0.9963374449890123,0.7780345106687936,0.06789358253075237,6.631005828478271
500,0.0,1.0,0.25,0.25,4.5629150312663125,13.80311733115207,4.69788417891715,4.7791132864611345,3.265773982749339,0.9962932839078827,0.7780345106687936,0.06789358253075237,6.68070457918714
500,0.0,1.0,0.5,0.0,4.531043380262814,14.491093820314557,4.69788417891715,4.7791132864611345,3.2746513502209376,0.9963055923621662,0.7780345106687936,0.06296684784336162,6.77866150397281
500,0.0,1.0,0.5,0.1,4.533766363316035,13.78727198141306,4.69788417891715,4.7791132864611345,3.3045623992027524,0.9962770933512002,0.7780345106687936,0.06789358253075237,6.765544358136251
500,0.0,1.0,0.5,0.25,4.528905763971117,13.80311733115207,4.69788417891715,4.7791132864611345,3.350037690256042,0.9962310928930366,0.7780345106687936,0.06789358253075237,6.8994864344120534
500,0.0,1.0,0.75,0.0,4.531043380262814,14.491093820314557,4.69788417891715,4.7791132864611345,3.36077252275299,0.9962307596059057,0.7780345106687936,0.06296684784336162,7.037025021568967
500,0.0,1.0,0.75,0.1,4.533766363316035,13.78727198141306,4.69788417891715,4.7791132864611345,3.3906835717348165,0.99620099000378,0.7780345106687936,0.06789358253075237,7.0239078757324425
500,0.0,1.0,0.75,0.25,4.528905763971117,13.80311733115207,4.69788417891715,4.7791132864611345,3.4361588627881186,0.9961530851795095,0.7780345106687936,0.06789358253075237,7.157849952008283
500,0.25,0.0,0.0,0.0,5.117053049251805,14.491093820314557,4.69788417891715,4.7791132864611345,2.3194357594601875,0.9968276973483357,0.7780345106687936,0.04453132449699628,7.290717122298988
500,0.25,0.0,0.0,0.1,5.119886027835374,13.78727198141306,4.69788417891715,4.7791132864611345,2.349346808442014,0.9968077645454613,0.7780345106687936,0.04945805918438702,7.187976825047333
500,0.25,0.0,0.0,0.25,5.114625251476011,13.80311733115207,4.69788417891715,4.7791132864611345,2.394822099495304,0.9967748465051625,0.7780345106687936,0.04945805918438702,7.185092851148822
500,0.25,0.0,0.1,0.0,5.117053049251805,14.491093820314557,4.69788417891715,4.7791132864611345,2.352912807776476,0.9968156496188225,0.7780345106687936,0.05168303613998283,7.290717122298988
500,0.25,0.0,0.1,0.1,5.119886027835374,13.78727198141306,4.69788417891715,4.7791132864611345,2.3828238567583027,0.9967952185413116,0.7780345106687936,0.056609770827373576,7.187976825047333
500,0.25,0.0,0.1,0.25,5.114625251476011,13.80311733115207,4.69788417891715,4.7791132864611345,2.4282991478115803,0.9967615560377604,0.7780345106687936,0.056609770827373576,7.185092851148822
500,0.25,0.0,0.25,0.0,5.117053049251805,14.491093820314557,4.69788417891715,4.7791132864611345,2.4031283802509145,0.9967960570115932,0.7780345106687936,0.05168303613998283,7.290717122298988
500,0.25,0.0,0.25,0.1,5.119886027835374,13.78727198141306,4.69788417891715,4.7791132864611345,2.4330394292327293,0.9967748797978817,0.7780345106687936,0.056609770827373576,7.187976825047333
500,0.25,0.0,0.25,0.25,5.114625251476011,13.80311733115207,4.69788417891715,4.7791132864611345,2.478514720286019,0.9967401025519734,0.7780345106687936,0.056609770827373576,7.185092851148822
500,0.25,0.0,0.5,0.0,5.046717222225114,14.491093820314557,4.69788417891715,4.7791132864611345,2.487392087757606,0.996758308240703,0.7780345106687936,0.05168303613998283,7.220381295272297
500,0.25,0.0,0.5,0.1,5.046717222225114,13.78727198141306,4.69788417891715,4.7791132864611345,2.5173031367394323,0.9967358840538683,0.7780345106687936,0.056609770827373576,7.114808019437072
500,0.25,0.0,0.5,0.25,5.046717222225114,13.80311733115207,4.69788417891715,4.7791132864611345,2.5627784277927224,0.9966992400726353,0.7780345106687936,0.056609770827373576,7.117184821897924
500,0.25,0.0,0.75,0.0,5.046717222225114,14.491093820314557,4.69788417891715,4.7791132864611345,2.57351326028967,0.9967061410842338,0.7780345106687936,0.05168303613998283,7.220381295272297
500,0.25,0.0,0.75,0.1,5.046717222225114,13.78727198141306,4.69788417891715,4.7791132864611345,2.6034243092715084,0.9966824272776914,0.7780345106687936,0.056609770827373576,7.114808019437072
500,0.25,0.0,0.75,0.25,5.046717222225114,13.80311733115207,4.69788417891715,4.7791132864611345,2.6488996003247864,0.9966438495333568,0.7780345106687936,0.056609770827373576,7.117184821897924
500,0.25,0.25,0.0,0.0,5.117053049251805,14.491093820314557,4.69788417891715,4.7791132864611345,2.5231815406223603,0.9967656055076892,0.7780345106687936,0.07069069641778711,7.290717122298988
500,0.25,0.25,0.0,0.1,5.119886027835374,13.78727198141306,4.69788417891715,4.7791132864611345,2.5530925896041867,0.9967440744401953,0.7780345106687936,0.07561743110517784,7.187976825047333
500,0.25,0.25,0.0,0.25,5.114625251476011,13.80311733115207,4.69788417891715,4.7791132864611345,2.598567880657477,0.9967087075405152,0.7780345106687936,0.07561743110517784,7.185092851148822
500,0.25,0.25,0.1,0.0,5.117053049251805,14.491093820314557,4.69788417891715,4.7791132864611345,2.5566585889386606,0.9967513903366307,0.7780345106687936,0.07784240806077365,7.290717122298988
500,0.25,0.25,0.1,0.1,5.119886027835374,13.78727198141306,4.69788417891715,4.7791132864611345,2.586569637920475,0.9967293626059341,0.7780345106687936,0.0827691427481644,7.187976825047333
500,0.25,0.25,0.1,0.25,5.114625251476011,13.80311733115207,4.69788417891715,4.7791132864611345,2.632044928973777,0.996693253735989,0.7780345106687936,0.0827691427481644,7.185092851148822
500,0.25,0.25,0.25,0.0,5.117053049251805,14.491093820314557,4.69788417891715,4.7791132864611345,2.6068741614130873,0.9967285491709716,0.7780345106687936,0.07784240806077365,7.290717122298988
500,0.25,0.25,0.25,0.1,5.119886027835374,13.78727198141306,4.69788417891715,4.7791132864611345,2.6367852103949136,0.9967057777385561,0.7780345106687936,0.0827691427481644,7.187976825047333
500,0.25,0.25,0.25,0.25,5.114625251476011,13.80311733115207,4.69788417891715,4.7791132864611345,2.6822605014482037,0.9966685578917486,0.7780345106687936,0.0827691427481644,7.185092851148822
500,0.25,0.25,0.5,0.0,5.0232840164052535,14.491093820314557,4.69788417891715,4.7791132864611345,2.6911378689197902,0.9966853906912017,0.7780345106687936,0.07784240806077365,7.196948089452437
500,0.25,0.25,0.5,0.1,5.026006999458475,13.78727198141306,4.69788417891715,4.7791132864611345,2.7210489179016166,0.9966613764255812,0.7780345106687936,0.0827691427481644,7.094097796670434
500,0.25,0.25,0.5,0.25,5.021146400113557,13.80311733115207,4.69788417891715,4.7791132864611345,2.7665242089549067,0.9966222962450859,0.7780345106687936,0.0827691427481644,7.091613999786368
500,0.25,0.25,0.75,0.0,5.0232840164052535,14.491093820314557,4.69788417891715,4.7791132864611345,2.7772590414518548,0.9966275398878565,0.7780345106687936,0.07784240806077365,7.196948089452437
500,0.25,0.25,0.75,0.1,5.026006999458475,13.78727198141306,4.69788417891715,4.7791132864611345,2.8071700904336696,0.9966022404378827,0.7780345106687936,0.0827691427481644,7.094097796670434
500,0.25,0.25,0.75,0.25,5.021146400113557,13.80311733115207,4.69788417891715,4.7791132864611345,2.8526453814869592,0.9965612333504742,0.7780345106687936,0.0827691427481644,7.091613999786368
500,0.25,0.5,0.0,0.0,5.117053049251805,14.491093820314557,4.69788417891715,4.7791132864611345,2.728001977922431,0.9966766605672617,0.7780345106687936,0.07069069641778711,7.290717122298988
500,0.25,0.5,0.0,0.1,5.119886027835374,13.78727198141306,4.69788417891715,4.7791132864611345,2.7579130269042573,0.9966535626494308,0.7780345106687936,0.07561743110517784,7.187976825047333
500,0.25,0.5,0.0,0.25,5.114625251476011,13.80311733115207,4.69788417891715,4.7791132864611345,2.8033883179575474,0.9966157953876312,0.7780345106687936,0.07561743110517784,7.185092851148822
500,0.25,0.5,0.1,0.0,5.117053049251805,14.491093820314557,4.69788417891715,4.7791132864611345,2.761479026238731,0.996660275213582,0.7780345106687936,0.07784240806077365,7.290717122298988
500,0.25,0.5,0.1,0.1,5.119886027835374,13.78727198141306,4.69788417891715,4.7791132864611345,2.7913900752205456,0.996636682334622,0.7780345106687936,0.0827691427481644,7.187976825047333
500,0.25,0.5,0.1,0.25,5.114625251476011,13.80311733115207,4.69788417891715,4.7791132864611345,2.8368653662738477,0.9965981757313181,0.7780345106687936,0.0827691427481644,7.185092851148822
500,0.25,0.5,0.25,0.0,5.117053049251805,14.491093820314557,4.69788417891715,4.7791132864611345,2.811694598713158,0.9966341816659318,0.7780345106687936,0.07784240806077365,7.290717122298988
500,0.25,0.5,0.25,0.1,5.119886027835374,13.78727198141306,4.69788417891715,4.7791132864611345,2.8416056476949842,0.996609847655235,0.7780345106687936,0.0827691427481644,7.187976825047333
500,0.25,0.5,0.25,0.25,5.114625251476011,13.80311733115207,4.69788417891715,4.7791132864611345,2.887080938748274,0.996570234043515,0.7780345106687936,0.0827691427481644,7.185092851148822
500,0.25,0.5,0.5,0.0,5.0232840164052535,14.491093820314557,4.69788417891715,4.7791132864611345,2.895958306219873,0.9965856089826227,0.7780345106687936,0.07784240806077365,7.196948089452437
500,0.25,0.5,0.5,0.1,5.026006999458475,13.78727198141306,4.69788417891715,4.7791132864611345,2.9258693552016872,0.9965600365032725,0.7780345106687936,0.0827691427481644,7.094097796670434
500,0.25,0.5,0.5,0.25,5.021146400113557,13.80311733115207,4.69788417891715,4.7791132864611345,2.9713446462549773,0.9965185692964488,0.7780345106687936,0.0827691427481644,7.091613999786368
500,0.25,0.5,0.75,0.0,5.0232840164052535,14.491093820314557,4.69788417891715,4.7791132864611345,2.9820794787519254,0.996522074406402,0.7780345106687936,0.07784240806077365,7.196948089452437
500,0.25,0.5,0.75,0.1,5.026006999458475,13.78727198141306,4.69788417891715,4.7791132864611345,3.0119905277337518,0.996495221408202,0.7780345106687936,0.0827691427481644,7.094097796670434
500,0.25,0.5,0.75,0.25,5.021146400113557,13.80311733115207,4.69788417891715,4.7791132864611345,3.0574658187870534,0.9964518344962416,0.7780345106687936,0.0827691427481644,7.091613999786368
500,0.25,0.75,0.0,0.0,5.117053049251805,14.491093820314557,4.69788417891715,4.7791132864611345,2.935794224003529,0.9965513838474408,0.7780345106687936,0.07069069641778711,7.290717122298988
500,0.25,0.75,0.0,0.1,5.119886027835374,13.78727198141306,4.69788417891715,4.7791132864611345,2.9657052729853555,0.9965267025980545,0.7780345106687936,0.07561743110517784,7.187976825047333
500,0.25,0.75,0.0,0.25,5.114625251476011,13.80311733115207,4.69788417891715,4.7791132864611345,3.0111805640386455,0.9964864937089638,0.7780345106687936,0.07561743110517784,7.185092851148822
500,0.25,0.75,0.1,0.0,5.117053049251805,14.491093820314557,4.69788417891715,4.7791132864611345,2.9692712723198293,0.9965327562285231,0.7780345106687936,0.07784240806077365,7.290717122298988
500,0.25,0.75,0.1,0.1,5.119886027835374,13.78727198141306,4.69788417891715,4.7791132864611345,2.999182321301644,0.9965075818647131,0.7780345106687936,0.0827691427481644,7.187976825047333
500,0.25,0.75,0.1,0.25,5.114625251476011,13.80311733115207,4.69788417891715,4.7791132864611345,3.044657612354934,0.9964666364870409,0.7780345106687936,0.0827691427481644,7.185092851148822
500,0.25,0.75,0.25,0.0,5.117053049251805,14.491093820314557,4.69788417891715,4.7791132864611345,3.019486844794244,0.9965033025569843,0.7780345106687936,0.07784240806077365,7.290717122298988
500,0.25,0.75,0.25,0.1,5.119886027835374,13.78727198141306,4.69788417891715,4.7791132864611345,3.0493978937760824,0.9964773898484356,0.7780345106687936,0.0827691427481644,7.187976825047333
500,0.25,0.75,0.25,0.25,5.114625251476011,13.80311733115207,4.69788417891715,4.7791132864611345,3.094873184829384,0.9964353417672004,0.7780345106687936,0.0827691427481644,7.185092851148822
500,0.25,0.75,0.5,0.0,5.0232840164052535,14.491093820314557,4.69788417891715,4.7791132864611345,3.1037505523009474,0.9964491386617916,0.7780345106687936,0.07784240806077365,7.196948089452437
500,0.25,0.75,0.5,0.1,5.026006999458475,13.78727198141306,4.69788417891715,4.7791132864611345,3.133661601282774,0.9964219922119393,0.7780345106687936,0.0827691427481644,7.094097796670434
500,0.25,0.75,0.5,0.25,5.021146400113557,13.80311733115207,4.69788417891715,4.7791132864611345,3.1791368923360754,0.9963780978375889,0.7780345106687936,0.0827691427481644,7.091613999786368
500,0.25,0.75,0.75,0.0,5.0232840164052535,14.491093820314557,4.69788417891715,4.7791132864611345,3.1898717248330115,0.9963796444880865,0.7780345106687936,0.07784240806077365,7.196948089452437
500,0.25,0.75,0.75,0.1,5.026006999458475,13.78727198141306,4.69788417891715,4.7791132864611345,3.21978277381485,0.9963512226110858,0.7780345106687936,0.0827691427481644,7.094097796670434
500,0.25,0.75,0.75,0.25,5.021146400113557,13.80311733115207,4.69788417891715,4.7791132864611345,3.265258064868128,0.9963054163960942,0.7780345106687936,0.0827691427481644,7.137388194390752
500,0.25,1.0,0.0,0.0,4.878913744130393,14.491093820314557,4.69788417891715,4.7791132864611345,3.1457143858078864,0.9963895349832039,0.7780345106687936,0.07069069641778711,7.052577817177577
500,0.25,1.0,0.0,0.1,4.881746722713962,13.78727198141306,4.69788417891715,4.7791132864611345,3.175625434789725,0.9963632622702251,0.7780345106687936,0.07561743110517784,6.9498375199259215
500,0.25,1.0,0.0,0.25,4.876485946354599,13.80311733115207,4.69788417891715,4.7791132864611345,3.2211007258430144,0.9963205918892504,0.7780345106687936,0.07561743110517784,6.946953546027409
500,0.25,1.0,0.1,0.0,4.878913744130393,14.491093820314557,4.69788417891715,4.7791132864611345,3.1791914341241863,0.9963686157841264,0.7780345106687936,0.07784240806077365,7.052577817177577
500,0.25,1.0,0.1,0.1,4.881746722713962,13.78727198141306,4.69788417891715,4.7791132864611345,3.209102483106001,0.9963418519148434,0.7780345106687936,0.0827691427481644,6.9498375199259215
500,0.25,1.0,0.1,0.25,4.876485946354599,13.80311733115207,4.69788417891715,4.7791132864611345,3.254577774159291,0.9962984480696616,0.7780345106687936,0.0827691427481644,6.960686868505283
500,0.25,1.0,0.25,0.0,4.878913744130393,14.491093820314557,4.69788417891715,4.7791132864611345,3.229407006598625,0.9963357283152502,0.7780345106687936,0.07784240806077365,7.052577817177577
500,0.25,1.0,0.25,0.1,4.881746722713962,13.78727198141306,4.69788417891715,4.7791132864611345,3.2593180555804397,0.9963082290553347,0.7780345106687936,0.0827691427481644,6.97779168666724
500,0.25,1.0,0.25,0.25,4.876485946354599,13.80311733115207,4.69788417891715,4.7791132864611345,3.304793346633718,0.9962637270686237,0.7780345106687936,0.0827691427481644,7.111333585928563
500,0.25,1.0,0.5,0.0,4.7851447112838414,14.491093820314557,4.69788417891715,4.7791132864611345,3.3136707141053163,0.9962758502658688,0.7780345106687936,0.07784240806077365,7.149820926646973
500,0.25,1.0,0.5,0.1,4.787867694337063,13.78727198141306,4.69788417891715,4.7791132864611345,3.3435817630871547,0.9962471222721809,0.7780345106687936,0.0827691427481644,7.136703780810485
500,0.25,1.0,0.5,0.25,4.783007094992145,13.80311733115207,4.69788417891715,4.7791132864611345,3.389057054140421,0.9962007817261849,0.7780345106687936,0.0827691427481644,7.270645857086217
500,0.25,1.0,0.75,0.0,4.7851447112838414,14.491093820314557,4.69788417891715,4.7791132864611345,3.399791886637381,0.996200192313653,0.7780345106687936,0.07784240806077365,7.408184444243167
500,0.25,1.0,0.75,0.1,4.787867694337063,13.78727198141306,4.69788417891715,4.7791132864611345,3.4297029356192072,0.9961701943175877,0.7780345106687936,0.0827691427481644,7.395067298406643
500,0.25,1.0,0.75,0.25,4.783007094992145,13.80311733115207,4.69788417891715,4.7791132864611345,3.475178226672497,0.9961219503097376,0.7780345106687936,0.0827691427481644,7.529009374682445
500,0.5,0.0,0.0,0.0,5.117053049251805,14.491093820314557,4.69788417891715,4.7791132864611345,2.3584551233445783,0.9968201516685782,0.7780345106687936,0.04453132449699628,7.290717122298988
500,0.5,0.0,0.0,0.1,5.119886027835374,13.78727198141306,4.69788417891715,4.7791132864611345,2.3883661723263927,0.9967999786108174,0.7780345106687936,0.04945805918438702,7.187976825047333
500,0.5,0.0,0.0,0.25,5.114625251476011,13.80311733115207,4.69788417891715,4.7791132864611345,2.4338414633796828,0.9967667030325332,0.7780345106687936,0.04945805918438702,7.185092851148822
500,0.5,0.0,0.1,0.0,5.117053049251805,14.491093820314557,4.69788417891715,4.7791132864611345,2.3919321716608666,0.9968077944162899,0.7780345106687936,0.05168303613998283,7.290717122298988
500,0.5,0.0,0.1,0.1,5.119886027835374,13.78727198141306,4.69788417891715,4.7791132864611345,2.421843220642693,0.9967871232519565,0.7780345106687936,0.056609770827373576,7.187976825047333
500,0.5,0.0,0.1,0.25,5.114625251476011,13.80311733115207,4.69788417891715,4.7791132864611345,2.467318511695971,0.9967531034708152,0.7780345106687936,0.056609770827373576,7.185092851148822
500,0.5,0.0,0.25,0.0,5.117053049251805,14.491093820314557,4.69788417891715,4.7791132864611345,2.4421477441352932,0.9967877376991574,0.7780345106687936,0.05168303613998283,7.290717122298988
500,0.5,0.0,0.25,0.1,5.119886027835374,13.78727198141306,4.69788417891715,4.7791132864611345,2.4720587931171196,0.9967663206534839,0.7780345106687936,0.056609770827373576,7.187976825047333
500,0.5,0.0,0.25,0.25,5.114625251476011,13.80311733115207,4.69788417891715,4.7791132864611345,2.5175340841704097,0.9967311865246913,0.7780345106687936,0.056609770827373576,7.185092851148822
500,0.5,0.0,0.5,0.0,5.046717222225114,14.491093820314557,4.69788417891715,4.7791132864611345,2.526411451641996,0.996749217328291,0.7780345106687936,0.05168303613998283,7.220381295272297
500,0.5,0.0,0.5,0.1,5.046717222225114,13.78727198141306,4.69788417891715,4.7791132864611345,2.556322500623823,0.9967265537452545,0.7780345106687936,0.056609770827373576,7.114808019437072
500,0.5,0.0,0.5,0.25,5.046717222225114,13.80311733115207,4.69788417891715,4.7791132864611345,2.6017977916771127,0.9966895535549232,0.7780345106687936,0.056609770827373576,7.117184821897924
500,0.5,0.0,0.75,0.0,5.046717222225114,14.491093820314557,4.69788417891715,4.7791132864611345,2.6125326241740607,0.996696207475752,0.7780345106687936,0.05168303613998283,7.220381295272297
500,0.5,0.0,0.75,0.1,5.046717222225114,13.78727198141306,4.69788417891715,4.7791132864611345,2.642443673155887,0.9966722547616772,0.7780345106687936,0.056609770827373576,7.114808019437072
500,0.5,0.0,0.75,0.25,5.046717222225114,13.80311733115207,4.69788417891715,4.7791132864611345,2.687918964209165,0.996633321562691,0.7780345106687936,0.056609770827373576,7.117184821897924
500,0.5,0.25,0.0,0.0,5.117053049251805,14.491093820314557,4.69788417891715,4.7791132864611345,2.562200904506751,0.9967523776007283,0.7780345106687936,0.07069069641778711,7.290717122298988
500,0.5,0.25,0.0,0.1,5.119886027835374,13.78727198141306,4.69788417891715,4.7791132864611345,2.5921119534885775,0.9967306089530382,0.7780345106687936,0.07561743110517784,7.187976825047333
500,0.5,0.25,0.0,0.25,5.114625251476011,13.80311733115207,4.69788417891715,4.7791132864611345,2.637587244541867,0.9966948886645045,0.7780345106687936,0.07561743110517784,7.185092851148822
500,0.5,0.25,0.1,0.0,5.117053049251805,14.491093820314557,4.69788417891715,4.7791132864611345,2.595677952823051,0.9967378543779672,0.7780345106687936,0.07784240806077365,7.290717122298988
500,0.5,0.25,0.1,0.1,5.119886027835374,13.78727198141306,4.69788417891715,4.7791132864611345,2.6255890018048658,0.9967155892457934,0.7780345106687936,0.0827691427481644,7.187976825047333
500,0.5,0.25,0.1,0.25,5.114625251476011,13.80311733115207,4.69788417891715,4.7791132864611345,2.6710642928581674,0.9966791272632876,0.7780345106687936,0.0827691427481644,7.185092851148822
500,0.5,0.25,0.25,0.0,5.117053049251805,14.491093820314557,4.69788417891715,4.7791132864611345,2.6458935252974776,0.9967145513416706,0.7780345106687936,0.07784240806077365,7.290717122298988
500,0.5,0.25,0.25,0.1,5.119886027835374,13.78727198141306,4.69788417891715,4.7791132864611345,2.6758045742793044,0.9966915427785696,0.7780345106687936,0.0827691427481644,7.187976825047333
500,0.5,0.25,0.25,0.25,5.114625251476011,13.80311733115207,4.69788417891715,4.7791132864611345,2.721279865332594,0.9966539702376719,0.7780345106687936,0.0827691427481644,7.185092851148822
500,0.5,0.25,0.5,0.0,5.0232840164052535,14.491093820314557,4.69788417891715,4.7791132864611345,2.730157232804181,0.9966706251992803,0.7780345106687936,0.07784240806077365,7.196948089452437
500,0.5,0.25,0.5,0.1,5.026006999458475,13.78727198141306,4.69788417891715,4.7791132864611345,2.7600682817860074,0.9966463742651751,0.7780345106687936,0.0827691427481644,7.094097796670434
500,0.5,0.25,0.5,0.25,5.021146400113557,13.80311733115207,4.69788417891715,4.7791132864611345,2.8055435728392975,0.9966069421038811,0.7780345106687936,0.0827691427481644,7.091613999786368
500,0.5,0.25,0.75,0.0,5.0232840164052535,14.491093820314557,4.69788417891715,4.7791132864611345,2.816278405336245,0.9966119360397973,0.7780345106687936,0.07784240806077365,7.196948089452437
500,0.5,0.25,0.75,0.1,5.026006999458475,13.78727198141306,4.69788417891715,4.7791132864611345,2.84618945431806,0.9965864004374559,0.7780345106687936,0.0827691427481644,7.094097796670434
500,0.5,0.25,0.75,0.25,5.021146400113557,13.80311733115207,4.69788417891715,4.7791132864611345,2.89166474537135,0.9965450421647585,0.7780345106687936,0.0827691427481644,7.091613999786368
500,0.5,0.5,0.0,0.0,5.117053049251805,14.491093820314557,4.69788417891715,4.7791132864611345,2.7670213418068212,0.9966577380264441,0.7780345106687936,0.07069069641778711,7.290717122298988
500,0.5,0.5,0.0,0.1,5.119886027835374,13.78727198141306,4.69788417891715,4.7791132864611345,2.7969323907886596,0.9966344053015854,0.7780345106687936,0.07561743110517784,7.187976825047333
500,0.5,0.5,0.0,0.25,5.114625251476011,13.80311733115207,4.69788417891715,4.7791132864611345,2.8424076818419377,0.9965962889492677,0.7780345106687936,0.07561743110517784,7.185092851148822
500,0.5,0.5,0.1,0.0,5.117053049251805,14.491093820314557,4.69788417891715,4.7791132864611345,2.8004983901231215,0.9966410462160135,0.7780345106687936,0.07784240806077365,7.290717122298988
500,0.5,0.5,0.1,0.1,5.119886027835374,13.78727198141306,4.69788417891715,4.7791132864611345,2.8304094391049364,0.9966172187192565,0.7780345106687936,0.0827691427481644,7.187976825047333
500,0.5,0.5,0.1,0.25,5.114625251476011,13.80311733115207,4.69788417891715,4.7791132864611345,2.875884730158226,0.9965783633174016,0.7780345106687936,0.0827691427481644,7.185092851148822
500,0.5,0.5,0.25,0.0,5.117053049251805,14.491093820314557,4.69788417891715,4.7791132864611345,2.85071396259756,0.9966144932226866,0.7780345106687936,0.07784240806077365,7.290717122298988
500,0.5,0.5,0.25,0.1,5.119886027835374,13.78727198141306,4.69788417891715,4.7791132864611345,2.8806250115793746,0.9965899248806944,0.7780345106687936,0.0827691427481644,7.187976825047333
500,0.5,0.5,0.25,0.25,5.114625251476011,13.80311733115207,4.69788417891715,4.7791132864611345,2.9261003026326646,0.9965499629123192,0.7780345106687936,0.0827691427481644,7.185092851148822
500,0.5,0.5,0.5,0.0,5.0232840164052535,14.491093820314557,4.69788417891715,4.7791132864611345,2.9349776701042516,0.9965651571234057,0.7780345106687936,0.07784240806077365,7.196948089452437
500,0.5,0.5,0.5,0.1,5.026006999458475,13.78727198141306,4.69788417891715,4.7791132864611345,2.964888719086078,0.9965393508010312,0.7780345106687936,0.0827691427481644,7.094097796670434
500,0.5,0.5,0.5,0.25,5.021146400113557,13.80311733115207,4.69788417891715,4.7791132864611345,3.010364010139368,0.9964975359897704,0.7780345106687936,0.0827691427481644,7.091613999786368
500,0.5,0.5,0.75,0.0,5.0232840164052535,14.491093820314557,4.69788417891715,4.7791132864611345,3.0210988426363157,0.9965007888610267,0.7780345106687936,0.07784240806077365,7.196948089452437
500,0.5,0.5,0.75,0.1,5.026006999458475,13.78727198141306,4.69788417891715,4.7791132864611345,3.0510098916181305,0.9964737025629582,0.7780345106687936,0.0827691427481644,7.094097796670434
500,0.5,0.5,0.75,0.25,5.021146400113557,13.80311733115207,4.69788417891715,4.7791132864611345,3.0964851826714206,0.9964299688824948,0.7780345106687936,0.0827691427481644,7.091613999786368
500,0.5,0.75,0.0,0.0,5.117053049251805,14.491093820314557,4.69788417891715,4.7791132864611345,2.974813587887908,0.9965266890106675,0.7780345106687936,0.07069069641778711,7.290717122298988
500,0.5,0.75,0.0,0.1,5.119886027835374,13.78727198141306,4.69788417891715,4.7791132864611345,3.004724636869758,0.9965017758567033,0.7780345106687936,0.07561743110517784,7.187976825047333
500,0.5,0.75,0.0,0.25,5.114625251476011,13.80311733115207,4.69788417891715,4.7791132864611345,3.050199927923036,0.9964612223716067,0.7780345106687936,0.07561743110517784,7.185092851148822
500,0.5,0.75,0.1,0.0,5.117053049251805,14.491093820314557,4.69788417891715,4.7791132864611345,3.0082906362042197,0.9965077566731624,0.7780345106687936,0.07784240806077365,7.290717122298988
500,0.5,0.75,0.1,0.1,5.119886027835374,13.78727198141306,4.69788417891715,4.7791132864611345,3.0382016851860345,0.9964823506045468,0.7780345106687936,0.0827691427481644,7.187976825047333
500,0.5,0.75,0.1,0.25,5.114625251476011,13.80311733115207,4.69788417891715,4.7791132864611345,3.0836769762393246,0.996441060938559,0.7780345106687936,0.0827691427481644,7.185092851148822
500,0.5,0.75,0.25,0.0,5.117053049251805,14.491093820314557,4.69788417891715,4.7791132864611345,3.0585062086786463,0.9964778461961059,0.7780345106687936,0.07784240806077365,7.290717122298988
500,0.5,0.75,0.25,0.1,5.119886027835374,13.78727198141306,4.69788417891715,4.7791132864611345,3.088417257660473,0.996451702085007,0.7780345106687936,0.0827691427481644,7.187976825047333
500,0.5,0.75,0.25,0.25,5.114625251476011,13.80311733115207,4.69788417891715,4.7791132864611345,3.1338925487137512,0.9964093101808551,0.7780345106687936,0.0827691427481644,7.185092851148822
500,0.5,0.75,0.5,0.0,5.0232840164052535,14.491093820314557,4.69788417891715,4.7791132864611345,3.1427699161853377,0.9964229234927229,0.7780345106687936,0.07784240806077365,7.196948089452437
500,0.5,0.75,0.5,0.1,5.026006999458475,13.78727198141306,4.69788417891715,4.7791132864611345,3.172680965167164,0.9963955461547226,0.7780345106687936,0.0827691427481644,7.094097796670434
500,0.5,0.75,0.5,0.25,5.021146400113557,13.80311733115207,4.69788417891715,4.7791132864611345,3.218156256220454,0.9963513087487105,0.7780345106687936,0.0827691427481644,7.091613999786368
500,0.5,0.75,0.75,0.0,5.0232840164052535,14.491093820314557,4.69788417891715,4.7791132864611345,3.2288910887174143,0.9963526006861572,0.7780345106687936,0.07784240806077365,7.196948089452437
500,0.5,0.75,0.75,0.1,5.026006999458475,13.78727198141306,4.69788417891715,4.7791132864611345,3.2588021376992287,0.9963239484913177,0.7780345106687936,0.0827691427481644,7.12050420976812
500,0.5,0.75,0.75,0.25,5.021146400113557,13.80311733115207,4.69788417891715,4.7791132864611345,3.3042774287525187,0.9962778001212172,0.7780345106687936,0.0827691427481644,7.254446286043924
500,0.5,1.0,0.0,0.0,4.878913744130393,14.491093820314557,4.69788417891715,4.7791132864611345,3.1847337496922767,0.9963590206153536,0.7780345106687936,0.07069069641778711,7.052577817177577
500,0.5,1.0,0.0,0.1,4.881746722713962,13.78727198141306,4.69788417891715,4.7791132864611345,3.2146447986740916,0.9963325190066273,0.7780345106687936,0.07561743110517784,6.9498375199259215
500,0.5,1.0,0.0,0.25,4.876485946354599,13.80311733115207,4.69788417891715,4.7791132864611345,3.260120089727393,0.9962895086865141,0.7780345106687936,0.07561743110517784,6.977313815209588
500,0.5,1.0,0.1,0.0,4.878913744130393,14.491093820314557,4.69788417891715,4.7791132864611345,3.218210798008565,0.9963377985632068,0.7780345106687936,0.07784240806077365,7.052577817177577
500,0.5,1.0,0.1,0.1,4.881746722713962,13.78727198141306,4.69788417891715,4.7791132864611345,3.2481218469904034,0.9963108060084573,0.7780345106687936,0.0827691427481644,6.9498375199259215
500,0.5,1.0,0.1,0.25,4.876485946354599,13.80311733115207,4.69788417891715,4.7791132864611345,3.2935971380436935,0.9962670625475036,0.7780345106687936,0.0827691427481644,7.077744960158489
500,0.5,1.0,0.25,0.0,4.878913744130393,14.491093820314557,4.69788417891715,4.7791132864611345,3.2684263704830157,0.9963044571201586,0.7780345106687936,0.07784240806077365,7.1078569286266235
500,0.5,1.0,0.25,0.1,4.881746722713962,13.78727198141306,4.69788417891715,4.7791132864611345,3.298337419464842,0.9962767294927336,0.7780345106687936,0.0827691427481644,7.094849778320448
500,0.5,1.0,0.25,0.25,4.876485946354599,13.80311733115207,4.69788417891715,4.7791132864611345,3.34381271051812,0.9962318883790721,0.7780345106687936,0.0827691427481644,7.228391677581769
500,0.5,1.0,0.5,0.0,4.7851447112838414,14.491093820314557,4.69788417891715,4.7791132864611345,3.3526900779897066,0.9962438251901522,0.7780345106687936,0.07784240806077365,7.266879018300145
500,0.5,1.0,0.5,0.1,4.787867694337063,13.78727198141306,4.69788417891715,4.7791132864611345,3.3826011269715335,0.9962148693693906,0.7780345106687936,0.0827691427481644,7.253761872463622
500,0.5,1.0,0.5,0.25,4.783007094992145,13.80311733115207,4.69788417891715,4.7791132864611345,3.428076418024823,0.9961681905265912,0.7780345106687936,0.0827691427481644,7.387703948739425
500,0.5,1.0,0.75,0.0,4.7851447112838414,14.491093820314557,4.69788417891715,4.7791132864611345,3.438811250521771,0.9961673440008949,0.7780345106687936,0.07784240806077365,7.5252425358963375
500,0.5,1.0,0.75,0.1,4.787867694337063,13.78727198141306,4.69788417891715,4.7791132864611345,3.468722299503598,0.996137118775159,0.7780345106687936,0.0827691427481644,7.512125390059815
500,0.5,1.0,0.75,0.25,4.783007094992145,13.80311733115207,4.69788417891715,4.7791132864611345,3.5141975905568756,0.9960885373875876,0.7780345106687936,0.0827691427481644,7.646067466335582
500,0.75,0.0,0.0,0.0,5.117053049251805,14.491093820314557,4.69788417891715,4.7791132864611345,2.3978402958919394,0.9968098461281667,0.7780345106687936,0.04453132449699628,7.290717122298988
500,0.75,0.0,0.0,0.1,5.119886027835374,13.78727198141306,4.69788417891715,4.7791132864611345,2.427751344873766,0.996789421871535,0.7780345106687936,0.04945805918438702,7.187976825047333
500,0.75,0.0,0.0,0.25,5.114625251476011,13.80311733115207,4.69788417891715,4.7791132864611345,2.473226635927056,0.9967557724774734,0.7780345106687936,0.04945805918438702,7.185092851148822
500,0.75,0.0,0.1,0.0,5.117053049251805,14.491093820314557,4.69788417891715,4.7791132864611345,2.4313173442082516,0.9967971823561325,0.7780345106687936,0.05168303613998283,7.290717122298988
500,0.75,0.0,0.1,0.1,5.119886027835374,13.78727198141306,4.69788417891715,4.7791132864611345,2.461228393190066,0.9967762601657358,0.7780345106687936,0.056609770827373576,7.187976825047333
500,0.75,0.0,0.1,0.25,5.114625251476011,13.80311733115207,4.69788417891715,4.7791132864611345,2.506703684243344,0.9967418668362715,0.7780345106687936,0.056609770827373576,7.185092851148822
500,0.75,0.0,0.25,0.0,5.117053049251805,14.491093820314557,4.69788417891715,4.7791132864611345,2.4815329166826783,0.9967766660391579,0.7780345106687936,0.05168303613998283,7.290717122298988
500,0.75,0.0,0.25,0.1,5.119886027835374,13.78727198141306,4.69788417891715,4.7791132864611345,2.5114439656644927,0.9967549982294303,0.7780345106687936,0.056609770827373576,7.187976825047333
500,0.75,0.0,0.25,0.25,5.114625251476011,13.80311733115207,4.69788417891715,4.7791132864611345,2.5569192567177828,0.9967194909576502,0.7780345106687936,0.056609770827373576,7.185092851148822
500,0.75,0.0,0.5,0.0,5.046717222225114,14.491093820314557,4.69788417891715,4.7791132864611345,2.5657966241893697,0.9967373816937962,0.7780345106687936,0.05168303613998283,7.220381295272297
500,0.75,0.0,0.5,0.1,5.046717222225114,13.78727198141306,4.69788417891715,4.7791132864611345,2.595707673171196,0.9967144677946759,0.7780345106687936,0.056609770827373576,7.114808019437072
500,0.75,0.0,0.5,0.25,5.046717222225114,13.80311733115207,4.69788417891715,4.7791132864611345,2.641182964224474,0.996677095153324,0.7780345106687936,0.056609770827373576,7.117184821897924
500,0.75,0.0,0.75,0.0,5.046717222225114,14.491093820314557,4.69788417891715,4.7791132864611345,2.651917796721434,0.996683537103207,0.7780345106687936,0.05168303613998283,7.220381295272297
500,0.75,0.0,0.75,0.1,5.046717222225114,13.78727198141306,4.69788417891715,4.7791132864611345,2.6818288457032606,0.996659334574828,0.7780345106687936,0.056609770827373576,7.114808019437072
500,0.75,0.0,0.75,0.25,5.046717222225114,13.80311733115207,4.69788417891715,4.7791132864611345,2.7273041367565503,0.9966200296988018,0.7780345106687936,0.056609770827373576,7.117184821897924
500,0.75,0.25,0.0,0.0,5.117053049251805,14.491093820314557,4.69788417891715,4.7791132864611345,2.601586077054124,0.9967363974550051,0.7780345106687936,0.07069069641778711,7.290717122298988
500,0.75,0.25,0.0,0.1,5.119886027835374,13.78727198141306,4.69788417891715,4.7791132864611345,2.6314971260359505,0.9967143802981626,0.7780345106687936,0.07561743110517784,7.187976825047333
500,0.75,0.25,0.0,0.25,5.114625251476011,13.80311733115207,4.69788417891715,4.7791132864611345,2.6769724170892406,0.9966782903656788,0.7780345106687936,0.07561743110517784,7.185092851148822
500,0.75,0.25,0.1,0.0,5.117053049251805,14.491093820314557,4.69788417891715,4.7791132864611345,2.6350631253704244,0.9967215692021008,0.7780345106687936,0.07784240806077365,7.290717122298988
500,0.75,0.25,0.1,0.1,5.119886027835374,13.78727198141306,4.69788417891715,4.7791132864611345,2.664974174352239,0.9966990557442705,0.7780345106687936,0.0827691427481644,7.187976825047333
500,0.75,0.25,0.1,0.25,5.114625251476011,13.80311733115207,4.69788417891715,4.7791132864611345,2.7104494654055404,0.9966622244012053,0.7780345106687936,0.0827691427481644,7.185092851148822
500,0.75,0.25,0.25,0.0,5.117053049251805,14.491093820314557,4.69788417891715,4.7791132864611345,2.685278697844851,0.9966978088328998,0.7780345106687936,0.07784240806077365,7.290717122298988
500,0.75,0.25,0.25,0.1,5.119886027835374,13.78727198141306,4.69788417891715,4.7791132864611345,2.7151897468266775,0.9966745522221203,0.7780345106687936,0.0827691427481644,7.187976825047333
500,0.75,0.25,0.25,0.25,5.114625251476011,13.80311733115207,4.69788417891715,4.7791132864611345,2.7606650378799555,0.9966366107498261,0.7780345106687936,0.0827691427481644,7.185092851148822
500,0.75,0.25,0.5,0.0,5.0232840164052535,14.491093820314557,4.69788417891715,4.7791132864611345,2.769542405351554,0.9966531226989336,0.7780345106687936,0.07784240806077365,7.196948089452437
500,0.75,0.25,0.5,0.1,5.026006999458475,13.78727198141306,4.69788417891715,4.7791132864611345,2.7994534543333804,0.9966286241916337,0.7780345106687936,0.0827691427481644,7.094097796670434
500,0.75,0.25,0.5,0.25,5.021146400113557,13.80311733115207,4.69788417891715,4.7791132864611345,2.8449287453866585,0.9965888238305161,0.7780345106687936,0.0827691427481644,7.091613999786368
500,0.75,0.25,0.75,0.0,5.0232840164052535,14.491093820314557,4.69788417891715,4.7791132864611345,2.8556635778836186,0.9965936031898078,0.7780345106687936,0.07784240806077365,7.196948089452437
500,0.75,0.25,0.75,0.1,5.026006999458475,13.78727198141306,4.69788417891715,4.7791132864611345,2.885574626865433,0.9965678205435711,0.7780345106687936,0.0827691427481644,7.094097796670434
500,0.75,0.25,0.75,0.25,5.021146400113557,13.80311733115207,4.69788417891715,4.7791132864611345,2.931049917918723,0.9965260948861929,0.7780345106687936,0.0827691427481644,7.091613999786368
500,0.75,0.5,0.0,0.0,5.117053049251805,14.491093820314557,4.69788417891715,4.7791132864611345,2.8064065143541947,0.9966360714518556,0.7780345106687936,0.07069069641778711,7.290717122298988
500,0.75,0.5,0.0,0.1,5.119886027835374,13.78727198141306,4.69788417891715,4.7791132864611345,2.836317563336021,0.9966124930072555,0.7780345106687936,0.07561743110517784,7.187976825047333
500,0.75,0.5,0.0,0.25,5.114625251476011,13.80311733115207,4.69788417891715,4.7791132864611345,2.881792854389311,0.9965740113337921,0.7780345106687936,0.07561743110517784,7.185092851148822
500,0.75,0.5,0.1,0.0,5.117053049251805,14.491093820314557,4.69788417891715,4.7791132864611345,2.839883562670483,0.9966190762241233,0.7780345106687936,0.07784240806077365,7.290717122298988
500,0.75,0.5,0.1,0.1,5.119886027835374,13.78727198141306,4.69788417891715,4.7791132864611345,2.8697946116523094,0.9965950032016546,0.7780345106687936,0.0827691427481644,7.187976825047333
500,0.75,0.5,0.1,0.25,5.114625251476011,13.80311733115207,4.69788417891715,4.7791132864611345,2.915269902705611,0.9965557827777568,0.7780345106687936,0.0827691427481644,7.185092851148822
500,0.75,0.5,0.25,0.0,5.117053049251805,14.491093820314557,4.69788417891715,4.7791132864611345,2.8900991351449212,0.9965920683495464,0.7780345106687936,0.07784240806077365,7.290717122298988
500,0.75,0.5,0.25,0.1,5.119886027835374,13.78727198141306,4.69788417891715,4.7791132864611345,2.920010184126748,0.996567254775573,0.7780345106687936,0.0827691427481644,7.187976825047333
500,0.75,0.5,0.25,0.25,5.114625251476011,13.80311733115207,4.69788417891715,4.7791132864611345,2.9654854751800377,0.9965269282378012,0.7780345106687936,0.0827691427481644,7.185092851148822
500,0.75,0.5,0.5,0.0,5.0232840164052535,14.491093820314557,4.69788417891715,4.7791132864611345,2.9743628426516127,0.9965419765492417,0.7780345106687936,0.07784240806077365,7.196948089452437
500,0.75,0.5,0.5,0.1,5.026006999458475,13.78727198141306,4.69788417891715,4.7791132864611345,3.0042738916334395,0.9965159254955066,0.7780345106687936,0.0827691427481644,7.094097796670434
500,0.75,0.5,0.5,0.25,5.021146400113557,13.80311733115207,4.69788417891715,4.7791132864611345,3.049749182686729,0.9964737468854392,0.7780345106687936,0.0827691427481644,7.091613999786368
500,0.75,0.5,0.75,0.0,5.0232840164052535,14.491093820314557,4.69788417891715,4.7791132864611345,3.060484015183689,0.9964767826539019,0.7780345106687936,0.07784240806077365,7.196948089452437
500,0.75,0.5,0.75,0.1,5.026006999458475,13.78727198141306,4.69788417891715,4.7791132864611345,3.0903950641655036,0.996449452180878,0.7780345106687936,0.0827691427481644,7.094097796670434
500,0.75,0.5,0.75,0.25,5.021146400113557,13.80311733115207,4.69788417891715,4.7791132864611345,3.1358703552187936,0.9964053555572734,0.7780345106687936,0.0827691427481644,7.091613999786368
500,0.75,0.75,0.0,0.0,5.117053049251805,14.491093820314557,4.69788417891715,4.7791132864611345,3.014198760435293,0.9964992591953663,0.7780345106687936,0.07069069641778711,7.290717122298988
500,0.75,0.75,0.0,0.1,5.119886027835374,13.78727198141306,4.69788417891715,4.7791132864611345,3.0441098094171077,0.996474103241867,0.7780345106687936,0.07561743110517784,7.187976825047333
500,0.75,0.75,0.0,0.25,5.114625251476011,13.80311733115207,4.69788417891715,4.7791132864611345,3.0895851004704094,0.9964331889569126,0.7780345106687936,0.07561743110517784,7.185092851148822
500,0.75,0.75,0.1,0.0,5.117053049251805,14.491093820314557,4.69788417891715,4.7791132864611345,3.047675808751569,0.9964800251963001,0.7780345106687936,0.07784240806077365,7.290717122298988
500,0.75,0.75,0.1,0.1,5.119886027835374,13.78727198141306,4.69788417891715,4.7791132864611345,3.0775868577334076,0.9964543765327487,0.7780345106687936,0.0827691427481644,7.187976825047333
500,0.75,0.75,0.1,0.25,5.114625251476011,13.80311733115207,4.69788417891715,4.7791132864611345,3.1230621487866856,0.9964127263817727,0.7780345106687936,0.0827691427481644,7.185092851148822
500,0.75,0.75,0.25,0.0,5.117053049251805,14.491093820314557,4.69788417891715,4.7791132864611345,3.097891381226008,0.9964496625043755,0.7780345106687936,0.07784240806077365,7.290717122298988
500,0.75,0.75,0.25,0.1,5.119886027835374,13.78727198141306,4.69788417891715,4.7791132864611345,3.127802430207846,0.9964232761078679,0.7780345106687936,0.0827691427481644,7.187976825047333
500,0.75,0.75,0.25,0.25,5.114625251476011,13.80311733115207,4.69788417891715,4.7791132864611345,3.1732777212611243,0.9963805241949292,0.7780345106687936,0.0827691427481644,7.185092851148822
500,0.75,0.75,0.5,0.0,5.0232840164052535,14.491093820314557,4.69788417891715,4.7791132864611345,3.182155088732723,0.9963939887508076,0.7780345106687936,0.07784240806077365,7.196948089452437
500,0.75,0.75,0.5,0.1,5.026006999458475,13.78727198141306,4.69788417891715,4.7791132864611345,3.2120661377145376,0.9963663696542112,0.7780345106687936,0.0827691427481644,7.094097796670434
500,0.75,0.75,0.5,0.25,5.021146400113557,13.80311733115207,4.69788417891715,4.7791132864611345,3.2575414287678393,0.9963217730491319,0.7780345106687936,0.0827691427481644,7.114238286089886
500,0.75,0.75,0.75,0.0,5.0232840164052535,14.491093820314557,4.69788417891715,4.7791132864611345,3.2682762612647753,0.9963228454108141,0.7780345106687936,0.07784240806077365,7.251776873246763
500,0.75,0.75,0.75,0.1,5.026006999458475,13.78727198141306,4.69788417891715,4.7791132864611345,3.2981873102466017,0.996293952041007,0.7780345106687936,0.0827691427481644,7.238659727410239
500,0.75,0.75,0.75,0.25,5.021146400113557,13.80311733115207,4.69788417891715,4.7791132864611345,3.343662601299892,0.9962474453682223,0.7780345106687936,0.0827691427481644,7.3726018036860435
500,0.75,1.0,0.0,0.0,4.878913744130393,14.491093820314557,4.69788417891715,4.7791132864611345,3.224118922239662,0.9963257809910475,0.7780345106687936,0.07069069641778711,7.052577817177577
500,0.75,1.0,0.0,0.1,4.881746722713962,13.78727198141306,4.69788417891715,4.7791132864611345,3.2540299712214766,0.9962990396104049,0.7780345106687936,0.07561743110517784,6.961927433590351
500,0.75,1.0,0.0,0.25,4.876485946354599,13.80311733115207,4.69788417891715,4.7791132864611345,3.2995052622747663,0.9962556731756259,0.7780345106687936,0.07561743110517784,7.0954693328517076
500,0.75,1.0,0.1,0.0,4.878913744130393,14.491093820314557,4.69788417891715,4.7791132864611345,3.25759597055595,0.9963042591600946,0.7780345106687936,0.07784240806077365,7.075365728845426
500,0.75,1.0,0.1,0.1,4.881746722713962,13.78727198141306,4.69788417891715,4.7791132864611345,3.287507019537765,0.9962770270485602,0.7780345106687936,0.0827691427481644,7.062358578539216
500,0.75,1.0,0.1,0.25,4.876485946354599,13.80311733115207,4.69788417891715,4.7791132864611345,3.332982310591055,0.9962329278035231,0.7780345106687936,0.0827691427481644,7.195900477800574
500,0.75,1.0,0.25,0.0,4.878913744130393,14.491093820314557,4.69788417891715,4.7791132864611345,3.3078115430303887,0.9962704683592334,0.7780345106687936,0.07784240806077365,7.226012446268743
500,0.75,1.0,0.25,0.1,4.881746722713962,13.78727198141306,4.69788417891715,4.7791132864611345,3.3377225920122036,0.9962425015002913,0.7780345106687936,0.0827691427481644,7.213005295962532
500,0.75,1.0,0.25,0.25,4.876485946354599,13.80311733115207,4.69788417891715,4.7791132864611345,3.383197883065493,0.9961973051022246,0.7780345106687936,0.0827691427481644,7.346547195223888
500,0.75,1.0,0.5,0.0,4.7851447112838414,14.491093820314557,4.69788417891715,4.7791132864611345,3.39207525053708,0.9962090903487658,0.7780345106687936,0.07784240806077365,7.385034535942265
500,0.75,1.0,0.5,0.1,4.787867694337063,13.78727198141306,4.69788417891715,4.7791132864611345,3.4219862995189065,0.9961798958493998,0.7780345106687936,0.0827691427481644,7.371917390105741
500,0.75,1.0,0.5,0.25,4.783007094992145,13.80311733115207,4.69788417891715,4.7791132864611345,3.4674615905721846,0.9961328625708954,0.7780345106687936,0.0827691427481644,7.505859466381509
500,0.75,1.0,0.75,0.0,4.7851447112838414,14.491093820314557,4.69788417891715,4.7791132864611345,3.478196423069156,0.9961317940675324,0.7780345106687936,0.07784240806077365,7.643398053538493
500,0.75,1.0,0.75,0.1,4.787867694337063,13.78727198141306,4.69788417891715,4.7791132864611345,3.508107472050971,0.9961013307739824,0.7780345106687936,0.0827691427481644,7.630280907701934
500,0.75,1.0,0.75,0.25,4.783007094992145,13.80311733115207,4.69788417891715,4.7791132864611345,3.5535827631042607,0.9960523958877154,0.7780345106687936,0.0827691427481644,7.764222983977737
500,1.0,0.0,0.0,0.0,5.117053049251805,14.491093820314557,4.69788417891715,4.7791132864611345,2.4374898380761616,0.9967969391500391,0.7780345106687936,0.04453132449699628,7.290717122298988
500,1.0,0.0,0.0,0.1,5.119886027835374,13.78727198141306,4.69788417891715,4.7791132864611345,2.4674008870579764,0.9967762660037902,0.7780345106687936,0.04945805918438702,7.187976825047333
500,1.0,0.0,0.0,0.25,5.114625251476011,13.80311733115207,4.69788417891715,4.7791132864611345,2.512876178111266,0.9967422463530982,0.7780345106687936,0.04945805918438702,7.185092851148822
500,1.0,0.0,0.1,0.0,5.117053049251805,14.491093820314557,4.69788417891715,4.7791132864611345,2.470966886392438,0.9967839706419062,0.7780345106687936,0.05168303613998283,7.290717122298988
500,1.0,0.0,0.1,0.1,5.119886027835374,13.78727198141306,4.69788417891715,4.7791132864611345,2.5008779353742647,0.99676279973649,0.7780345106687936,0.056609770827373576,7.187976825047333
500,1.0,0.0,0.1,0.25,5.114625251476011,13.80311733115207,4.69788417891715,4.7791132864611345,2.5463532264275544,0.9967280364204368,0.7780345106687936,0.056609770827373576,7.185092851148822
500,1.0,0.0,0.25,0.0,5.117053049251805,14.491093820314557,4.69788417891715,4.7791132864611345,2.5211824588668765,0.996762997407979,0.7780345106687936,0.05168303613998283,7.290717122298988
500,1.0,0.0,0.25,0.1,5.119886027835374,13.78727198141306,4.69788417891715,4.7791132864611345,2.5510935078486914,0.9967410811478915,0.7780345106687936,0.056609770827373576,7.187976825047333
500,1.0,0.0,0.25,0.25,5.114625251476011,13.80311733115207,4.69788417891715,4.7791132864611345,2.596568798901981,0.9967052042987008,0.7780345106687936,0.056609770827373576,7.185092851148822
500,1.0,0.0,0.5,0.0,5.0232840164052535,14.491093820314557,4.69788417891715,4.7791132864611345,2.6054461663735795,0.9967229536594254,0.7780345106687936,0.05168303613998283,7.196948089452437
500,1.0,0.0,0.5,0.1,5.026006999458475,13.78727198141306,4.69788417891715,4.7791132864611345,2.6353572153554063,0.9966997917622344,0.7780345106687936,0.056609770827373576,7.094097796670434
500,1.0,0.0,0.5,0.25,5.021146400113557,13.80311733115207,4.69788417891715,4.7791132864611345,2.680832506408696,0.9966620502417048,0.7780345106687936,0.056609770827373576,7.091613999786368
500,1.0,0.0,0.75,0.0,5.0232840164052535,14.491093820314557,4.69788417891715,4.7791132864611345,2.691567338905644,0.9966682791812527,0.7780345106687936,0.05168303613998283,7.196948089452437
500,1.0,0.0,0.75,0.1,5.026006999458475,13.78727198141306,4.69788417891715,4.7791132864611345,2.721478387887459,0.996643829160969,0.7780345106687936,0.056609770827373576,7.094097796670434
500,1.0,0.0,0.75,0.25,5.021146400113557,13.80311733115207,4.69788417891715,4.7791132864611345,2.7669536789407605,0.9966041561861152,0.7780345106687936,0.056609770827373576,7.091613999786368
500,1.0,0.25,0.0,0.0,5.117053049251805,14.491093820314557,4.69788417891715,4.7791132864611345,2.6412356192383344,0.9967177289352326,0.7780345106687936,0.07069069641778711,7.290717122298988
500,1.0,0.25,0.0,0.1,5.119886027835374,13.78727198141306,4.69788417891715,4.7791132864611345,2.6711466682201728,0.9966954656383527,0.7780345106687936,0.07561743110517784,7.187976825047333
500,1.0,0.25,0.0,0.25,5.114625251476011,13.80311733115207,4.69788417891715,4.7791132864611345,2.716621959273451,0.9966590097130795,0.7780345106687936,0.07561743110517784,7.185092851148822
500,1.0,0.25,0.1,0.0,5.117053049251805,14.491093820314557,4.69788417891715,4.7791132864611345,2.6747126675546347,0.9967025974827921,0.7780345106687936,0.07784240806077365,7.290717122298988
500,1.0,0.25,0.1,0.1,5.119886027835374,13.78727198141306,4.69788417891715,4.7791132864611345,2.704623716536449,0.9966798380702714,0.7780345106687936,0.0827691427481644,7.187976825047333
500,1.0,0.25,0.1,0.25,5.114625251476011,13.80311733115207,4.69788417891715,4.7791132864611345,2.7500990075897507,0.9966426410205013,0.7780345106687936,0.0827691427481644,7.185092851148822
500,1.0,0.25,0.25,0.0,5.117053049251805,14.491093820314557,4.69788417891715,4.7791132864611345,2.724928240029061,0.9966783825343138,0.7780345106687936,0.07784240806077365,7.290717122298988
500,1.0,0.25,0.25,0.1,5.119886027835374,13.78727198141306,4.69788417891715,4.7791132864611345,2.7548392890108757,0.9966548802495853,0.7780345106687936,0.0827691427481644,7.187976825047333
500,1.0,0.25,0.25,0.25,5.114625251476011,13.80311733115207,4.69788417891715,4.7791132864611345,2.800314580064166,0.9966165735037396,0.7780345106687936,0.0827691427481644,7.185092851148822
500,1.0,0.25,0.5,0.0,5.0232840164052535,14.491093820314557,4.69788417891715,4.7791132864611345,2.8091919475357643,0.9966329411005808,0.7780345106687936,0.07784240806077365,7.196948089452437
500,1.0,0.25,0.5,0.1,5.026006999458475,13.78727198141306,4.69788417891715,4.7791132864611345,2.839102996517579,0.9966081973983036,0.7780345106687936,0.0827691427481644,7.094097796670434
500,1.0,0.25,0.5,0.25,5.021146400113557,13.80311733115207,4.69788417891715,4.7791132864611345,2.8845782875708688,0.9965680325017225,0.7780345106687936,0.0827691427481644,7.091613999786368
500,1.0,0.25,0.75,0.0,5.0232840164052535,14.491093820314557,4.69788417891715,4.7791132864611345,2.895313120067829,0.9965725962223888,0.7780345106687936,0.07784240806077365,7.196948089452437
500,1.0,0.25,0.75,0.1,5.026006999458475,13.78727198141306,4.69788417891715,4.7791132864611345,2.925224169049643,0.9965465689150333,0.7780345106687936,0.0827691427481644,7.094097796670434
500,1.0,0.25,0.75,0.25,5.021146400113557,13.80311733115207,4.69788417891715,4.7791132864611345,2.9706994601029333,0.9965044795439552,0.7780345106687936,0.0827691427481644,7.091613999786368
500,1.0,0.5,0.0,0.0,5.117053049251805,14.491093820314557,4.69788417891715,4.7791132864611345,2.846056056538405,0.9966116301986456,0.7780345106687936,0.07069069641778711,7.290717122298988
500,1.0,0.5,0.0,0.1,5.119886027835374,13.78727198141306,4.69788417891715,4.7791132864611345,2.8759671055202434,0.9965878084633342,0.7780345106687936,0.07561743110517784,7.187976825047333
500,1.0,0.5,0.0,0.25,5.114625251476011,13.80311733115207,4.69788417891715,4.7791132864611345,2.9214423965735214,0.9965489652119792,0.7780345106687936,0.07561743110517784,7.185092851148822
500,1.0,0.5,0.1,0.0,5.117053049251805,14.491093820314557,4.69788417891715,4.7791132864611345,2.879533104854705,0.9965943334319237,0.7780345106687936,0.07784240806077365,7.290717122298988
500,1.0,0.5,0.1,0.1,5.119886027835374,13.78727198141306,4.69788417891715,4.7791132864611345,2.9094441538365197,0.9965700173146992,0.7780345106687936,0.0827691427481644,7.187976825047333
500,1.0,0.5,0.1,0.25,5.114625251476011,13.80311733115207,4.69788417891715,4.7791132864611345,2.9549194448898213,0.996530435614801,0.7780345106687936,0.0827691427481644,7.185092851148822
500,1.0,0.5,0.25,0.0,5.117053049251805,14.491093820314557,4.69788417891715,4.7791132864611345,2.9297486773291315,0.996566873501587,0.7780345106687936,0.07784240806077365,7.290717122298988
500,1.0,0.5,0.25,0.1,5.119886027835374,13.78727198141306,4.69788417891715,4.7791132864611345,2.9596597263109583,0.9965418171294489,0.7780345106687936,0.0827691427481644,7.187976825047333
500,1.0,0.5,0.25,0.25,5.114625251476011,13.80311733115207,4.69788417891715,4.7791132864611345,3.005135017364248,0.9965011297724617,0.7780345106687936,0.0827691427481644,7.185092851148822
500,1.0,0.5,0.5,0.0,5.0232840164052535,14.491093820314557,4.69788417891715,4.7791132864611345,3.014012384835835,0.9965160308143928,0.7780345106687936,0.07784240806077365,7.196948089452437
500,1.0,0.5,0.5,0.1,5.026006999458475,13.78727198141306,4.69788417891715,4.7791132864611345,3.0439234338176497,0.9964897374677617,0.7780345106687936,0.0827691427481644,7.094097796670434
500,1.0,0.5,0.5,0.25,5.021146400113557,13.80311733115207,4.69788417891715,4.7791132864611345,3.0893987248709394,0.9964471988158233,0.7780345106687936,0.0827691427481644,7.091613999786368
500,1.0,0.5,0.75,0.0,5.0232840164052535,14.491093820314557,4.69788417891715,4.7791132864611345,3.1001335573678874,0.9964500163986398,0.7780345106687936,0.07784240806077365,7.196948089452437
500,1.0,0.5,0.75,0.1,5.026006999458475,13.78727198141306,4.69788417891715,4.7791132864611345,3.130044606349714,0.9964224441938461,0.7780345106687936,0.0827691427481644,7.094097796670434
500,1.0,0.5,0.75,0.25,5.021146400113557,13.80311733115207,4.69788417891715,4.7791132864611345,3.175519897403004,0.996377988390891,0.7780345106687936,0.0827691427481644,7.091613999786368
500,1.0,0.75,0.0,0.0,5.117053049251805,14.491093820314557,4.69788417891715,4.7791132864611345,3.053848302619503,0.9964689692697827,0.7780345106687936,0.07069069641778711,7.290717122298988
500,1.0,0.75,0.0,0.1,5.119886027835374,13.78727198141306,4.69788417891715,4.7791132864611345,3.0837593516013415,0.9964435730059772,0.7780345106687936,0.07561743110517784,7.187976825047333
500,1.0,0.75,0.0,0.25,5.114625251476011,13.80311733115207,4.69788417891715,4.7791132864611345,3.1292346426546196,0.9964023017570279,0.7780345106687936,0.07561743110517784,7.185092851148822
500,1.0,0.75,0.1,0.0,5.117053049251805,14.491093820314557,4.69788417891715,4.7791132864611345,3.0873253509358034,0.9964494355363733,0.7780345106687936,0.07784240806077365,7.290717122298988
500,1.0,0.75,0.1,0.1,5.119886027835374,13.78727198141306,4.69788417891715,4.7791132864611345,3.117236399917618,0.9964235467691003,0.7780345106687936,0.0827691427481644,7.187976825047333
500,1.0,0.75,0.1,0.25,5.114625251476011,13.80311733115207,4.69788417891715,4.7791132864611345,3.162711690970908,0.9963815399718748,0.7780345106687936,0.0827691427481644,7.185092851148822
500,1.0,0.75,0.25,0.0,5.117053049251805,14.491093820314557,4.69788417891715,4.7791132864611345,3.13754092341023,0.9964186235287186,0.7780345106687936,0.07784240806077365,7.290717122298988
500,1.0,0.75,0.25,0.1,5.119886027835374,13.78727198141306,4.69788417891715,4.7791132864611345,3.1674519723920564,0.996391997340967,0.7780345106687936,0.0827691427481644,7.187976825047333
500,1.0,0.75,0.25,0.25,5.114625251476011,13.80311733115207,4.69788417891715,4.7791132864611345,3.2129272634453345,0.996348889262256,0.7780345106687936,0.0827691427481644,7.185092851148822
500,1.0,0.75,0.5,0.0,5.0232840164052535,14.491093820314557,4.69788417891715,4.7791132864611345,3.221804630916921,0.9963622036643204,0.7780345106687936,0.07784240806077365,7.196948089452437
500,1.0,0.75,0.5,0.1,5.026006999458475,13.78727198141306,4.69788417891715,4.7791132864611345,3.251715679898748,0.996334345308099,0.7780345106687936,0.0827691427481644,7.099244836366678
500,1.0,0.75,0.5,0.25,5.021146400113557,13.80311733115207,4.69788417891715,4.7791132864611345,3.2971909709520495,0.9962893933539382,0.7780345106687936,0.0827691427481644,7.233186912642516
500,1.0,0.75,0.75,0.0,5.0232840164052535,14.491093820314557,4.69788417891715,4.7791132864611345,3.3079258034489856,0.9962902450389779,0.7780345106687936,0.07784240806077365,7.370725499799394
500,1.0,0.75,0.75,0.1,5.026006999458475,13.78727198141306,4.69788417891715,4.7791132864611345,3.337836852430824,0.9962611129980453,0.7780345106687936,0.0827691427481644,7.357608353962906
500,1.0,0.75,0.75,0.25,5.021146400113557,13.80311733115207,4.69788417891715,4.7791132864611345,3.383312143484102,0.9962142518796356,0.7780345106687936,0.0827691427481644,7.491550430238674
500,1.0,1.0,0.0,0.0,4.878913744130393,14.491093820314557,4.69788417891715,4.7791132864611345,3.26376846442386,0.9962895954424353,0.7780345106687936,0.07069069641778711,7.093883210449157
500,1.0,1.0,0.0,0.1,4.881746722713962,13.78727198141306,4.69788417891715,4.7791132864611345,3.293679513405687,0.9962626168401815,0.7780345106687936,0.07561743110517784,7.080876060142982
500,1.0,1.0,0.0,0.25,4.876485946354599,13.80311733115207,4.69788417891715,4.7791132864611345,3.3391548044589765,0.9962188982206095,0.7780345106687936,0.07561743110517784,7.214417959404338
500,1.0,1.0,0.1,0.0,4.878913744130393,14.491093820314557,4.69788417891715,4.7791132864611345,3.2972455127401488,0.9962677758102739,0.7780345106687936,0.07784240806077365,7.194314355398022
500,1.0,1.0,0.1,0.1,4.881746722713962,13.78727198141306,4.69788417891715,4.7791132864611345,3.327156561721975,0.99624030669431,0.7780345106687936,0.0827691427481644,7.181307205091847
500,1.0,1.0,0.1,0.25,4.876485946354599,13.80311733115207,4.69788417891715,4.7791132864611345,3.3726318527752768,0.9961958555980243,0.7780345106687936,0.0827691427481644,7.3148491043532395
500,1.0,1.0,0.25,0.0,4.878913744130393,14.491093820314557,4.69788417891715,4.7791132864611345,3.347461085214599,0.9962335386265917,0.7780345106687936,0.07784240806077365,7.3449610728213734
500,1.0,1.0,0.25,0.1,4.881746722713962,13.78727198141306,4.69788417891715,4.7791132864611345,3.377372134196414,0.9962053350915261,0.7780345106687936,0.0827691427481644,7.331953922515163
500,1.0,1.0,0.25,0.25,4.876485946354599,13.80311733115207,4.69788417891715,4.7791132864611345,3.4228474252496914,0.9961597873462924,0.7780345106687936,0.0827691427481644,7.465495821776483
500,1.0,1.0,0.5,0.0,4.7851447112838414,14.491093820314557,4.69788417891715,4.7791132864611345,3.4317247927212904,0.9961714196039103,0.7780345106687936,0.07784240806077365,7.503983162494896
500,1.0,1.0,0.5,0.1,4.787867694337063,13.78727198141306,4.69788417891715,4.7791132864611345,3.461635841703117,0.996141988986284,0.7780345106687936,0.0827691427481644,7.490866016658371
500,1.0,1.0,0.5,0.25,4.783007094992145,13.80311733115207,4.69788417891715,4.7791132864611345,3.507111132756407,0.9960946052164952,0.7780345106687936,0.0827691427481644,7.624808092934176
500,1.0,1.0,0.75,0.0,4.7851447112838414,14.491093820314557,4.69788417891715,4.7791132864611345,3.5178459652533545,0.996093313618694,0.7780345106687936,0.07784240806077365,7.762346680091088
500,1.0,1.0,0.75,0.1,4.787867694337063,13.78727198141306,4.69788417891715,4.7791132864611345,3.5477570142351693,0.9960626148226864,0.7780345106687936,0.0827691427481644,7.749229534254529
500,1.0,1.0,0.75,0.25,4.783007094992145,13.80311733115207,4.69788417891715,4.7791132864611345,3.5932323052884594,0.9960133303894184,0.7780345106687936,0.0827691427481644,7.883171610530333
560,0.0,0.0,0.0,0.0,7.077606846451506,23.180810640958654,7.077606846451506,7.361885309387298,0.14289152277239636,0.9999603694326141,0.049933396992591264,0.006507809371245494,10.554728442595303
560,0.0,0.0,0.0,0.1,7.077606846451506,23.180810640958654,7.077606846451506,7.361885309387298,0.18039535250034006,0.9999585336225404,0.049933396992591264,0.010812975570684821,10.554728442595303
560,0.0,0.0,0.0,0.25,7.077606846451506,23.180810640958654,7.077606846451506,7.361885309387298,0.23665109709227744,0.9999513028588227,0.049933396992591264,0.010812975570684821,10.554728442595303
560,0.0,0.0,0.1,0.0,7.077606846451506,16.779572702316017,7.077606846451506,7.361885309387298,0.2003775819505196,0.9999566996208378,0.049933396992591264,0.015468562274729676,9.594542751798908
560,0.0,0.0,0.1,0.1,7.077606846451506,16.779572702316017,7.077606846451506,7.361885309387298,0.23788141167846327,0.9999534327703498,0.049933396992591264,0.019773728474169004,9.594542751798908
560,0.0,0.0,0.1,0.25,7.077606846451506,16.779572702316017,7.077606846451506,7.361885309387298,0.2941371562704007,0.9999440646495381,0.049933396992591264,0.019773728474169004,9.594542751798908
560,0.0,0.0,0.25,0.0,7.077606846451506,16.461750187259877,7.077606846451506,7.361885309387298,0.28660667071770446,0.9999433148044736,0.049933396992591264,0.015468562274729676,9.546869374540487
560,0.0,0.0,0.25,0.1,7.077606846451506,16.461750187259877,7.077606846451506,7.361885309387298,0.32411050044564815,0.9999379137670545,0.049933396992591264,0.019773728474169004,9.546869374540487
560,0.0,0.0,0.25,0.25,7.077606846451506,16.461750187259877,7.077606846451506,7.361885309387298,0.38036624503756367,0.9999253582628397,0.049933396992591264,0.019773728474169004,9.546869374540487
560,0.0,0.0,0.5,0.0,7.077606846451506,18.55342954704964,7.077606846451506,7.361885309387298,0.4308416636449983,0.9998989669443931,0.049933396992591264,0.015468562274729676,9.860621278508951
560,0.0,0.0,0.5,0.1,7.077606846451506,18.55342954704964,7.077606846451506,7.361885309387298,0.468345493372942,0.9998900570651965,0.049933396992591264,0.019773728474169004,9.860621278508951
560,0.0,0.0,0.5,0.25,7.077606846451506,18.55342954704964,7.077606846451506,7.361885309387298,0.5246012379648795,0.9998722616373638,0.049933396992591264,0.019773728474169004,9.860621278508951
560,0.0,0.0,0.75,0.0,7.077606846451506,17.674564484166094,7.077606846451506,7.361885309387298,0.5751927644043846,0.9998281501232015,0.049933396992591264,0.015468562274729676,9.72879151907642
560,0.0,0.0,0.75,0.1,6.8566359026390264,17.674564484166094,7.077606846451506,7.361885309387298,0.6126965941323282,0.9998157768301984,0.049933396992591264,0.019773728474169004,9.50782057526394
560,0.0,0.0,0.75,0.25,7.077606846451506,17.674564484166094,7.077606846451506,7.361885309387298,0.6689523387242656,0.9997928098975598,0.049933396992591264,0.019773728474169004,9.72879151907642
560,0.0,0.25,0.0,0.0,8.269218149185656,23.180810640958654,7.077606846451506,7.361885309387298,0.30009471180124014,0.9999371859261698,0.049933396992591264,0.025730877052462957,11.746339745329454
560,0.0,0.25,0.0,0.1,7.497109678748292,23.180810640958654,7.077606846451506,7.361885309387298,0.33759854152918384,0.999932803861155,0.049933396992591264,0.030036043251902282,10.974231274892091
560,0.0,0.25,0.0,0.25,7.5750076286227666,23.180810640958654,7.077606846451506,7.361885309387298,0.39385428612109935,0.9999217605951657,0.049933396992591264,0.030036043251902282,11.052129224766565
560,0.0,0.25,0.1,0.0,7.904999167660955,16.779572702316017,7.077606846451506,7.361885309387298,0.3575807709793634,0.9999272204348029,0.049933396992591264,0.034691629955947136,10.421935073008356
560,0.0,0.25,0.1,0.1,7.497109678748292,16.779572702316017,7.077606846451506,7.361885309387298,0.3950846007072852,0.9999214149566933,0.049933396992591264,0.03899679615538646,10.014045584095694
560,0.0,0.25,0.1,0.25,7.5750076286227666,16.779572702316017,7.077606846451506,7.361885309387298,0.4513403452992226,0.9999082458782906,0.049933396992591264,0.03899679615538646,10.09194353397017
560,0.0,0.25,0.25,0.0,8.650440021235799,14.161921420595428,7.077606846451506,7.361885309387298,0.44380985974652637,0.9999044117354512,0.049933396992591264,0.034691629955947136,10.774728234325114
560,0.0,0.25,0.25,0.1,7.497109678748292,14.161921420595428,7.077606846451506,7.361885309387298,0.48131368947447006,0.9998964836422797,0.049933396992591264,0.03899679615538646,9.621397891837606
560,0.0,0.25,0.25,0.25,7.5750076286227666,14.161921420595428,7.077606846451506,7.361885309387298,0.5375694340664074,0.9998801446920453,0.049933396992591264,0.03899679615538646,9.69929584171208
560,0.0,0.25,0.5,0.0,8.880208221646964,18.55342954704964,7.077606846451506,7.361885309387298,0.5880448526738202,0.9998440856829085,0.049933396992591264,0.034691629955947136,11.663222653704409
560,0.0,0.25,0.5,0.1,7.497109678748292,18.55342954704964,7.077606846451506,7.361885309387298,0.625548682401764,0.9998326686811192,0.049933396992591264,0.03899679615538646,10.280124110805739
560,0.0,0.25,0.5,0.25,7.5750076286227666,18.55342954704964,7.077606846451506,7.361885309387298,0.6818044269937014,0.9998111199615997,0.049933396992591264,0.03899679615538646,10.358022060680213
560,0.0,0.25,0.75,0.0,7.640612278334092,17.674564484166094,7.077606846451506,7.361885309387298,0.7323959534332065,0.9997572902438636,0.049933396992591264,0.034691629955947136,10.291796950959005
560,0.0,0.25,0.75,0.1,7.0767935779027855,17.674564484166094,7.077606846451506,7.361885309387298,0.769899783161172,0.9997424302507425,0.049933396992591264,0.03899679615538646,9.7279782505277
560,0.0,0.25,0.75,0.25,7.5750076286227666,17.674564484166094,7.077606846451506,7.361885309387298,0.8261555277530875,0.9997157409093009,0.049933396992591264,0.03899679615538646,10.22619230124768
560,0.0,0.5,0.0,0.0,9.633407783293809,43.056240533458485,7.077606846451506,7.361885309387298,0.4577958815724843,0.9998884983511852,0.049933396992591264,0.025730877052462957,16.091843863312583
560,0.0,0.5,0.0,0.1,8.508291588817588,43.056240533458485,7.077606846451506,7.361885309387298,0.4952997113004061,0.9998815969636052,0.049933396992591264,0.030036043251902282,14.966727668836361
560,0.0,0.5,0.0,0.25,8.58618953869206,43.056240533458485,7.077606846451506,7.361885309387298,0.5515554558923216,0.9998667818403785,0.049933396992591264,0.030036043251902282,15.044625618710834
560,0.0,0.5,0.1,0.0,9.214198719069541,43.056240533458485,7.077606846451506,7.361885309387298,0.5152819407506075,0.9998722453812889,0.049933396992591264,0.034691629955947136,15.672634799088314
560,0.0,0.5,0.1,0.1,8.447399036526889,43.056240533458485,7.077606846451506,7.361885309387298,0.5527857704785513,0.9998639283627759,0.049933396992591264,0.03899679615538646,14.905835116545662
560,0.0,0.5,0.1,0.25,8.525296986401361,43.056240533458485,7.077606846451506,7.361885309387298,0.6090415150704668,0.9998469992025126,0.049933396992591264,0.03899679615538646,14.983733066420134
560,0.0,0.5,0.25,0.0,9.661621931305092,43.056240533458485,7.077606846451506,7.361885309387298,0.6015110295177705,0.9998400259766046,0.049933396992591264,0.034691629955947136,16.120058011323863
560,0.0,0.5,0.25,0.1,8.508291588817588,43.056240533458485,7.077606846451506,7.361885309387298,0.6390148592457361,0.9998295981444856,0.049933396992591264,0.03899679615538646,14.966727668836361
560,0.0,0.5,0.25,0.25,8.58618953869206,43.056240533458485,7.077606846451506,7.361885309387298,0.6952706038376297,0.9998095169659693,0.049933396992591264,0.03899679615538646,15.044625618710834
560,0.0,0.5,0.5,0.0,10.029742087635018,43.056240533458485,7.077606846451506,7.361885309387298,0.7457460224450644,0.9997637460356009,0.049933396992591264,0.034691629955947136,16.488178167653793
560,0.0,0.5,0.5,0.1,8.508291588817588,43.056240533458485,7.077606846451506,7.361885309387298,0.78324985217303,0.9997498496076807,0.049933396992591264,0.03899679615538646,14.966727668836361
560,0.0,0.5,0.5,0.25,8.58618953869206,43.056240533458485,7.077606846451506,7.361885309387298,0.8395055967649455,0.9997245893796816,0.049933396992591264,0.03899679615538646,15.044625618710834
560,0.0,0.5,0.75,0.0,8.651794188403386,43.056240533458485,7.077606846451506,7.361885309387298,0.8900971232044507,0.9996609992395511,0.049933396992591264,0.034691629955947136,15.110230268422159
560,0.0,0.5,0.75,0.1,8.08797548797208,43.056240533458485,7.077606846451506,7.361885309387298,0.9276009529324162,0.9996436806140439,0.049933396992591264,0.03899679615538646,14.546411567990853
560,0.0,0.5,0.75,0.25,8.58618953869206,43.056240533458485,7.077606846451506,7.361885309387298,0.9838566975243317,0.9996133111998347,0.049933396992591264,0.03899679615538646,15.044625618710834
560,0.0,0.75,0.0,0.0,8.935717408314495,32.62494462205949,7.077606846451506,7.361885309387298,0.6160001216186769,0.9998142412303047,0.049933396992591264,0.025730877052462957,13.829459101623417
560,0.0,0.75,0.0,0.1,7.276952003484533,32.62494462205949,7.077606846451506,7.361885309387298,0.6535039513466205,0.999804836788488,0.049933396992591264,0.030036043251902282,12.170693696793457
560,0.0,0.75,0.0,0.25,7.3548499533590075,32.62494462205949,7.077606846451506,7.361885309387298,0.709759695938536,0.9997862745169547,0.049933396992591264,0.030036043251902282,12.24859164666793
560,0.0,0.75,0.1,0.0,8.841576977468057,32.62494462205949,7.077606846451506,7.361885309387298,0.6734861807968001,0.9997917047125275,0.049933396992591264,0.034691629955947136,13.73531867077698
560,0.0,0.75,0.1,0.1,7.276952003484533,32.62494462205949,7.077606846451506,7.361885309387298,0.7109900105247438,0.9997808925979123,0.049933396992591264,0.03899679615538646,12.170693696793457
560,0.0,0.75,0.1,0.25,7.3548499533590075,32.62494462205949,7.077606846451506,7.361885309387298,0.7672457551166593,0.9997602283271906,0.049933396992591264,0.03899679615538646,12.24859164666793
560,0.0,0.75,0.25,0.0,8.935717408314495,32.62494462205949,7.077606846451506,7.361885309387298,0.7597152695639849,0.999750081432738,0.049933396992591264,0.034691629955947136,13.829459101623417
560,0.0,0.75,0.25,0.1,7.276952003484533,32.62494462205949,7.077606846451506,7.361885309387298,0.7972190992919287,0.9997371705673977,0.049933396992591264,0.03899679615538646,12.170693696793457
560,0.0,0.75,0.25,0.25,7.3548499533590075,32.62494462205949,7.077606846451506,7.361885309387298,0.8534748438838661,0.9997133725218793,0.049933396992591264,0.03899679615538646,12.24859164666793
560,0.0,0.75,0.5,0.0,8.935717408314495,32.62494462205949,7.077606846451506,7.361885309387298,0.9039502624912789,0.9996578615103971,0.049933396992591264,0.034691629955947136,13.829459101623417
560,0.0,0.75,0.5,0.1,7.276952003484533,32.62494462205949,7.077606846451506,7.361885309387298,0.9414540922192225,0.9996415027949931,0.049933396992591264,0.03899679615538646,12.170693696793457
560,0.0,0.75,0.5,0.25,7.3548499533590075,32.62494462205949,7.077606846451506,7.361885309387298,0.99770983681116,0.9996125570653268,0.049933396992591264,0.03899679615538646,12.24859164666793
560,0.0,0.75,0.75,0.0,7.420454603070333,32.62494462205949,7.077606846451506,7.361885309387298,1.048301363250665,0.999539180422264,0.049933396992591264,0.034691629955947136,12.314196296379254
560,0.0,0.75,0.75,0.1,6.8566359026390264,32.62494462205949,7.077606846451506,7.361885309387298,1.0858051929786088,0.9995194207279526,0.049933396992591264,0.03899679615538646,11.750377595947949
560,0.0,0.75,0.75,0.25,7.3548499533590075,32.62494462205949,7.077606846451506,7.361885309387298,1.1420609375705462,0.9994853978812751,0.049933396992591264,0.03899679615538646,12.24859164666793
560,0.0,1.0,0.0,0.0,8.609203513118496,26.831241166729097,7.077606846451506,7.361885309387298,0.7743429714145221,0.9997145276060483,0.049933396992591264,0.025730877052462957,12.63388968812786
560,0.0,1.0,0.0,0.1,7.276952003484533,26.831241166729097,7.077606846451506,7.361885309387298,0.8118468011424658,0.9997026438173713,0.049933396992591264,0.030036043251902282,11.301638178493898
560,0.0,1.0,0.0,0.25,7.3548499533590075,26.831241166729097,7.077606846451506,7.361885309387298,0.8681025457344033,0.9996803702771677,0.049933396992591264,0.030036043251902282,11.379536128368372
560,0.0,1.0,0.1,0.0,8.707330493343717,26.831241166729097,7.077606846451506,7.361885309387298,0.8318290305926453,0.9996857262487272,0.049933396992591264,0.034691629955947136,12.732016668353081
560,0.0,1.0,0.1,0.1,7.276952003484533,26.831241166729097,7.077606846451506,7.361885309387298,0.8693328603205891,0.9996724429115569,0.049933396992591264,0.03899679615538646,11.301638178493898
560,0.0,1.0,0.1,0.25,7.3548499533590075,26.831241166729097,7.077606846451506,7.361885309387298,0.9255886049125046,0.9996480796573962,0.049933396992591264,0.03899679615538646,11.379536128368372
560,0.0,1.0,0.25,0.0,8.935717408314495,26.831241166729097,7.077606846451506,7.361885309387298,0.9180581193598302,0.9996347281026471,0.049933396992591264,0.034691629955947136,12.96040358332386
560,0.0,1.0,0.25,0.1,7.276952003484533,26.831241166729097,7.077606846451506,7.361885309387298,0.9555619490877739,0.9996193583238439,0.049933396992591264,0.03899679615538646,11.301638178493898
560,0.0,1.0,0.25,0.25,7.3548499533590075,26.831241166729097,7.077606846451506,7.361885309387298,1.0118176936796894,0.9995918799048374,0.049933396992591264,0.03899679615538646,11.379536128368372
560,0.0,1.0,0.5,0.0,8.935717408314495,26.831241166729097,7.077606846451506,7.361885309387298,1.0622931122871242,0.9995266190043754,0.049933396992591264,0.034691629955947136,12.96040358332386
560,0.0,1.0,0.5,0.1,7.276952003484533,26.831241166729097,7.077606846451506,7.361885309387298,1.0997969420150677,0.9995078225273754,0.049933396992591264,0.03899679615538646,11.301638178493898
560,0.0,1.0,0.5,0.25,7.3548499533590075,26.831241166729097,7.077606846451506,7.361885309387298,1.1560526866069833,0.9994752283939811,0.049933396992591264,0.03899679615538646,11.379536128368372
560,0.0,1.0,0.75,0.0,7.420454603070333,26.831241166729097,7.077606846451506,7.361885309387298,1.2066442130464885,0.999392057592651,0.049933396992591264,0.034691629955947136,11.445140778079697
560,0.0,1.0,0.75,0.1,6.8566359026390264,26.831241166729097,7.077606846451506,7.361885309387298,1.2441480427744323,0.999369881751902,0.049933396992591264,0.03899679615538646,10.881322077648392
560,0.0,1.0,0.75,0.25,7.3548499533590075,26.831241166729097,7.077606846451506,7.361885309387298,1.3004037873663696,0.9993322431605752,0.049933396992591264,0.03899679615538646,11.379536128368372
560,0.25,0.0,0.0,0.0,7.510284352858662,23.180810640958654,7.077606846451506,7.361885309387298,0.1571009492752966,0.9999596226641649,0.049933396992591264,0.011513816579895876,10.98740594900246
560,0.25,0.0,0.0,0.1,7.510284352858662,23.180810640958654,7.077606846451506,7.361885309387298,0.19460477900326217,0.9999576296564698,0.049933396992591264,0.015818982779335203,10.98740594900246
560,0.25,0.0,0.0,0.25,7.510284352858662,23.180810640958654,7.077606846451506,7.361885309387298,0.2508605235951777,0.9999501630057416,0.049933396992591264,0.015818982779335203,10.98740594900246
560,0.25,0.0,0.1,0.0,7.510284352858662,16.779572702316017,7.077606846451506,7.361885309387298,0.21458700845341983,0.9999555811885269,0.049933396992591264,0.020474569483380056,10.027220258206064
560,0.25,0.0,0.1,0.1,7.510284352858662,16.779572702316017,7.077606846451506,7.361885309387298,0.2520908381813854,0.9999521574285121,0.049933396992591264,0.02477973568281938,10.027220258206064
560,0.25,0.0,0.1,0.25,7.510284352858662,16.779572702316017,7.077606846451506,7.361885309387298,0.3083465827733009,0.9999425538606358,0.049933396992591264,0.02477973568281938,10.027220258206064
560,0.25,0.0,0.25,0.0,7.510284352858662,16.461750187259877,7.077606846451506,7.361885309387298,0.3008160972206047,0.9999416391108966,0.049933396992591264,0.020474569483380056,9.979546880947643
560,0.25,0.0,0.25,0.1,7.510284352858662,16.461750187259877,7.077606846451506,7.361885309387298,0.33831992694857027,0.9999360816061379,0.049933396992591264,0.02477973568281938,9.979546880947643
560,0.25,0.0,0.25,0.25,7.510284352858662,16.461750187259877,7.077606846451506,7.361885309387298,0.3945756715404858,0.9999232913297668,0.049933396992591264,0.02477973568281938,9.979546880947643
560,0.25,0.0,0.5,0.0,7.510284352858662,18.55342954704964,7.077606846451506,7.361885309387298,0.44505109014792044,0.9998963574195422,0.049933396992591264,0.020474569483380056,10.293298784916107
560,0.25,0.0,0.5,0.1,7.510284352858662,18.55342954704964,7.077606846451506,7.361885309387298,0.48255491987586413,0.9998872918434204,0.049933396992591264,0.02477973568281938,10.293298784916107
560,0.25,0.0,0.5,0.25,7.510284352858662,18.55342954704964,7.077606846451506,7.361885309387298,0.5388106644677797,0.9998692628182217,0.049933396992591264,0.02477973568281938,10.293298784916107
560,0.25,0.0,0.75,0.0,7.510284352858662,17.674564484166094,7.077606846451506,7.361885309387298,0.5894021909073067,0.9998246066038522,0.049933396992591264,0.020474569483380056,10.161469025483576
560,0.25,0.0,0.75,0.1,7.121830648396401,17.674564484166094,7.077606846451506,7.361885309387298,0.6269060206352504,0.9998120784184888,0.049933396992591264,0.02477973568281938,9.773015321021315
560,0.25,0.0,0.75,0.25,7.510284352858662,17.674564484166094,7.077606846451506,7.361885309387298,0.6831617652271659,0.9997888791142123,0.049933396992591264,0.02477973568281938,10.161469025483576
560,0.25,0.25,0.0,0.0,8.481737980329052,23.180810640958654,7.077606846451506,7.361885309387298,0.3143041383041404,0.9999347164141713,0.049933396992591264,0.030736884261113335,11.95885957647285
560,0.25,0.25,0.0,0.1,7.709629509891689,23.180810640958654,7.077606846451506,7.361885309387298,0.35180796803210596,0.9999301783060206,0.049933396992591264,0.035042050460552664,11.186751106035487
560,0.25,0.25,0.0,0.25,7.787527459766164,23.180810640958654,7.077606846451506,7.361885309387298,0.40806371262402147,0.9999189009100634,0.049933396992591264,0.035042050460552664,11.264649055909961
560,0.25,0.25,0.1,0.0,8.117518998804352,16.779572702316017,7.077606846451506,7.361885309387298,0.3717901974822636,0.9999243798865264,0.049933396992591264,0.03969763716459752,10.634454904151754
560,0.25,0.25,0.1,0.1,7.709629509891689,16.779572702316017,7.077606846451506,7.361885309387298,0.4092940272102073,0.9999184186661901,0.049933396992591264,0.04400280336403684,10.226565415239092
560,0.25,0.25,0.1,0.25,7.787527459766164,16.779572702316017,7.077606846451506,7.361885309387298,0.4655497718021228,0.9999050159168896,0.049933396992591264,0.04400280336403684,10.304463365113566
560,0.25,0.25,0.25,0.0,8.862959852379195,14.161921420595428,7.077606846451506,7.361885309387298,0.4580192862494485,0.9999010149346504,0.049933396992591264,0.03969763716459752,10.98724806546851
560,0.25,0.25,0.25,0.1,7.709629509891689,14.161921420595428,7.077606846451506,7.361885309387298,0.49552311597741405,0.9998929315604975,0.049933396992591264,0.04400280336403684,9.833917722981003
560,0.25,0.25,0.25,0.25,7.787527459766164,14.161921420595428,7.077606846451506,7.361885309387298,0.5517788605693077,0.9998763596427006,0.049933396992591264,0.04400280336403684,9.911815672855479
560,0.25,0.25,0.5,0.0,9.092728052790362,18.55342954704964,7.077606846451506,7.361885309387298,0.6022542791767423,0.9998397568624049,0.049933396992591264,0.03969763716459752,11.875742484847807
560,0.25,0.25,0.5,0.1,7.709629509891689,18.55342954704964,7.077606846451506,7.361885309387298,0.639758108904708,0.9998281853815439,0.049933396992591264,0.04400280336403684,10.492643941949135
560,0.25,0.25,0.5,0.25,7.787527459766164,18.55342954704964,7.077606846451506,7.361885309387298,0.6960138534966016,0.9998064049162337,0.049933396992591264,0.04400280336403684,10.57054189182361
560,0.25,0.25,0.75,0.0,7.853132109477489,17.674564484166094,7.077606846451506,7.361885309387298,0.7466053799361286,0.9997520294552382,0.049933396992591264,0.03969763716459752,10.504316782102403
560,0.25,0.25,0.75,0.1,7.465247282365047,17.674564484166094,7.077606846451506,7.361885309387298,0.7841092096640723,0.9997370158185649,0.049933396992591264,0.04400280336403684,10.116431954989961
560,0.25,0.25,0.75,0.25,7.787527459766164,17.674564484166094,7.077606846451506,7.361885309387298,0.8403649542560097,0.9997100960032238,0.049933396992591264,0.04400280336403684,10.438712132391078
560,0.25,0.5,0.0,0.0,9.633407783293809,43.056240533458485,7.077606846451506,7.361885309387298,0.47200530807538454,0.9998842601980061,0.049933396992591264,0.030736884261113335,16.091843863312583
560,0.25,0.5,0.0,0.1,8.508291588817588,43.056240533458485,7.077606846451506,7.361885309387298,0.5095091378033282,0.9998772040016887,0.049933396992591264,0.035042050460552664,14.966727668836361
560,0.25,0.5,0.0,0.25,8.58618953869206,43.056240533458485,7.077606846451506,7.361885309387298,0.5657648823952437,0.9998621566257149,0.049933396992591264,0.035042050460552664,15.044625618710834
560,0.25,0.5,0.1,0.0,9.214198719069541,43.056240533458485,7.077606846451506,7.361885309387298,0.5294913672535078,0.9998676369499001,0.049933396992591264,0.03969763716459752,15.672634799088314
560,0.25,0.5,0.1,0.1,8.447399036526889,43.056240533458485,7.077606846451506,7.361885309387298,0.5669951969814514,0.999859165436325,0.049933396992591264,0.04400280336403684,14.905835116545662
560,0.25,0.5,0.1,0.25,8.525296986401361,43.056240533458485,7.077606846451506,7.361885309387298,0.6232509415733889,0.9998420045014268,0.049933396992591264,0.04400280336403684,14.983733066420134
560,0.25,0.5,0.25,0.0,9.661621931305092,43.056240533458485,7.077606846451506,7.361885309387298,0.6157204560206926,0.9998348624977765,0.049933396992591264,0.03969763716459752,16.120058011323863
560,0.25,0.5,0.25,0.1,8.508291588817588,43.056240533458485,7.077606846451506,7.361885309387298,0.6532242857486363,0.9998242806508149,0.049933396992591264,0.04400280336403684,14.966727668836361
560,0.25,0.5,0.25,0.25,8.58618953869206,43.056240533458485,7.077606846451506,7.361885309387298,0.7094800303405737,0.9998039684293007,0.049933396992591264,0.04400280336403684,15.044625618710834
560,0.25,0.5,0.5,0.0,10.029742087635018,43.056240533458485,7.077606846451506,7.361885309387298,0.7599554489479865,0.9997576526810756,0.049933396992591264,0.03969763716459752,16.488178167653793
560,0.25,0.5,0.5,0.1,8.508291588817588,43.056240533458485,7.077606846451506,7.361885309387298,0.7974592786759301,0.9997436030715583,0.049933396992591264,0.04400280336403684,14.966727668836361
560,0.25,0.5,0.5,0.25,8.58618953869206,43.056240533458485,7.077606846451506,7.361885309387298,0.8537150232678458,0.99971811306906,0.049933396992591264,0.04400280336403684,15.044625618710834
560,0.25,0.5,0.75,0.0,8.651794188403386,43.056240533458485,7.077606846451506,7.361885309387298,0.9043065497073728,0.9996539762783595,0.049933396992591264,0.03969763716459752,15.110230268422159
560,0.25,0.5,0.75,0.1,8.476429192434342,43.056240533458485,7.077606846451506,7.361885309387298,0.9418103794353164,0.9996365053375431,0.049933396992591264,0.04400280336403684,14.934865272453115
560,0.25,0.5,0.75,0.25,8.58618953869206,43.056240533458485,7.077606846451506,7.361885309387298,0.9980661240272319,0.9996059074665974,0.049933396992591264,0.04400280336403684,15.044625618710834
560,0.25,0.75,0.0,0.0,9.368394914721652,32.62494462205949,7.077606846451506,7.361885309387298,0.6302095481215771,0.9998082069638715,0.049933396992591264,0.030736884261113335,14.262136608030573
560,0.25,0.75,0.0,0.1,7.709629509891689,32.62494462205949,7.077606846451506,7.361885309387298,0.6677133778495208,0.9997986490106054,0.049933396992591264,0.035042050460552664,12.603371203200613
560,0.25,0.75,0.0,0.25,7.787527459766164,32.62494462205949,7.077606846451506,7.361885309387298,0.7239691224414582,0.9997798564580028,0.049933396992591264,0.035042050460552664,12.681269153075085
560,0.25,0.75,0.1,0.0,9.274254483875213,32.62494462205949,7.077606846451506,7.361885309387298,0.6876956072997004,0.9997853010418429,0.049933396992591264,0.03969763716459752,14.167996177184136
560,0.25,0.75,0.1,0.1,7.709629509891689,32.62494462205949,7.077606846451506,7.361885309387298,0.725199437027644,0.9997743357421233,0.049933396992591264,0.04400280336403684,12.603371203200613
560,0.25,0.75,0.1,0.25,7.787527459766164,32.62494462205949,7.077606846451506,7.361885309387298,0.7814551816195815,0.9997534416873358,0.049933396992591264,0.04400280336403684,12.681269153075085
560,0.25,0.75,0.25,0.0,9.368394914721652,32.62494462205949,7.077606846451506,7.361885309387298,0.7739246960668852,0.9997431240937462,0.049933396992591264,0.03969763716459752,14.262136608030573
560,0.25,0.75,0.25,0.1,7.709629509891689,32.62494462205949,7.077606846451506,7.361885309387298,0.8114285257948289,0.9997300605423441,0.049933396992591264,0.04400280336403684,12.603371203200613
560,0.25,0.75,0.25,0.25,7.787527459766164,32.62494462205949,7.077606846451506,7.361885309387298,0.8676842703867663,0.9997060334724648,0.049933396992591264,0.04400280336403684,12.681269153075085
560,0.25,0.75,0.5,0.0,9.368394914721652,32.62494462205949,7.077606846451506,7.361885309387298,0.918159688994201,0.9996499767340943,0.049933396992591264,0.03969763716459752,14.262136608030573
560,0.25,0.75,0.5,0.1,7.709629509891689,32.62494462205949,7.077606846451506,7.361885309387298,0.9556635187221446,0.9996334661969294,0.049933396992591264,0.04400280336403684,12.603371203200613
560,0.25,0.75,0.5,0.25,7.787527459766164,32.62494462205949,7.077606846451506,7.361885309387298,1.0119192633140601,0.9996042927577047,0.049933396992591264,0.04400280336403684,12.681269153075085
560,0.25,0.75,0.75,0.0,7.853132109477489,32.62494462205949,7.077606846451506,7.361885309387298,1.0625107897535653,0.9995303686964936,0.049933396992591264,0.03969763716459752,12.74687380278641
560,0.25,0.75,0.75,0.1,7.289313409046183,32.62494462205949,7.077606846451506,7.361885309387298,1.100014619481531,0.9995104580771814,0.049933396992591264,0.04400280336403684,12.183055102355105
560,0.25,0.75,0.75,0.25,7.787527459766164,32.62494462205949,7.077606846451506,7.361885309387298,1.1562703640734464,0.9994762088841217,0.049933396992591264,0.04400280336403684,12.681269153075085
560,0.25,1.0,0.0,0.0,9.041881019525652,26.831241166729097,7.077606846451506,7.361885309387298,0.7885523979174224,0.9997066891506242,0.049933396992591264,0.030736884261113335,13.066567194535017
560,0.25,1.0,0.0,0.1,7.709629509891689,26.831241166729097,7.077606846451506,7.361885309387298,0.826056227645366,0.9996946531950953,0.049933396992591264,0.035042050460552664,11.734315684901054
560,0.25,1.0,0.0,0.25,7.787527459766164,26.831241166729097,7.077606846451506,7.361885309387298,0.8823119722373034,0.9996721514163591,0.049933396992591264,0.035042050460552664,11.812213634775528
560,0.25,1.0,0.1,0.0,9.140007999750873,26.831241166729097,7.077606846451506,7.361885309387298,0.8460384570955456,0.999677519365568,0.049933396992591264,0.03969763716459752,13.164694174760237
560,0.25,1.0,0.1,0.1,7.709629509891689,26.831241166729097,7.077606846451506,7.361885309387298,0.8835422868234892,0.9996640842003781,0.049933396992591264,0.04400280336403684,11.734315684901054
560,0.25,1.0,0.1,0.25,7.787527459766164,26.831241166729097,7.077606846451506,7.361885309387298,0.9397980314154047,0.9996394932233041,0.049933396992591264,0.04400280336403684,11.812213634775528
560,0.25,1.0,0.25,0.0,9.368394914721652,26.831241166729097,7.077606846451506,7.361885309387298,0.9322675458627523,0.9996259690838614,0.049933396992591264,0.03969763716459752,13.393081089731016
560,0.25,1.0,0.25,0.1,7.709629509891689,26.831241166729097,7.077606846451506,7.361885309387298,0.969771375590696,0.9996104479946241,0.049933396992591264,0.04400280336403684,11.734315684901054
560,0.25,1.0,0.25,0.25,7.787527459766164,26.831241166729097,7.077606846451506,7.361885309387298,1.0260271201826114,0.9995827426400505,0.049933396992591264,0.04400280336403684,11.812213634775528
560,0.25,1.0,0.5,0.0,9.368394914721652,26.831241166729097,7.077606846451506,7.361885309387298,1.0765025387900462,0.9995169352456222,0.049933396992591264,0.03969763716459752,13.393081089731016
560,0.25,1.0,0.5,0.1,7.709629509891689,26.831241166729097,7.077606846451506,7.361885309387298,1.11400636851799,0.9994979883530658,0.049933396992591264,0.04400280336403684,11.734315684901054
560,0.25,1.0,0.5,0.25,7.787527459766164,26.831241166729097,7.077606846451506,7.361885309387298,1.1702621131099054,0.9994651686444767,0.049933396992591264,0.04400280336403684,11.812213634775528
560,0.25,1.0,0.75,0.0,7.853132109477489,26.831241166729097,7.077606846451506,7.361885309387298,1.2208536395494105,0.9993814498002953,0.049933396992591264,0.03969763716459752,11.877818284486853
560,0.25,1.0,0.75,0.1,7.289313409046183,26.831241166729097,7.077606846451506,7.361885309387298,1.2583574692773762,0.9993591244707201,0.049933396992591264,0.04400280336403684,11.313999584055548
560,0.25,1.0,0.75,0.25,7.787527459766164,26.831241166729097,7.077606846451506,7.361885309387298,1.3146132138692699,0.9993212617120344,0.049933396992591264,0.04400280336403684,11.812213634775528
560,0.5,0.0,0.0,0.0,7.510284352858662,23.180810640958654,7.077606846451506,7.361885309387298,0.17131037577821873,0.9999584821377155,0.049933396992591264,0.011513816579895876,10.98740594900246
560,0.5,0.0,0.0,0.1,7.510284352858662,23.180810640958654,7.077606846451506,7.361885309387298,0.2088142055061624,0.9999563322469985,0.049933396992591264,0.015818982779335203,10.98740594900246
560,0.5,0.0,0.0,0.25,7.510284352858662,23.180810640958654,7.077606846451506,7.361885309387298,0.26506995009807793,0.9999486301858928,0.049933396992591264,0.015818982779335203,10.98740594900246
560,0.5,0.0,0.1,0.0,7.510284352858662,16.779572702316017,7.077606846451506,7.361885309387298,0.22879643495636384,0.999954069269166,0.049933396992591264,0.020474569483380056,10.027220258206064
560,0.5,0.0,0.1,0.1,7.510284352858662,16.779572702316017,7.077606846451506,7.361885309387298,0.2663002646843075,0.9999504889159133,0.049933396992591264,0.02477973568281938,10.027220258206064
560,0.5,0.0,0.1,0.25,7.510284352858662,16.779572702316017,7.077606846451506,7.361885309387298,0.32255600927620115,0.9999406503801257,0.049933396992591264,0.02477973568281938,10.027220258206064
560,0.5,0.0,0.25,0.0,7.510284352858662,16.461750187259877,7.077606846451506,7.361885309387298,0.3150255237235049,0.999939570346866,0.049933396992591264,0.020474569483380056,9.979546880947643
560,0.5,0.0,0.25,0.1,7.510284352858662,16.461750187259877,7.077606846451506,7.361885309387298,0.3525293534514924,0.9999338566935676,0.049933396992591264,0.02477973568281938,9.979546880947643
560,0.5,0.0,0.25,0.25,7.510284352858662,16.461750187259877,7.077606846451506,7.361885309387298,0.40878509804338603,0.9999208321279272,0.049933396992591264,0.02477973568281938,9.979546880947643
560,0.5,0.0,0.5,0.0,7.510284352858662,18.55342954704964,7.077606846451506,7.361885309387298,0.4592605166508207,0.999893355543073,0.049933396992591264,0.020474569483380056,10.293298784916107
560,0.5,0.0,0.5,0.1,7.510284352858662,18.55342954704964,7.077606846451506,7.361885309387298,0.4967643463787644,0.9998841345929258,0.049933396992591264,0.02477973568281938,10.293298784916107
560,0.5,0.0,0.5,0.25,7.510284352858662,18.55342954704964,7.077606846451506,7.361885309387298,0.5530200909707018,0.9998658724593489,0.049933396992591264,0.02477973568281938,10.293298784916107
560,0.5,0.0,0.75,0.0,7.510284352858662,17.674564484166094,7.077606846451506,7.361885309387298,0.603611617410207,0.9998206714848628,0.049933396992591264,0.020474569483380056,10.161469025483576
560,0.5,0.0,0.75,0.1,7.121830648396401,17.674564484166094,7.077606846451506,7.361885309387298,0.6411154471381506,0.9998079887340413,0.049933396992591264,0.02477973568281938,9.773015321021315
560,0.5,0.0,0.75,0.25,7.510284352858662,17.674564484166094,7.077606846451506,7.361885309387298,0.697371191730088,0.9997845575530724,0.049933396992591264,0.02477973568281938,10.161469025483576
560,0.5,0.25,0.0,0.0,8.481737980329052,23.180810640958654,7.077606846451506,7.361885309387298,0.3285135648070625,0.99993185249801,0.049933396992591264,0.030736884261113335,11.95885957647285
560,0.5,0.25,0.0,0.1,7.709629509891689,23.180810640958654,7.077606846451506,7.361885309387298,0.3660173945350062,0.9999271586667481,0.049933396992591264,0.035042050460552664,11.186751106035487
560,0.5,0.25,0.0,0.25,7.787527459766164,23.180810640958654,7.077606846451506,7.361885309387298,0.4222731391269217,0.9999156476255776,0.049933396992591264,0.035042050460552664,11.264649055909961
560,0.5,0.25,0.1,0.0,8.117518998804352,16.779572702316017,7.077606846451506,7.361885309387298,0.3859996239851858,0.9999211452170025,0.049933396992591264,0.03969763716459752,10.634454904151754
560,0.5,0.25,0.1,0.1,7.709629509891689,16.779572702316017,7.077606846451506,7.361885309387298,0.4235034537131294,0.9999150285761343,0.049933396992591264,0.04400280336403684,10.226565415239092
560,0.5,0.25,0.1,0.25,7.787527459766164,16.779572702316017,7.077606846451506,7.361885309387298,0.47975919830504493,0.9999013926431747,0.049933396992591264,0.04400280336403684,10.304463365113566
560,0.5,0.25,0.25,0.0,8.862959852379195,14.161921420595428,7.077606846451506,7.361885309387298,0.47222871275234873,0.9998972244471117,0.049933396992591264,0.03969763716459752,10.98724806546851
560,0.5,0.25,0.25,0.1,7.709629509891689,14.161921420595428,7.077606846451506,7.361885309387298,0.5097325424802924,0.9998889861161475,0.049933396992591264,0.04400280336403684,9.833917722981003
560,0.5,0.25,0.25,0.25,7.787527459766164,14.161921420595428,7.077606846451506,7.361885309387298,0.5659882870722298,0.9998721817217144,0.049933396992591264,0.04400280336403684,9.911815672855479
560,0.5,0.25,0.5,0.0,9.092728052790362,18.55342954704964,7.077606846451506,7.361885309387298,0.6164637056796645,0.9998350351041791,0.049933396992591264,0.03969763716459752,11.875742484847807
560,0.5,0.25,0.5,0.1,7.709629509891689,18.55342954704964,7.077606846451506,7.361885309387298,0.6539675354076082,0.9998233094724598,0.049933396992591264,0.04400280336403684,10.492643941949135
560,0.5,0.25,0.5,0.25,7.787527459766164,18.55342954704964,7.077606846451506,7.361885309387298,0.7102232799995237,0.9998012977582997,0.049933396992591264,0.04400280336403684,10.57054189182361
560,0.5,0.25,0.75,0.0,7.853132109477489,17.674564484166094,7.077606846451506,7.361885309387298,0.7608148064390508,0.9997463765109985,0.049933396992591264,0.03969763716459752,10.504316782102403
560,0.5,0.25,0.75,0.1,7.465247282365047,17.674564484166094,7.077606846451506,7.361885309387298,0.7983186361669725,0.9997312095629312,0.049933396992591264,0.04400280336403684,10.116431954989961
560,0.5,0.25,0.75,0.25,7.787527459766164,17.674564484166094,7.077606846451506,7.361885309387298,0.8545743807589099,0.999704059776499,0.049933396992591264,0.04400280336403684,10.438712132391078
560,0.5,0.5,0.0,0.0,9.633407783293809,43.056240533458485,7.077606846451506,7.361885309387298,0.4862147345782848,0.9998796270217893,0.049933396992591264,0.030736884261113335,16.091843863312583
560,0.5,0.5,0.0,0.1,8.508291588817588,43.056240533458485,7.077606846451506,7.361885309387298,0.5237185643062284,0.9998724163421828,0.049933396992591264,0.035042050460552664,14.966727668836361
560,0.5,0.5,0.0,0.25,8.58618953869206,43.056240533458485,7.077606846451506,7.361885309387298,0.5799743088981658,0.9998571372063374,0.049933396992591264,0.035042050460552664,15.044625618710834
560,0.5,0.5,0.1,0.0,9.214198719069541,43.056240533458485,7.077606846451506,7.361885309387298,0.543700793756408,0.9998626337904659,0.049933396992591264,0.03969763716459752,15.672634799088314
560,0.5,0.5,0.1,0.1,8.447399036526889,43.056240533458485,7.077606846451506,7.361885309387298,0.5812046234843735,0.9998540081089243,0.049933396992591264,0.04400280336403684,14.905835116545662
560,0.5,0.5,0.1,0.25,8.525296986401361,43.056240533458485,7.077606846451506,7.361885309387298,0.6374603680762891,0.9998366158947178,0.049933396992591264,0.04400280336403684,14.983733066420134
560,0.5,0.5,0.25,0.0,9.661621931305092,43.056240533458485,7.077606846451506,7.361885309387298,0.6299298825235928,0.9998293047434823,0.049933396992591264,0.03969763716459752,16.120058011323863
560,0.5,0.5,0.25,0.1,8.508291588817588,43.056240533458485,7.077606846451506,7.361885309387298,0.6674337122515366,0.9998185692112174,0.049933396992591264,0.04400280336403684,14.966727668836361
560,0.5,0.5,0.25,0.25,8.58618953869206,43.056240533458485,7.077606846451506,7.361885309387298,0.723689456843474,0.9997980264456662,0.049933396992591264,0.04400280336403684,15.044625618710834
560,0.5,0.5,0.5,0.0,10.029742087635018,43.056240533458485,7.077606846451506,7.361885309387298,0.7741648754509086,0.999751165830539,0.049933396992591264,0.03969763716459752,16.488178167653793
560,0.5,0.5,0.5,0.1,8.508291588817588,43.056240533458485,7.077606846451506,7.361885309387298,0.8116687051788523,0.9997369633729467,0.049933396992591264,0.04400280336403684,14.966727668836361
560,0.5,0.5,0.5,0.25,8.58618953869206,43.056240533458485,7.077606846451506,7.361885309387298,0.8679244497707679,0.999711244100837,0.049933396992591264,0.04400280336403684,15.044625618710834
560,0.5,0.5,0.75,0.0,8.651794188403386,43.056240533458485,7.077606846451506,7.361885309387298,0.918515976210273,0.9996465606336454,0.049933396992591264,0.03969763716459752,15.110230268422159
560,0.5,0.5,0.75,0.1,8.476429192434342,43.056240533458485,7.077606846451506,7.361885309387298,0.9560198059382385,0.9996289377149261,0.049933396992591264,0.04400280336403684,14.934865272453115
560,0.5,0.5,0.75,0.25,8.58618953869206,43.056240533458485,7.077606846451506,7.361885309387298,1.0122755505301542,0.9995981118979071,0.049933396992591264,0.04400280336403684,15.044625618710834
560,0.5,0.75,0.0,0.0,9.368394914721652,32.62494462205949,7.077606846451506,7.361885309387298,0.6444189746244993,0.9998017770909899,0.049933396992591264,0.030736884261113335,14.262136608030573
560,0.5,0.75,0.0,0.1,7.709629509891689,32.62494462205949,7.077606846451506,7.361885309387298,0.6819228043524648,0.9997920659571283,0.049933396992591264,0.035042050460552664,12.603371203200613
560,0.5,0.75,0.0,0.25,7.787527459766164,32.62494462205949,7.077606846451506,7.361885309387298,0.7381785489443584,0.9997730436244283,0.049933396992591264,0.035042050460552664,12.681269153075085
560,0.5,0.75,0.1,0.0,9.274254483875213,32.62494462205949,7.077606846451506,7.361885309387298,0.7019050338026444,0.9997785020718355,0.049933396992591264,0.03969763716459752,14.167996177184136
560,0.5,0.75,0.1,0.1,7.709629509891689,32.62494462205949,7.077606846451506,7.361885309387298,0.739408863530588,0.9997673839194889,0.049933396992591264,0.04400280336403684,12.603371203200613
560,0.5,0.75,0.1,0.25,7.787527459766164,32.62494462205949,7.077606846451506,7.361885309387298,0.7956646081224816,0.9997462605840256,0.049933396992591264,0.04400280336403684,12.681269153075085
560,0.5,0.75,0.25,0.0,9.368394914721652,32.62494462205949,7.077606846451506,7.361885309387298,0.7881341225698073,0.9997357719261709,0.049933396992591264,0.03969763716459752,14.262136608030573
560,0.5,0.75,0.25,0.1,7.709629509891689,32.62494462205949,7.077606846451506,7.361885309387298,0.8256379522977729,0.9997225560235906,0.049933396992591264,0.04400280336403684,12.603371203200613
560,0.5,0.75,0.25,0.25,7.787527459766164,32.62494462205949,7.077606846451506,7.361885309387298,0.8818936968896666,0.9996983004363174,0.049933396992591264,0.04400280336403684,12.681269153075085
560,0.5,0.75,0.5,0.0,9.368394914721652,32.62494462205949,7.077606846451506,7.361885309387298,0.9323691154971012,0.9996416979392353,0.049933396992591264,0.03969763716459752,14.262136608030573
560,0.5,0.75,0.5,0.1,7.709629509891689,32.62494462205949,7.077606846451506,7.361885309387298,0.9698729452250449,0.9996250359191197,0.049933396992591264,0.04400280336403684,12.603371203200613
560,0.5,0.75,0.5,0.25,7.787527459766164,32.62494462205949,7.077606846451506,7.361885309387298,1.0261286898169604,0.9995956352831372,0.049933396992591264,0.04400280336403684,12.681269153075085
560,0.5,0.75,0.75,0.0,7.853132109477489,32.62494462205949,7.077606846451506,7.361885309387298,1.0767202162564875,0.9995211637951574,0.049933396992591264,0.03969763716459752,12.74687380278641
560,0.5,0.75,0.75,0.1,7.289313409046183,32.62494462205949,7.077606846451506,7.361885309387298,1.114224045984431,0.9995011025934735,0.049933396992591264,0.04400280336403684,12.183055102355105
560,0.5,0.75,0.75,0.25,7.787527459766164,32.62494462205949,7.077606846451506,7.361885309387298,1.1704797905763467,0.9994666275725151,0.049933396992591264,0.04400280336403684,12.681269153075085
560,0.5,1.0,0.0,0.0,9.041881019525652,26.831241166729097,7.077606846451506,7.361885309387298,0.8027618244203445,0.9996984545498288,0.049933396992591264,0.030736884261113335,13.066567194535017
560,0.5,1.0,0.0,0.1,7.709629509891689,26.831241166729097,7.077606846451506,7.361885309387298,0.8402656541482881,0.9996862667636549,0.049933396992591264,0.035042050460552664,11.734315684901054
560,0.5,1.0,0.0,0.25,7.787527459766164,26.831241166729097,7.077606846451506,7.361885309387298,0.8965213987402036,0.9996635372553654,0.049933396992591264,0.035042050460552664,11.812213634775528
560,0.5,1.0,0.1,0.0,9.140007999750873,26.831241166729097,7.077606846451506,7.361885309387298,0.8602478835984677,0.9996689166562834,0.049933396992591264,0.03969763716459752,13.164694174760237
560,0.5,1.0,0.1,0.1,7.709629509891689,26.831241166729097,7.077606846451506,7.361885309387298,0.8977517133264113,0.999655330000879,0.049933396992591264,0.04400280336403684,11.734315684901054
560,0.5,1.0,0.1,0.25,7.787527459766164,26.831241166729097,7.077606846451506,7.361885309387298,0.954007457918327,0.9996305118122495,0.049933396992591264,0.04400280336403684,11.812213634775528
560,0.5,1.0,0.25,0.0,9.368394914721652,26.831241166729097,7.077606846451506,7.361885309387298,0.9464769723656525,0.9996168147278189,0.049933396992591264,0.03969763716459752,13.393081089731016
560,0.5,1.0,0.25,0.1,7.709629509891689,26.831241166729097,7.077606846451506,7.361885309387298,0.9839808020935963,0.9996011426683231,0.049933396992591264,0.04400280336403684,11.734315684901054
560,0.5,1.0,0.25,0.25,7.787527459766164,26.831241166729097,7.077606846451506,7.361885309387298,1.0402365466855337,0.9995732108930665,0.049933396992591264,0.04400280336403684,11.812213634775528
560,0.5,1.0,0.5,0.0,9.368394914721652,26.831241166729097,7.077606846451506,7.361885309387298,1.0907119652929465,0.9995068569901631,0.049933396992591264,0.03969763716459752,13.393081089731016
560,0.5,1.0,0.5,0.1,7.709629509891689,26.831241166729097,7.077606846451506,7.361885309387298,1.1282157950208902,0.9994877600260864,0.049933396992591264,0.04400280336403684,11.734315684901054
560,0.5,1.0,0.5,0.25,7.787527459766164,26.831241166729097,7.077606846451506,7.361885309387298,1.1844715396128276,0.9994547152629243,0.049933396992591264,0.04400280336403684,11.812213634775528
560,0.5,1.0,0.75,0.0,7.853132109477489,26.831241166729097,7.077606846451506,7.361885309387298,1.2350630660523327,0.9993704483846605,0.049933396992591264,0.03969763716459752,11.877818284486853
560,0.5,1.0,0.75,0.1,7.289313409046183,26.831241166729097,7.077606846451506,7.361885309387298,1.2725668957802765,0.9993479739140512,0.049933396992591264,0.04400280336403684,11.313999584055548
560,0.5,1.0,0.75,0.25,7.787527459766164,26.831241166729097,7.077606846451506,7.361885309387298,1.3288226403722139,0.9993098875142141,0.049933396992591264,0.04400280336403684,11.812213634775528
560,0.75,0.0,0.0,0.0,7.510284352858662,23.180810640958654,7.077606846451506,7.361885309387298,0.18551980228114084,0.999956947687537,0.049933396992591264,0.011513816579895876,10.98740594900246
560,0.75,0.0,0.0,0.1,7.510284352858662,23.180810640958654,7.077606846451506,7.361885309387298,0.2230236320090845,0.9999546412291677,0.049933396992591264,0.015818982779335203,10.98740594900246
560,0.75,0.0,0.0,0.25,7.510284352858662,23.180810640958654,7.077606846451506,7.361885309387298,0.2792793766010219,0.9999467042354706,0.049933396992591264,0.015818982779335203,10.98740594900246
560,0.75,0.0,0.1,0.0,7.510284352858662,16.779572702316017,7.077606846451506,7.361885309387298,0.2430058614592641,0.999952163698545,0.049933396992591264,0.020474569483380056,10.027220258206064
560,0.75,0.0,0.1,0.1,7.510284352858662,16.779572702316017,7.077606846451506,7.361885309387298,0.28050969118720775,0.9999484270691148,0.049933396992591264,0.02477973568281938,10.027220258206064
560,0.75,0.0,0.1,0.25,7.510284352858662,16.779572702316017,7.077606846451506,7.361885309387298,0.33676543577912327,0.9999383540457172,0.049933396992591264,0.02477973568281938,10.027220258206064
560,0.75,0.0,0.25,0.0,7.510284352858662,16.461750187259877,7.077606846451506,7.361885309387298,0.32923495022644894,0.9999371083504519,0.049933396992591264,0.020474569483380056,9.979546880947643
560,0.75,0.0,0.25,0.1,7.510284352858662,16.461750187259877,7.077606846451506,7.361885309387298,0.3667387799543926,0.9999312388681787,0.049933396992591264,0.02477973568281938,9.979546880947643
560,0.75,0.0,0.25,0.25,7.510284352858662,16.461750187259877,7.077606846451506,7.361885309387298,0.42299452454630815,0.9999179804973026,0.049933396992591264,0.02477973568281938,9.979546880947643
560,0.75,0.0,0.5,0.0,7.510284352858662,18.55342954704964,7.077606846451506,7.361885309387298,0.4734699431537428,0.9998899611568713,0.049933396992591264,0.020474569483380056,10.293298784916107
560,0.75,0.0,0.5,0.1,7.510284352858662,18.55342954704964,7.077606846451506,7.361885309387298,0.5109737728816865,0.999880585156356,0.049933396992591264,0.02477973568281938,10.293298784916107
560,0.75,0.0,0.5,0.25,7.510284352858662,18.55342954704964,7.077606846451506,7.361885309387298,0.5672295174736021,0.9998620904045282,0.049933396992591264,0.02477973568281938,10.293298784916107
560,0.75,0.0,0.75,0.0,7.510284352858662,17.674564484166094,7.077606846451506,7.361885309387298,0.6178210439131291,0.9998163446119287,0.049933396992591264,0.020474569483380056,10.161469025483576
560,0.75,0.0,0.75,0.1,7.121830648396401,17.674564484166094,7.077606846451506,7.361885309387298,0.6553248736410727,0.9998035076233079,0.049933396992591264,0.02477973568281938,9.773015321021315
560,0.75,0.0,0.75,0.25,7.510284352858662,17.674564484166094,7.077606846451506,7.361885309387298,0.7115806182330101,0.999779845061718,0.049933396992591264,0.02477973568281938,10.161469025483576
560,0.75,0.25,0.0,0.0,8.481737980329052,23.180810640958654,7.077606846451506,7.361885309387298,0.34272299130996275,0.9999285940178095,0.049933396992591264,0.030736884261113335,11.95885957647285
560,0.75,0.25,0.0,0.1,7.709629509891689,23.180810640958654,7.077606846451506,7.361885309387298,0.38022682103790645,0.9999237447842213,0.049933396992591264,0.035042050460552664,11.186751106035487
560,0.75,0.25,0.0,0.25,7.787527459766164,23.180810640958654,7.077606846451506,7.361885309387298,0.43648256562984383,0.999912000583736,0.049933396992591264,0.035042050460552664,11.264649055909961
560,0.75,0.25,0.1,0.0,8.117518998804352,16.779572702316017,7.077606846451506,7.361885309387298,0.40020905048808597,0.9999175162678741,0.049933396992591264,0.03969763716459752,10.634454904151754
560,0.75,0.25,0.1,0.1,7.709629509891689,16.779572702316017,7.077606846451506,7.361885309387298,0.43771288021602967,0.9999112445289273,0.049933396992591264,0.04400280336403684,10.226565415239092
560,0.75,0.25,0.1,0.25,7.787527459766164,16.779572702316017,7.077606846451506,7.361885309387298,0.49396862480796705,0.9998973759006905,0.049933396992591264,0.04400280336403684,10.304463365113566
560,0.75,0.25,0.25,0.0,8.862959852379195,14.161921420595428,7.077606846451506,7.361885309387298,0.48643813925527085,0.9998930401167546,0.049933396992591264,0.03969763716459752,10.98724806546851
560,0.75,0.25,0.25,0.1,7.709629509891689,14.161921420595428,7.077606846451506,7.361885309387298,0.5239419689832145,0.9998846471539059,0.049933396992591264,0.04400280336403684,9.833917722981003
560,0.75,0.25,0.25,0.25,7.787527459766164,14.161921420595428,7.077606846451506,7.361885309387298,0.5801977135751519,0.9998676107748992,0.049933396992591264,0.04400280336403684,9.911815672855479
560,0.75,0.25,0.5,0.0,9.092728052790362,18.55342954704964,7.077606846451506,7.361885309387298,0.6306731321825647,0.9998299202559597,0.049933396992591264,0.03969763716459752,11.875742484847807
560,0.75,0.25,0.5,0.1,7.709629509891689,18.55342954704964,7.077606846451506,7.361885309387298,0.6681769619105085,0.9998180408023457,0.049933396992591264,0.04400280336403684,10.492643941949135
560,0.75,0.25,0.5,0.25,7.787527459766164,18.55342954704964,7.077606846451506,7.361885309387298,0.7244327065024458,0.9997957983374066,0.049933396992591264,0.04400280336403684,10.57054189182361
560,0.75,0.25,0.75,0.0,7.853132109477489,17.674564484166094,7.077606846451506,7.361885309387298,0.775024232941951,0.999740331262682,0.049933396992591264,0.03969763716459752,10.504316782102403
560,0.75,0.25,0.75,0.1,7.465247282365047,17.674564484166094,7.077606846451506,7.361885309387298,0.8125280626698946,0.9997250113361248,0.049933396992591264,0.04400280336403684,10.116431954989961
560,0.75,0.25,0.75,0.25,7.787527459766164,17.674564484166094,7.077606846451506,7.361885309387298,0.868783807261832,0.9996976320825283,0.049933396992591264,0.04400280336403684,10.438712132391078
560,0.75,0.5,0.0,0.0,9.633407783293809,43.056240533458485,7.077606846451506,7.361885309387298,0.5004241610812069,0.9998745986686964,0.049933396992591264,0.030736884261113335,16.091843863312583
560,0.75,0.5,0.0,0.1,8.508291588817588,43.056240533458485,7.077606846451506,7.361885309387298,0.5379279908091505,0.9998672338320027,0.049933396992591264,0.035042050460552664,14.966727668836361
560,0.75,0.5,0.0,0.25,8.58618953869206,43.056240533458485,7.077606846451506,7.361885309387298,0.5941837354010661,0.9998517234302945,0.049933396992591264,0.035042050460552664,15.044625618710834
560,0.75,0.5,0.1,0.0,9.214198719069541,43.056240533458485,7.077606846451506,7.361885309387298,0.5579102202593301,0.999857235750663,0.049933396992591264,0.03969763716459752,15.672634799088314
560,0.75,0.5,0.1,0.1,8.447399036526889,43.056240533458485,7.077606846451506,7.361885309387298,0.5954140499872738,0.999848456229003,0.049933396992591264,0.04400280336403684,14.905835116545662
560,0.75,0.5,0.1,0.25,8.525296986401361,43.056240533458485,7.077606846451506,7.361885309387298,0.6516697945791893,0.9998308332319468,0.049933396992591264,0.04400280336403684,14.983733066420134
560,0.75,0.5,0.25,0.0,9.661621931305092,43.056240533458485,7.077606846451506,7.361885309387298,0.644139309026515,0.9998233525636764,0.049933396992591264,0.03969763716459752,16.120058011323863
560,0.75,0.5,0.25,0.1,8.508291588817588,43.056240533458485,7.077606846451506,7.361885309387298,0.6816431387544587,0.9998124636763941,0.049933396992591264,0.04400280336403684,14.966727668836361
560,0.75,0.5,0.25,0.25,8.58618953869206,43.056240533458485,7.077606846451506,7.361885309387298,0.7378988833463742,0.999791690866892,0.049933396992591264,0.04400280336403684,15.044625618710834
560,0.75,0.5,0.5,0.0,10.029742087635018,43.056240533458485,7.077606846451506,7.361885309387298,0.7883743019538089,0.9997442853377491,0.049933396992591264,0.03969763716459752,16.488178167653793
560,0.75,0.5,0.5,0.1,8.508291588817588,43.056240533458485,7.077606846451506,7.361885309387298,0.8258781316817525,0.9997299303663468,0.049933396992591264,0.04400280336403684,14.966727668836361
560,0.75,0.5,0.5,0.25,8.58618953869206,43.056240533458485,7.077606846451506,7.361885309387298,0.88213387627369,0.9997039823306281,0.049933396992591264,0.04400280336403684,15.044625618710834
560,0.75,0.5,0.75,0.0,8.651794188403386,43.056240533458485,7.077606846451506,7.361885309387298,0.9327254027131952,0.9996387521629657,0.049933396992591264,0.03969763716459752,15.110230268422159
560,0.75,0.5,0.75,0.1,8.476429192434342,43.056240533458485,7.077606846451506,7.361885309387298,0.9702292324411388,0.9996209776044862,0.049933396992591264,0.04400280336403684,14.934865272453115
560,0.75,0.5,0.75,0.25,8.58618953869206,43.056240533458485,7.077606846451506,7.361885309387298,1.0264849770330762,0.9995899243531636,0.049933396992591264,0.04400280336403684,15.044625618710834
560,0.75,0.75,0.0,0.0,9.368394914721652,32.62494462205949,7.077606846451506,7.361885309387298,0.6586284011273995,0.999794951463979,0.049933396992591264,0.030736884261113335,14.262136608030573
560,0.75,0.75,0.0,0.1,7.709629509891689,32.62494462205949,7.077606846451506,7.361885309387298,0.696132230855365,0.9997850874811238,0.049933396992591264,0.035042050460552664,12.603371203200613
560,0.75,0.75,0.0,0.25,7.787527459766164,32.62494462205949,7.077606846451506,7.361885309387298,0.7523879754472805,0.9997658358704195,0.049933396992591264,0.035042050460552664,12.681269153075085
560,0.75,0.75,0.1,0.0,9.274254483875213,32.62494462205949,7.077606846451506,7.361885309387298,0.7161144603055446,0.9997713076563394,0.049933396992591264,0.03969763716459752,14.167996177184136
560,0.75,0.75,0.1,0.1,7.709629509891689,32.62494462205949,7.077606846451506,7.361885309387298,0.7536182900334882,0.9997600369845917,0.049933396992591264,0.04400280336403684,12.603371203200613
560,0.75,0.75,0.1,0.25,7.787527459766164,32.62494462205949,7.077606846451506,7.361885309387298,0.8098740346254037,0.9997386848729563,0.049933396992591264,0.04400280336403684,12.681269153075085
560,0.75,0.75,0.25,0.0,9.368394914721652,32.62494462205949,7.077606846451506,7.361885309387298,0.8023435490727294,0.9997280247861142,0.049933396992591264,0.03969763716459752,14.262136608030573
560,0.75,0.75,0.25,0.1,7.709629509891689,32.62494462205949,7.077606846451506,7.361885309387298,0.8398473788006732,0.9997146568679857,0.049933396992591264,0.04400280336403684,12.603371203200613
560,0.75,0.75,0.25,0.25,7.787527459766164,32.62494462205949,7.077606846451506,7.361885309387298,0.8961031233925668,0.9996901732713994,0.049933396992591264,0.04400280336403684,12.681269153075085
560,0.75,0.75,0.5,0.0,9.368394914721652,32.62494462205949,7.077606846451506,7.361885309387298,0.9465785420000233,0.9996330249857215,0.049933396992591264,0.03969763716459752,14.262136608030573
560,0.75,0.75,0.5,0.1,7.709629509891689,32.62494462205949,7.077606846451506,7.361885309387298,0.984082371727967,0.9996162118222015,0.049933396992591264,0.04400280336403684,12.603371203200613
560,0.75,0.75,0.5,0.25,7.787527459766164,32.62494462205949,7.077606846451506,7.361885309387298,1.0403381163198826,0.9995865845033653,0.049933396992591264,0.04400280336403684,12.681269153075085
560,0.75,0.75,0.75,0.0,7.853132109477489,32.62494462205949,7.077606846451506,7.361885309387298,1.0909296427594095,0.9995115655819481,0.049933396992591264,0.03969763716459752,12.74687380278641
560,0.75,0.75,0.75,0.1,7.289313409046183,32.62494462205949,7.077606846451506,7.361885309387298,1.1284334724873533,0.999491354141254,0.049933396992591264,0.04400280336403684,12.183055102355105
560,0.75,0.75,0.75,0.25,7.787527459766164,32.62494462205949,7.077606846451506,7.361885309387298,1.1846892170792689,0.9994566538119736,0.049933396992591264,0.04400280336403684,12.681269153075085
560,0.75,1.0,0.0,0.0,9.041881019525652,26.831241166729097,7.077606846451506,7.361885309387298,0.8169712509232666,0.9996898236622019,0.049933396992591264,0.030736884261113335,13.066567194535017
560,0.75,1.0,0.0,0.1,7.709629509891689,26.831241166729097,7.077606846451506,7.361885309387298,0.8544750806512103,0.999677484382328,0.049933396992591264,0.035042050460552664,11.734315684901054
560,0.75,1.0,0.0,0.25,7.787527459766164,26.831241166729097,7.077606846451506,7.361885309387298,0.9107308252431258,0.9996545276545734,0.049933396992591264,0.035042050460552664,11.812213634775528
560,0.75,1.0,0.1,0.0,9.140007999750873,26.831241166729097,7.077606846451506,7.361885309387298,0.8744573101013898,0.9996599179809231,0.049933396992591264,0.03969763716459752,13.164694174760237
560,0.75,1.0,0.1,0.1,7.709629509891689,26.831241166729097,7.077606846451506,7.361885309387298,0.9119611398293335,0.9996461801738471,0.049933396992591264,0.04400280336403684,11.734315684901054
560,0.75,1.0,0.1,0.25,7.787527459766164,26.831241166729097,7.077606846451506,7.361885309387298,0.9682168844212491,0.9996211352861293,0.049933396992591264,0.04400280336403684,11.812213634775528
560,0.75,1.0,0.25,0.0,9.368394914721652,26.831241166729097,7.077606846451506,7.361885309387298,0.9606863988685528,0.999607264896834,0.049933396992591264,0.03969763716459752,13.393081089731016
560,0.75,1.0,0.25,0.1,7.709629509891689,26.831241166729097,7.077606846451506,7.361885309387298,0.9981902285965184,0.9995914422079907,0.049933396992591264,0.04400280336403684,11.734315684901054
560,0.75,1.0,0.25,0.25,7.787527459766164,26.831241166729097,7.077606846451506,7.361885309387298,1.054445973188434,0.9995632845280351,0.049933396992591264,0.04400280336403684,11.812213634775528
560,0.75,1.0,0.5,0.0,9.368394914721652,26.831241166729097,7.077606846451506,7.361885309387298,1.1049213917958467,0.9994963841040979,0.049933396992591264,0.03969763716459752,13.393081089731016
560,0.75,1.0,0.5,0.1,7.709629509891689,26.831241166729097,7.077606846451506,7.361885309387298,1.1424252215237904,0.9994771374132662,0.049933396992591264,0.04400280336403684,11.734315684901054
560,0.75,1.0,0.5,0.25,7.787527459766164,26.831241166729097,7.077606846451506,7.361885309387298,1.1986809661157278,0.9994438681172452,0.049933396992591264,0.04400280336403684,11.812213634775528
560,0.75,1.0,0.75,0.0,7.853132109477489,26.831241166729097,7.077606846451506,7.361885309387298,1.249272492555233,0.9993590532156259,0.049933396992591264,0.03969763716459752,11.877818284486853
560,0.75,1.0,0.75,0.1,7.289313409046183,26.831241166729097,7.077606846451506,7.361885309387298,1.2867763222831765,0.9993364299524976,0.049933396992591264,0.04400280336403684,11.313999584055548
560,0.75,1.0,0.75,0.25,7.787527459766164,26.831241166729097,7.077606846451506,7.361885309387298,1.3430320668751141,0.9992981204387981,0.049933396992591264,0.04400280336403684,11.812213634775528
560,1.0,0.0,0.0,0.0,7.510284352858662,23.180810640958654,7.077606846451506,7.361885309387298,0.19972922878404106,0.9999550191492279,0.049933396992591264,0.011513816579895876,10.98740594900246
560,1.0,0.0,0.0,0.1,7.510284352858662,23.180810640958654,7.077606846451506,7.361885309387298,0.23723305851198476,0.9999525564393426,0.049933396992591264,0.015818982779335203,10.98740594900246
560,1.0,0.0,0.0,0.25,7.510284352858662,23.180810640958654,7.077606846451506,7.361885309387298,0.29348880310392217,0.9999443849919937,0.049933396992591264,0.015818982779335203,10.98740594900246
560,1.0,0.0,0.1,0.0,7.510284352858662,16.779572702316017,7.077606846451506,7.361885309387298,0.2572152879621643,0.9999498643137835,0.049933396992591264,0.020474569483380056,10.027220258206064
560,1.0,0.0,0.1,0.1,7.510284352858662,16.779572702316017,7.077606846451506,7.361885309387298,0.294719117690108,0.9999459717259975,0.049933396992591264,0.02477973568281938,10.027220258206064
560,1.0,0.0,0.1,0.25,7.510284352858662,16.779572702316017,7.077606846451506,7.361885309387298,0.3509748622820454,0.9999356646964411,0.049933396992591264,0.02477973568281938,10.027220258206064
560,1.0,0.0,0.25,0.0,7.510284352858662,16.461750187259877,7.077606846451506,7.361885309387298,0.34344437672934913,0.9999342529610498,0.049933396992591264,0.020474569483380056,9.979546880947643
560,1.0,0.0,0.25,0.1,7.510284352858662,16.461750187259877,7.077606846451506,7.361885309387298,0.3809482064572928,0.9999282279701293,0.049933396992591264,0.02477973568281938,9.979546880947643
560,1.0,0.0,0.25,0.25,7.510284352858662,16.461750187259877,7.077606846451506,7.361885309387298,0.43720395104923027,0.9999147362791921,0.049933396992591264,0.02477973568281938,9.979546880947643
560,1.0,0.0,0.5,0.0,7.510284352858662,18.55342954704964,7.077606846451506,7.361885309387298,0.48767936965664305,0.9998861741041407,0.049933396992591264,0.020474569483380056,10.293298784916107
560,1.0,0.0,0.5,0.1,7.510284352858662,18.55342954704964,7.077606846451506,7.361885309387298,0.5251831993845867,0.9998766433776745,0.049933396992591264,0.02477973568281938,10.293298784916107
560,1.0,0.0,0.5,0.25,7.510284352858662,18.55342954704964,7.077606846451506,7.361885309387298,0.5814389439765022,0.9998579164988554,0.049933396992591264,0.02477973568281938,10.293298784916107
560,1.0,0.0,0.75,0.0,7.510284352858662,17.674564484166094,7.077606846451506,7.361885309387298,0.6320304704160293,0.999811625832067,0.049933396992591264,0.020474569483380056,10.161469025483576
560,1.0,0.0,0.75,0.1,7.121830648396401,17.674564484166094,7.077606846451506,7.361885309387298,0.6695343001439948,0.9997986349340531,0.049933396992591264,0.02477973568281938,9.773015321021315
560,1.0,0.0,0.75,0.25,7.510284352858662,17.674564484166094,7.077606846451506,7.361885309387298,0.7257900447359104,0.9997747414890413,0.049933396992591264,0.02477973568281938,10.161469025483576
560,1.0,0.25,0.0,0.0,8.481737980329052,23.180810640958654,7.077606846451506,7.361885309387298,0.3569324178128849,0.9999249408150238,0.049933396992591264,0.030736884261113335,11.95885957647285
560,1.0,0.25,0.0,0.1,7.709629509891689,23.180810640958654,7.077606846451506,7.361885309387298,0.39443624754082857,0.9999199365006572,0.049933396992591264,0.035042050460552664,11.186751106035487
560,1.0,0.25,0.0,0.25,7.787527459766164,23.180810640958654,7.077606846451506,7.361885309387298,0.4506919921327441,0.9999079596279001,0.049933396992591264,0.035042050460552664,11.264649055909961
560,1.0,0.25,0.1,0.0,8.117518998804352,16.779572702316017,7.077606846451506,7.361885309387298,0.4144184769910081,0.9999134928821147,0.049933396992591264,0.03969763716459752,10.634454904151754
560,1.0,0.25,0.1,0.1,7.709629509891689,16.779572702316017,7.077606846451506,7.361885309387298,0.4519223067189518,0.9999070663683016,0.049933396992591264,0.04400280336403684,10.226565415239092
560,1.0,0.25,0.1,0.25,7.787527459766164,16.779572702316017,7.077606846451506,7.361885309387298,0.5081780513108674,0.9998929655343082,0.049933396992591264,0.04400280336403684,10.304463365113566
560,1.0,0.25,0.25,0.0,8.862959852379195,14.161921420595428,7.077606846451506,7.361885309387298,0.500647565758171,0.9998884617888295,0.049933396992591264,0.03969763716459752,10.98724806546851
560,1.0,0.25,0.25,0.1,7.709629509891689,14.161921420595428,7.077606846451506,7.361885309387298,0.5381513954861367,0.9998799145197794,0.049933396992591264,0.04400280336403684,9.833917722981003
560,1.0,0.25,0.25,0.25,7.787527459766164,14.161921420595428,7.077606846451506,7.361885309387298,0.5944071400780522,0.9998626466493924,0.049933396992591264,0.04400280336403684,9.911815672855479
560,1.0,0.25,0.5,0.0,9.092728052790362,18.55342954704964,7.077606846451506,7.361885309387298,0.6448825586854868,0.9998244121668051,0.049933396992591264,0.03969763716459752,11.875742484847807
560,1.0,0.25,0.5,0.1,7.709629509891689,18.55342954704964,7.077606846451506,7.361885309387298,0.6823863884134306,0.9998123792210106,0.049933396992591264,0.04400280336403684,10.492643941949135
560,1.0,0.25,0.5,0.25,7.787527459766164,18.55342954704964,7.077606846451506,7.361885309387298,0.7386421330053461,0.9997899065044832,0.049933396992591264,0.04400280336403684,10.57054189182361
560,1.0,0.25,0.75,0.0,7.853132109477489,17.674564484166094,7.077606846451506,7.361885309387298,0.7892336594448731,0.9997338935631498,0.049933396992591264,0.03969763716459752,10.504316782102403
560,1.0,0.25,0.75,0.1,7.465247282365047,17.674564484166094,7.077606846451506,7.361885309387298,0.8267374891728168,0.9997184209917478,0.049933396992591264,0.04400280336403684,10.116431954989961
560,1.0,0.25,0.75,0.25,7.787527459766164,17.674564484166094,7.077606846451506,7.361885309387298,0.8829932337647323,0.9996908127760312,0.049933396992591264,0.04400280336403684,10.438712132391078
560,1.0,0.5,0.0,0.0,9.633407783293809,43.056240533458485,7.077606846451506,7.361885309387298,0.514633587584129,0.9998691749862259,0.049933396992591264,0.030736884261113335,16.091843863312583
560,1.0,0.5,0.0,0.1,8.508291588817588,43.056240533458485,7.077606846451506,7.361885309387298,0.5521374173120727,0.9998616563194033,0.049933396992591264,0.035042050460552664,14.966727668836361
560,1.0,0.5,0.0,0.25,8.58618953869206,43.056240533458485,7.077606846451506,7.361885309387298,0.6083931619039882,0.9998459151469746,0.049933396992591264,0.035042050460552664,15.044625618710834
560,1.0,0.5,0.1,0.0,9.214198719069541,43.056240533458485,7.077606846451506,7.361885309387298,0.5721196467622522,0.9998514426795069,0.049933396992591264,0.03969763716459752,15.672634799088314
560,1.0,0.5,0.1,0.1,8.447399036526889,43.056240533458485,7.077606846451506,7.361885309387298,0.6096234764901959,0.9998425096463304,0.049933396992591264,0.04400280336403684,14.905835116545662
560,1.0,0.5,0.1,0.25,8.525296986401361,43.056240533458485,7.077606846451506,7.361885309387298,0.6658792210821114,0.9998246563640082,0.049933396992591264,0.04400280336403684,14.983733066420134
560,1.0,0.5,0.25,0.0,9.661621931305092,43.056240533458485,7.077606846451506,7.361885309387298,0.6583487355294371,0.9998170058096453,0.049933396992591264,0.03969763716459752,16.120058011323863
560,1.0,0.5,0.25,0.1,8.508291588817588,43.056240533458485,7.077606846451506,7.361885309387298,0.6958525652573808,0.9998059638983822,0.049933396992591264,0.04400280336403684,14.966727668836361
560,1.0,0.5,0.25,0.25,8.58618953869206,43.056240533458485,7.077606846451506,7.361885309387298,0.7521083098492963,0.9997849615461379,0.049933396992591264,0.04400280336403684,15.044625618710834
560,1.0,0.5,0.5,0.0,10.029742087635018,43.056240533458485,7.077606846451506,7.361885309387298,0.8025837284567091,0.999737011057794,0.049933396992591264,0.03969763716459752,16.488178167653793
560,1.0,0.5,0.5,0.1,8.508291588817588,43.056240533458485,7.077606846451506,7.361885309387298,0.8400875581846746,0.9997225039075899,0.049933396992591264,0.04400280336403684,14.966727668836361
560,1.0,0.5,0.5,0.25,8.58618953869206,43.056240533458485,7.077606846451506,7.361885309387298,0.8963433027765901,0.9996963276153799,0.049933396992591264,0.04400280336403684,15.044625618710834
560,1.0,0.5,0.75,0.0,8.651794188403386,43.056240533458485,7.077606846451506,7.361885309387298,0.9469348292160953,0.9996305507252057,0.049933396992591264,0.03969763716459752,15.110230268422159
560,1.0,0.5,0.75,0.1,8.476429192434342,43.056240533458485,7.077606846451506,7.361885309387298,0.9844386589440609,0.999612624865847,0.049933396992591264,0.04400280336403684,14.934865272453115
560,1.0,0.5,0.75,0.25,8.58618953869206,43.056240533458485,7.077606846451506,7.361885309387298,1.0406944035359764,0.9995813446930948,0.049933396992591264,0.04400280336403684,15.044625618710834
560,1.0,0.75,0.0,0.0,9.368394914721652,32.62494462205949,7.077606846451506,7.361885309387298,0.6728378276303216,0.9997877299365058,0.049933396992591264,0.030736884261113335,14.262136608030573
560,1.0,0.75,0.0,0.1,7.709629509891689,32.62494462205949,7.077606846451506,7.361885309387298,0.7103416573582653,0.9997777134370088,0.049933396992591264,0.035042050460552664,12.603371203200613
560,1.0,0.75,0.0,0.25,7.787527459766164,32.62494462205949,7.077606846451506,7.361885309387298,0.7665974019502027,0.9997582330515117,0.049933396992591264,0.035042050460552664,12.681269153075085
560,1.0,0.75,0.1,0.0,9.274254483875213,32.62494462205949,7.077606846451506,7.361885309387298,0.7303238868084448,0.9997637176505364,0.049933396992591264,0.03969763716459752,14.167996177184136
560,1.0,0.75,0.1,0.1,7.709629509891689,32.62494462205949,7.077606846451506,7.361885309387298,0.7678277165363885,0.9997522947933568,0.049933396992591264,0.04400280336403684,12.603371203200613
560,1.0,0.75,0.1,0.25,7.787527459766164,32.62494462205949,7.077606846451506,7.361885309387298,0.8240834611283259,0.9997307144111709,0.049933396992591264,0.04400280336403684,12.681269153075085
560,1.0,0.75,0.25,0.0,9.368394914721652,32.62494462205949,7.077606846451506,7.361885309387298,0.8165529755756297,0.9997198825310281,0.049933396992591264,0.03969763716459752,14.262136608030573
560,1.0,0.75,0.25,0.1,7.709629509891689,32.62494462205949,7.077606846451506,7.361885309387298,0.8540568053035733,0.9997063629337201,0.049933396992591264,0.04400280336403684,12.603371203200613
560,1.0,0.75,0.25,0.25,7.787527459766164,32.62494462205949,7.077606846451506,7.361885309387298,0.9103125498955108,0.9996816518370124,0.049933396992591264,0.04400280336403684,12.681269153075085
560,1.0,0.75,0.5,0.0,9.368394914721652,32.62494462205949,7.077606846451506,7.361885309387298,0.9607879685029236,0.9996239577347971,0.049933396992591264,0.03969763716459752,14.262136608030573
560,1.0,0.75,0.5,0.1,7.709629509891689,32.62494462205949,7.077606846451506,7.361885309387298,0.9982917982308672,0.9996069937681511,0.049933396992591264,0.04400280336403684,12.603371203200613
560,1.0,0.75,0.5,0.25,7.787527459766164,32.62494462205949,7.077606846451506,7.361885309387298,1.0545475428227828,0.9995771402814689,0.049933396992591264,0.04400280336403684,12.681269153075085
560,1.0,0.75,0.75,0.0,7.853132109477489,32.62494462205949,7.077606846451506,7.361885309387298,1.1051390692623317,0.999501573921895,0.049933396992591264,0.03969763716459752,12.74687380278641
560,1.0,0.75,0.75,0.1,7.289313409046183,32.62494462205949,7.077606846451506,7.361885309387298,1.1426428989902535,0.9994812125862801,0.049933396992591264,0.04400280336403684,12.183055102355105
560,1.0,0.75,0.75,0.25,7.787527459766164,32.62494462205949,7.077606846451506,7.361885309387298,1.198898643582191,0.9994462874693454,0.049933396992591264,0.04400280336403684,12.681269153075085
560,1.0,1.0,0.0,0.0,9.041881019525652,26.831241166729097,7.077606846451506,7.361885309387298,0.8311806774261669,0.9996807963476345,0.049933396992591264,0.030736884261113335,13.066567194535017
560,1.0,1.0,0.0,0.1,7.709629509891689,26.831241166729097,7.077606846451506,7.361885309387298,0.8686845071541105,0.9996683059117447,0.049933396992591264,0.035042050460552664,11.734315684901054
560,1.0,1.0,0.0,0.25,7.787527459766164,26.831241166729097,7.077606846451506,7.361885309387298,0.9249402517460479,0.9996451224757241,0.049933396992591264,0.035042050460552664,11.812213634775528
560,1.0,1.0,0.1,0.0,9.140007999750873,26.831241166729097,7.077606846451506,7.361885309387298,0.8886667366042901,0.9996505232008909,0.049933396992591264,0.03969763716459752,13.164694174760237
560,1.0,1.0,0.1,0.1,7.709629509891689,26.831241166729097,7.077606846451506,7.361885309387298,0.9261705663322337,0.9996366345814234,0.049933396992591264,0.04400280336403684,11.734315684901054
560,1.0,1.0,0.1,0.25,7.787527459766164,26.831241166729097,7.077606846451506,7.361885309387298,0.9824263109241712,0.999611363508186,0.049933396992591264,0.04400280336403684,11.812213634775528
560,1.0,1.0,0.25,0.0,9.368394914721652,26.831241166729097,7.077606846451506,7.361885309387298,0.9748958253714749,0.9995973194545725,0.049933396992591264,0.03969763716459752,13.393081089731016
560,1.0,1.0,0.25,0.1,7.709629509891689,26.831241166729097,7.077606846451506,7.361885309387298,1.0123996550994405,0.9995813464780243,0.049933396992591264,0.04400280336403684,11.734315684901054
560,1.0,1.0,0.25,0.25,7.787527459766164,26.831241166729097,7.077606846451506,7.361885309387298,1.0686553996913342,0.9995529634104532,0.049933396992591264,0.04400280336403684,11.812213634775528
560,1.0,1.0,0.5,0.0,9.368394914721652,26.831241166729097,7.077606846451506,7.361885309387298,1.1191308182987907,0.9994855164548769,0.049933396992591264,0.03969763716459752,13.393081089731016
560,1.0,1.0,0.5,0.1,7.709629509891689,26.831241166729097,7.077606846451506,7.361885309387298,1.1566346480267125,0.99946612038278,0.049933396992591264,0.04400280336403684,11.734315684901054
560,1.0,1.0,0.5,0.25,7.787527459766164,26.831241166729097,7.077606846451506,7.361885309387298,1.212890392618628,0.9994326270767023,0.049933396992591264,0.04400280336403684,11.812213634775528
560,1.0,1.0,0.75,0.0,7.853132109477489,26.831241166729097,7.077606846451506,7.361885309387298,1.263481919058177,0.9993472641644184,0.049933396992591264,0.03969763716459752,11.877818284486853
560,1.0,1.0,0.75,0.1,7.289313409046183,26.831241166729097,7.077606846451506,7.361885309387298,1.3009857487860987,0.9993244924580066,0.049933396992591264,0.04400280336403684,11.313999584055548
560,1.0,1.0,0.75,0.25,7.787527459766164,26.831241166729097,7.077606846451506,7.361885309387298,1.3572414933780144,0.9992859603588092,0.049933396992591264,0.04400280336403684,11.812213634775528
