model,target,fold,heldout,n,r2,pearson,spearman,rmse,nrmse,calibration_slope,calibration_intercept,auroc,auprc,brier
independent_Ridge,feat__peak_dff_sg,0,donor495727015;donor497258296;donor497589976;donor502185594;donor503292421;donor505143644;donor509522655;donor524295095;donor539823009;donor543144600;donor544888654;donor545472217;donor552448180;donor556936638;donor557681503;donor558793873;donor559019102;donor559851091;donor567425505;donor572401655;donor572401673;donor576372685;donor576746148;donor577808199;donor580171299;donor580514822;donor587083131;donor591626844;donor594621352;donor596265612;donor601712623;donor603221672;donor605677718;donor608013564;donor613392734;donor615618755;donor617958094;donor642245116;donor644548932;donor646498173;donor649502537;donor649655906;donor650072655;donor654638707;donor656643452;donor657880064;donor657967213;donor666839638;donor678530101;donor678653760;donor681503539,4088,-1.2482827771916025e+21,0.0327128126726745,0.14923243883798362,356196162201.493,35331045515.11821,9.909027985359426e-13,6.2258933471771805,0.601411424132925,0.5916494203645116,0.4999999999999066
independent_Ridge,feat__peak_dff_ns,0,donor495727015;donor497258296;donor497589976;donor502185594;donor503292421;donor505143644;donor509522655;donor524295095;donor539823009;donor543144600;donor544888654;donor545472217;donor552448180;donor556936638;donor557681503;donor558793873;donor559019102;donor559851091;donor567425505;donor572401655;donor572401673;donor576372685;donor576746148;donor577808199;donor580171299;donor580514822;donor587083131;donor591626844;donor594621352;donor596265612;donor601712623;donor603221672;donor605677718;donor608013564;donor613392734;donor615618755;donor617958094;donor642245116;donor644548932;donor646498173;donor649502537;donor649655906;donor650072655;donor654638707;donor656643452;donor657880064;donor657967213;donor666839638;donor678530101;donor678653760;donor681503539,4088,-295.0758060515295,-0.015486856419770722,0.1801981721465966,297.6626279166133,17.20685346167321,-0.0009610817872998897,10.645343497996059,0.6187103994091838,0.5937445933333984,0.4999999999999066
independent_Ridge,feat__peak_dff_dg,0,donor495727015;donor497258296;donor497589976;donor502185594;donor503292421;donor505143644;donor509522655;donor524295095;donor539823009;donor543144600;donor544888654;donor545472217;donor552448180;donor556936638;donor557681503;donor558793873;donor559019102;donor559851091;donor567425505;donor572401655;donor572401673;donor576372685;donor576746148;donor577808199;donor580171299;donor580514822;donor587083131;donor591626844;donor594621352;donor596265612;donor601712623;donor603221672;donor605677718;donor608013564;donor613392734;donor615618755;donor617958094;donor642245116;donor644548932;donor646498173;donor649502537;donor649655906;donor650072655;donor654638707;donor656643452;donor657880064;donor657967213;donor666839638;donor678530101;donor678653760;donor681503539,4088,-0.004149785842582521,0.12154175310471761,-0.0005566744861496504,22.252890785399444,1.0020727447857727,0.8994357881108753,-1.7621451859778494,0.49950585890926164,0.5150327353872456,0.499975131279347
independent_Ridge,feat__rf_chi2_lsn,0,donor495727015;donor497258296;donor497589976;donor502185594;donor503292421;donor505143644;donor509522655;donor524295095;donor539823009;donor543144600;donor544888654;donor545472217;donor552448180;donor556936638;donor557681503;donor558793873;donor559019102;donor559851091;donor567425505;donor572401655;donor572401673;donor576372685;donor576746148;donor577808199;donor580171299;donor580514822;donor587083131;donor591626844;donor594621352;donor596265612;donor601712623;donor603221672;donor605677718;donor608013564;donor613392734;donor615618755;donor617958094;donor642245116;donor644548932;donor646498173;donor649502537;donor649655906;donor650072655;donor654638707;donor656643452;donor657880064;donor657967213;donor666839638;donor678530101;donor678653760;donor681503539,4088,0.024196933466285486,0.2302118552455527,0.1868467882503323,0.4276530976513743,0.9878274477504696,2.1451880508181347,-0.758246405306335,0.6265703647762451,0.6211802303253572,0.26942332890656817
independent_Ridge,feat__g_dsi_dg,0,donor495727015;donor497258296;donor497589976;donor502185594;donor503292421;donor505143644;donor509522655;donor524295095;donor539823009;donor543144600;donor544888654;donor545472217;donor552448180;donor556936638;donor557681503;donor558793873;donor559019102;donor559851091;donor567425505;donor572401655;donor572401673;donor576372685;donor576746148;donor577808199;donor580171299;donor580514822;donor587083131;donor591626844;donor594621352;donor596265612;donor601712623;donor603221672;donor605677718;donor608013564;donor613392734;donor615618755;donor617958094;donor642245116;donor644548932;donor646498173;donor649502537;donor649655906;donor650072655;donor654638707;donor656643452;donor657880064;donor657967213;donor666839638;donor678530101;donor678653760;donor681503539,4088,0.014653329595314846,0.14737247123535321,0.12112293558564638,0.25653616488816244,0.9926462967225839,0.6368328408400832,0.1694641225124538,0.5811650964140322,0.5531804193349887,0.2606120164927067
independent_Ridge,feat__g_osi_dg,0,donor495727015;donor497258296;donor497589976;donor502185594;donor503292421;donor505143644;donor509522655;donor524295095;donor539823009;donor543144600;donor544888654;donor545472217;donor552448180;donor556936638;donor557681503;donor558793873;donor559019102;donor559851091;donor567425505;donor572401655;donor572401673;donor576372685;donor576746148;donor577808199;donor580171299;donor580514822;donor587083131;donor591626844;donor594621352;donor596265612;donor601712623;donor603221672;donor605677718;donor608013564;donor613392734;donor615618755;donor617958094;donor642245116;donor644548932;donor646498173;donor649502537;donor649655906;donor650072655;donor654638707;donor656643452;donor657880064;donor657967213;donor666839638;donor678530101;donor678653760;donor681503539,4088,0.003245488708167432,0.061518578125211755,0.044991717921482904,0.25226581852671337,0.9983759368514163,0.7810800724345767,0.12041054923408306,0.5361180534286016,0.5220078178975018,0.2687609697506338
independent_Ridge,feat__g_osi_sg,0,donor495727015;donor497258296;donor497589976;donor502185594;donor503292421;donor505143644;donor509522655;donor524295095;donor539823009;donor543144600;donor544888654;donor545472217;donor552448180;donor556936638;donor557681503;donor558793873;donor559019102;donor559851091;donor567425505;donor572401655;donor572401673;donor576372685;donor576746148;donor577808199;donor580171299;donor580514822;donor587083131;donor591626844;donor594621352;donor596265612;donor601712623;donor603221672;donor605677718;donor608013564;donor613392734;donor615618755;donor617958094;donor642245116;donor644548932;donor646498173;donor649502537;donor649655906;donor650072655;donor654638707;donor656643452;donor657880064;donor657967213;donor666839638;donor678530101;donor678653760;donor681503539,4088,0.0034679107258174247,0.07311851274584745,-0.038692581772076094,0.2252133783429662,0.9982645387197464,0.8679302204935196,0.09429911341845287,0.4791553739996739,0.4891521196464723,0.2737133046301355
independent_Ridge,feat__image_sel_ns,0,donor495727015;donor497258296;donor497589976;donor502185594;donor503292421;donor505143644;donor509522655;donor524295095;donor539823009;donor543144600;donor544888654;donor545472217;donor552448180;donor556936638;donor557681503;donor558793873;donor559019102;donor559851091;donor567425505;donor572401655;donor572401673;donor576372685;donor576746148;donor577808199;donor580171299;donor580514822;donor587083131;donor591626844;donor594621352;donor596265612;donor601712623;donor603221672;donor605677718;donor608013564;donor613392734;donor615618755;donor617958094;donor642245116;donor644548932;donor646498173;donor649502537;donor649655906;donor650072655;donor654638707;donor656643452;donor657880064;donor657967213;donor666839638;donor678530101;donor678653760;donor681503539,4088,0.02823552301362664,0.1705714128257963,0.17117422381119862,0.21951563353162007,0.9857811506504096,0.9371311378262515,0.020125710271946082,0.6108859605257704,0.6143897695040859,0.25867684435870825
independent_Ridge,feat__reliability_ns,0,donor495727015;donor497258296;donor497589976;donor502185594;donor503292421;donor505143644;donor509522655;donor524295095;donor539823009;donor543144600;donor544888654;donor545472217;donor552448180;donor556936638;donor557681503;donor558793873;donor559019102;donor559851091;donor567425505;donor572401655;donor572401673;donor576372685;donor576746148;donor577808199;donor580171299;donor580514822;donor587083131;donor591626844;donor594621352;donor596265612;donor601712623;donor603221672;donor605677718;donor608013564;donor613392734;donor615618755;donor617958094;donor642245116;donor644548932;donor646498173;donor649502537;donor649655906;donor650072655;donor654638707;donor656643452;donor657880064;donor657967213;donor666839638;donor678530101;donor678653760;donor681503539,4088,0.09424984457589825,0.31525760927668406,0.2445200435987913,0.14857370871234707,0.9517090707839754,1.2942191913715162,-0.031589380195963856,0.6539663973292696,0.6747836419914853,0.24735312669611664
independent_Ridge,feat__reliability_nm1_a,0,donor495727015;donor497258296;donor497589976;donor502185594;donor503292421;donor505143644;donor509522655;donor524295095;donor539823009;donor543144600;donor544888654;donor545472217;donor552448180;donor556936638;donor557681503;donor558793873;donor559019102;donor559851091;donor567425505;donor572401655;donor572401673;donor576372685;donor576746148;donor577808199;donor580171299;donor580514822;donor587083131;donor591626844;donor594621352;donor596265612;donor601712623;donor603221672;donor605677718;donor608013564;donor613392734;donor615618755;donor617958094;donor642245116;donor644548932;donor646498173;donor649502537;donor649655906;donor650072655;donor654638707;donor656643452;donor657880064;donor657967213;donor666839638;donor678530101;donor678653760;donor681503539,4088,0.050782707957281015,0.23897817747886071,0.21908644448380699,0.14215563199305514,0.9742778310265032,1.085313791283309,-0.019462157434435967,0.6409583215136004,0.6704857791579768,0.2482530016969547
independent_Ridge,feat__reliability_dg,0,donor495727015;donor497258296;donor497589976;donor502185594;donor503292421;donor505143644;donor509522655;donor524295095;donor539823009;donor543144600;donor544888654;donor545472217;donor552448180;donor556936638;donor557681503;donor558793873;donor559019102;donor559851091;donor567425505;donor572401655;donor572401673;donor576372685;donor576746148;donor577808199;donor580171299;donor580514822;donor587083131;donor591626844;donor594621352;donor596265612;donor601712623;donor603221672;donor605677718;donor608013564;donor613392734;donor615618755;donor617958094;donor642245116;donor644548932;donor646498173;donor649502537;donor649655906;donor650072655;donor654638707;donor656643452;donor657880064;donor657967213;donor666839638;donor678530101;donor678653760;donor681503539,4088,0.11530711010831418,0.35445496861035264,0.16373486059184933,0.11534671697218958,0.9405811447595882,1.0387448515460531,-0.015263159225552022,0.5994106371674842,0.6137747899621201,0.24840898467959452
independent_Ridge,feat__reliability_nm3,0,donor495727015;donor497258296;donor497589976;donor502185594;donor503292421;donor505143644;donor509522655;donor524295095;donor539823009;donor543144600;donor544888654;donor545472217;donor552448180;donor556936638;donor557681503;donor558793873;donor559019102;donor559851091;donor567425505;donor572401655;donor572401673;donor576372685;donor576746148;donor577808199;donor580171299;donor580514822;donor587083131;donor591626844;donor594621352;donor596265612;donor601712623;donor603221672;donor605677718;donor608013564;donor613392734;donor615618755;donor617958094;donor642245116;donor644548932;donor646498173;donor649502537;donor649655906;donor650072655;donor654638707;donor656643452;donor657880064;donor657967213;donor666839638;donor678530101;donor678653760;donor681503539,4088,0.08370898729501863,0.30594295412060757,0.2723880361107673,0.12812264883300836,0.9572309087630266,1.3740312253224352,-0.04625110165509454,0.6710799351264876,0.706862512050223,0.24797914315316502
shared_fullrank,feat__peak_dff_sg,0,donor495727015;donor497258296;donor497589976;donor502185594;donor503292421;donor505143644;donor509522655;donor524295095;donor539823009;donor543144600;donor544888654;donor545472217;donor552448180;donor556936638;donor557681503;donor558793873;donor559019102;donor559851091;donor567425505;donor572401655;donor572401673;donor576372685;donor576746148;donor577808199;donor580171299;donor580514822;donor587083131;donor591626844;donor594621352;donor596265612;donor601712623;donor603221672;donor605677718;donor608013564;donor613392734;donor615618755;donor617958094;donor642245116;donor644548932;donor646498173;donor649502537;donor649655906;donor650072655;donor654638707;donor656643452;donor657880064;donor657967213;donor666839638;donor678530101;donor678653760;donor681503539,4088,-1.248282777191601e+21,0.0327128126726745,0.14923243883798362,356196162201.4928,35331045515.118195,9.909027985359391e-13,6.225893347177184,0.601411424132925,0.5916494203645116,0.4999999999999066
shared_fullrank,feat__peak_dff_ns,0,donor495727015;donor497258296;donor497589976;donor502185594;donor503292421;donor505143644;donor509522655;donor524295095;donor539823009;donor543144600;donor544888654;donor545472217;donor552448180;donor556936638;donor557681503;donor558793873;donor559019102;donor559851091;donor567425505;donor572401655;donor572401673;donor576372685;donor576746148;donor577808199;donor580171299;donor580514822;donor587083131;donor591626844;donor594621352;donor596265612;donor601712623;donor603221672;donor605677718;donor608013564;donor613392734;donor615618755;donor617958094;donor642245116;donor644548932;donor646498173;donor649502537;donor649655906;donor650072655;donor654638707;donor656643452;donor657880064;donor657967213;donor666839638;donor678530101;donor678653760;donor681503539,4088,-295.0758060515294,-0.015486856419770725,0.1801981721465966,297.66262791661325,17.206853461673205,-0.0009610817872998897,10.645343497996066,0.6187103994091838,0.5937445933333984,0.4999999999999066
shared_fullrank,feat__peak_dff_dg,0,donor495727015;donor497258296;donor497589976;donor502185594;donor503292421;donor505143644;donor509522655;donor524295095;donor539823009;donor543144600;donor544888654;donor545472217;donor552448180;donor556936638;donor557681503;donor558793873;donor559019102;donor559851091;donor567425505;donor572401655;donor572401673;donor576372685;donor576746148;donor577808199;donor580171299;donor580514822;donor587083131;donor591626844;donor594621352;donor596265612;donor601712623;donor603221672;donor605677718;donor608013564;donor613392734;donor615618755;donor617958094;donor642245116;donor644548932;donor646498173;donor649502537;donor649655906;donor650072655;donor654638707;donor656643452;donor657880064;donor657967213;donor666839638;donor678530101;donor678653760;donor681503539,4088,-0.004149785842582521,0.12154175310471758,-0.0005566744861496504,22.252890785399444,1.0020727447857727,0.8994357881108757,-1.7621451859778463,0.49950585890926164,0.5150327353872456,0.499975131279347
shared_fullrank,feat__rf_chi2_lsn,0,donor495727015;donor497258296;donor497589976;donor502185594;donor503292421;donor505143644;donor509522655;donor524295095;donor539823009;donor543144600;donor544888654;donor545472217;donor552448180;donor556936638;donor557681503;donor558793873;donor559019102;donor559851091;donor567425505;donor572401655;donor572401673;donor576372685;donor576746148;donor577808199;donor580171299;donor580514822;donor587083131;donor591626844;donor594621352;donor596265612;donor601712623;donor603221672;donor605677718;donor608013564;donor613392734;donor615618755;donor617958094;donor642245116;donor644548932;donor646498173;donor649502537;donor649655906;donor650072655;donor654638707;donor656643452;donor657880064;donor657967213;donor666839638;donor678530101;donor678653760;donor681503539,4088,0.024196933466285153,0.23021185524555263,0.1868467882503323,0.4276530976513744,0.9878274477504697,2.145188050818126,-0.7582464053063293,0.6265703647762451,0.6211802303253572,0.26942332890656817
shared_fullrank,feat__g_dsi_dg,0,donor495727015;donor497258296;donor497589976;donor502185594;donor503292421;donor505143644;donor509522655;donor524295095;donor539823009;donor543144600;donor544888654;donor545472217;donor552448180;donor556936638;donor557681503;donor558793873;donor559019102;donor559851091;donor567425505;donor572401655;donor572401673;donor576372685;donor576746148;donor577808199;donor580171299;donor580514822;donor587083131;donor591626844;donor594621352;donor596265612;donor601712623;donor603221672;donor605677718;donor608013564;donor613392734;donor615618755;donor617958094;donor642245116;donor644548932;donor646498173;donor649502537;donor649655906;donor650072655;donor654638707;donor656643452;donor657880064;donor657967213;donor666839638;donor678530101;donor678653760;donor681503539,4088,0.020505981565632214,0.14404338283653037,0.12112293558564638,0.255773157781626,0.989693901379001,0.9091157367185766,0.0410775409195124,0.5811650964140322,0.5531804193349887,0.2614871733089757
shared_fullrank,feat__g_osi_dg,0,donor495727015;donor497258296;donor497589976;donor502185594;donor503292421;donor505143644;donor509522655;donor524295095;donor539823009;donor543144600;donor544888654;donor545472217;donor552448180;donor556936638;donor557681503;donor558793873;donor559019102;donor559851091;donor567425505;donor572401655;donor572401673;donor576372685;donor576746148;donor577808199;donor580171299;donor580514822;donor587083131;donor591626844;donor594621352;donor596265612;donor601712623;donor603221672;donor605677718;donor608013564;donor613392734;donor615618755;donor617958094;donor642245116;donor644548932;donor646498173;donor649502537;donor649655906;donor650072655;donor654638707;donor656643452;donor657880064;donor657967213;donor666839638;donor678530101;donor678653760;donor681503539,4088,0.003245488708167432,0.061518578125211665,0.044991717921482904,0.25226581852671337,0.9983759368514163,0.7810800724345714,0.12041054923408602,0.5361180534286016,0.5220078178975018,0.26876096975063374
shared_fullrank,feat__g_osi_sg,0,donor495727015;donor497258296;donor497589976;donor502185594;donor503292421;donor505143644;donor509522655;donor524295095;donor539823009;donor543144600;donor544888654;donor545472217;donor552448180;donor556936638;donor557681503;donor558793873;donor559019102;donor559851091;donor567425505;donor572401655;donor572401673;donor576372685;donor576746148;donor577808199;donor580171299;donor580514822;donor587083131;donor591626844;donor594621352;donor596265612;donor601712623;donor603221672;donor605677718;donor608013564;donor613392734;donor615618755;donor617958094;donor642245116;donor644548932;donor646498173;donor649502537;donor649655906;donor650072655;donor654638707;donor656643452;donor657880064;donor657967213;donor666839638;donor678530101;donor678653760;donor681503539,4088,0.0036290935335901997,0.07208448268629271,-0.038692581772076094,0.22519516418156377,0.9981838039447328,1.2905962694325108,-0.1789285588045641,0.4791553739996739,0.4891521196464723,0.27394337549098724
shared_fullrank,feat__image_sel_ns,0,donor495727015;donor497258296;donor497589976;donor502185594;donor503292421;donor505143644;donor509522655;donor524295095;donor539823009;donor543144600;donor544888654;donor545472217;donor552448180;donor556936638;donor557681503;donor558793873;donor559019102;donor559851091;donor567425505;donor572401655;donor572401673;donor576372685;donor576746148;donor577808199;donor580171299;donor580514822;donor587083131;donor591626844;donor594621352;donor596265612;donor601712623;donor603221672;donor605677718;donor608013564;donor613392734;donor615618755;donor617958094;donor642245116;donor644548932;donor646498173;donor649502537;donor649655906;donor650072655;donor654638707;donor656643452;donor657880064;donor657967213;donor666839638;donor678530101;donor678653760;donor681503539,4088,0.025054364492066772,0.16934530370038092,0.17117422381119862,0.21987464205673174,0.9873933539877492,1.3918994006505954,-0.17194617183578467,0.6108859605257704,0.6143897695040859,0.25937715768942227
shared_fullrank,feat__reliability_ns,0,donor495727015;donor497258296;donor497589976;donor502185594;donor503292421;donor505143644;donor509522655;donor524295095;donor539823009;donor543144600;donor544888654;donor545472217;donor552448180;donor556936638;donor557681503;donor558793873;donor559019102;donor559851091;donor567425505;donor572401655;donor572401673;donor576372685;donor576746148;donor577808199;donor580171299;donor580514822;donor587083131;donor591626844;donor594621352;donor596265612;donor601712623;donor603221672;donor605677718;donor608013564;donor613392734;donor615618755;donor617958094;donor642245116;donor644548932;donor646498173;donor649502537;donor649655906;donor650072655;donor654638707;donor656643452;donor657880064;donor657967213;donor666839638;donor678530101;donor678653760;donor681503539,4088,0.07695254181295852,0.31574349397019136,0.2445200435987913,0.14998567126439175,0.9607535886871389,1.9058315336149456,-0.10100800621242381,0.6539663973292696,0.6747836419914853,0.24841739423118284
shared_fullrank,feat__reliability_nm1_a,0,donor495727015;donor497258296;donor497589976;donor502185594;donor503292421;donor505143644;donor509522655;donor524295095;donor539823009;donor543144600;donor544888654;donor545472217;donor552448180;donor556936638;donor557681503;donor558793873;donor559019102;donor559851091;donor567425505;donor572401655;donor572401673;donor576372685;donor576746148;donor577808199;donor580171299;donor580514822;donor587083131;donor591626844;donor594621352;donor596265612;donor601712623;donor603221672;donor605677718;donor608013564;donor613392734;donor615618755;donor617958094;donor642245116;donor644548932;donor646498173;donor649502537;donor649655906;donor650072655;donor654638707;donor656643452;donor657880064;donor657967213;donor666839638;donor678530101;donor678653760;donor681503539,4088,0.04229780426035745,0.2383922476681381,0.21908644448380699,0.14278957186204339,0.9786226012751366,1.6119609934664145,-0.07053130315298302,0.6409583215136004,0.6704857791579768,0.24898852595701207
shared_fullrank,feat__reliability_dg,0,donor495727015;donor497258296;donor497589976;donor502185594;donor503292421;donor505143644;donor509522655;donor524295095;donor539823009;donor543144600;donor544888654;donor545472217;donor552448180;donor556936638;donor557681503;donor558793873;donor559019102;donor559851091;donor567425505;donor572401655;donor572401673;donor576372685;donor576746148;donor577808199;donor580171299;donor580514822;donor587083131;donor591626844;donor594621352;donor596265612;donor601712623;donor603221672;donor605677718;donor608013564;donor613392734;donor615618755;donor617958094;donor642245116;donor644548932;donor646498173;donor649502537;donor649655906;donor650072655;donor654638707;donor656643452;donor657880064;donor657967213;donor666839638;donor678530101;donor678653760;donor681503539,4088,0.09621542871351518,0.351524320953891,0.16373486059184933,0.11658466553659401,0.9506758497362522,1.5380089448833563,-0.05454056423135367,0.5994106371674842,0.6137747899621201,0.24902676436177554
shared_fullrank,feat__reliability_nm3,0,donor495727015;donor497258296;donor497589976;donor502185594;donor503292421;donor505143644;donor509522655;donor524295095;donor539823009;donor543144600;donor544888654;donor545472217;donor552448180;donor556936638;donor557681503;donor558793873;donor559019102;donor559851091;donor567425505;donor572401655;donor572401673;donor576372685;donor576746148;donor577808199;donor580171299;donor580514822;donor587083131;donor591626844;donor594621352;donor596265612;donor601712623;donor603221672;donor605677718;donor608013564;donor613392734;donor615618755;donor617958094;donor642245116;donor644548932;donor646498173;donor649502537;donor649655906;donor650072655;donor654638707;donor656643452;donor657880064;donor657967213;donor666839638;donor678530101;donor678653760;donor681503539,4088,0.06586727552157023,0.3062954826232893,0.2723880361107673,0.12936401575368375,0.9665054187455296,2.0231171888080017,-0.11619472713375871,0.6710799351264876,0.706862512050223,0.24883161232780326
shared_RRR_selected,feat__peak_dff_sg,0,donor495727015;donor497258296;donor497589976;donor502185594;donor503292421;donor505143644;donor509522655;donor524295095;donor539823009;donor543144600;donor544888654;donor545472217;donor552448180;donor556936638;donor557681503;donor558793873;donor559019102;donor559851091;donor567425505;donor572401655;donor572401673;donor576372685;donor576746148;donor577808199;donor580171299;donor580514822;donor587083131;donor591626844;donor594621352;donor596265612;donor601712623;donor603221672;donor605677718;donor608013564;donor613392734;donor615618755;donor617958094;donor642245116;donor644548932;donor646498173;donor649502537;donor649655906;donor650072655;donor654638707;donor656643452;donor657880064;donor657967213;donor666839638;donor678530101;donor678653760;donor681503539,4088,-2.0928345569014448e+20,-0.05566008262984943,0.04160419945270401,145847905118.25684,14466632493.089157,-5.780695764469539e-12,6.980864399506576,0.5275906207930049,0.551693828578349,0.5161408657372477
shared_RRR_selected,feat__peak_dff_ns,0,donor495727015;donor497258296;donor497589976;donor502185594;donor503292421;donor505143644;donor509522655;donor524295095;donor539823009;donor543144600;donor544888654;donor545472217;donor552448180;donor556936638;donor557681503;donor558793873;donor559019102;donor559851091;donor567425505;donor572401655;donor572401673;donor576372685;donor576746148;donor577808199;donor580171299;donor580514822;donor587083131;donor591626844;donor594621352;donor596265612;donor601712623;donor603221672;donor605677718;donor608013564;donor613392734;donor615618755;donor617958094;donor642245116;donor644548932;donor646498173;donor649502537;donor649655906;donor650072655;donor654638707;donor656643452;donor657880064;donor657967213;donor666839638;donor678530101;donor678653760;donor681503539,4088,-94.17655098110701,-0.11771670472019147,-0.07856665999742103,168.7671175047246,9.755847015051845,-0.16962153851790912,40.70234346538908,0.4473839320173821,0.5115366654246217,0.4999999999999066
shared_RRR_selected,feat__peak_dff_dg,0,donor495727015;donor497258296;donor497589976;donor502185594;donor503292421;donor505143644;donor509522655;donor524295095;donor539823009;donor543144600;donor544888654;donor545472217;donor552448180;donor556936638;donor557681503;donor558793873;donor559019102;donor559851091;donor567425505;donor572401655;donor572401673;donor576372685;donor576746148;donor577808199;donor580171299;donor580514822;donor587083131;donor591626844;donor594621352;donor596265612;donor601712623;donor603221672;donor605677718;donor608013564;donor613392734;donor615618755;donor617958094;donor642245116;donor644548932;donor646498173;donor649502537;donor649655906;donor650072655;donor654638707;donor656643452;donor657880064;donor657967213;donor666839638;donor678530101;donor678653760;donor681503539,4088,-0.020462409351270416,0.06126342181534666,-0.04692854268370562,22.432914036940392,1.0101793946379913,2.5575645242283676,-23.634151867617774,0.47319688292785594,0.5167808756973812,0.4999975990567073
shared_RRR_selected,feat__rf_chi2_lsn,0,donor495727015;donor497258296;donor497589976;donor502185594;donor503292421;donor505143644;donor509522655;donor524295095;donor539823009;donor543144600;donor544888654;donor545472217;donor552448180;donor556936638;donor557681503;donor558793873;donor559019102;donor559851091;donor567425505;donor572401655;donor572401673;donor576372685;donor576746148;donor577808199;donor580171299;donor580514822;donor587083131;donor591626844;donor594621352;donor596265612;donor601712623;donor603221672;donor605677718;donor608013564;donor613392734;donor615618755;donor617958094;donor642245116;donor644548932;donor646498173;donor649502537;donor649655906;donor650072655;donor654638707;donor656643452;donor657880064;donor657967213;donor666839638;donor678530101;donor678653760;donor681503539,4088,-0.009175148974474467,0.0996625314945275,0.07638640226657573,0.43490440505252714,1.0045770995646937,3.903719040427117,-1.8441795221374069,0.5473199305188106,0.5168594515721062,0.27211330591623545
shared_RRR_selected,feat__g_dsi_dg,0,donor495727015;donor497258296;donor497589976;donor502185594;donor503292421;donor505143644;donor509522655;donor524295095;donor539823009;donor543144600;donor544888654;donor545472217;donor552448180;donor556936638;donor557681503;donor558793873;donor559019102;donor559851091;donor567425505;donor572401655;donor572401673;donor576372685;donor576746148;donor577808199;donor580171299;donor580514822;donor587083131;donor591626844;donor594621352;donor596265612;donor601712623;donor603221672;donor605677718;donor608013564;donor613392734;donor615618755;donor617958094;donor642245116;donor644548932;donor646498173;donor649502537;donor649655906;donor650072655;donor654638707;donor656643452;donor657880064;donor657967213;donor666839638;donor678530101;donor678653760;donor681503539,4088,0.02179454029601069,0.1537415861280533,0.12658511953808638,0.2556048631347454,0.9890426986214595,1.2716196860045434,-0.13600963085567636,0.5832939940326274,0.5561241084704699,0.2621085246422412
shared_RRR_selected,feat__g_osi_dg,0,donor495727015;donor497258296;donor497589976;donor502185594;donor503292421;donor505143644;donor509522655;donor524295095;donor539823009;donor543144600;donor544888654;donor545472217;donor552448180;donor556936638;donor557681503;donor558793873;donor559019102;donor559851091;donor567425505;donor572401655;donor572401673;donor576372685;donor576746148;donor577808199;donor580171299;donor580514822;donor587083131;donor591626844;donor594621352;donor596265612;donor601712623;donor603221672;donor605677718;donor608013564;donor613392734;donor615618755;donor617958094;donor642245116;donor644548932;donor646498173;donor649502537;donor649655906;donor650072655;donor654638707;donor656643452;donor657880064;donor657967213;donor666839638;donor678530101;donor678653760;donor681503539,4088,0.0038166530085402828,0.07058591890729603,0.03216465534196776,0.2521935309799275,0.9980898491536596,1.3462482993890696,-0.20513343207039406,0.5224995680302558,0.513379825000636,0.2690781393614282
shared_RRR_selected,feat__g_osi_sg,0,donor495727015;donor497258296;donor497589976;donor502185594;donor503292421;donor505143644;donor509522655;donor524295095;donor539823009;donor543144600;donor544888654;donor545472217;donor552448180;donor556936638;donor557681503;donor558793873;donor559019102;donor559851091;donor567425505;donor572401655;donor572401673;donor576372685;donor576746148;donor577808199;donor580171299;donor580514822;donor587083131;donor591626844;donor594621352;donor596265612;donor601712623;donor603221672;donor605677718;donor608013564;donor613392734;donor615618755;donor617958094;donor642245116;donor644548932;donor646498173;donor649502537;donor649655906;donor650072655;donor654638707;donor656643452;donor657880064;donor657967213;donor666839638;donor678530101;donor678653760;donor681503539,4088,-0.0006613036520479731,-0.0031908835583088504,-0.004523763268568807,0.22567949126831402,1.0003305971743426,-0.3599322704126701,0.8846848793389217,0.4973120985440062,0.4996282919487862,0.27441811751038697
shared_RRR_selected,feat__image_sel_ns,0,donor495727015;donor497258296;donor497589976;donor502185594;donor503292421;donor505143644;donor509522655;donor524295095;donor539823009;donor543144600;donor544888654;donor545472217;donor552448180;donor556936638;donor557681503;donor558793873;donor559019102;donor559851091;donor567425505;donor572401655;donor572401673;donor576372685;donor576746148;donor577808199;donor580171299;donor580514822;donor587083131;donor591626844;donor594621352;donor596265612;donor601712623;donor603221672;donor605677718;donor608013564;donor613392734;donor615618755;donor617958094;donor642245116;donor644548932;donor646498173;donor649502537;donor649655906;donor650072655;donor654638707;donor656643452;donor657880064;donor657967213;donor666839638;donor678530101;donor678653760;donor681503539,4088,0.020403804008667592,0.1856162721312309,0.1314028737609997,0.22039842706918933,0.9897455208196368,2.3902613184486947,-0.5956206672166132,0.5880122878571017,0.6024300683850166,0.25991710060516215
shared_RRR_selected,feat__reliability_ns,0,donor495727015;donor497258296;donor497589976;donor502185594;donor503292421;donor505143644;donor509522655;donor524295095;donor539823009;donor543144600;donor544888654;donor545472217;donor552448180;donor556936638;donor557681503;donor558793873;donor559019102;donor559851091;donor567425505;donor572401655;donor572401673;donor576372685;donor576746148;donor577808199;donor580171299;donor580514822;donor587083131;donor591626844;donor594621352;donor596265612;donor601712623;donor603221672;donor605677718;donor608013564;donor613392734;donor615618755;donor617958094;donor642245116;donor644548932;donor646498173;donor649502537;donor649655906;donor650072655;donor654638707;donor656643452;donor657880064;donor657967213;donor666839638;donor678530101;donor678653760;donor681503539,4088,0.07653383726919138,0.308864433147918,0.24312211280323848,0.15001968498787827,0.9609714682127549,1.7746467300133235,-0.08986444818353087,0.6538630475586578,0.6704922235195755,0.24849195822255604
shared_RRR_selected,feat__reliability_nm1_a,0,donor495727015;donor497258296;donor497589976;donor502185594;donor503292421;donor505143644;donor509522655;donor524295095;donor539823009;donor543144600;donor544888654;donor545472217;donor552448180;donor556936638;donor557681503;donor558793873;donor559019102;donor559851091;donor567425505;donor572401655;donor572401673;donor576372685;donor576746148;donor577808199;donor580171299;donor580514822;donor587083131;donor591626844;donor594621352;donor596265612;donor601712623;donor603221672;donor605677718;donor608013564;donor613392734;donor615618755;donor617958094;donor642245116;donor644548932;donor646498173;donor649502537;donor649655906;donor650072655;donor654638707;donor656643452;donor657880064;donor657967213;donor666839638;donor678530101;donor678653760;donor681503539,4088,0.03600702924388066,0.2224182582795251,0.22489697212426205,0.1432577689823614,0.9818314370312785,1.6966481054923985,-0.07668678156786696,0.6432115618249632,0.6704882011243996,0.2489982593172372
shared_RRR_selected,feat__reliability_dg,0,donor495727015;donor497258296;donor497589976;donor502185594;donor503292421;donor505143644;donor509522655;donor524295095;donor539823009;donor543144600;donor544888654;donor545472217;donor552448180;donor556936638;donor557681503;donor558793873;donor559019102;donor559851091;donor567425505;donor572401655;donor572401673;donor576372685;donor576746148;donor577808199;donor580171299;donor580514822;donor587083131;donor591626844;donor594621352;donor596265612;donor601712623;donor603221672;donor605677718;donor608013564;donor613392734;donor615618755;donor617958094;donor642245116;donor644548932;donor646498173;donor649502537;donor649655906;donor650072655;donor654638707;donor656643452;donor657880064;donor657967213;donor666839638;donor678530101;donor678653760;donor681503539,4088,0.054935191670822725,0.28397492942237784,0.16729956528954146,0.11921743272188935,0.9721444379894195,1.646391582011344,-0.06372786847571651,0.6023012010642873,0.6150941807258717,0.24908666377195252
shared_RRR_selected,feat__reliability_nm3,0,donor495727015;donor497258296;donor497589976;donor502185594;donor503292421;donor505143644;donor509522655;donor524295095;donor539823009;donor543144600;donor544888654;donor545472217;donor552448180;donor556936638;donor557681503;donor558793873;donor559019102;donor559851091;donor567425505;donor572401655;donor572401673;donor576372685;donor576746148;donor577808199;donor580171299;donor580514822;donor587083131;donor591626844;donor594621352;donor596265612;donor601712623;donor603221672;donor605677718;donor608013564;donor613392734;donor615618755;donor617958094;donor642245116;donor644548932;donor646498173;donor649502537;donor649655906;donor650072655;donor654638707;donor656643452;donor657880064;donor657967213;donor666839638;donor678530101;donor678653760;donor681503539,4088,0.06701402280454749,0.3201695368586159,0.2734866519291895,0.12928458732459377,0.9659119924617934,2.2273904159334847,-0.1386640351504849,0.6694548676396258,0.6971865757480734,0.2490135625945279
independent_Ridge,feat__peak_dff_sg,1,donor518640920;donor536313085;donor548920252;donor549890582;donor549890782;donor553521088;donor553531517;donor558793503;donor562721666;donor563788853;donor565805420;donor567421970;donor568773347;donor571153196;donor576308010;donor579027290;donor583710254;donor588383820;donor588711761;donor589117377;donor590563964;donor593058284;donor593058296;donor594621328;donor594621340;donor601590018;donor601710463;donor603751387;donor603898619;donor605676776;donor605677257;donor608014788;donor612135386;donor617884009;donor638236907;donor642166662;donor643271548;donor643479450;donor644548285;donor644549836;donor644572921;donor646205980;donor646855414;donor647086913;donor650072699;donor651725217;donor654662700;donor656643818;donor657880054;donor659422762;donor664877009,4087,-1.354966663576807e+20,-0.01028364803347631,0.028578076008242047,268255179616.0363,11640303533.742964,-9.431976072879878e-13,7.526570006993649,0.5245482619206154,0.5364687844873918,0.4999999999999066
independent_Ridge,feat__peak_dff_ns,1,donor518640920;donor536313085;donor548920252;donor549890582;donor549890782;donor553521088;donor553531517;donor558793503;donor562721666;donor563788853;donor565805420;donor567421970;donor568773347;donor571153196;donor576308010;donor579027290;donor583710254;donor588383820;donor588711761;donor589117377;donor590563964;donor593058284;donor593058296;donor594621328;donor594621340;donor601590018;donor601710463;donor603751387;donor603898619;donor605676776;donor605677257;donor608014788;donor612135386;donor617884009;donor638236907;donor642166662;donor643271548;donor643479450;donor644548285;donor644549836;donor644572921;donor646205980;donor646855414;donor647086913;donor650072699;donor651725217;donor654662700;donor656643818;donor657880054;donor659422762;donor664877009,4087,-621.587117266602,0.039568984745759865,0.301039435715156,401.1328766183504,24.9516956791823,0.0016737630494502221,11.968171582841336,0.6867172398721262,0.6333313461136917,0.4999999999999066
independent_Ridge,feat__peak_dff_dg,1,donor518640920;donor536313085;donor548920252;donor549890582;donor549890782;donor553521088;donor553531517;donor558793503;donor562721666;donor563788853;donor565805420;donor567421970;donor568773347;donor571153196;donor576308010;donor579027290;donor583710254;donor588383820;donor588711761;donor589117377;donor590563964;donor593058284;donor593058296;donor594621328;donor594621340;donor601590018;donor601710463;donor603751387;donor603898619;donor605676776;donor605677257;donor608014788;donor612135386;donor617884009;donor638236907;donor642166662;donor643271548;donor643479450;donor644548285;donor644549836;donor644572921;donor646205980;donor646855414;donor647086913;donor650072699;donor651725217;donor654662700;donor656643818;donor657880054;donor659422762;donor664877009,4087,-3.46439134246701e-05,0.028729074755937258,-0.004351024600212085,154.01447450776385,1.0000173218066835,1.0889157363112307,3.592368481903974,0.4886229127518007,0.5684912103208856,0.4998135511935192
independent_Ridge,feat__rf_chi2_lsn,1,donor518640920;donor536313085;donor548920252;donor549890582;donor549890782;donor553521088;donor553531517;donor558793503;donor562721666;donor563788853;donor565805420;donor567421970;donor568773347;donor571153196;donor576308010;donor579027290;donor583710254;donor588383820;donor588711761;donor589117377;donor590563964;donor593058284;donor593058296;donor594621328;donor594621340;donor601590018;donor601710463;donor603751387;donor603898619;donor605676776;donor605677257;donor608014788;donor612135386;donor617884009;donor638236907;donor642166662;donor643271548;donor643479450;donor644548285;donor644549836;donor644572921;donor646205980;donor646855414;donor647086913;donor650072699;donor651725217;donor654662700;donor656643818;donor657880054;donor659422762;donor664877009,4087,-0.031499478405669246,0.015424091574327687,-0.0019407377486209188,0.44884965427261236,1.0156276278247856,0.08646523713671611,0.5268450172885871,0.4946960574753912,0.5272974253615043,0.2672752270082545
independent_Ridge,feat__g_dsi_dg,1,donor518640920;donor536313085;donor548920252;donor549890582;donor549890782;donor553521088;donor553531517;donor558793503;donor562721666;donor563788853;donor565805420;donor567421970;donor568773347;donor571153196;donor576308010;donor579027290;donor583710254;donor588383820;donor588711761;donor589117377;donor590563964;donor593058284;donor593058296;donor594621328;donor594621340;donor601590018;donor601710463;donor603751387;donor603898619;donor605676776;donor605677257;donor608014788;donor612135386;donor617884009;donor638236907;donor642166662;donor643271548;donor643479450;donor644548285;donor644549836;donor644572921;donor646205980;donor646855414;donor647086913;donor650072699;donor651725217;donor654662700;donor656643818;donor657880054;donor659422762;donor664877009,4087,0.01857617045385651,0.1613825715495809,0.15196622911359922,0.2600114809406127,0.9906683751582388,0.8245672203945196,0.09870084348689588,0.5946522414788923,0.5821642277760848,0.25978915681137327
independent_Ridge,feat__g_osi_dg,1,donor518640920;donor536313085;donor548920252;donor549890582;donor549890782;donor553521088;donor553531517;donor558793503;donor562721666;donor563788853;donor565805420;donor567421970;donor568773347;donor571153196;donor576308010;donor579027290;donor583710254;donor588383820;donor588711761;donor589117377;donor590563964;donor593058284;donor593058296;donor594621328;donor594621340;donor601590018;donor601710463;donor603751387;donor603898619;donor605676776;donor605677257;donor608014788;donor612135386;donor617884009;donor638236907;donor642166662;donor643271548;donor643479450;donor644548285;donor644549836;donor644572921;donor646205980;donor646855414;donor647086913;donor650072699;donor651725217;donor654662700;donor656643818;donor657880054;donor659422762;donor664877009,4087,0.0013957022210577819,0.05686952451107376,0.04882812284861632,0.2634152302551118,0.9993019052175204,0.7764699485339093,0.13645392207905754,0.5305473931366064,0.5120547345791926,0.2685649182452733
independent_Ridge,feat__g_osi_sg,1,donor518640920;donor536313085;donor548920252;donor549890582;donor549890782;donor553521088;donor553531517;donor558793503;donor562721666;donor563788853;donor565805420;donor567421970;donor568773347;donor571153196;donor576308010;donor579027290;donor583710254;donor588383820;donor588711761;donor589117377;donor590563964;donor593058284;donor593058296;donor594621328;donor594621340;donor601590018;donor601710463;donor603751387;donor603898619;donor605676776;donor605677257;donor608014788;donor612135386;donor617884009;donor638236907;donor642166662;donor643271548;donor643479450;donor644548285;donor644549836;donor644572921;donor646205980;donor646855414;donor647086913;donor650072699;donor651725217;donor654662700;donor656643818;donor657880054;donor659422762;donor664877009,4087,0.007454874750229656,0.10429002486399017,0.043575344703285064,0.22373898110278134,0.9962655897103598,0.9004174472505003,0.05255670687451243,0.5301286112536058,0.5333619675517971,0.2744243747179415
independent_Ridge,feat__image_sel_ns,1,donor518640920;donor536313085;donor548920252;donor549890582;donor549890782;donor553521088;donor553531517;donor558793503;donor562721666;donor563788853;donor565805420;donor567421970;donor568773347;donor571153196;donor576308010;donor579027290;donor583710254;donor588383820;donor588711761;donor589117377;donor590563964;donor593058284;donor593058296;donor594621328;donor594621340;donor601590018;donor601710463;donor603751387;donor603898619;donor605676776;donor605677257;donor608014788;donor612135386;donor617884009;donor638236907;donor642166662;donor643271548;donor643479450;donor644548285;donor644549836;donor644572921;donor646205980;donor646855414;donor647086913;donor650072699;donor651725217;donor654662700;donor656643818;donor657880054;donor659422762;donor664877009,4087,0.07250189987641154,0.273810778951231,0.21697319834694812,0.20848418121971188,0.9630670278412711,0.897434090873254,0.036934849851431056,0.6400951894449741,0.6245541932601486,0.25716004754414085
independent_Ridge,feat__reliability_ns,1,donor518640920;donor536313085;donor548920252;donor549890582;donor549890782;donor553521088;donor553531517;donor558793503;donor562721666;donor563788853;donor565805420;donor567421970;donor568773347;donor571153196;donor576308010;donor579027290;donor583710254;donor588383820;donor588711761;donor589117377;donor590563964;donor593058284;donor593058296;donor594621328;donor594621340;donor601590018;donor601710463;donor603751387;donor603898619;donor605676776;donor605677257;donor608014788;donor612135386;donor617884009;donor638236907;donor642166662;donor643271548;donor643479450;donor644548285;donor644549836;donor644572921;donor646205980;donor646855414;donor647086913;donor650072699;donor651725217;donor654662700;donor656643818;donor657880054;donor659422762;donor664877009,4087,0.0939512301086719,0.31249529015104,0.3590444432219756,0.1561151422390547,0.9518659411284129,1.1809033142855718,-0.016988414143252233,0.7295048523255582,0.6991655226506167,0.24639114792614025
independent_Ridge,feat__reliability_nm1_a,1,donor518640920;donor536313085;donor548920252;donor549890582;donor549890782;donor553521088;donor553531517;donor558793503;donor562721666;donor563788853;donor565805420;donor567421970;donor568773347;donor571153196;donor576308010;donor579027290;donor583710254;donor588383820;donor588711761;donor589117377;donor590563964;donor593058284;donor593058296;donor594621328;donor594621340;donor601590018;donor601710463;donor603751387;donor603898619;donor605676776;donor605677257;donor608014788;donor612135386;donor617884009;donor638236907;donor642166662;donor643271548;donor643479450;donor644548285;donor644549836;donor644572921;donor646205980;donor646855414;donor647086913;donor650072699;donor651725217;donor654662700;donor656643818;donor657880054;donor659422762;donor664877009,4087,0.009602321416929738,0.14491063796647602,0.3648275301005114,0.14550722024483653,0.995187258042185,0.6617248390759263,0.04456870614828499,0.7318907786705452,0.6786797934409837,0.24854989786514892
independent_Ridge,feat__reliability_dg,1,donor518640920;donor536313085;donor548920252;donor549890582;donor549890782;donor553521088;donor553531517;donor558793503;donor562721666;donor563788853;donor565805420;donor567421970;donor568773347;donor571153196;donor576308010;donor579027290;donor583710254;donor588383820;donor588711761;donor589117377;donor590563964;donor593058284;donor593058296;donor594621328;donor594621340;donor601590018;donor601710463;donor603751387;donor603898619;donor605676776;donor605677257;donor608014788;donor612135386;donor617884009;donor638236907;donor642166662;donor643271548;donor643479450;donor644548285;donor644549836;donor644572921;donor646205980;donor646855414;donor647086913;donor650072699;donor651725217;donor654662700;donor656643818;donor657880054;donor659422762;donor664877009,4087,0.013910056592184028,0.20689201946381275,0.30695411717449855,0.1529269042656264,0.9930206157955683,0.7748627688737273,0.040649025074853,0.6936812380871896,0.6342688194336539,0.2480193029568416
independent_Ridge,feat__reliability_nm3,1,donor518640920;donor536313085;donor548920252;donor549890582;donor549890782;donor553521088;donor553531517;donor558793503;donor562721666;donor563788853;donor565805420;donor567421970;donor568773347;donor571153196;donor576308010;donor579027290;donor583710254;donor588383820;donor588711761;donor589117377;donor590563964;donor593058284;donor593058296;donor594621328;donor594621340;donor601590018;donor601710463;donor603751387;donor603898619;donor605676776;donor605677257;donor608014788;donor612135386;donor617884009;donor638236907;donor642166662;donor643271548;donor643479450;donor644548285;donor644549836;donor644572921;donor646205980;donor646855414;donor647086913;donor650072699;donor651725217;donor654662700;donor656643818;donor657880054;donor659422762;donor664877009,4087,0.05920082613638844,0.2785580451090625,0.3930036056335333,0.13977154649012768,0.9699480263656163,1.223816359401888,-0.007084994560029151,0.747540463857455,0.7111505987175153,0.24745417869977432
shared_fullrank,feat__peak_dff_sg,1,donor518640920;donor536313085;donor548920252;donor549890582;donor549890782;donor553521088;donor553531517;donor558793503;donor562721666;donor563788853;donor565805420;donor567421970;donor568773347;donor571153196;donor576308010;donor579027290;donor583710254;donor588383820;donor588711761;donor589117377;donor590563964;donor593058284;donor593058296;donor594621328;donor594621340;donor601590018;donor601710463;donor603751387;donor603898619;donor605676776;donor605677257;donor608014788;donor612135386;donor617884009;donor638236907;donor642166662;donor643271548;donor643479450;donor644548285;donor644549836;donor644572921;donor646205980;donor646855414;donor647086913;donor650072699;donor651725217;donor654662700;donor656643818;donor657880054;donor659422762;donor664877009,4087,-1.3549666635767983e+20,-0.010283648033476298,0.028598913402186472,268255179616.03543,11640303533.742928,-9.431976072879724e-13,7.526570006993647,0.5245800204438764,0.5364931372650749,0.4999999999999066
shared_fullrank,feat__peak_dff_ns,1,donor518640920;donor536313085;donor548920252;donor549890582;donor549890782;donor553521088;donor553531517;donor558793503;donor562721666;donor563788853;donor565805420;donor567421970;donor568773347;donor571153196;donor576308010;donor579027290;donor583710254;donor588383820;donor588711761;donor589117377;donor590563964;donor593058284;donor593058296;donor594621328;donor594621340;donor601590018;donor601710463;donor603751387;donor603898619;donor605676776;donor605677257;donor608014788;donor612135386;donor617884009;donor638236907;donor642166662;donor643271548;donor643479450;donor644548285;donor644549836;donor644572921;donor646205980;donor646855414;donor647086913;donor650072699;donor651725217;donor654662700;donor656643818;donor657880054;donor659422762;donor664877009,4087,-621.5871172666017,0.0395689847457598,0.301039435715156,401.1328766183503,24.951695679182293,0.0016737630494501772,11.968171582841348,0.6867172398721262,0.6333313461136917,0.4999999999999066
shared_fullrank,feat__peak_dff_dg,1,donor518640920;donor536313085;donor548920252;donor549890582;donor549890782;donor553521088;donor553531517;donor558793503;donor562721666;donor563788853;donor565805420;donor567421970;donor568773347;donor571153196;donor576308010;donor579027290;donor583710254;donor588383820;donor588711761;donor589117377;donor590563964;donor593058284;donor593058296;donor594621328;donor594621340;donor601590018;donor601710463;donor603751387;donor603898619;donor605676776;donor605677257;donor608014788;donor612135386;donor617884009;donor638236907;donor642166662;donor643271548;donor643479450;donor644548285;donor644549836;donor644572921;donor646205980;donor646855414;donor647086913;donor650072699;donor651725217;donor654662700;donor656643818;donor657880054;donor659422762;donor664877009,4087,4.439862854155319e-05,0.029387340109136507,-0.0046107439617015,154.00838775057002,0.9999778004393126,1.6567205651065453,-3.0045759500843143,0.4884259022515716,0.568192575553101,0.4999370371243875
shared_fullrank,feat__rf_chi2_lsn,1,donor518640920;donor536313085;donor548920252;donor549890582;donor549890782;donor553521088;donor553531517;donor558793503;donor562721666;donor563788853;donor565805420;donor567421970;donor568773347;donor571153196;donor576308010;donor579027290;donor583710254;donor588383820;donor588711761;donor589117377;donor590563964;donor593058284;donor593058296;donor594621328;donor594621340;donor601590018;donor601710463;donor603751387;donor603898619;donor605676776;donor605677257;donor608014788;donor612135386;donor617884009;donor638236907;donor642166662;donor643271548;donor643479450;donor644548285;donor644549836;donor644572921;donor646205980;donor646855414;donor647086913;donor650072699;donor651725217;donor654662700;donor656643818;donor657880054;donor659422762;donor664877009,4087,-0.012506324776700994,0.012190348629567273,-0.0019407377486209188,0.44469808683298334,1.0062337326745308,0.09959846440242845,0.5175538490762153,0.4946960574753912,0.5272974253615043,0.268682444223091
shared_fullrank,feat__g_dsi_dg,1,donor518640920;donor536313085;donor548920252;donor549890582;donor549890782;donor553521088;donor553531517;donor558793503;donor562721666;donor563788853;donor565805420;donor567421970;donor568773347;donor571153196;donor576308010;donor579027290;donor583710254;donor588383820;donor588711761;donor589117377;donor590563964;donor593058284;donor593058296;donor594621328;donor594621340;donor601590018;donor601710463;donor603751387;donor603898619;donor605676776;donor605677257;donor608014788;donor612135386;donor617884009;donor638236907;donor642166662;donor643271548;donor643479450;donor644548285;donor644549836;donor644572921;donor646205980;donor646855414;donor647086913;donor650072699;donor651725217;donor654662700;donor656643818;donor657880054;donor659422762;donor664877009,4087,0.02268423426713917,0.16022753652542437,0.15196622911359922,0.2594667296141831,0.9885928209962955,1.202139863199596,-0.07894246637106175,0.5946522414788923,0.5821642277760848,0.26088978330852985
shared_fullrank,feat__g_osi_dg,1,donor518640920;donor536313085;donor548920252;donor549890582;donor549890782;donor553521088;donor553531517;donor558793503;donor562721666;donor563788853;donor565805420;donor567421970;donor568773347;donor571153196;donor576308010;donor579027290;donor583710254;donor588383820;donor588711761;donor589117377;donor590563964;donor593058284;donor593058296;donor594621328;donor594621340;donor601590018;donor601710463;donor603751387;donor603898619;donor605676776;donor605677257;donor608014788;donor612135386;donor617884009;donor638236907;donor642166662;donor643271548;donor643479450;donor644548285;donor644549836;donor644572921;donor646205980;donor646855414;donor647086913;donor650072699;donor651725217;donor654662700;donor656643818;donor657880054;donor659422762;donor664877009,4087,0.0013957022210577819,0.056869524511073674,0.04882812284861632,0.2634152302551118,0.9993019052175204,0.7764699485339128,0.13645392207905552,0.5305473931366064,0.5120547345791926,0.2685649182452733
shared_fullrank,feat__g_osi_sg,1,donor518640920;donor536313085;donor548920252;donor549890582;donor549890782;donor553521088;donor553531517;donor558793503;donor562721666;donor563788853;donor565805420;donor567421970;donor568773347;donor571153196;donor576308010;donor579027290;donor583710254;donor588383820;donor588711761;donor589117377;donor590563964;donor593058284;donor593058296;donor594621328;donor594621340;donor601590018;donor601710463;donor603751387;donor603898619;donor605676776;donor605677257;donor608014788;donor612135386;donor617884009;donor638236907;donor642166662;donor643271548;donor643479450;donor644548285;donor644549836;donor644572921;donor646205980;donor646855414;donor647086913;donor650072699;donor651725217;donor654662700;donor656643818;donor657880054;donor659422762;donor664877009,4087,0.007977409166689653,0.10358021847259137,0.04088178924355403,0.22368007863766215,0.9960033086413296,1.348715045473232,-0.23830916494873014,0.5272493512379633,0.5291710741170269,0.2744731745175362
shared_fullrank,feat__image_sel_ns,1,donor518640920;donor536313085;donor548920252;donor549890582;donor549890782;donor553521088;donor553531517;donor558793503;donor562721666;donor563788853;donor565805420;donor567421970;donor568773347;donor571153196;donor576308010;donor579027290;donor583710254;donor588383820;donor588711761;donor589117377;donor590563964;donor593058284;donor593058296;donor594621328;donor594621340;donor601590018;donor601710463;donor603751387;donor603898619;donor605676776;donor605677257;donor608014788;donor612135386;donor617884009;donor638236907;donor642166662;donor643271548;donor643479450;donor644548285;donor644549836;donor644572921;donor646205980;donor646855414;donor647086913;donor650072699;donor651725217;donor654662700;donor656643818;donor657880054;donor659422762;donor664877009,4087,0.06958295415752636,0.2728649136701358,0.21697319834694812,0.20881198564448944,0.9645812800556922,1.3436801479728646,-0.14924085404122264,0.6400951894449741,0.6245541932601486,0.25824371613171476
shared_fullrank,feat__reliability_ns,1,donor518640920;donor536313085;donor548920252;donor549890582;donor549890782;donor553521088;donor553531517;donor558793503;donor562721666;donor563788853;donor565805420;donor567421970;donor568773347;donor571153196;donor576308010;donor579027290;donor583710254;donor588383820;donor588711761;donor589117377;donor590563964;donor593058284;donor593058296;donor594621328;donor594621340;donor601590018;donor601710463;donor603751387;donor603898619;donor605676776;donor605677257;donor608014788;donor612135386;donor617884009;donor638236907;donor642166662;donor643271548;donor643479450;donor644548285;donor644549836;donor644572921;donor646205980;donor646855414;donor647086913;donor650072699;donor651725217;donor654662700;donor656643818;donor657880054;donor659422762;donor664877009,4087,0.07321962930520964,0.3113400283462829,0.3590444432219756,0.1578911016540203,0.9626943287895119,1.7446916775754404,-0.07761266216518083,0.7295048523255582,0.6991655226506167,0.24776199891359976
shared_fullrank,feat__reliability_nm1_a,1,donor518640920;donor536313085;donor548920252;donor549890582;donor549890782;donor553521088;donor553531517;donor558793503;donor562721666;donor563788853;donor565805420;donor567421970;donor568773347;donor571153196;donor576308010;donor579027290;donor583710254;donor588383820;donor588711761;donor589117377;donor590563964;donor593058284;donor593058296;donor594621328;donor594621340;donor601590018;donor601710463;donor603751387;donor603898619;donor605676776;donor605677257;donor608014788;donor612135386;donor617884009;donor638236907;donor642166662;donor643271548;donor643479450;donor644548285;donor644549836;donor644572921;donor646205980;donor646855414;donor647086913;donor650072699;donor651725217;donor654662700;donor656643818;donor657880054;donor659422762;donor664877009,4087,0.012646021481224623,0.1464158170490396,0.3648275301005114,0.14528346107459073,0.9936568716137726,1.0037764852868074,0.013346229563997197,0.7318907786705452,0.6786797934409837,0.2491658303601906
shared_fullrank,feat__reliability_dg,1,donor518640920;donor536313085;donor548920252;donor549890582;donor549890782;donor553521088;donor553531517;donor558793503;donor562721666;donor563788853;donor565805420;donor567421970;donor568773347;donor571153196;donor576308010;donor579027290;donor583710254;donor588383820;donor588711761;donor589117377;donor590563964;donor593058284;donor593058296;donor594621328;donor594621340;donor601590018;donor601710463;donor603751387;donor603898619;donor605676776;donor605677257;donor608014788;donor612135386;donor617884009;donor638236907;donor642166662;donor643271548;donor643479450;donor644548285;donor644549836;donor644572921;donor646205980;donor646855414;donor647086913;donor650072699;donor651725217;donor654662700;donor656643818;donor657880054;donor659422762;donor664877009,4087,0.015659978446892375,0.2084860631038463,0.30695411717449855,0.15279115145479744,0.9921391140058556,1.2382735718278537,0.007924779029841586,0.6936812380871896,0.6342688194336539,0.24880984352974267
shared_fullrank,feat__reliability_nm3,1,donor518640920;donor536313085;donor548920252;donor549890582;donor549890782;donor553521088;donor553531517;donor558793503;donor562721666;donor563788853;donor565805420;donor567421970;donor568773347;donor571153196;donor576308010;donor579027290;donor583710254;donor588383820;donor588711761;donor589117377;donor590563964;donor593058284;donor593058296;donor594621328;donor594621340;donor601590018;donor601710463;donor603751387;donor603898619;donor605676776;donor605677257;donor608014788;donor612135386;donor617884009;donor638236907;donor642166662;donor643271548;donor643479450;donor644548285;donor644549836;donor644572921;donor646205980;donor646855414;donor647086913;donor650072699;donor651725217;donor654662700;donor656643818;donor657880054;donor659422762;donor664877009,4087,0.03811280866438871,0.27915098944434824,0.39678873927848485,0.141329355199249,0.9807584775683874,1.8264646877453468,-0.0673607236221739,0.750731388025099,0.7215464632899433,0.24846611087982123
shared_RRR_selected,feat__peak_dff_sg,1,donor518640920;donor536313085;donor548920252;donor549890582;donor549890782;donor553521088;donor553531517;donor558793503;donor562721666;donor563788853;donor565805420;donor567421970;donor568773347;donor571153196;donor576308010;donor579027290;donor583710254;donor588383820;donor588711761;donor589117377;donor590563964;donor593058284;donor593058296;donor594621328;donor594621340;donor601590018;donor601710463;donor603751387;donor603898619;donor605676776;donor605677257;donor608014788;donor612135386;donor617884009;donor638236907;donor642166662;donor643271548;donor643479450;donor644548285;donor644549836;donor644572921;donor646205980;donor646855414;donor647086913;donor650072699;donor651725217;donor654662700;donor656643818;donor657880054;donor659422762;donor664877009,4087,-1.9027226990355255e+19,-0.0025459399015351643,-0.05627054893288542,100524416469.80824,4362020975.460068,-6.838820964509734e-13,7.473779416844494,0.4718102735054789,0.5243004483913412,0.5238444607482513
shared_RRR_selected,feat__peak_dff_ns,1,donor518640920;donor536313085;donor548920252;donor549890582;donor549890782;donor553521088;donor553531517;donor558793503;donor562721666;donor563788853;donor565805420;donor567421970;donor568773347;donor571153196;donor576308010;donor579027290;donor583710254;donor588383820;donor588711761;donor589117377;donor590563964;donor593058284;donor593058296;donor594621328;donor594621340;donor601590018;donor601710463;donor603751387;donor603898619;donor605676776;donor605677257;donor608014788;donor612135386;donor617884009;donor638236907;donor642166662;donor643271548;donor643479450;donor644548285;donor644549836;donor644572921;donor646205980;donor646855414;donor647086913;donor650072699;donor651725217;donor654662700;donor656643818;donor657880054;donor659422762;donor664877009,4087,-80.01059084237072,-0.14453849348314884,-0.2535891503887973,144.6968553514998,9.00058836089956,-0.054645929690262524,20.33909155795655,0.344812514365349,0.4532053963830675,0.4999999999999066
shared_RRR_selected,feat__peak_dff_dg,1,donor518640920;donor536313085;donor548920252;donor549890582;donor549890782;donor553521088;donor553531517;donor558793503;donor562721666;donor563788853;donor565805420;donor567421970;donor568773347;donor571153196;donor576308010;donor579027290;donor583710254;donor588383820;donor588711761;donor589117377;donor590563964;donor593058284;donor593058296;donor594621328;donor594621340;donor601590018;donor601710463;donor603751387;donor603898619;donor605676776;donor605677257;donor608014788;donor612135386;donor617884009;donor638236907;donor642166662;donor643271548;donor643479450;donor644548285;donor644549836;donor644572921;donor646205980;donor646855414;donor647086913;donor650072699;donor651725217;donor654662700;donor656643818;donor657880054;donor659422762;donor664877009,4087,-1.9043972077747995e-05,0.027945062161748874,0.013520704075080726,154.01327323631116,1.0000095219406988,1.8504699228618553,-5.348134996373489,0.5041867422698947,0.5599256270559319,0.4999562242731329
shared_RRR_selected,feat__rf_chi2_lsn,1,donor518640920;donor536313085;donor548920252;donor549890582;donor549890782;donor553521088;donor553531517;donor558793503;donor562721666;donor563788853;donor565805420;donor567421970;donor568773347;donor571153196;donor576308010;donor579027290;donor583710254;donor588383820;donor588711761;donor589117377;donor590563964;donor593058284;donor593058296;donor594621328;donor594621340;donor601590018;donor601710463;donor603751387;donor603898619;donor605676776;donor605677257;donor608014788;donor612135386;donor617884009;donor638236907;donor642166662;donor643271548;donor643479450;donor644548285;donor644549836;donor644572921;donor646205980;donor646855414;donor647086913;donor650072699;donor651725217;donor654662700;donor656643818;donor657880054;donor659422762;donor664877009,4087,-0.005914869086889318,0.044622140969683304,0.0003857749409194541,0.4432482223611219,1.0029530742175015,0.33495254617567777,0.38042422946805265,0.4950626261930305,0.5315635450060234,0.269161517351955
shared_RRR_selected,feat__g_dsi_dg,1,donor518640920;donor536313085;donor548920252;donor549890582;donor549890782;donor553521088;donor553531517;donor558793503;donor562721666;donor563788853;donor565805420;donor567421970;donor568773347;donor571153196;donor576308010;donor579027290;donor583710254;donor588383820;donor588711761;donor589117377;donor590563964;donor593058284;donor593058296;donor594621328;donor594621340;donor601590018;donor601710463;donor603751387;donor603898619;donor605676776;donor605677257;donor608014788;donor612135386;donor617884009;donor638236907;donor642166662;donor643271548;donor643479450;donor644548285;donor644549836;donor644572921;donor646205980;donor646855414;donor647086913;donor650072699;donor651725217;donor654662700;donor656643818;donor657880054;donor659422762;donor664877009,4087,0.023315087687104552,0.16006671333981365,0.15316326037132952,0.2593829737276043,0.9882737031336275,1.2678213892814245,-0.11313110404368514,0.5982727131306422,0.5803136646705347,0.26111956270041803
shared_RRR_selected,feat__g_osi_dg,1,donor518640920;donor536313085;donor548920252;donor549890582;donor549890782;donor553521088;donor553531517;donor558793503;donor562721666;donor563788853;donor565805420;donor567421970;donor568773347;donor571153196;donor576308010;donor579027290;donor583710254;donor588383820;donor588711761;donor589117377;donor590563964;donor593058284;donor593058296;donor594621328;donor594621340;donor601590018;donor601710463;donor603751387;donor603898619;donor605676776;donor605677257;donor608014788;donor612135386;donor617884009;donor638236907;donor642166662;donor643271548;donor643479450;donor644548285;donor644549836;donor644572921;donor646205980;donor646855414;donor647086913;donor650072699;donor651725217;donor654662700;donor656643818;donor657880054;donor659422762;donor664877009,4087,0.0003463704641099019,0.05267077338518861,0.05152232136266871,0.26355359206284984,0.9998267997649922,0.9541605775859802,0.03869596924756103,0.5371450917740581,0.5223679949568205,0.268491245441558
shared_RRR_selected,feat__g_osi_sg,1,donor518640920;donor536313085;donor548920252;donor549890582;donor549890782;donor553521088;donor553531517;donor558793503;donor562721666;donor563788853;donor565805420;donor567421970;donor568773347;donor571153196;donor576308010;donor579027290;donor583710254;donor588383820;donor588711761;donor589117377;donor590563964;donor593058284;donor593058296;donor594621328;donor594621340;donor601590018;donor601710463;donor603751387;donor603898619;donor605676776;donor605677257;donor608014788;donor612135386;donor617884009;donor638236907;donor642166662;donor643271548;donor643479450;donor644548285;donor644549836;donor644572921;donor646205980;donor646855414;donor647086913;donor650072699;donor651725217;donor654662700;donor656643818;donor657880054;donor659422762;donor664877009,4087,0.0006529791587196465,0.05367139243771011,0.03623785744533041,0.22450431193986248,0.9996734571010578,0.9433623423122647,0.02651100139215472,0.5225943053199833,0.5274683597400659,0.2748294903899496
shared_RRR_selected,feat__image_sel_ns,1,donor518640920;donor536313085;donor548920252;donor549890582;donor549890782;donor553521088;donor553531517;donor558793503;donor562721666;donor563788853;donor565805420;donor567421970;donor568773347;donor571153196;donor576308010;donor579027290;donor583710254;donor588383820;donor588711761;donor589117377;donor590563964;donor593058284;donor593058296;donor594621328;donor594621340;donor601590018;donor601710463;donor603751387;donor603898619;donor605676776;donor605677257;donor608014788;donor612135386;donor617884009;donor638236907;donor642166662;donor643271548;donor643479450;donor644548285;donor644549836;donor644572921;donor646205980;donor646855414;donor647086913;donor650072699;donor651725217;donor654662700;donor656643818;donor657880054;donor659422762;donor664877009,4087,0.04338306818444926,0.22037033250158136,0.21558818202555216,0.21173157386646116,0.9780679586852402,1.453489311438236,-0.20317003929770774,0.637841410853556,0.6236012554728001,0.2597192554706089
shared_RRR_selected,feat__reliability_ns,1,donor518640920;donor536313085;donor548920252;donor549890582;donor549890782;donor553521088;donor553531517;donor558793503;donor562721666;donor563788853;donor565805420;donor567421970;donor568773347;donor571153196;donor576308010;donor579027290;donor583710254;donor588383820;donor588711761;donor589117377;donor590563964;donor593058284;donor593058296;donor594621328;donor594621340;donor601590018;donor601710463;donor603751387;donor603898619;donor605676776;donor605677257;donor608014788;donor612135386;donor617884009;donor638236907;donor642166662;donor643271548;donor643479450;donor644548285;donor644549836;donor644572921;donor646205980;donor646855414;donor647086913;donor650072699;donor651725217;donor654662700;donor656643818;donor657880054;donor659422762;donor664877009,4087,0.06266709185984431,0.28149614905577297,0.3263735066673207,0.1587874498221308,0.9681595468355023,1.6239016142427172,-0.06507692658589216,0.7069584539304941,0.6876093758042825,0.24815389258494341
shared_RRR_selected,feat__reliability_nm1_a,1,donor518640920;donor536313085;donor548920252;donor549890582;donor549890782;donor553521088;donor553531517;donor558793503;donor562721666;donor563788853;donor565805420;donor567421970;donor568773347;donor571153196;donor576308010;donor579027290;donor583710254;donor588383820;donor588711761;donor589117377;donor590563964;donor593058284;donor593058296;donor594621328;donor594621340;donor601590018;donor601710463;donor603751387;donor603898619;donor605676776;donor605677257;donor608014788;donor612135386;donor617884009;donor638236907;donor642166662;donor643271548;donor643479450;donor644548285;donor644549836;donor644572921;donor646205980;donor646855414;donor647086913;donor650072699;donor651725217;donor654662700;donor656643818;donor657880054;donor659422762;donor664877009,4087,0.014893257611407473,0.1577949809723595,0.30678651282315406,0.14511803295364162,0.9925254366388386,1.1726964307124759,-0.0022742858335468566,0.6953108809545213,0.6516527515279549,0.24915116301642268
shared_RRR_selected,feat__reliability_dg,1,donor518640920;donor536313085;donor548920252;donor549890582;donor549890782;donor553521088;donor553531517;donor558793503;donor562721666;donor563788853;donor565805420;donor567421970;donor568773347;donor571153196;donor576308010;donor579027290;donor583710254;donor588383820;donor588711761;donor589117377;donor590563964;donor593058284;donor593058296;donor594621328;donor594621340;donor601590018;donor601710463;donor603751387;donor603898619;donor605676776;donor605677257;donor608014788;donor612135386;donor617884009;donor638236907;donor642166662;donor643271548;donor643479450;donor644548285;donor644549836;donor644572921;donor646205980;donor646855414;donor647086913;donor650072699;donor651725217;donor654662700;donor656643818;donor657880054;donor659422762;donor664877009,4087,0.017899892770366965,0.22361541667969376,0.30116593199494357,0.1526172105408514,0.9910096403248955,1.449331769941579,-0.006383380993968707,0.6899035886593006,0.6309447057198306,0.24878880252908733
shared_RRR_selected,feat__reliability_nm3,1,donor518640920;donor536313085;donor548920252;donor549890582;donor549890782;donor553521088;donor553531517;donor558793503;donor562721666;donor563788853;donor565805420;donor567421970;donor568773347;donor571153196;donor576308010;donor579027290;donor583710254;donor588383820;donor588711761;donor589117377;donor590563964;donor593058284;donor593058296;donor594621328;donor594621340;donor601590018;donor601710463;donor603751387;donor603898619;donor605676776;donor605677257;donor608014788;donor612135386;donor617884009;donor638236907;donor642166662;donor643271548;donor643479450;donor644548285;donor644549836;donor644572921;donor646205980;donor646855414;donor647086913;donor650072699;donor651725217;donor654662700;donor656643818;donor657880054;donor659422762;donor664877009,4087,0.01705669845316904,0.21637895797218215,0.3053722527237038,0.14286786029866821,0.9914349709048943,1.6556055436961463,-0.049959556541355137,0.6908531146767978,0.6684733780809654,0.24919922853988677
independent_Ridge,feat__peak_dff_sg,2,donor492413952;donor495727026;donor496001353;donor496001358;donor503292442;donor515910155;donor515912950;donor519772020;donor524697480;donor529204474;donor544691086;donor546734098;donor554032559;donor554431707;donor554725175;donor558792472;donor559180932;donor561035974;donor568773335;donor570077427;donor572569275;donor575188362;donor575296278;donor578776850;donor585052889;donor585074145;donor585085585;donor588702284;donor596212766;donor597594615;donor602213820;donor606353129;donor606727216;donor617941978;donor638237461;donor639700247;donor639706978;donor645146091;donor651725139;donor651725205;donor652810246;donor657193842;donor657195968;donor658985347;donor666491260;donor666788991;donor669165768;donor680974785;donor685001097;donor694412710;donor699502603,4087,-3.927365203842625e+19,0.04741478179421327,0.05154111031324467,468160441254.5121,6266869396.94974,8.169254973226844e-12,6.10178127500678,0.5363137182286927,0.5461722622559217,0.4999999999999066
independent_Ridge,feat__peak_dff_ns,2,donor492413952;donor495727026;donor496001353;donor496001358;donor503292442;donor515910155;donor515912950;donor519772020;donor524697480;donor529204474;donor544691086;donor546734098;donor554032559;donor554431707;donor554725175;donor558792472;donor559180932;donor561035974;donor568773335;donor570077427;donor572569275;donor575188362;donor575296278;donor578776850;donor585052889;donor585074145;donor585085585;donor588702284;donor596212766;donor597594615;donor602213820;donor606353129;donor606727216;donor617941978;donor638237461;donor639700247;donor639706978;donor645146091;donor651725139;donor651725205;donor652810246;donor657193842;donor657195968;donor658985347;donor666491260;donor666788991;donor669165768;donor680974785;donor685001097;donor694412710;donor699502603,4087,-1.1142644879891588,-0.001748568397150988,-0.004513484945524751,1040.5274849641296,1.4540510609979118,-0.001751562180909356,21.152339072968648,0.4982269054979387,0.5205618722314223,0.4999999999999066
independent_Ridge,feat__peak_dff_dg,2,donor492413952;donor495727026;donor496001353;donor496001358;donor503292442;donor515910155;donor515912950;donor519772020;donor524697480;donor529204474;donor544691086;donor546734098;donor554032559;donor554431707;donor554725175;donor558792472;donor559180932;donor561035974;donor568773335;donor570077427;donor572569275;donor575188362;donor575296278;donor578776850;donor585052889;donor585074145;donor585085585;donor588702284;donor596212766;donor597594615;donor602213820;donor606353129;donor606727216;donor617941978;donor638237461;donor639700247;donor639706978;donor645146091;donor651725139;donor651725205;donor652810246;donor657193842;donor657195968;donor658985347;donor666491260;donor666788991;donor669165768;donor680974785;donor685001097;donor694412710;donor699502603,4087,0.01093897074381045,0.1080590808113347,0.1094826897670211,33.490367702758455,0.9945154746187365,1.1185749549030752,-2.426800538039166,0.5706053874297612,0.5638463516152393,0.4999679504977322
independent_Ridge,feat__rf_chi2_lsn,2,donor492413952;donor495727026;donor496001353;donor496001358;donor503292442;donor515910155;donor515912950;donor519772020;donor524697480;donor529204474;donor544691086;donor546734098;donor554032559;donor554431707;donor554725175;donor558792472;donor559180932;donor561035974;donor568773335;donor570077427;donor572569275;donor575188362;donor575296278;donor578776850;donor585052889;donor585074145;donor585085585;donor588702284;donor596212766;donor597594615;donor602213820;donor606353129;donor606727216;donor617941978;donor638237461;donor639700247;donor639706978;donor645146091;donor651725139;donor651725205;donor652810246;donor657193842;donor657195968;donor658985347;donor666491260;donor666788991;donor669165768;donor680974785;donor685001097;donor694412710;donor699502603,4087,0.008374810937300747,0.11366496624010682,0.18065473012464756,0.43173372572650515,0.995803790441734,0.6936138025666803,0.17447412187641367,0.6149814643262967,0.5803872538778487,0.27108502458535516
independent_Ridge,feat__g_dsi_dg,2,donor492413952;donor495727026;donor496001353;donor496001358;donor503292442;donor515910155;donor515912950;donor519772020;donor524697480;donor529204474;donor544691086;donor546734098;donor554032559;donor554431707;donor554725175;donor558792472;donor559180932;donor561035974;donor568773335;donor570077427;donor572569275;donor575188362;donor575296278;donor578776850;donor585052889;donor585074145;donor585085585;donor588702284;donor596212766;donor597594615;donor602213820;donor606353129;donor606727216;donor617941978;donor638237461;donor639700247;donor639706978;donor645146091;donor651725139;donor651725205;donor652810246;donor657193842;donor657195968;donor658985347;donor666491260;donor666788991;donor669165768;donor680974785;donor685001097;donor694412710;donor699502603,4087,0.04224885104244647,0.22985179790511107,0.24067744273637084,0.2614004077620213,0.9786476122437444,1.172779652960179,-0.11068461332780402,0.6564820491675767,0.6196260237493479,0.26115190457261755
independent_Ridge,feat__g_osi_dg,2,donor492413952;donor495727026;donor496001353;donor496001358;donor503292442;donor515910155;donor515912950;donor519772020;donor524697480;donor529204474;donor544691086;donor546734098;donor554032559;donor554431707;donor554725175;donor558792472;donor559180932;donor561035974;donor568773335;donor570077427;donor572569275;donor575188362;donor575296278;donor578776850;donor585052889;donor585074145;donor585085585;donor588702284;donor596212766;donor597594615;donor602213820;donor606353129;donor606727216;donor617941978;donor638237461;donor639700247;donor639706978;donor645146091;donor651725139;donor651725205;donor652810246;donor657193842;donor657195968;donor658985347;donor666491260;donor666788991;donor669165768;donor680974785;donor685001097;donor694412710;donor699502603,4087,0.0028357952957854815,0.07441714871058858,0.07408364640613761,0.255493805064347,0.9985810957035088,1.327017254392939,-0.20076166923924643,0.5505025113455978,0.5328131096851438,0.26933014944421463
independent_Ridge,feat__g_osi_sg,2,donor492413952;donor495727026;donor496001353;donor496001358;donor503292442;donor515910155;donor515912950;donor519772020;donor524697480;donor529204474;donor544691086;donor546734098;donor554032559;donor554431707;donor554725175;donor558792472;donor559180932;donor561035974;donor568773335;donor570077427;donor572569275;donor575188362;donor575296278;donor578776850;donor585052889;donor585074145;donor585085585;donor588702284;donor596212766;donor597594615;donor602213820;donor606353129;donor606727216;donor617941978;donor638237461;donor639700247;donor639706978;donor645146091;donor651725139;donor651725205;donor652810246;donor657193842;donor657195968;donor658985347;donor666491260;donor666788991;donor669165768;donor680974785;donor685001097;donor694412710;donor699502603,4087,0.015013649337311419,0.12426211750792444,0.04061525142879341,0.22029686509897745,0.9924647855988713,1.0361187247233834,-0.018812202631238163,0.5282136799569807,0.5210327969586757,0.27350047995594085
independent_Ridge,feat__image_sel_ns,2,donor492413952;donor495727026;donor496001353;donor496001358;donor503292442;donor515910155;donor515912950;donor519772020;donor524697480;donor529204474;donor544691086;donor546734098;donor554032559;donor554431707;donor554725175;donor558792472;donor559180932;donor561035974;donor568773335;donor570077427;donor572569275;donor575188362;donor575296278;donor578776850;donor585052889;donor585074145;donor585085585;donor588702284;donor596212766;donor597594615;donor602213820;donor606353129;donor606727216;donor617941978;donor638237461;donor639700247;donor639706978;donor645146091;donor651725139;donor651725205;donor652810246;donor657193842;donor657195968;donor658985347;donor666491260;donor666788991;donor669165768;donor680974785;donor685001097;donor694412710;donor699502603,4087,0.051967644189747975,0.23500697982183447,0.22397199613112,0.20543227446071846,0.9736695311045043,1.052761481219316,-0.009384454305663325,0.6386060376720679,0.6026864595862,0.25696452676279574
independent_Ridge,feat__reliability_ns,2,donor492413952;donor495727026;donor496001353;donor496001358;donor503292442;donor515910155;donor515912950;donor519772020;donor524697480;donor529204474;donor544691086;donor546734098;donor554032559;donor554431707;donor554725175;donor558792472;donor559180932;donor561035974;donor568773335;donor570077427;donor572569275;donor575188362;donor575296278;donor578776850;donor585052889;donor585074145;donor585085585;donor588702284;donor596212766;donor597594615;donor602213820;donor606353129;donor606727216;donor617941978;donor638237461;donor639700247;donor639706978;donor645146091;donor651725139;donor651725205;donor652810246;donor657193842;donor657195968;donor658985347;donor666491260;donor666788991;donor669165768;donor680974785;donor685001097;donor694412710;donor699502603,4087,0.04071934537003463,0.20843756590146703,0.12493985624154191,0.13483564706797183,0.9794287389167365,0.8172816435921513,0.02088614478572,0.5804758288032581,0.6011727418347075,0.24850393069152746
independent_Ridge,feat__reliability_nm1_a,2,donor492413952;donor495727026;donor496001353;donor496001358;donor503292442;donor515910155;donor515912950;donor519772020;donor524697480;donor529204474;donor544691086;donor546734098;donor554032559;donor554431707;donor554725175;donor558792472;donor559180932;donor561035974;donor568773335;donor570077427;donor572569275;donor575188362;donor575296278;donor578776850;donor585052889;donor585074145;donor585085585;donor588702284;donor596212766;donor597594615;donor602213820;donor606353129;donor606727216;donor617941978;donor638237461;donor639700247;donor639706978;donor645146091;donor651725139;donor651725205;donor652810246;donor657193842;donor657195968;donor658985347;donor666491260;donor666788991;donor669165768;donor680974785;donor685001097;donor694412710;donor699502603,4087,0.0658439353699175,0.26309631670041816,0.16460827015574417,0.13740148969048546,0.9665174931768903,1.169601808258652,-0.008390446595132156,0.5994658108731495,0.6131720626119652,0.24875989862036627
independent_Ridge,feat__reliability_dg,2,donor492413952;donor495727026;donor496001353;donor496001358;donor503292442;donor515910155;donor515912950;donor519772020;donor524697480;donor529204474;donor544691086;donor546734098;donor554032559;donor554431707;donor554725175;donor558792472;donor559180932;donor561035974;donor568773335;donor570077427;donor572569275;donor575188362;donor575296278;donor578776850;donor585052889;donor585074145;donor585085585;donor588702284;donor596212766;donor597594615;donor602213820;donor606353129;donor606727216;donor617941978;donor638237461;donor639700247;donor639706978;donor645146091;donor651725139;donor651725205;donor652810246;donor657193842;donor657195968;donor658985347;donor666491260;donor666788991;donor669165768;donor680974785;donor685001097;donor694412710;donor699502603,4087,0.08508704112467191,0.2987105006203892,0.09252944530482109,0.12565937913897945,0.956510825271413,1.2715809762383017,-0.018809094749574314,0.556383220949429,0.5574107848714547,0.24921043034146267
independent_Ridge,feat__reliability_nm3,2,donor492413952;donor495727026;donor496001353;donor496001358;donor503292442;donor515910155;donor515912950;donor519772020;donor524697480;donor529204474;donor544691086;donor546734098;donor554032559;donor554431707;donor554725175;donor558792472;donor559180932;donor561035974;donor568773335;donor570077427;donor572569275;donor575188362;donor575296278;donor578776850;donor585052889;donor585074145;donor585085585;donor588702284;donor596212766;donor597594615;donor602213820;donor606353129;donor606727216;donor617941978;donor638237461;donor639700247;donor639706978;donor645146091;donor651725139;donor651725205;donor652810246;donor657193842;donor657195968;donor658985347;donor666491260;donor666788991;donor669165768;donor680974785;donor685001097;donor694412710;donor699502603,4087,0.03275906958350061,0.19237024554728907,0.21688986711110098,0.12213710507617591,0.9834840773499702,0.7854624598685175,0.0246220782524616,0.6320514014390378,0.6344179115984856,0.24843910507381176
shared_fullrank,feat__peak_dff_sg,2,donor492413952;donor495727026;donor496001353;donor496001358;donor503292442;donor515910155;donor515912950;donor519772020;donor524697480;donor529204474;donor544691086;donor546734098;donor554032559;donor554431707;donor554725175;donor558792472;donor559180932;donor561035974;donor568773335;donor570077427;donor572569275;donor575188362;donor575296278;donor578776850;donor585052889;donor585074145;donor585085585;donor588702284;donor596212766;donor597594615;donor602213820;donor606353129;donor606727216;donor617941978;donor638237461;donor639700247;donor639706978;donor645146091;donor651725139;donor651725205;donor652810246;donor657193842;donor657195968;donor658985347;donor666491260;donor666788991;donor669165768;donor680974785;donor685001097;donor694412710;donor699502603,4087,-3.927365203842643e+19,0.04741478179421327,0.051490312744378645,468160441254.5132,6266869396.949755,8.169254973226796e-12,6.101781275006793,0.5363110268284162,0.5461722622559216,0.4999999999999066
shared_fullrank,feat__peak_dff_ns,2,donor492413952;donor495727026;donor496001353;donor496001358;donor503292442;donor515910155;donor515912950;donor519772020;donor524697480;donor529204474;donor544691086;donor546734098;donor554032559;donor554431707;donor554725175;donor558792472;donor559180932;donor561035974;donor568773335;donor570077427;donor572569275;donor575188362;donor575296278;donor578776850;donor585052889;donor585074145;donor585085585;donor588702284;donor596212766;donor597594615;donor602213820;donor606353129;donor606727216;donor617941978;donor638237461;donor639700247;donor639706978;donor645146091;donor651725139;donor651725205;donor652810246;donor657193842;donor657195968;donor658985347;donor666491260;donor666788991;donor669165768;donor680974785;donor685001097;donor694412710;donor699502603,4087,-1.1142644879891583,-0.00174856839715099,-0.004211197785330584,1040.5274849641294,1.4540510609979114,-0.001751562180909375,21.152339072968644,0.49842822223860983,0.5206803807904336,0.4999999999999066
shared_fullrank,feat__peak_dff_dg,2,donor492413952;donor495727026;donor496001353;donor496001358;donor503292442;donor515910155;donor515912950;donor519772020;donor524697480;donor529204474;donor544691086;donor546734098;donor554032559;donor554431707;donor554725175;donor558792472;donor559180932;donor561035974;donor568773335;donor570077427;donor572569275;donor575188362;donor575296278;donor578776850;donor585052889;donor585074145;donor585085585;donor588702284;donor596212766;donor597594615;donor602213820;donor606353129;donor606727216;donor617941978;donor638237461;donor639700247;donor639706978;donor645146091;donor651725139;donor651725205;donor652810246;donor657193842;donor657195968;donor658985347;donor666491260;donor666788991;donor669165768;donor680974785;donor685001097;donor694412710;donor699502603,4087,0.01093897074381045,0.1080590808113347,0.1094826897670211,33.490367702758455,0.9945154746187365,1.118574954903076,-2.4268005380391506,0.5706053874297612,0.5638463516152393,0.4999679504977322
shared_fullrank,feat__rf_chi2_lsn,2,donor492413952;donor495727026;donor496001353;donor496001358;donor503292442;donor515910155;donor515912950;donor519772020;donor524697480;donor529204474;donor544691086;donor546734098;donor554032559;donor554431707;donor554725175;donor558792472;donor559180932;donor561035974;donor568773335;donor570077427;donor572569275;donor575188362;donor575296278;donor578776850;donor585052889;donor585074145;donor585085585;donor588702284;donor596212766;donor597594615;donor602213820;donor606353129;donor606727216;donor617941978;donor638237461;donor639700247;donor639706978;donor645146091;donor651725139;donor651725205;donor652810246;donor657193842;donor657195968;donor658985347;donor666491260;donor666788991;donor669165768;donor680974785;donor685001097;donor694412710;donor699502603,4087,0.012011406861026974,0.11254947256500904,0.18065473012464756,0.43094134810922374,0.9939761532020853,0.9825023220494377,-0.0001395843638304637,0.6149814643262967,0.5803872538778487,0.27116557821363624
shared_fullrank,feat__g_dsi_dg,2,donor492413952;donor495727026;donor496001353;donor496001358;donor503292442;donor515910155;donor515912950;donor519772020;donor524697480;donor529204474;donor544691086;donor546734098;donor554032559;donor554431707;donor554725175;donor558792472;donor559180932;donor561035974;donor568773335;donor570077427;donor572569275;donor575188362;donor575296278;donor578776850;donor585052889;donor585074145;donor585085585;donor588702284;donor596212766;donor597594615;donor602213820;donor606353129;donor606727216;donor617941978;donor638237461;donor639700247;donor639706978;donor645146091;donor651725139;donor651725205;donor652810246;donor657193842;donor657195968;donor658985347;donor666491260;donor666788991;donor669165768;donor680974785;donor685001097;donor694412710;donor699502603,4087,0.0365766682339993,0.23098086911398827,0.24067744273637084,0.26217332360589496,0.9815413041532115,1.845211757190668,-0.42941599059374264,0.6564820491675767,0.6196260237493479,0.2619660681279999
shared_fullrank,feat__g_osi_dg,2,donor492413952;donor495727026;donor496001353;donor496001358;donor503292442;donor515910155;donor515912950;donor519772020;donor524697480;donor529204474;donor544691086;donor546734098;donor554032559;donor554431707;donor554725175;donor558792472;donor559180932;donor561035974;donor568773335;donor570077427;donor572569275;donor575188362;donor575296278;donor578776850;donor585052889;donor585074145;donor585085585;donor588702284;donor596212766;donor597594615;donor602213820;donor606353129;donor606727216;donor617941978;donor638237461;donor639700247;donor639706978;donor645146091;donor651725139;donor651725205;donor652810246;donor657193842;donor657195968;donor658985347;donor666491260;donor666788991;donor669165768;donor680974785;donor685001097;donor694412710;donor699502603,4087,0.0028357952957857036,0.07441714871058856,0.07408364640613761,0.25549380506434693,0.9985810957035086,1.3270172543929375,-0.20076166923924574,0.5505025113455978,0.5328131096851438,0.26933014944421463
shared_fullrank,feat__g_osi_sg,2,donor492413952;donor495727026;donor496001353;donor496001358;donor503292442;donor515910155;donor515912950;donor519772020;donor524697480;donor529204474;donor544691086;donor546734098;donor554032559;donor554431707;donor554725175;donor558792472;donor559180932;donor561035974;donor568773335;donor570077427;donor572569275;donor575188362;donor575296278;donor578776850;donor585052889;donor585074145;donor585085585;donor588702284;donor596212766;donor597594615;donor602213820;donor606353129;donor606727216;donor617941978;donor638237461;donor639700247;donor639706978;donor645146091;donor651725139;donor651725205;donor652810246;donor657193842;donor657195968;donor658985347;donor666491260;donor666788991;donor669165768;donor680974785;donor685001097;donor694412710;donor699502603,4087,0.012964099410342267,0.12300520260425264,0.04061525142879341,0.2205259417726908,0.9934968045146216,1.5421079214913915,-0.3462412095470512,0.5282136799569807,0.5210327969586757,0.2738182097926163
shared_fullrank,feat__image_sel_ns,2,donor492413952;donor495727026;donor496001353;donor496001358;donor503292442;donor515910155;donor515912950;donor519772020;donor524697480;donor529204474;donor544691086;donor546734098;donor554032559;donor554431707;donor554725175;donor558792472;donor559180932;donor561035974;donor568773335;donor570077427;donor572569275;donor575188362;donor575296278;donor578776850;donor585052889;donor585074145;donor585085585;donor588702284;donor596212766;donor597594615;donor602213820;donor606353129;donor606727216;donor617941978;donor638237461;donor639700247;donor639706978;donor645146091;donor651725139;donor651725205;donor652810246;donor657193842;donor657195968;donor658985347;donor666491260;donor666788991;donor669165768;donor680974785;donor685001097;donor694412710;donor699502603,4087,0.04658830064449038,0.2332081580926677,0.22397199613112,0.2060142839105038,0.9764280308074282,1.5681576779756705,-0.2262087777411982,0.6386060376720679,0.6026864595862,0.2582067722269035
shared_fullrank,feat__reliability_ns,2,donor492413952;donor495727026;donor496001353;donor496001358;donor503292442;donor515910155;donor515912950;donor519772020;donor524697480;donor529204474;donor544691086;donor546734098;donor554032559;donor554431707;donor554725175;donor558792472;donor559180932;donor561035974;donor568773335;donor570077427;donor572569275;donor575188362;donor575296278;donor578776850;donor585052889;donor585074145;donor585085585;donor588702284;donor596212766;donor597594615;donor602213820;donor606353129;donor606727216;donor617941978;donor638237461;donor639700247;donor639706978;donor645146091;donor651725139;donor651725205;donor652810246;donor657193842;donor657195968;donor658985347;donor666491260;donor666788991;donor669165768;donor680974785;donor685001097;donor694412710;donor699502603,4087,0.04168452761907049,0.20804657853657255,0.12493985624154191,0.1347677974119086,0.9789358877715165,1.2062278606508139,-0.023614227046736984,0.5804758288032581,0.6011727418347075,0.2492443887026063
shared_fullrank,feat__reliability_nm1_a,2,donor492413952;donor495727026;donor496001353;donor496001358;donor503292442;donor515910155;donor515912950;donor519772020;donor524697480;donor529204474;donor544691086;donor546734098;donor554032559;donor554431707;donor554725175;donor558792472;donor559180932;donor561035974;donor568773335;donor570077427;donor572569275;donor575188362;donor575296278;donor578776850;donor585052889;donor585074145;donor585085585;donor588702284;donor596212766;donor597594615;donor602213820;donor606353129;donor606727216;donor617941978;donor638237461;donor639700247;donor639706978;donor645146091;donor651725139;donor651725205;donor652810246;donor657193842;donor657195968;donor658985347;donor666491260;donor666788991;donor669165768;donor680974785;donor685001097;donor694412710;donor699502603,4087,0.055298753433705494,0.2611280588218386,0.16460827015574417,0.13817483883999437,0.9719574304222401,1.7371658157616485,-0.06203630947775931,0.5994658108731495,0.6131720626119652,0.24934523443956105
shared_fullrank,feat__reliability_dg,2,donor492413952;donor495727026;donor496001353;donor496001358;donor503292442;donor515910155;donor515912950;donor519772020;donor524697480;donor529204474;donor544691086;donor546734098;donor554032559;donor554431707;donor554725175;donor558792472;donor559180932;donor561035974;donor568773335;donor570077427;donor572569275;donor575188362;donor575296278;donor578776850;donor585052889;donor585074145;donor585085585;donor588702284;donor596212766;donor597594615;donor602213820;donor606353129;donor606727216;donor617941978;donor638237461;donor639700247;donor639706978;donor645146091;donor651725139;donor651725205;donor652810246;donor657193842;donor657195968;donor658985347;donor666491260;donor666788991;donor669165768;donor680974785;donor685001097;donor694412710;donor699502603,4087,0.08508704112467191,0.2987105006203891,0.09252944530482109,0.12565937913897945,0.956510825271413,1.2715809762383015,-0.018809094749574363,0.556383220949429,0.5574107848714547,0.24921043034146267
shared_fullrank,feat__reliability_nm3,2,donor492413952;donor495727026;donor496001353;donor496001358;donor503292442;donor515910155;donor515912950;donor519772020;donor524697480;donor529204474;donor544691086;donor546734098;donor554032559;donor554431707;donor554725175;donor558792472;donor559180932;donor561035974;donor568773335;donor570077427;donor572569275;donor575188362;donor575296278;donor578776850;donor585052889;donor585074145;donor585085585;donor588702284;donor596212766;donor597594615;donor602213820;donor606353129;donor606727216;donor617941978;donor638237461;donor639700247;donor639706978;donor645146091;donor651725139;donor651725205;donor652810246;donor657193842;donor657195968;donor658985347;donor666491260;donor666788991;donor669165768;donor680974785;donor685001097;donor694412710;donor699502603,4087,0.03528684382614611,0.1894102310058397,0.1933734432883515,0.12197740494689556,0.9821981246970071,1.1469409595935482,-0.014184204984846424,0.6173019896445683,0.62956098716893,0.2491825007844904
shared_RRR_selected,feat__peak_dff_sg,2,donor492413952;donor495727026;donor496001353;donor496001358;donor503292442;donor515910155;donor515912950;donor519772020;donor524697480;donor529204474;donor544691086;donor546734098;donor554032559;donor554431707;donor554725175;donor558792472;donor559180932;donor561035974;donor568773335;donor570077427;donor572569275;donor575188362;donor575296278;donor578776850;donor585052889;donor585074145;donor585085585;donor588702284;donor596212766;donor597594615;donor602213820;donor606353129;donor606727216;donor617941978;donor638237461;donor639700247;donor639706978;donor645146091;donor651725139;donor651725205;donor652810246;donor657193842;donor657195968;donor658985347;donor666491260;donor666788991;donor669165768;donor680974785;donor685001097;donor694412710;donor699502603,4087,-4.024266175828933e+18,0.01650151290389156,0.01914062042949371,149860583412.8767,2006057371.021284,1.65456227810478e-11,5.392843520924368,0.5146387952431114,0.5229430170598095,0.510638297872245
shared_RRR_selected,feat__peak_dff_ns,2,donor492413952;donor495727026;donor496001353;donor496001358;donor503292442;donor515910155;donor515912950;donor519772020;donor524697480;donor529204474;donor544691086;donor546734098;donor554032559;donor554431707;donor554725175;donor558792472;donor559180932;donor561035974;donor568773335;donor570077427;donor572569275;donor575188362;donor575296278;donor578776850;donor585052889;donor585074145;donor585085585;donor588702284;donor596212766;donor597594615;donor602213820;donor606353129;donor606727216;donor617941978;donor638237461;donor639700247;donor639706978;donor645146091;donor651725139;donor651725205;donor652810246;donor657193842;donor657195968;donor658985347;donor666491260;donor666788991;donor669165768;donor680974785;donor685001097;donor694412710;donor699502603,4087,-0.09146143112569294,-0.0043409442888454166,-0.09474394298710054,747.6151534936004,1.0447303150218672,-0.025286350975001322,25.666570676636034,0.4376181861146354,0.4725741969303312,0.510638297872245
shared_RRR_selected,feat__peak_dff_dg,2,donor492413952;donor495727026;donor496001353;donor496001358;donor503292442;donor515910155;donor515912950;donor519772020;donor524697480;donor529204474;donor544691086;donor546734098;donor554032559;donor554431707;donor554725175;donor558792472;donor559180932;donor561035974;donor568773335;donor570077427;donor572569275;donor575188362;donor575296278;donor578776850;donor585052889;donor585074145;donor585085585;donor588702284;donor596212766;donor597594615;donor602213820;donor606353129;donor606727216;donor617941978;donor638237461;donor639700247;donor639706978;donor645146091;donor651725139;donor651725205;donor652810246;donor657193842;donor657195968;donor658985347;donor666491260;donor666788991;donor669165768;donor680974785;donor685001097;donor694412710;donor699502603,4087,0.014205662635293326,0.1297419521335908,0.14017014994998733,33.43501560957592,0.9928717627995308,1.6421458877273512,-8.522152306107017,0.5908759377511413,0.5775522161815267,0.49998669834678916
shared_RRR_selected,feat__rf_chi2_lsn,2,donor492413952;donor495727026;donor496001353;donor496001358;donor503292442;donor515910155;donor515912950;donor519772020;donor524697480;donor529204474;donor544691086;donor546734098;donor554032559;donor554431707;donor554725175;donor558792472;donor559180932;donor561035974;donor568773335;donor570077427;donor572569275;donor575188362;donor575296278;donor578776850;donor585052889;donor585074145;donor585085585;donor588702284;donor596212766;donor597594615;donor602213820;donor606353129;donor606727216;donor617941978;donor638237461;donor639700247;donor639706978;donor645146091;donor651725139;donor651725205;donor652810246;donor657193842;donor657195968;donor658985347;donor666491260;donor666788991;donor669165768;donor680974785;donor685001097;donor694412710;donor699502603,4087,0.0065141275907967255,0.08453859770872309,0.15741686584775283,0.43213858800648464,0.9967376146231366,1.013535116854742,-0.019346740453209343,0.593526159603266,0.5713243970264454,0.2721545436419134
shared_RRR_selected,feat__g_dsi_dg,2,donor492413952;donor495727026;donor496001353;donor496001358;donor503292442;donor515910155;donor515912950;donor519772020;donor524697480;donor529204474;donor544691086;donor546734098;donor554032559;donor554431707;donor554725175;donor558792472;donor559180932;donor561035974;donor568773335;donor570077427;donor572569275;donor575188362;donor575296278;donor578776850;donor585052889;donor585074145;donor585085585;donor588702284;donor596212766;donor597594615;donor602213820;donor606353129;donor606727216;donor617941978;donor638237461;donor639700247;donor639706978;donor645146091;donor651725139;donor651725205;donor652810246;donor657193842;donor657195968;donor658985347;donor666491260;donor666788991;donor669165768;donor680974785;donor685001097;donor694412710;donor699502603,4087,0.020206562680382234,0.16410632485614052,0.12143174730398516,0.2643913138404941,0.9898451582506638,1.4282907330399086,-0.22396284058547294,0.5782134377309558,0.5659689603477,0.2625433400574362
shared_RRR_selected,feat__g_osi_dg,2,donor492413952;donor495727026;donor496001353;donor496001358;donor503292442;donor515910155;donor515912950;donor519772020;donor524697480;donor529204474;donor544691086;donor546734098;donor554032559;donor554431707;donor554725175;donor558792472;donor559180932;donor561035974;donor568773335;donor570077427;donor572569275;donor575188362;donor575296278;donor578776850;donor585052889;donor585074145;donor585085585;donor588702284;donor596212766;donor597594615;donor602213820;donor606353129;donor606727216;donor617941978;donor638237461;donor639700247;donor639706978;donor645146091;donor651725139;donor651725205;donor652810246;donor657193842;donor657195968;donor658985347;donor666491260;donor666788991;donor669165768;donor680974785;donor685001097;donor694412710;donor699502603,4087,0.0006398515508059255,0.04913117907893917,0.037634779039982295,0.2557749731385743,0.9996800230280599,0.8456592541275634,0.07805397187059392,0.5328829902964255,0.5270342084083971,0.2692673131718414
shared_RRR_selected,feat__g_osi_sg,2,donor492413952;donor495727026;donor496001353;donor496001358;donor503292442;donor515910155;donor515912950;donor519772020;donor524697480;donor529204474;donor544691086;donor546734098;donor554032559;donor554431707;donor554725175;donor558792472;donor559180932;donor561035974;donor568773335;donor570077427;donor572569275;donor575188362;donor575296278;donor578776850;donor585052889;donor585074145;donor585085585;donor588702284;donor596212766;donor597594615;donor602213820;donor606353129;donor606727216;donor617941978;donor638237461;donor639700247;donor639706978;donor645146091;donor651725139;donor651725205;donor652810246;donor657193842;donor657195968;donor658985347;donor666491260;donor666788991;donor669165768;donor680974785;donor685001097;donor694412710;donor699502603,4087,0.012255778557811237,0.12282241864492167,0.02412858389977002,0.2206050549585707,0.9938532192599111,1.6539008811092044,-0.41677985234960524,0.5165227754365586,0.5094257911575558,0.27379186510617565
shared_RRR_selected,feat__image_sel_ns,2,donor492413952;donor495727026;donor496001353;donor496001358;donor503292442;donor515910155;donor515912950;donor519772020;donor524697480;donor529204474;donor544691086;donor546734098;donor554032559;donor554431707;donor554725175;donor558792472;donor559180932;donor561035974;donor568773335;donor570077427;donor572569275;donor575188362;donor575296278;donor578776850;donor585052889;donor585074145;donor585085585;donor588702284;donor596212766;donor597594615;donor602213820;donor606353129;donor606727216;donor617941978;donor638237461;donor639700247;donor639706978;donor645146091;donor651725139;donor651725205;donor652810246;donor657193842;donor657195968;donor658985347;donor666491260;donor666788991;donor669165768;donor680974785;donor685001097;donor694412710;donor699502603,4087,0.029510749967634475,0.1770061054534867,0.12282705090963361,0.20785116313651733,0.9851341279354634,1.2651976736395285,-0.10392651577357521,0.577554313803277,0.5787375314263632,0.2587886142951333
shared_RRR_selected,feat__reliability_ns,2,donor492413952;donor495727026;donor496001353;donor496001358;donor503292442;donor515910155;donor515912950;donor519772020;donor524697480;donor529204474;donor544691086;donor546734098;donor554032559;donor554431707;donor554725175;donor558792472;donor559180932;donor561035974;donor568773335;donor570077427;donor572569275;donor575188362;donor575296278;donor578776850;donor585052889;donor585074145;donor585085585;donor588702284;donor596212766;donor597594615;donor602213820;donor606353129;donor606727216;donor617941978;donor638237461;donor639700247;donor639706978;donor645146091;donor651725139;donor651725205;donor652810246;donor657193842;donor657195968;donor658985347;donor666491260;donor666788991;donor669165768;donor680974785;donor685001097;donor694412710;donor699502603,4087,0.04510440875631283,0.21757639503138115,0.12541852183735508,0.1345271137413569,0.9771875926503645,1.2711727602835712,-0.028635097195266884,0.580879538844711,0.6017521498480486,0.2491484137408174
shared_RRR_selected,feat__reliability_nm1_a,2,donor492413952;donor495727026;donor496001353;donor496001358;donor503292442;donor515910155;donor515912950;donor519772020;donor524697480;donor529204474;donor544691086;donor546734098;donor554032559;donor554431707;donor554725175;donor558792472;donor559180932;donor561035974;donor568773335;donor570077427;donor572569275;donor575188362;donor575296278;donor578776850;donor585052889;donor585074145;donor585085585;donor588702284;donor596212766;donor597594615;donor602213820;donor606353129;donor606727216;donor617941978;donor638237461;donor639700247;donor639706978;donor645146091;donor651725139;donor651725205;donor652810246;donor657193842;donor657195968;donor658985347;donor666491260;donor666788991;donor669165768;donor680974785;donor685001097;donor694412710;donor699502603,4087,0.050254595195584506,0.25250519169843216,0.13546620168587276,0.13854323459889686,0.9745488211429194,1.8315577419419995,-0.07191102140621038,0.5779448359833758,0.6018604609876453,0.24961726505853213
shared_RRR_selected,feat__reliability_dg,2,donor492413952;donor495727026;donor496001353;donor496001358;donor503292442;donor515910155;donor515912950;donor519772020;donor524697480;donor529204474;donor544691086;donor546734098;donor554032559;donor554431707;donor554725175;donor558792472;donor559180932;donor561035974;donor568773335;donor570077427;donor572569275;donor575188362;donor575296278;donor578776850;donor585052889;donor585074145;donor585085585;donor588702284;donor596212766;donor597594615;donor602213820;donor606353129;donor606727216;donor617941978;donor638237461;donor639700247;donor639706978;donor645146091;donor651725139;donor651725205;donor652810246;donor657193842;donor657195968;donor658985347;donor666491260;donor666788991;donor669165768;donor680974785;donor685001097;donor694412710;donor699502603,4087,0.08868875150568867,0.3082730726831821,0.15781866533622702,0.12541179548202883,0.9546262349634214,1.340525545661118,-0.022786191330876227,0.5971966913001563,0.5797739173142225,0.24903554363370592
shared_RRR_selected,feat__reliability_nm3,2,donor492413952;donor495727026;donor496001353;donor496001358;donor503292442;donor515910155;donor515912950;donor519772020;donor524697480;donor529204474;donor544691086;donor546734098;donor554032559;donor554431707;donor554725175;donor558792472;donor559180932;donor561035974;donor568773335;donor570077427;donor572569275;donor575188362;donor575296278;donor578776850;donor585052889;donor585074145;donor585085585;donor588702284;donor596212766;donor597594615;donor602213820;donor606353129;donor606727216;donor617941978;donor638237461;donor639700247;donor639706978;donor645146091;donor651725139;donor651725205;donor652810246;donor657193842;donor657195968;donor658985347;donor666491260;donor666788991;donor669165768;donor680974785;donor685001097;donor694412710;donor699502603,4087,0.03904922331057992,0.202011671813912,0.1933734432883515,0.12173931675995778,0.980280968229999,1.2618901300951535,-0.025256736262069073,0.6173019896445683,0.62956098716893,0.2491497064984265
independent_Ridge,feat__peak_dff_sg,3,donor496001363;donor496144063;donor497258322;donor497258332;donor501139891;donor501228870;donor501281221;donor501751610;donor503292439;donor503292470;donor504614281;donor517649990;donor521222627;donor536228554;donor539031635;donor557841072;donor558007145;donor562220816;donor562721970;donor567008970;donor569624786;donor571153214;donor571153246;donor575188353;donor587049063;donor593402247;donor596265190;donor596265204;donor602810529;donor602810570;donor603701499;donor603750239;donor606651548;donor645148351;donor645149007;donor645355944;donor646489903;donor649496259;donor652809665;donor656145286;donor657137462;donor657974275;donor660776266;donor661407746;donor661977224;donor664744816;donor669111839;donor669164742;donor691654617;donor691657859;donor697077867,4087,-1.0149819800057416e+19,0.16896299849895502,0.18213359871915608,36379034468.62207,3185878183.4928403,8.450858673102774e-10,-23.607928308293133,0.6163096703626769,0.5899178594468057,0.4999999999999066
independent_Ridge,feat__peak_dff_ns,3,donor496001363;donor496144063;donor497258322;donor497258332;donor501139891;donor501228870;donor501281221;donor501751610;donor503292439;donor503292470;donor504614281;donor517649990;donor521222627;donor536228554;donor539031635;donor557841072;donor558007145;donor562220816;donor562721970;donor567008970;donor569624786;donor571153214;donor571153246;donor575188353;donor587049063;donor593402247;donor596265190;donor596265204;donor602810529;donor602810570;donor603701499;donor603750239;donor606651548;donor645148351;donor645149007;donor645355944;donor646489903;donor649496259;donor652809665;donor656145286;donor657137462;donor657974275;donor660776266;donor661407746;donor661977224;donor664744816;donor669111839;donor669164742;donor691654617;donor691657859;donor697077867,4087,-0.00024229208225823307,0.0034932760831040697,0.18183321986467452,40488.85760330397,1.0001211387038365,82.05439848793971,-491.34152087265835,0.6135851658629249,0.6122210892913065,0.49999753764105714
independent_Ridge,feat__peak_dff_dg,3,donor496001363;donor496144063;donor497258322;donor497258332;donor501139891;donor501228870;donor501281221;donor501751610;donor503292439;donor503292470;donor504614281;donor517649990;donor521222627;donor536228554;donor539031635;donor557841072;donor558007145;donor562220816;donor562721970;donor567008970;donor569624786;donor571153214;donor571153246;donor575188353;donor587049063;donor593402247;donor596265190;donor596265204;donor602810529;donor602810570;donor603701499;donor603750239;donor606651548;donor645148351;donor645149007;donor645355944;donor646489903;donor649496259;donor652809665;donor656145286;donor657137462;donor657974275;donor660776266;donor661407746;donor661977224;donor664744816;donor669111839;donor669164742;donor691654617;donor691657859;donor697077867,4087,0.0009704274789016365,0.032491934847792905,0.042148176993989976,95.41911307438872,0.9995146684872002,0.8043000179600492,3.043189401341937,0.5240463157690757,0.5457293149183943,0.49994966374350064
independent_Ridge,feat__rf_chi2_lsn,3,donor496001363;donor496144063;donor497258322;donor497258332;donor501139891;donor501228870;donor501281221;donor501751610;donor503292439;donor503292470;donor504614281;donor517649990;donor521222627;donor536228554;donor539031635;donor557841072;donor558007145;donor562220816;donor562721970;donor567008970;donor569624786;donor571153214;donor571153246;donor575188353;donor587049063;donor593402247;donor596265190;donor596265204;donor602810529;donor602810570;donor603701499;donor603750239;donor606651548;donor645148351;donor645149007;donor645355944;donor646489903;donor649496259;donor652809665;donor656145286;donor657137462;donor657974275;donor660776266;donor661407746;donor661977224;donor664744816;donor669111839;donor669164742;donor691654617;donor691657859;donor697077867,4087,0.02155530111055537,0.23812572409305638,0.23812095223330768,0.4270583888147418,0.9891636360506345,2.1153444151242886,-0.6167912940881711,0.6552827612044339,0.6203112750161163,0.26857360164596444
independent_Ridge,feat__g_dsi_dg,3,donor496001363;donor496144063;donor497258322;donor497258332;donor501139891;donor501228870;donor501281221;donor501751610;donor503292439;donor503292470;donor504614281;donor517649990;donor521222627;donor536228554;donor539031635;donor557841072;donor558007145;donor562220816;donor562721970;donor567008970;donor569624786;donor571153214;donor571153246;donor575188353;donor587049063;donor593402247;donor596265190;donor596265204;donor602810529;donor602810570;donor603701499;donor603750239;donor606651548;donor645148351;donor645149007;donor645355944;donor646489903;donor649496259;donor652809665;donor656145286;donor657137462;donor657974275;donor660776266;donor661407746;donor661977224;donor664744816;donor669111839;donor669164742;donor691654617;donor691657859;donor697077867,4087,0.055887268100206944,0.2509738201051847,0.25259546478308637,0.2654714427670406,0.9716546361196873,1.1103531718741628,-0.028224431302049036,0.657739471376689,0.6080743319696656,0.25843261014731805
independent_Ridge,feat__g_osi_dg,3,donor496001363;donor496144063;donor497258322;donor497258332;donor501139891;donor501228870;donor501281221;donor501751610;donor503292439;donor503292470;donor504614281;donor517649990;donor521222627;donor536228554;donor539031635;donor557841072;donor558007145;donor562220816;donor562721970;donor567008970;donor569624786;donor571153214;donor571153246;donor575188353;donor587049063;donor593402247;donor596265190;donor596265204;donor602810529;donor602810570;donor603701499;donor603750239;donor606651548;donor645148351;donor645149007;donor645355944;donor646489903;donor649496259;donor652809665;donor656145286;donor657137462;donor657974275;donor660776266;donor661407746;donor661977224;donor664744816;donor669111839;donor669164742;donor691654617;donor691657859;donor697077867,4087,0.009738248788319193,0.12908532407272472,0.11129865637304329,0.2593562564936917,0.9951189633426154,1.2286484746804136,-0.10693739579380472,0.5733993300566432,0.5447642248866722,0.26761494841575917
independent_Ridge,feat__g_osi_sg,3,donor496001363;donor496144063;donor497258322;donor497258332;donor501139891;donor501228870;donor501281221;donor501751610;donor503292439;donor503292470;donor504614281;donor517649990;donor521222627;donor536228554;donor539031635;donor557841072;donor558007145;donor562220816;donor562721970;donor567008970;donor569624786;donor571153214;donor571153246;donor575188353;donor587049063;donor593402247;donor596265190;donor596265204;donor602810529;donor602810570;donor603701499;donor603750239;donor606651548;donor645148351;donor645149007;donor645355944;donor646489903;donor649496259;donor652809665;donor656145286;donor657137462;donor657974275;donor660776266;donor661407746;donor661977224;donor664744816;donor669111839;donor669164742;donor691654617;donor691657859;donor697077867,4087,0.01257920849564631,0.1146594737322777,0.056430678942434045,0.21768335567886554,0.993690490794462,0.9319370326962436,0.04889864255987903,0.5328175892697101,0.5302129903306424,0.2736191091240185
independent_Ridge,feat__image_sel_ns,3,donor496001363;donor496144063;donor497258322;donor497258332;donor501139891;donor501228870;donor501281221;donor501751610;donor503292439;donor503292470;donor504614281;donor517649990;donor521222627;donor536228554;donor539031635;donor557841072;donor558007145;donor562220816;donor562721970;donor567008970;donor569624786;donor571153214;donor571153246;donor575188353;donor587049063;donor593402247;donor596265190;donor596265204;donor602810529;donor602810570;donor603701499;donor603750239;donor606651548;donor645148351;donor645149007;donor645355944;donor646489903;donor649496259;donor652809665;donor656145286;donor657137462;donor657974275;donor660776266;donor661407746;donor661977224;donor664744816;donor669111839;donor669164742;donor691654617;donor691657859;donor697077867,4087,0.05597350728990158,0.23903778334149142,0.15784531168046106,0.21071812569891477,0.9716102576143341,0.9235162154498082,0.03879294782995959,0.5992400023899634,0.6003696410402632,0.25776469333648905
independent_Ridge,feat__reliability_ns,3,donor496001363;donor496144063;donor497258322;donor497258332;donor501139891;donor501228870;donor501281221;donor501751610;donor503292439;donor503292470;donor504614281;donor517649990;donor521222627;donor536228554;donor539031635;donor557841072;donor558007145;donor562220816;donor562721970;donor567008970;donor569624786;donor571153214;donor571153246;donor575188353;donor587049063;donor593402247;donor596265190;donor596265204;donor602810529;donor602810570;donor603701499;donor603750239;donor606651548;donor645148351;donor645149007;donor645355944;donor646489903;donor649496259;donor652809665;donor656145286;donor657137462;donor657974275;donor660776266;donor661407746;donor661977224;donor664744816;donor669111839;donor669164742;donor691654617;donor691657859;donor697077867,4087,0.09923238804336154,0.3155615477367034,0.25095034384115616,0.15753558776429766,0.9490877788412329,1.0000962395713557,0.00307880452449759,0.6551123955669408,0.6706718161351102,0.24646928656705738
independent_Ridge,feat__reliability_nm1_a,3,donor496001363;donor496144063;donor497258322;donor497258332;donor501139891;donor501228870;donor501281221;donor501751610;donor503292439;donor503292470;donor504614281;donor517649990;donor521222627;donor536228554;donor539031635;donor557841072;donor558007145;donor562220816;donor562721970;donor567008970;donor569624786;donor571153214;donor571153246;donor575188353;donor587049063;donor593402247;donor596265190;donor596265204;donor602810529;donor602810570;donor603701499;donor603750239;donor606651548;donor645148351;donor645149007;donor645355944;donor646489903;donor649496259;donor652809665;donor656145286;donor657137462;donor657974275;donor660776266;donor661407746;donor661977224;donor664744816;donor669111839;donor669164742;donor691654617;donor691657859;donor697077867,4087,0.037464968374325114,0.2025549913452899,0.217501959603481,0.14321980334397633,0.9810886971178945,0.9749838266401637,-0.006106522297795986,0.64230025369139,0.6372462383899506,0.24894179484564968
independent_Ridge,feat__reliability_dg,3,donor496001363;donor496144063;donor497258322;donor497258332;donor501139891;donor501228870;donor501281221;donor501751610;donor503292439;donor503292470;donor504614281;donor517649990;donor521222627;donor536228554;donor539031635;donor557841072;donor558007145;donor562220816;donor562721970;donor567008970;donor569624786;donor571153214;donor571153246;donor575188353;donor587049063;donor593402247;donor596265190;donor596265204;donor602810529;donor602810570;donor603701499;donor603750239;donor606651548;donor645148351;donor645149007;donor645355944;donor646489903;donor649496259;donor652809665;donor656145286;donor657137462;donor657974275;donor660776266;donor661407746;donor661977224;donor664744816;donor669111839;donor669164742;donor691654617;donor691657859;donor697077867,4087,0.08215702402127234,0.29044622255848,0.17969225175210124,0.12583162483219842,0.9580412183015673,0.9882868162113818,-0.005139801998197601,0.6061641678809369,0.6149492581027654,0.24847131573247652
independent_Ridge,feat__reliability_nm3,3,donor496001363;donor496144063;donor497258322;donor497258332;donor501139891;donor501228870;donor501281221;donor501751610;donor503292439;donor503292470;donor504614281;donor517649990;donor521222627;donor536228554;donor539031635;donor557841072;donor558007145;donor562220816;donor562721970;donor567008970;donor569624786;donor571153214;donor571153246;donor575188353;donor587049063;donor593402247;donor596265190;donor596265204;donor602810529;donor602810570;donor603701499;donor603750239;donor606651548;donor645148351;donor645149007;donor645355944;donor646489903;donor649496259;donor652809665;donor656145286;donor657137462;donor657974275;donor660776266;donor661407746;donor661977224;donor664744816;donor669111839;donor669164742;donor691654617;donor691657859;donor697077867,4087,0.0710004227901313,0.29405501491094527,0.2818369871239756,0.12175611065796346,0.9638462414696445,0.873013772164575,0.0005503822340269392,0.6770847182830588,0.6834400956013709,0.24718632473508892
shared_fullrank,feat__peak_dff_sg,3,donor496001363;donor496144063;donor497258322;donor497258332;donor501139891;donor501228870;donor501281221;donor501751610;donor503292439;donor503292470;donor504614281;donor517649990;donor521222627;donor536228554;donor539031635;donor557841072;donor558007145;donor562220816;donor562721970;donor567008970;donor569624786;donor571153214;donor571153246;donor575188353;donor587049063;donor593402247;donor596265190;donor596265204;donor602810529;donor602810570;donor603701499;donor603750239;donor606651548;donor645148351;donor645149007;donor645355944;donor646489903;donor649496259;donor652809665;donor656145286;donor657137462;donor657974275;donor660776266;donor661407746;donor661977224;donor664744816;donor669111839;donor669164742;donor691654617;donor691657859;donor697077867,4087,-1.0149819800057393e+19,0.16896299849895516,0.18214292857355202,36379034468.62203,3185878183.492837,8.450858673103299e-10,-23.607928308294465,0.6163145148831743,0.5899178594468057,0.4999999999999066
shared_fullrank,feat__peak_dff_ns,3,donor496001363;donor496144063;donor497258322;donor497258332;donor501139891;donor501228870;donor501281221;donor501751610;donor503292439;donor503292470;donor504614281;donor517649990;donor521222627;donor536228554;donor539031635;donor557841072;donor558007145;donor562220816;donor562721970;donor567008970;donor569624786;donor571153214;donor571153246;donor575188353;donor587049063;donor593402247;donor596265190;donor596265204;donor602810529;donor602810570;donor603701499;donor603750239;donor606651548;donor645148351;donor645149007;donor645355944;donor646489903;donor649496259;donor652809665;donor656145286;donor657137462;donor657974275;donor660776266;donor661407746;donor661977224;donor664744816;donor669111839;donor669164742;donor691654617;donor691657859;donor697077867,4087,-0.00024229208225823307,0.0034932760831040723,0.18182365917267912,40488.85760330397,1.0001211387038365,82.05439848793989,-491.3415208726607,0.6135840893028143,0.6122205506160383,0.49999753764105714
shared_fullrank,feat__peak_dff_dg,3,donor496001363;donor496144063;donor497258322;donor497258332;donor501139891;donor501228870;donor501281221;donor501751610;donor503292439;donor503292470;donor504614281;donor517649990;donor521222627;donor536228554;donor539031635;donor557841072;donor558007145;donor562220816;donor562721970;donor567008970;donor569624786;donor571153214;donor571153246;donor575188353;donor587049063;donor593402247;donor596265190;donor596265204;donor602810529;donor602810570;donor603701499;donor603750239;donor606651548;donor645148351;donor645149007;donor645355944;donor646489903;donor649496259;donor652809665;donor656145286;donor657137462;donor657974275;donor660776266;donor661407746;donor661977224;donor664744816;donor669111839;donor669164742;donor691654617;donor691657859;donor697077867,4087,0.0009635998222705666,0.03256236674374312,0.042148176993989976,95.41943913472012,0.999518083967323,1.1987179986106362,-1.7771963305175587,0.5240463157690757,0.5457293149183943,0.49998544035102976
shared_fullrank,feat__rf_chi2_lsn,3,donor496001363;donor496144063;donor497258322;donor497258332;donor501139891;donor501228870;donor501281221;donor501751610;donor503292439;donor503292470;donor504614281;donor517649990;donor521222627;donor536228554;donor539031635;donor557841072;donor558007145;donor562220816;donor562721970;donor567008970;donor569624786;donor571153214;donor571153246;donor575188353;donor587049063;donor593402247;donor596265190;donor596265204;donor602810529;donor602810570;donor603701499;donor603750239;donor606651548;donor645148351;donor645149007;donor645355944;donor646489903;donor649496259;donor652809665;donor656145286;donor657137462;donor657974275;donor660776266;donor661407746;donor661977224;donor664744816;donor669111839;donor669164742;donor691654617;donor691657859;donor697077867,4087,0.02155530111055548,0.23812572409305638,0.2381069776610753,0.42705838881474173,0.9891636360506344,2.1153444151242806,-0.6167912940881647,0.6552827612044339,0.6203112750161163,0.2685736016459645
shared_fullrank,feat__g_dsi_dg,3,donor496001363;donor496144063;donor497258322;donor497258332;donor501139891;donor501228870;donor501281221;donor501751610;donor503292439;donor503292470;donor504614281;donor517649990;donor521222627;donor536228554;donor539031635;donor557841072;donor558007145;donor562220816;donor562721970;donor567008970;donor569624786;donor571153214;donor571153246;donor575188353;donor587049063;donor593402247;donor596265190;donor596265204;donor602810529;donor602810570;donor603701499;donor603750239;donor606651548;donor645148351;donor645149007;donor645355944;donor646489903;donor649496259;donor652809665;donor656145286;donor657137462;donor657974275;donor660776266;donor661407746;donor661977224;donor664744816;donor669111839;donor669164742;donor691654617;donor691657859;donor697077867,4087,0.04965553730761796,0.2527053265951378,0.2523470103110065,0.26634614001048507,0.9748561240949486,1.6673128949938574,-0.28960909427031906,0.6574434173462901,0.6080012551736725,0.2599715522354266
shared_fullrank,feat__g_osi_dg,3,donor496001363;donor496144063;donor497258322;donor497258332;donor501139891;donor501228870;donor501281221;donor501751610;donor503292439;donor503292470;donor504614281;donor517649990;donor521222627;donor536228554;donor539031635;donor557841072;donor558007145;donor562220816;donor562721970;donor567008970;donor569624786;donor571153214;donor571153246;donor575188353;donor587049063;donor593402247;donor596265190;donor596265204;donor602810529;donor602810570;donor603701499;donor603750239;donor606651548;donor645148351;donor645149007;donor645355944;donor646489903;donor649496259;donor652809665;donor656145286;donor657137462;donor657974275;donor660776266;donor661407746;donor661977224;donor664744816;donor669111839;donor669164742;donor691654617;donor691657859;donor697077867,4087,0.009738248788319193,0.12908532407272477,0.11129865637304329,0.2593562564936917,0.9951189633426154,1.2286484746804123,-0.10693739579380415,0.5733993300566432,0.5447642248866722,0.26761494841575917
shared_fullrank,feat__g_osi_sg,3,donor496001363;donor496144063;donor497258322;donor497258332;donor501139891;donor501228870;donor501281221;donor501751610;donor503292439;donor503292470;donor504614281;donor517649990;donor521222627;donor536228554;donor539031635;donor557841072;donor558007145;donor562220816;donor562721970;donor567008970;donor569624786;donor571153214;donor571153246;donor575188353;donor587049063;donor593402247;donor596265190;donor596265204;donor602810529;donor602810570;donor603701499;donor603750239;donor606651548;donor645148351;donor645149007;donor645355944;donor646489903;donor649496259;donor652809665;donor656145286;donor657137462;donor657974275;donor660776266;donor661407746;donor661977224;donor664744816;donor669111839;donor669164742;donor691654617;donor691657859;donor697077867,4087,0.011536016208499422,0.11459995986117966,0.056430678942434045,0.21779831459675464,0.9942152602844497,1.405850320752011,-0.25751991754393205,0.5328175892697101,0.5302129903306424,0.27388227958329164
shared_fullrank,feat__image_sel_ns,3,donor496001363;donor496144063;donor497258322;donor497258332;donor501139891;donor501228870;donor501281221;donor501751610;donor503292439;donor503292470;donor504614281;donor517649990;donor521222627;donor536228554;donor539031635;donor557841072;donor558007145;donor562220816;donor562721970;donor567008970;donor569624786;donor571153214;donor571153246;donor575188353;donor587049063;donor593402247;donor596265190;donor596265204;donor602810529;donor602810570;donor603701499;donor603750239;donor606651548;donor645148351;donor645149007;donor645355944;donor646489903;donor649496259;donor652809665;donor656145286;donor657137462;donor657974275;donor660776266;donor661407746;donor661977224;donor664744816;donor669111839;donor669164742;donor691654617;donor691657859;donor697077867,4087,0.05011226865525731,0.23774642154637832,0.15784531168046106,0.21137126313391386,0.9746218401698081,1.3788297864981818,-0.15070374763380315,0.5992400023899634,0.6003696410402632,0.25865235391262187
shared_fullrank,feat__reliability_ns,3,donor496001363;donor496144063;donor497258322;donor497258332;donor501139891;donor501228870;donor501281221;donor501751610;donor503292439;donor503292470;donor504614281;donor517649990;donor521222627;donor536228554;donor539031635;donor557841072;donor558007145;donor562220816;donor562721970;donor567008970;donor569624786;donor571153214;donor571153246;donor575188353;donor587049063;donor593402247;donor596265190;donor596265204;donor602810529;donor602810570;donor603701499;donor603750239;donor606651548;donor645148351;donor645149007;donor645355944;donor646489903;donor649496259;donor652809665;donor656145286;donor657137462;donor657974275;donor660776266;donor661407746;donor661977224;donor664744816;donor669111839;donor669164742;donor691654617;donor691657859;donor697077867,4087,0.08634319195873374,0.3151681185525921,0.25095034384115616,0.15865868259352195,0.9558539679418909,1.4886411829287833,-0.04985223639681781,0.6551123955669408,0.6706718161351102,0.24781132853658308
shared_fullrank,feat__reliability_nm1_a,3,donor496001363;donor496144063;donor497258322;donor497258332;donor501139891;donor501228870;donor501281221;donor501751610;donor503292439;donor503292470;donor504614281;donor517649990;donor521222627;donor536228554;donor539031635;donor557841072;donor558007145;donor562220816;donor562721970;donor567008970;donor569624786;donor571153214;donor571153246;donor575188353;donor587049063;donor593402247;donor596265190;donor596265204;donor602810529;donor602810570;donor603701499;donor603750239;donor606651548;donor645148351;donor645149007;donor645355944;donor646489903;donor649496259;donor652809665;donor656145286;donor657137462;donor657974275;donor660776266;donor661407746;donor661977224;donor664744816;donor669111839;donor669164742;donor691654617;donor691657859;donor697077867,4087,0.03491635615382782,0.20134947786142507,0.217501959603481,0.14340928758493016,0.9823867078869449,1.450051245431826,-0.051192909349270954,0.64230025369139,0.6372462383899506,0.2494533057808319
shared_fullrank,feat__reliability_dg,3,donor496001363;donor496144063;donor497258322;donor497258332;donor501139891;donor501228870;donor501281221;donor501751610;donor503292439;donor503292470;donor504614281;donor517649990;donor521222627;donor536228554;donor539031635;donor557841072;donor558007145;donor562220816;donor562721970;donor567008970;donor569624786;donor571153214;donor571153246;donor575188353;donor587049063;donor593402247;donor596265190;donor596265204;donor602810529;donor602810570;donor603701499;donor603750239;donor606651548;donor645148351;donor645149007;donor645355944;donor646489903;donor649496259;donor652809665;donor656145286;donor657137462;donor657974275;donor660776266;donor661407746;donor661977224;donor664744816;donor669111839;donor669164742;donor691654617;donor691657859;donor697077867,4087,0.0745653313589536,0.2897246561591449,0.18063466064245237,0.12635094450322032,0.9619951500017838,1.486822714723239,-0.04264259675068812,0.606963244622986,0.6150566717067184,0.2490683039885329
shared_fullrank,feat__reliability_nm3,3,donor496001363;donor496144063;donor497258322;donor497258332;donor501139891;donor501228870;donor501281221;donor501751610;donor503292439;donor503292470;donor504614281;donor517649990;donor521222627;donor536228554;donor539031635;donor557841072;donor558007145;donor562220816;donor562721970;donor567008970;donor569624786;donor571153214;donor571153246;donor575188353;donor587049063;donor593402247;donor596265190;donor596265204;donor602810529;donor602810570;donor603701499;donor603750239;donor606651548;donor645148351;donor645149007;donor645355944;donor646489903;donor649496259;donor652809665;donor656145286;donor657137462;donor657974275;donor660776266;donor661407746;donor661977224;donor664744816;donor669111839;donor669164742;donor691654617;donor691657859;donor697077867,4087,0.07571581258042537,0.29433148210311816,0.2818369871239756,0.12144671444019858,0.9613969978135677,1.308577970990781,-0.04554228421191857,0.6770847182830588,0.6834400956013709,0.24830641997359262
shared_RRR_selected,feat__peak_dff_sg,3,donor496001363;donor496144063;donor497258322;donor497258332;donor501139891;donor501228870;donor501281221;donor501751610;donor503292439;donor503292470;donor504614281;donor517649990;donor521222627;donor536228554;donor539031635;donor557841072;donor558007145;donor562220816;donor562721970;donor567008970;donor569624786;donor571153214;donor571153246;donor575188353;donor587049063;donor593402247;donor596265190;donor596265204;donor602810529;donor602810570;donor603701499;donor603750239;donor606651548;donor645148351;donor645149007;donor645355944;donor646489903;donor649496259;donor652809665;donor656145286;donor657137462;donor657974275;donor660776266;donor661407746;donor661977224;donor664744816;donor669111839;donor669164742;donor691654617;donor691657859;donor697077867,4087,-1.207391869089621e+20,-0.07670213113791885,-0.03307148253649297,125471799269.3977,10988138464.223179,-8.242907631120133e-12,7.624939450918941,0.4877102589180894,0.5043137439964632,0.5025678650035744
shared_RRR_selected,feat__peak_dff_ns,3,donor496001363;donor496144063;donor497258322;donor497258332;donor501139891;donor501228870;donor501281221;donor501751610;donor503292439;donor503292470;donor504614281;donor517649990;donor521222627;donor536228554;donor539031635;donor557841072;donor558007145;donor562220816;donor562721970;donor567008970;donor569624786;donor571153214;donor571153246;donor575188353;donor587049063;donor593402247;donor596265190;donor596265204;donor602810529;donor602810570;donor603701499;donor603750239;donor606651548;donor645148351;donor645149007;donor645355944;donor646489903;donor649496259;donor652809665;donor656145286;donor657137462;donor657974275;donor660776266;donor661407746;donor661977224;donor664744816;donor669111839;donor669164742;donor691654617;donor691657859;donor697077867,4087,-0.00023882540494657434,0.006272384722712945,-0.12856496642352497,40488.78743934132,1.000119405573628,37.91501435299785,34.974365554402354,0.42143264313270373,0.47648543802533216,0.5112648930264113
shared_RRR_selected,feat__peak_dff_dg,3,donor496001363;donor496144063;donor497258322;donor497258332;donor501139891;donor501228870;donor501281221;donor501751610;donor503292439;donor503292470;donor504614281;donor517649990;donor521222627;donor536228554;donor539031635;donor557841072;donor558007145;donor562220816;donor562721970;donor567008970;donor569624786;donor571153214;donor571153246;donor575188353;donor587049063;donor593402247;donor596265190;donor596265204;donor602810529;donor602810570;donor603701499;donor603750239;donor606651548;donor645148351;donor645149007;donor645355944;donor646489903;donor649496259;donor652809665;donor656145286;donor657137462;donor657974275;donor660776266;donor661407746;donor661977224;donor664744816;donor669111839;donor669164742;donor691654617;donor691657859;donor697077867,4087,0.0003507113313228061,0.022948157244116398,-0.027444215285262655,95.44870358869768,0.9998246289568268,0.9717011282285183,1.6158060244740358,0.4818268579139818,0.511575528139813,0.49998718293718564
shared_RRR_selected,feat__rf_chi2_lsn,3,donor496001363;donor496144063;donor497258322;donor497258332;donor501139891;donor501228870;donor501281221;donor501751610;donor503292439;donor503292470;donor504614281;donor517649990;donor521222627;donor536228554;donor539031635;donor557841072;donor558007145;donor562220816;donor562721970;donor567008970;donor569624786;donor571153214;donor571153246;donor575188353;donor587049063;donor593402247;donor596265190;donor596265204;donor602810529;donor602810570;donor603701499;donor603750239;donor606651548;donor645148351;donor645149007;donor645355944;donor646489903;donor649496259;donor652809665;donor656145286;donor657137462;donor657974275;donor660776266;donor661407746;donor661977224;donor664744816;donor669111839;donor669164742;donor691654617;donor691657859;donor697077867,4087,-0.005610490888884989,0.1948881691480203,0.17527128062640307,0.43294628022679604,1.0028013217403666,2.153329542054314,-0.6011769767985392,0.6118661685064182,0.5811656740487763,0.2684556293641868
shared_RRR_selected,feat__g_dsi_dg,3,donor496001363;donor496144063;donor497258322;donor497258332;donor501139891;donor501228870;donor501281221;donor501751610;donor503292439;donor503292470;donor504614281;donor517649990;donor521222627;donor536228554;donor539031635;donor557841072;donor558007145;donor562220816;donor562721970;donor567008970;donor569624786;donor571153214;donor571153246;donor575188353;donor587049063;donor593402247;donor596265190;donor596265204;donor602810529;donor602810570;donor603701499;donor603750239;donor606651548;donor645148351;donor645149007;donor645355944;donor646489903;donor649496259;donor652809665;donor656145286;donor657137462;donor657974275;donor660776266;donor661407746;donor661977224;donor664744816;donor669111839;donor669164742;donor691654617;donor691657859;donor697077867,4087,0.03190412035694712,0.21716787970441803,0.19974014460690476,0.2688221614959037,0.9839186346624229,1.892076822995193,-0.38983113735953695,0.6235457691456796,0.5836040100320273,0.2608405433422989
shared_RRR_selected,feat__g_osi_dg,3,donor496001363;donor496144063;donor497258322;donor497258332;donor501139891;donor501228870;donor501281221;donor501751610;donor503292439;donor503292470;donor504614281;donor517649990;donor521222627;donor536228554;donor539031635;donor557841072;donor558007145;donor562220816;donor562721970;donor567008970;donor569624786;donor571153214;donor571153246;donor575188353;donor587049063;donor593402247;donor596265190;donor596265204;donor602810529;donor602810570;donor603701499;donor603750239;donor606651548;donor645148351;donor645149007;donor645355944;donor646489903;donor649496259;donor652809665;donor656145286;donor657137462;donor657974275;donor660776266;donor661407746;donor661977224;donor664744816;donor669111839;donor669164742;donor691654617;donor691657859;donor697077867,4087,0.00501171090585717,0.11927362662712462,0.09805095956267063,0.2599744758132681,0.9974909969952148,2.3357358392398333,-0.7326399524866197,0.5619673382428063,0.5336885938875294,0.2682973037661067
shared_RRR_selected,feat__g_osi_sg,3,donor496001363;donor496144063;donor497258322;donor497258332;donor501139891;donor501228870;donor501281221;donor501751610;donor503292439;donor503292470;donor504614281;donor517649990;donor521222627;donor536228554;donor539031635;donor557841072;donor558007145;donor562220816;donor562721970;donor567008970;donor569624786;donor571153214;donor571153246;donor575188353;donor587049063;donor593402247;donor596265190;donor596265204;donor602810529;donor602810570;donor603701499;donor603750239;donor606651548;donor645148351;donor645149007;donor645355944;donor646489903;donor649496259;donor652809665;donor656145286;donor657137462;donor657974275;donor660776266;donor661407746;donor661977224;donor664744816;donor669111839;donor669164742;donor691654617;donor691657859;donor697077867,4087,0.006251551591771265,0.0906565213003374,0.08695390128643397,0.21837972844855313,0.9968693236323185,1.570934303207519,-0.3617644657847852,0.5562672215975182,0.5388901387948025,0.27398297198178306
shared_RRR_selected,feat__image_sel_ns,3,donor496001363;donor496144063;donor497258322;donor497258332;donor501139891;donor501228870;donor501281221;donor501751610;donor503292439;donor503292470;donor504614281;donor517649990;donor521222627;donor536228554;donor539031635;donor557841072;donor558007145;donor562220816;donor562721970;donor567008970;donor569624786;donor571153214;donor571153246;donor575188353;donor587049063;donor593402247;donor596265190;donor596265204;donor602810529;donor602810570;donor603701499;donor603750239;donor606651548;donor645148351;donor645149007;donor645355944;donor646489903;donor649496259;donor652809665;donor656145286;donor657137462;donor657974275;donor660776266;donor661407746;donor661977224;donor664744816;donor669111839;donor669164742;donor691654617;donor691657859;donor697077867,4087,0.04295861508267751,0.22037213206539036,0.1701159174299976,0.21216569416484732,0.9782849201068657,1.2939639451258342,-0.1120664942763387,0.609248781737665,0.6062655471811438,0.25870827650155587
shared_RRR_selected,feat__reliability_ns,3,donor496001363;donor496144063;donor497258322;donor497258332;donor501139891;donor501228870;donor501281221;donor501751610;donor503292439;donor503292470;donor504614281;donor517649990;donor521222627;donor536228554;donor539031635;donor557841072;donor558007145;donor562220816;donor562721970;donor567008970;donor569624786;donor571153214;donor571153246;donor575188353;donor587049063;donor593402247;donor596265190;donor596265204;donor602810529;donor602810570;donor603701499;donor603750239;donor606651548;donor645148351;donor645149007;donor645355944;donor646489903;donor649496259;donor652809665;donor656145286;donor657137462;donor657974275;donor660776266;donor661407746;donor661977224;donor664744816;donor669111839;donor669164742;donor691654617;donor691657859;donor697077867,4087,0.07782101546285491,0.304258127082683,0.2446141506176724,0.1593969132503404,0.9603015070934927,1.5749244815990404,-0.05970462570349625,0.6517341499400626,0.6676045851923702,0.24817698063294677
shared_RRR_selected,feat__reliability_nm1_a,3,donor496001363;donor496144063;donor497258322;donor497258332;donor501139891;donor501228870;donor501281221;donor501751610;donor503292439;donor503292470;donor504614281;donor517649990;donor521222627;donor536228554;donor539031635;donor557841072;donor558007145;donor562220816;donor562721970;donor567008970;donor569624786;donor571153214;donor571153246;donor575188353;donor587049063;donor593402247;donor596265190;donor596265204;donor602810529;donor602810570;donor603701499;donor603750239;donor606651548;donor645148351;donor645149007;donor645355944;donor646489903;donor649496259;donor652809665;donor656145286;donor657137462;donor657974275;donor660776266;donor661407746;donor661977224;donor664744816;donor669111839;donor669164742;donor691654617;donor691657859;donor697077867,4087,0.04521875333245251,0.23440009676961923,0.26460820503695065,0.14264177709181605,0.9771290839262059,1.5364109745702201,-0.06289360195312968,0.6717996155603845,0.6608656400061641,0.2490220329906612
shared_RRR_selected,feat__reliability_dg,3,donor496001363;donor496144063;donor497258322;donor497258332;donor501139891;donor501228870;donor501281221;donor501751610;donor503292439;donor503292470;donor504614281;donor517649990;donor521222627;donor536228554;donor539031635;donor557841072;donor558007145;donor562220816;donor562721970;donor567008970;donor569624786;donor571153214;donor571153246;donor575188353;donor587049063;donor593402247;donor596265190;donor596265204;donor602810529;donor602810570;donor603701499;donor603750239;donor606651548;donor645148351;donor645149007;donor645355944;donor646489903;donor649496259;donor652809665;donor656145286;donor657137462;donor657974275;donor660776266;donor661407746;donor661977224;donor664744816;donor669111839;donor669164742;donor691654617;donor691657859;donor697077867,4087,0.06475372022537873,0.2628591667267104,0.15888771329821555,0.12701897531465212,0.9670813201382703,1.2976354861735233,-0.028284851980812056,0.5957896272356791,0.6039300715628226,0.2490664372688947
shared_RRR_selected,feat__reliability_nm3,3,donor496001363;donor496144063;donor497258322;donor497258332;donor501139891;donor501228870;donor501281221;donor501751610;donor503292439;donor503292470;donor504614281;donor517649990;donor521222627;donor536228554;donor539031635;donor557841072;donor558007145;donor562220816;donor562721970;donor567008970;donor569624786;donor571153214;donor571153246;donor575188353;donor587049063;donor593402247;donor596265190;donor596265204;donor602810529;donor602810570;donor603701499;donor603750239;donor606651548;donor645148351;donor645149007;donor645355944;donor646489903;donor649496259;donor652809665;donor656145286;donor657137462;donor657974275;donor660776266;donor661407746;donor661977224;donor664744816;donor669111839;donor669164742;donor691654617;donor691657859;donor697077867,4087,0.07207737482618493,0.2936287221786585,0.29469745633594946,0.12168551669932794,0.9632874052737967,1.5497399455966778,-0.06936937460805154,0.6862392471830459,0.6719278286630513,0.24875088642406284
independent_Ridge,feat__peak_dff_sg,4,donor491618855;donor495726993;donor495727000;donor501279658;donor501281403;donor501753157;donor501800291;donor502185555;donor502206284;donor503292481;donor518632289;donor523504560;donor527109693;donor529204468;donor529503639;donor539351920;donor541655288;donor545589474;donor546734491;donor546745045;donor565762943;donor565864064;donor565865645;donor568753123;donor570079749;donor571798360;donor573625485;donor575188344;donor581739586;donor582805623;donor584120389;donor591626834;donor594667326;donor602810551;donor603221684;donor605685358;donor606151963;donor606790666;donor608110765;donor639375920;donor639389525;donor642188269;donor643270733;donor643640190;donor644933145;donor649505939;donor652809884;donor654610564;donor659055676;donor664605504;donor673647168,4087,-0.00024473813031500313,0.04377701091905011,0.07267312022339822,25445392495214.36,1.0001223615789796,988326434453.0864,-6698981221456.612,0.5486357561139195,0.5373145016985197,0.49882779936820143
independent_Ridge,feat__peak_dff_ns,4,donor491618855;donor495726993;donor495727000;donor501279658;donor501281403;donor501753157;donor501800291;donor502185555;donor502206284;donor503292481;donor518632289;donor523504560;donor527109693;donor529204468;donor529503639;donor539351920;donor541655288;donor545589474;donor546734491;donor546745045;donor565762943;donor565864064;donor565865645;donor568753123;donor570079749;donor571798360;donor573625485;donor575188344;donor581739586;donor582805623;donor584120389;donor591626834;donor594667326;donor602810551;donor603221684;donor605685358;donor606151963;donor606790666;donor608110765;donor639375920;donor639389525;donor642188269;donor643270733;donor643640190;donor644933145;donor649505939;donor652809884;donor654610564;donor659055676;donor664605504;donor673647168,4087,-0.2062036838750716,-0.0021734545424537456,0.019724563560609143,1185.5597128712786,1.0982730461388321,-0.005001798700301824,30.267864773082184,0.5155097323725393,0.5391629986597583,0.4999999999999066
independent_Ridge,feat__peak_dff_dg,4,donor491618855;donor495726993;donor495727000;donor501279658;donor501281403;donor501753157;donor501800291;donor502185555;donor502206284;donor503292481;donor518632289;donor523504560;donor527109693;donor529204468;donor529503639;donor539351920;donor541655288;donor545589474;donor546734491;donor546745045;donor565762943;donor565864064;donor565865645;donor568753123;donor570079749;donor571798360;donor573625485;donor575188344;donor581739586;donor582805623;donor584120389;donor591626834;donor594667326;donor602810551;donor603221684;donor605685358;donor606151963;donor606790666;donor608110765;donor639375920;donor639389525;donor642188269;donor643270733;donor643640190;donor644933145;donor649505939;donor652809884;donor654610564;donor659055676;donor664605504;donor673647168,4087,0.003449765028951668,0.06849372278815345,0.10957677390160347,60.67573442866514,0.9982736273041652,1.548776290308518,-8.568653320868197,0.5726303969976891,0.5699531835585631,0.49997876165386584
independent_Ridge,feat__rf_chi2_lsn,4,donor491618855;donor495726993;donor495727000;donor501279658;donor501281403;donor501753157;donor501800291;donor502185555;donor502206284;donor503292481;donor518632289;donor523504560;donor527109693;donor529204468;donor529503639;donor539351920;donor541655288;donor545589474;donor546734491;donor546745045;donor565762943;donor565864064;donor565865645;donor568753123;donor570079749;donor571798360;donor573625485;donor575188344;donor581739586;donor582805623;donor584120389;donor591626834;donor594667326;donor602810551;donor603221684;donor605685358;donor606151963;donor606790666;donor608110765;donor639375920;donor639389525;donor642188269;donor643270733;donor643640190;donor644933145;donor649505939;donor652809884;donor654610564;donor659055676;donor664605504;donor673647168,4087,0.0023010810088236466,0.0943446413550845,0.13377565802739927,0.4260804005818758,0.9988487968589134,0.5378485526476856,0.28418084967310875,0.5864676932385028,0.5744178299884921,0.26971327387621646
independent_Ridge,feat__g_dsi_dg,4,donor491618855;donor495726993;donor495727000;donor501279658;donor501281403;donor501753157;donor501800291;donor502185555;donor502206284;donor503292481;donor518632289;donor523504560;donor527109693;donor529204468;donor529503639;donor539351920;donor541655288;donor545589474;donor546734491;donor546745045;donor565762943;donor565864064;donor565865645;donor568753123;donor570079749;donor571798360;donor573625485;donor575188344;donor581739586;donor582805623;donor584120389;donor591626834;donor594667326;donor602810551;donor603221684;donor605685358;donor606151963;donor606790666;donor608110765;donor639375920;donor639389525;donor642188269;donor643270733;donor643640190;donor644933145;donor649505939;donor652809884;donor654610564;donor659055676;donor664605504;donor673647168,4087,0.06246162052131621,0.2598555665335786,0.24712803035929548,0.25879784652339805,0.9682656554229673,1.3027514584060265,-0.15825630243269967,0.6623740626525687,0.6099002153071027,0.26061609223139026
independent_Ridge,feat__g_osi_dg,4,donor491618855;donor495726993;donor495727000;donor501279658;donor501281403;donor501753157;donor501800291;donor502185555;donor502206284;donor503292481;donor518632289;donor523504560;donor527109693;donor529204468;donor529503639;donor539351920;donor541655288;donor545589474;donor546734491;donor546745045;donor565762943;donor565864064;donor565865645;donor568753123;donor570079749;donor571798360;donor573625485;donor575188344;donor581739586;donor582805623;donor584120389;donor591626834;donor594667326;donor602810551;donor603221684;donor605685358;donor606151963;donor606790666;donor608110765;donor639375920;donor639389525;donor642188269;donor643270733;donor643640190;donor644933145;donor649505939;donor652809884;donor654610564;donor659055676;donor664605504;donor673647168,4087,0.008045480606821198,0.10272608624932866,0.1014149606689643,0.2574144011006647,0.9959691357594886,1.1386330497830788,-0.09237698227762137,0.5706764403970569,0.5327917018163976,0.2690403514676602
independent_Ridge,feat__g_osi_sg,4,donor491618855;donor495726993;donor495727000;donor501279658;donor501281403;donor501753157;donor501800291;donor502185555;donor502206284;donor503292481;donor518632289;donor523504560;donor527109693;donor529204468;donor529503639;donor539351920;donor541655288;donor545589474;donor546734491;donor546745045;donor565762943;donor565864064;donor565865645;donor568753123;donor570079749;donor571798360;donor573625485;donor575188344;donor581739586;donor582805623;donor584120389;donor591626834;donor594667326;donor602810551;donor603221684;donor605685358;donor606151963;donor606790666;donor608110765;donor639375920;donor639389525;donor642188269;donor643270733;donor643640190;donor644933145;donor649505939;donor652809884;donor654610564;donor659055676;donor664605504;donor673647168,4087,0.016748468914044357,0.1354223267287131,0.06840479183931024,0.223973142991706,0.9915904048936987,1.0155313244102633,-0.01908937145732202,0.5400251592097833,0.532830267582082,0.2736399877118417
independent_Ridge,feat__image_sel_ns,4,donor491618855;donor495726993;donor495727000;donor501279658;donor501281403;donor501753157;donor501800291;donor502185555;donor502206284;donor503292481;donor518632289;donor523504560;donor527109693;donor529204468;donor529503639;donor539351920;donor541655288;donor545589474;donor546734491;donor546745045;donor565762943;donor565864064;donor565865645;donor568753123;donor570079749;donor571798360;donor573625485;donor575188344;donor581739586;donor582805623;donor584120389;donor591626834;donor594667326;donor602810551;donor603221684;donor605685358;donor606151963;donor606790666;donor608110765;donor639375920;donor639389525;donor642188269;donor643270733;donor643640190;donor644933145;donor649505939;donor652809884;donor654610564;donor659055676;donor664605504;donor673647168,4087,0.040961057704275605,0.20697381515311947,0.06970382761112673,0.20633696665427748,0.9793053365966209,0.9199288799878172,0.025055484873081128,0.5429402000503462,0.5536403825234436,0.25812323348571803
independent_Ridge,feat__reliability_ns,4,donor491618855;donor495726993;donor495727000;donor501279658;donor501281403;donor501753157;donor501800291;donor502185555;donor502206284;donor503292481;donor518632289;donor523504560;donor527109693;donor529204468;donor529503639;donor539351920;donor541655288;donor545589474;donor546734491;donor546745045;donor565762943;donor565864064;donor565865645;donor568753123;donor570079749;donor571798360;donor573625485;donor575188344;donor581739586;donor582805623;donor584120389;donor591626834;donor594667326;donor602810551;donor603221684;donor605685358;donor606151963;donor606790666;donor608110765;donor639375920;donor639389525;donor642188269;donor643270733;donor643640190;donor644933145;donor649505939;donor652809884;donor654610564;donor659055676;donor664605504;donor673647168,4087,0.023665060078797873,0.20254541707857265,0.10173519958535893,0.1342120115742503,0.9880966247826303,0.7194396669582667,0.015860066088579552,0.5617991257255343,0.6009643797059376,0.24845980320161665
independent_Ridge,feat__reliability_nm1_a,4,donor491618855;donor495726993;donor495727000;donor501279658;donor501281403;donor501753157;donor501800291;donor502185555;donor502206284;donor503292481;donor518632289;donor523504560;donor527109693;donor529204468;donor529503639;donor539351920;donor541655288;donor545589474;donor546734491;donor546745045;donor565762943;donor565864064;donor565865645;donor568753123;donor570079749;donor571798360;donor573625485;donor575188344;donor581739586;donor582805623;donor584120389;donor591626834;donor594667326;donor602810551;donor603221684;donor605685358;donor606151963;donor606790666;donor608110765;donor639375920;donor639389525;donor642188269;donor643270733;donor643640190;donor644933145;donor649505939;donor652809884;donor654610564;donor659055676;donor664605504;donor673647168,4087,0.036398201692012355,0.1925353520607501,0.21674503616241358,0.1511024923774646,0.9816322113171855,0.9030962827580008,0.011020833658090135,0.6341913337987661,0.6396258040652016,0.248849243928909
independent_Ridge,feat__reliability_dg,4,donor491618855;donor495726993;donor495727000;donor501279658;donor501281403;donor501753157;donor501800291;donor502185555;donor502206284;donor503292481;donor518632289;donor523504560;donor527109693;donor529204468;donor529503639;donor539351920;donor541655288;donor545589474;donor546734491;donor546745045;donor565762943;donor565864064;donor565865645;donor568753123;donor570079749;donor571798360;donor573625485;donor575188344;donor581739586;donor582805623;donor584120389;donor591626834;donor594667326;donor602810551;donor603221684;donor605685358;donor606151963;donor606790666;donor608110765;donor639375920;donor639389525;donor642188269;donor643270733;donor643640190;donor644933145;donor649505939;donor652809884;donor654610564;donor659055676;donor664605504;donor673647168,4087,0.1469863691642428,0.3961244334467202,0.19364525820723408,0.109851183303235,0.923587370431955,1.2185675127933344,-0.024231631018434386,0.6260003261977136,0.6112518717009164,0.2482243352172564
independent_Ridge,feat__reliability_nm3,4,donor491618855;donor495726993;donor495727000;donor501279658;donor501281403;donor501753157;donor501800291;donor502185555;donor502206284;donor503292481;donor518632289;donor523504560;donor527109693;donor529204468;donor529503639;donor539351920;donor541655288;donor545589474;donor546734491;donor546745045;donor565762943;donor565864064;donor565865645;donor568753123;donor570079749;donor571798360;donor573625485;donor575188344;donor581739586;donor582805623;donor584120389;donor591626834;donor594667326;donor602810551;donor603221684;donor605685358;donor606151963;donor606790666;donor608110765;donor639375920;donor639389525;donor642188269;donor643270733;donor643640190;donor644933145;donor649505939;donor652809884;donor654610564;donor659055676;donor664605504;donor673647168,4087,0.006033674995628235,0.1553963201822611,0.19448191137666157,0.12605401781364395,0.9969785980594813,0.5371367450487731,0.043883159813012135,0.6198235625634834,0.6438696582453907,0.2485695338760465
shared_fullrank,feat__peak_dff_sg,4,donor491618855;donor495726993;donor495727000;donor501279658;donor501281403;donor501753157;donor501800291;donor502185555;donor502206284;donor503292481;donor518632289;donor523504560;donor527109693;donor529204468;donor529503639;donor539351920;donor541655288;donor545589474;donor546734491;donor546745045;donor565762943;donor565864064;donor565865645;donor568753123;donor570079749;donor571798360;donor573625485;donor575188344;donor581739586;donor582805623;donor584120389;donor591626834;donor594667326;donor602810551;donor603221684;donor605685358;donor606151963;donor606790666;donor608110765;donor639375920;donor639389525;donor642188269;donor643270733;donor643640190;donor644933145;donor649505939;donor652809884;donor654610564;donor659055676;donor664605504;donor673647168,4087,-0.00024473813031500313,0.04377701091905012,0.07267312022339822,25445392495214.36,1.0001223615789796,988326434453.0873,-6698981221456.618,0.5486357561139195,0.5373145016985197,0.49882779936820143
shared_fullrank,feat__peak_dff_ns,4,donor491618855;donor495726993;donor495727000;donor501279658;donor501281403;donor501753157;donor501800291;donor502185555;donor502206284;donor503292481;donor518632289;donor523504560;donor527109693;donor529204468;donor529503639;donor539351920;donor541655288;donor545589474;donor546734491;donor546745045;donor565762943;donor565864064;donor565865645;donor568753123;donor570079749;donor571798360;donor573625485;donor575188344;donor581739586;donor582805623;donor584120389;donor591626834;donor594667326;donor602810551;donor603221684;donor605685358;donor606151963;donor606790666;donor608110765;donor639375920;donor639389525;donor642188269;donor643270733;donor643640190;donor644933145;donor649505939;donor652809884;donor654610564;donor659055676;donor664605504;donor673647168,4087,-0.20620368387507115,-0.002173454542453747,0.01973013182994026,1185.5597128712784,1.098273046138832,-0.0050017987003017975,30.267864773082177,0.5155132311928986,0.539170687414088,0.4999999999999066
shared_fullrank,feat__peak_dff_dg,4,donor491618855;donor495726993;donor495727000;donor501279658;donor501281403;donor501753157;donor501800291;donor502185555;donor502206284;donor503292481;donor518632289;donor523504560;donor527109693;donor529204468;donor529503639;donor539351920;donor541655288;donor545589474;donor546734491;donor546745045;donor565762943;donor565864064;donor565865645;donor568753123;donor570079749;donor571798360;donor573625485;donor575188344;donor581739586;donor582805623;donor584120389;donor591626834;donor594667326;donor602810551;donor603221684;donor605685358;donor606151963;donor606790666;donor608110765;donor639375920;donor639389525;donor642188269;donor643270733;donor643640190;donor644933145;donor649505939;donor652809884;donor654610564;donor659055676;donor664605504;donor673647168,4087,0.003449765028951668,0.06849372278815344,0.1095819186258424,60.67573442866514,0.9982736273041652,1.548776290308516,-8.568653320868174,0.5726295895776062,0.5699082646372161,0.49997876165386584
shared_fullrank,feat__rf_chi2_lsn,4,donor491618855;donor495726993;donor495727000;donor501279658;donor501281403;donor501753157;donor501800291;donor502185555;donor502206284;donor503292481;donor518632289;donor523504560;donor527109693;donor529204468;donor529503639;donor539351920;donor541655288;donor545589474;donor546734491;donor546745045;donor565762943;donor565864064;donor565865645;donor568753123;donor570079749;donor571798360;donor573625485;donor575188344;donor581739586;donor582805623;donor584120389;donor591626834;donor594667326;donor602810551;donor603221684;donor605685358;donor606151963;donor606790666;donor608110765;donor639375920;donor639389525;donor642188269;donor643270733;donor643640190;donor644933145;donor649505939;donor652809884;donor654610564;donor659055676;donor664605504;donor673647168,4087,0.008081528596310728,0.09470319978617991,0.13377565802739927,0.4248442996024607,0.9959510386555349,0.7684163077008425,0.144585899468105,0.5864676932385028,0.5744178299884921,0.27019598178656445
shared_fullrank,feat__g_dsi_dg,4,donor491618855;donor495726993;donor495727000;donor501279658;donor501281403;donor501753157;donor501800291;donor502185555;donor502206284;donor503292481;donor518632289;donor523504560;donor527109693;donor529204468;donor529503639;donor539351920;donor541655288;donor545589474;donor546734491;donor546745045;donor565762943;donor565864064;donor565865645;donor568753123;donor570079749;donor571798360;donor573625485;donor575188344;donor581739586;donor582805623;donor584120389;donor591626834;donor594667326;donor602810551;donor603221684;donor605685358;donor606151963;donor606790666;donor608110765;donor639375920;donor639389525;donor642188269;donor643270733;donor643640190;donor644933145;donor649505939;donor652809884;donor654610564;donor659055676;donor664605504;donor673647168,4087,0.052343189769242016,0.26307535197099596,0.247123665196012,0.2601906431269345,0.9734766613656779,1.967074075813674,-0.4698236573267279,0.6623724478124029,0.6098994069974641,0.26140855108140526
shared_fullrank,feat__g_osi_dg,4,donor491618855;donor495726993;donor495727000;donor501279658;donor501281403;donor501753157;donor501800291;donor502185555;donor502206284;donor503292481;donor518632289;donor523504560;donor527109693;donor529204468;donor529503639;donor539351920;donor541655288;donor545589474;donor546734491;donor546745045;donor565762943;donor565864064;donor565865645;donor568753123;donor570079749;donor571798360;donor573625485;donor575188344;donor581739586;donor582805623;donor584120389;donor591626834;donor594667326;donor602810551;donor603221684;donor605685358;donor606151963;donor606790666;donor608110765;donor639375920;donor639389525;donor642188269;donor643270733;donor643640190;donor644933145;donor649505939;donor652809884;donor654610564;donor659055676;donor664605504;donor673647168,4087,0.007373294691635501,0.10558907061196761,0.10141768461319114,0.25750160319932736,0.9963065317966571,1.7573950880781646,-0.44548641203987405,0.5706791317973333,0.5327917018163976,0.26910222199654965
shared_fullrank,feat__g_osi_sg,4,donor491618855;donor495726993;donor495727000;donor501279658;donor501281403;donor501753157;donor501800291;donor502185555;donor502206284;donor503292481;donor518632289;donor523504560;donor527109693;donor529204468;donor529503639;donor539351920;donor541655288;donor545589474;donor546734491;donor546745045;donor565762943;donor565864064;donor565865645;donor568753123;donor570079749;donor571798360;donor573625485;donor575188344;donor581739586;donor582805623;donor584120389;donor591626834;donor594667326;donor602810551;donor603221684;donor605685358;donor606151963;donor606790666;donor608110765;donor639375920;donor639389525;donor642188269;donor643270733;donor643640190;donor644933145;donor649505939;donor652809884;donor654610564;donor659055676;donor664605504;donor673647168,4087,0.014571396963133365,0.13524452516709556,0.06840479183931024,0.22422096159236532,0.9926875656661268,1.5305589787200289,-0.353489231633041,0.5400251592097833,0.532830267582082,0.2739595243520353
shared_fullrank,feat__image_sel_ns,4,donor491618855;donor495726993;donor495727000;donor501279658;donor501281403;donor501753157;donor501800291;donor502185555;donor502206284;donor503292481;donor518632289;donor523504560;donor527109693;donor529204468;donor529503639;donor539351920;donor541655288;donor545589474;donor546734491;donor546745045;donor565762943;donor565864064;donor565865645;donor568753123;donor570079749;donor571798360;donor573625485;donor575188344;donor581739586;donor582805623;donor584120389;donor591626834;donor594667326;donor602810551;donor603221684;donor605685358;donor606151963;donor606790666;donor608110765;donor639375920;donor639389525;donor642188269;donor643270733;donor643640190;donor644933145;donor649505939;donor652809884;donor654610564;donor659055676;donor664605504;donor673647168,4087,0.03625537996044337,0.20335327239133844,0.05077044984101529,0.2068425598607901,0.98170495569209,1.349759620182707,-0.15650500392260452,0.5311142511666735,0.547733607340404,0.2590310492961779
shared_fullrank,feat__reliability_ns,4,donor491618855;donor495726993;donor495727000;donor501279658;donor501281403;donor501753157;donor501800291;donor502185555;donor502206284;donor503292481;donor518632289;donor523504560;donor527109693;donor529204468;donor529503639;donor539351920;donor541655288;donor545589474;donor546734491;donor546745045;donor565762943;donor565864064;donor565865645;donor568753123;donor570079749;donor571798360;donor573625485;donor575188344;donor581739586;donor582805623;donor584120389;donor591626834;donor594667326;donor602810551;donor603221684;donor605685358;donor606151963;donor606790666;donor608110765;donor639375920;donor639389525;donor642188269;donor643270733;donor643640190;donor644933145;donor649505939;donor652809884;donor654610564;donor659055676;donor664605504;donor673647168,4087,0.023587883328229475,0.1991206158539626,0.1017282981681184,0.13421731602553588,0.988135677251557,1.0369470918711408,-0.02126764394321962,0.5617942812050368,0.6009318028902796,0.24923024591945836
shared_fullrank,feat__reliability_nm1_a,4,donor491618855;donor495726993;donor495727000;donor501279658;donor501281403;donor501753157;donor501800291;donor502185555;donor502206284;donor503292481;donor518632289;donor523504560;donor527109693;donor529204468;donor529503639;donor539351920;donor541655288;donor545589474;donor546734491;donor546745045;donor565762943;donor565864064;donor565865645;donor568753123;donor570079749;donor571798360;donor573625485;donor575188344;donor581739586;donor582805623;donor584120389;donor591626834;donor594667326;donor602810551;donor603221684;donor605685358;donor606151963;donor606790666;donor608110765;donor639375920;donor639389525;donor642188269;donor643270733;donor643640190;donor644933145;donor649505939;donor652809884;donor654610564;donor659055676;donor664605504;donor673647168,4087,0.03380149308245972,0.18976013229325253,0.21674503616241358,0.1513059504659666,0.9829539698810857,1.3284545432027868,-0.02947387828014288,0.6341913337987661,0.6396258040652016,0.24940386374680848
shared_fullrank,feat__reliability_dg,4,donor491618855;donor495726993;donor495727000;donor501279658;donor501281403;donor501753157;donor501800291;donor502185555;donor502206284;donor503292481;donor518632289;donor523504560;donor527109693;donor529204468;donor529503639;donor539351920;donor541655288;donor545589474;donor546734491;donor546745045;donor565762943;donor565864064;donor565865645;donor568753123;donor570079749;donor571798360;donor573625485;donor575188344;donor581739586;donor582805623;donor584120389;donor591626834;donor594667326;donor602810551;donor603221684;donor605685358;donor606151963;donor606790666;donor608110765;donor639375920;donor639389525;donor642188269;donor643270733;donor643640190;donor644933145;donor649505939;donor652809884;donor654610564;donor659055676;donor664605504;donor673647168,4087,0.1167099877345471,0.39383511139960115,0.18256400943144308,0.111783682820097,0.9398350984351457,1.8149304551336143,-0.07081805766625461,0.6189386301526186,0.6076750689209263,0.24890193476514028
shared_fullrank,feat__reliability_nm3,4,donor491618855;donor495726993;donor495727000;donor501279658;donor501281403;donor501753157;donor501800291;donor502185555;donor502206284;donor503292481;donor518632289;donor523504560;donor527109693;donor529204468;donor529503639;donor539351920;donor541655288;donor545589474;donor546734491;donor546745045;donor565762943;donor565864064;donor565865645;donor568753123;donor570079749;donor571798360;donor573625485;donor575188344;donor581739586;donor582805623;donor584120389;donor591626834;donor594667326;donor602810551;donor603221684;donor605685358;donor606151963;donor606790666;donor608110765;donor639375920;donor639389525;donor642188269;donor643270733;donor643640190;donor644933145;donor649505939;donor652809884;donor654610564;donor659055676;donor664605504;donor673647168,4087,0.01936148904931101,0.1492456786222014,0.19448191137666157,0.1252060543122313,0.9902719378711975,0.7979847826420419,0.015665075118635102,0.6198235625634834,0.6438696582453907,0.24934152555337674
shared_RRR_selected,feat__peak_dff_sg,4,donor491618855;donor495726993;donor495727000;donor501279658;donor501281403;donor501753157;donor501800291;donor502185555;donor502206284;donor503292481;donor518632289;donor523504560;donor527109693;donor529204468;donor529503639;donor539351920;donor541655288;donor545589474;donor546734491;donor546745045;donor565762943;donor565864064;donor565865645;donor568753123;donor570079749;donor571798360;donor573625485;donor575188344;donor581739586;donor582805623;donor584120389;donor591626834;donor594667326;donor602810551;donor603221684;donor605685358;donor606151963;donor606790666;donor608110765;donor639375920;donor639389525;donor642188269;donor643270733;donor643640190;donor644933145;donor649505939;donor652809884;donor654610564;donor659055676;donor664605504;donor673647168,4087,-0.000244738130319222,-0.022552983971094297,-0.06928910557002185,25445392495214.414,1.0001223615789818,-3768241701055.8506,27006435720495.93,0.4570016509049295,0.48532610760624634,0.49914123360442286
shared_RRR_selected,feat__peak_dff_ns,4,donor491618855;donor495726993;donor495727000;donor501279658;donor501281403;donor501753157;donor501800291;donor502185555;donor502206284;donor503292481;donor518632289;donor523504560;donor527109693;donor529204468;donor529503639;donor539351920;donor541655288;donor545589474;donor546734491;donor546745045;donor565762943;donor565864064;donor565865645;donor568753123;donor570079749;donor571798360;donor573625485;donor575188344;donor581739586;donor582805623;donor584120389;donor591626834;donor594667326;donor602810551;donor603221684;donor605685358;donor606151963;donor606790666;donor608110765;donor639375920;donor639389525;donor642188269;donor643270733;donor643640190;donor644933145;donor649505939;donor652809884;donor654610564;donor659055676;donor664605504;donor673647168,4087,-0.01744091792904623,0.02602244107373734,-0.010575182227079668,1088.8491272721155,1.0086827637711693,33.370832885393376,-5716.067735562248,0.49198823965735244,0.49337944070384454,0.4999999999999066
shared_RRR_selected,feat__peak_dff_dg,4,donor491618855;donor495726993;donor495727000;donor501279658;donor501281403;donor501753157;donor501800291;donor502185555;donor502206284;donor503292481;donor518632289;donor523504560;donor527109693;donor529204468;donor529503639;donor539351920;donor541655288;donor545589474;donor546734491;donor546745045;donor565762943;donor565864064;donor565865645;donor568753123;donor570079749;donor571798360;donor573625485;donor575188344;donor581739586;donor582805623;donor584120389;donor591626834;donor594667326;donor602810551;donor603221684;donor605685358;donor606151963;donor606790666;donor608110765;donor639375920;donor639389525;donor642188269;donor643270733;donor643640190;donor644933145;donor649505939;donor652809884;donor654610564;donor659055676;donor664605504;donor673647168,4087,-0.0005017079236648847,0.005721659519932088,-0.08914427618345636,60.795909666886246,1.0002508225058513,1.8321452748046902,-11.904680454707128,0.43734312500639205,0.50180026669697,0.4999966498121999
shared_RRR_selected,feat__rf_chi2_lsn,4,donor491618855;donor495726993;donor495727000;donor501279658;donor501281403;donor501753157;donor501800291;donor502185555;donor502206284;donor503292481;donor518632289;donor523504560;donor527109693;donor529204468;donor529503639;donor539351920;donor541655288;donor545589474;donor546734491;donor546745045;donor565762943;donor565864064;donor565865645;donor568753123;donor570079749;donor571798360;donor573625485;donor575188344;donor581739586;donor582805623;donor584120389;donor591626834;donor594667326;donor602810551;donor603221684;donor605685358;donor606151963;donor606790666;donor608110765;donor639375920;donor639389525;donor642188269;donor643270733;donor643640190;donor644933145;donor649505939;donor652809884;donor654610564;donor659055676;donor664605504;donor673647168,4087,0.0026495167059478186,0.051534780953946396,0.015967127063373773,0.42600599206894446,0.9986743629879443,0.9687768188315294,0.019896835293878545,0.5096782753937652,0.5008574309082808,0.27175005896214677
shared_RRR_selected,feat__g_dsi_dg,4,donor491618855;donor495726993;donor495727000;donor501279658;donor501281403;donor501753157;donor501800291;donor502185555;donor502206284;donor503292481;donor518632289;donor523504560;donor527109693;donor529204468;donor529503639;donor539351920;donor541655288;donor545589474;donor546734491;donor546745045;donor565762943;donor565864064;donor565865645;donor568753123;donor570079749;donor571798360;donor573625485;donor575188344;donor581739586;donor582805623;donor584120389;donor591626834;donor594667326;donor602810551;donor603221684;donor605685358;donor606151963;donor606790666;donor608110765;donor639375920;donor639389525;donor642188269;donor643270733;donor643640190;donor644933145;donor649505939;donor652809884;donor654610564;donor659055676;donor664605504;donor673647168,4087,0.03866350296659227,0.2563114276601325,0.21194172366944503,0.2620618761442685,0.9804776881837823,2.764458464602905,-0.8338392339579983,0.6399595428710458,0.596153126957758,0.2618194558674207
shared_RRR_selected,feat__g_osi_dg,4,donor491618855;donor495726993;donor495727000;donor501279658;donor501281403;donor501753157;donor501800291;donor502185555;donor502206284;donor503292481;donor518632289;donor523504560;donor527109693;donor529204468;donor529503639;donor539351920;donor541655288;donor545589474;donor546734491;donor546745045;donor565762943;donor565864064;donor565865645;donor568753123;donor570079749;donor571798360;donor573625485;donor575188344;donor581739586;donor582805623;donor584120389;donor591626834;donor594667326;donor602810551;donor603221684;donor605685358;donor606151963;donor606790666;donor608110765;donor639375920;donor639389525;donor642188269;donor643270733;donor643640190;donor644933145;donor649505939;donor652809884;donor654610564;donor659055676;donor664605504;donor673647168,4087,0.008247133348607494,0.15215484177650365,0.12118823952357159,0.2573882351035857,0.9958678961808729,4.291680574964821,-1.894357382170226,0.5811249945499145,0.5482386876018827,0.26905317407583385
shared_RRR_selected,feat__g_osi_sg,4,donor491618855;donor495726993;donor495727000;donor501279658;donor501281403;donor501753157;donor501800291;donor502185555;donor502206284;donor503292481;donor518632289;donor523504560;donor527109693;donor529204468;donor529503639;donor539351920;donor541655288;donor545589474;donor546734491;donor546745045;donor565762943;donor565864064;donor565865645;donor568753123;donor570079749;donor571798360;donor573625485;donor575188344;donor581739586;donor582805623;donor584120389;donor591626834;donor594667326;donor602810551;donor603221684;donor605685358;donor606151963;donor606790666;donor608110765;donor639375920;donor639389525;donor642188269;donor643270733;donor643640190;donor644933145;donor649505939;donor652809884;donor654610564;donor659055676;donor664605504;donor673647168,4087,-0.0016616660022839014,-0.053181650533556356,-0.03811093445997787,0.22606022499278836,1.000830488141431,-18.490070720163875,12.643307719373714,0.47050521351147534,0.47916474802001036,0.27460055962958696
shared_RRR_selected,feat__image_sel_ns,4,donor491618855;donor495726993;donor495727000;donor501279658;donor501281403;donor501753157;donor501800291;donor502185555;donor502206284;donor503292481;donor518632289;donor523504560;donor527109693;donor529204468;donor529503639;donor539351920;donor541655288;donor545589474;donor546734491;donor546745045;donor565762943;donor565864064;donor565865645;donor568753123;donor570079749;donor571798360;donor573625485;donor575188344;donor581739586;donor582805623;donor584120389;donor591626834;donor594667326;donor602810551;donor603221684;donor605685358;donor606151963;donor606790666;donor608110765;donor639375920;donor639389525;donor642188269;donor643270733;donor643640190;donor644933145;donor649505939;donor652809884;donor654610564;donor659055676;donor664605504;donor673647168,4087,-0.0044788948340563906,0.036141673715852,0.022080806265316662,0.21116859417068495,1.0022369454497881,0.36059242021181387,0.25795549353152936,0.5138696445437979,0.5200129192917144,0.26048578776457315
shared_RRR_selected,feat__reliability_ns,4,donor491618855;donor495726993;donor495727000;donor501279658;donor501281403;donor501753157;donor501800291;donor502185555;donor502206284;donor503292481;donor518632289;donor523504560;donor527109693;donor529204468;donor529503639;donor539351920;donor541655288;donor545589474;donor546734491;donor546745045;donor565762943;donor565864064;donor565865645;donor568753123;donor570079749;donor571798360;donor573625485;donor575188344;donor581739586;donor582805623;donor584120389;donor591626834;donor594667326;donor602810551;donor603221684;donor605685358;donor606151963;donor606790666;donor608110765;donor639375920;donor639389525;donor642188269;donor643270733;donor643640190;donor644933145;donor649505939;donor652809884;donor654610564;donor659055676;donor664605504;donor673647168,4087,0.028768964654883766,0.20777152706881136,0.17107036126178796,0.13386074744557697,0.9855105455198415,1.0541677668860991,-0.022165959319169905,0.6099251306271124,0.6139259958241029,0.2491415680389667
shared_RRR_selected,feat__reliability_nm1_a,4,donor491618855;donor495726993;donor495727000;donor501279658;donor501281403;donor501753157;donor501800291;donor502185555;donor502206284;donor503292481;donor518632289;donor523504560;donor527109693;donor529204468;donor529503639;donor539351920;donor541655288;donor545589474;donor546734491;donor546745045;donor565762943;donor565864064;donor565865645;donor568753123;donor570079749;donor571798360;donor573625485;donor575188344;donor581739586;donor582805623;donor584120389;donor591626834;donor594667326;donor602810551;donor603221684;donor605685358;donor606151963;donor606790666;donor608110765;donor639375920;donor639389525;donor642188269;donor643270733;donor643640190;donor644933145;donor649505939;donor652809884;donor654610564;donor659055676;donor664605504;donor673647168,4087,0.01801028387838277,0.13606390464017742,0.06337868630285086,0.1525373849931923,0.9909539424760658,1.1920664051668723,-0.016661907024493924,0.537617432522558,0.5716449921396717,0.24974044753849103
shared_RRR_selected,feat__reliability_dg,4,donor491618855;donor495726993;donor495727000;donor501279658;donor501281403;donor501753157;donor501800291;donor502185555;donor502206284;donor503292481;donor518632289;donor523504560;donor527109693;donor529204468;donor529503639;donor539351920;donor541655288;donor545589474;donor546734491;donor546745045;donor565762943;donor565864064;donor565865645;donor568753123;donor570079749;donor571798360;donor573625485;donor575188344;donor581739586;donor582805623;donor584120389;donor591626834;donor594667326;donor602810551;donor603221684;donor605685358;donor606151963;donor606790666;donor608110765;donor639375920;donor639389525;donor642188269;donor643270733;donor643640190;donor644933145;donor649505939;donor652809884;donor654610564;donor659055676;donor664605504;donor673647168,4087,0.05006597272375868,0.26302260857024096,0.06173083720041389,0.1159240315052473,0.9746455905919176,1.7836834987480745,-0.06668214711969743,0.5393614599016348,0.5731929834803837,0.24947431894154018
shared_RRR_selected,feat__reliability_nm3,4,donor491618855;donor495726993;donor495727000;donor501279658;donor501281403;donor501753157;donor501800291;donor502185555;donor502206284;donor503292481;donor518632289;donor523504560;donor527109693;donor529204468;donor529503639;donor539351920;donor541655288;donor545589474;donor546734491;donor546745045;donor565762943;donor565864064;donor565865645;donor568753123;donor570079749;donor571798360;donor573625485;donor575188344;donor581739586;donor582805623;donor584120389;donor591626834;donor594667326;donor602810551;donor603221684;donor605685358;donor606151963;donor606790666;donor608110765;donor639375920;donor639389525;donor642188269;donor643270733;donor643640190;donor644933145;donor649505939;donor652809884;donor654610564;donor659055676;donor664605504;donor673647168,4087,-0.0011033857344320275,0.08401380258055141,0.053919483961945465,0.12650576651094023,1.0005515407606929,0.5119796845969097,0.04452958202096669,0.5373262230126566,0.5567815135008898,0.2499191292485485
