model,target,fold,heldout,n,r2,pearson,spearman,rmse,nrmse,calibration_slope,calibration_intercept,auroc,auprc,brier
independent_Ridge,feat__peak_dff_sg,0,donor495726993;donor496001358;donor497258296;donor497258322;donor503292470;donor536313085;donor543144600;donor549890582;donor558793503;donor559019102;donor561035974;donor565805420;donor567008970;donor588383820;donor593058284;donor594621328;donor596265204;donor605685358;donor606651548;donor608110765;donor639375920;donor644548932;donor654662700;donor657880054;donor657967213;donor661977224;donor680974785,456,-0.051289804224456725,-0.03919038547954401,-0.1038513145961141,17.42151082865371,1.025324243458847,-3.8255650155708603,46.60671227600254,0.44842884349030476,0.47953539139568024,0.49985853044255524
independent_Ridge,feat__peak_dff_ns,0,donor495726993;donor496001358;donor497258296;donor497258322;donor503292470;donor536313085;donor543144600;donor549890582;donor558793503;donor559019102;donor561035974;donor565805420;donor567008970;donor588383820;donor593058284;donor594621328;donor596265204;donor605685358;donor606651548;donor608110765;donor639375920;donor644548932;donor654662700;donor657880054;donor657967213;donor661977224;donor680974785,456,-0.016839587071404205,0.09805058825448049,0.16831932174283737,15.555424612054205,1.0083846424214344,0.919622761448402,3.55405198689484,0.5973424515235456,0.5950489949867198,0.4999934899567535
independent_Ridge,feat__peak_dff_dg,0,donor495726993;donor496001358;donor497258296;donor497258322;donor503292470;donor536313085;donor543144600;donor549890582;donor558793503;donor559019102;donor561035974;donor565805420;donor567008970;donor588383820;donor593058284;donor594621328;donor596265204;donor605685358;donor606651548;donor608110765;donor639375920;donor644548932;donor654662700;donor657880054;donor657967213;donor661977224;donor680974785,456,-0.0005163447472429361,0.08579701843761013,-0.12112989359855297,26.849610249435205,1.0002581390557355,0.5247767808590035,8.914308603971117,0.42890841412742375,0.5068291708270862,0.4999996920378216
independent_Ridge,feat__pref_tf_dg,0,donor495726993;donor496001358;donor497258296;donor497258322;donor503292470;donor536313085;donor543144600;donor549890582;donor558793503;donor559019102;donor561035974;donor565805420;donor567008970;donor588383820;donor593058284;donor594621328;donor596265204;donor605685358;donor606651548;donor608110765;donor639375920;donor644548932;donor654662700;donor657880054;donor657967213;donor661977224;donor680974785,456,0.0015730690545595616,0.04492619159043783,0.09704306948747964,4.204226640399523,0.9992131559109099,0.9342739744194923,0.15148430684559291,0.5611707768544049,0.5170409873584777,0.49694816043741974
independent_Ridge,feat__run_mod_dg,0,donor495726993;donor496001358;donor497258296;donor497258322;donor503292470;donor536313085;donor543144600;donor549890582;donor558793503;donor559019102;donor561035974;donor565805420;donor567008970;donor588383820;donor593058284;donor594621328;donor596265204;donor605685358;donor606651548;donor608110765;donor639375920;donor644548932;donor654662700;donor657880054;donor657967213;donor661977224;donor680974785,456,0.013137805591816987,0.17059185709761077,0.2962882835349957,0.5760986695368897,0.9934093790619167,1.2253032773851782,0.011579423206556734,0.6869373268698064,0.6495633726136443,0.24997563542753554
independent_Ridge,feat__run_mod_sg,0,donor495726993;donor496001358;donor497258296;donor497258322;donor503292470;donor536313085;donor543144600;donor549890582;donor558793503;donor559019102;donor561035974;donor565805420;donor567008970;donor588383820;donor593058284;donor594621328;donor596265204;donor605685358;donor606651548;donor608110765;donor639375920;donor644548932;donor654662700;donor657880054;donor657967213;donor661977224;donor680974785,456,-0.04429285940603345,0.04328382437058647,0.028580057317205983,0.584664964020945,1.021906482710641,0.3183841642216448,0.29070018469859865,0.5288045360110804,0.5328640921751989,0.2535289754618172
independent_Ridge,feat__run_mod_ns,0,donor495726993;donor496001358;donor497258296;donor497258322;donor503292470;donor536313085;donor543144600;donor549890582;donor558793503;donor559019102;donor561035974;donor565805420;donor567008970;donor588383820;donor593058284;donor594621328;donor596265204;donor605685358;donor606651548;donor608110765;donor639375920;donor644548932;donor654662700;donor657880054;donor657967213;donor661977224;donor680974785,456,-0.03459837273713773,0.10842399925718839,0.12269869297025915,0.5421177831512924,1.017152089285146,0.5860943309563335,0.18304844279517946,0.5629328254847645,0.5529808133641085,0.24945885907108034
independent_Ridge,feat__rf_chi2_lsn,0,donor495726993;donor496001358;donor497258296;donor497258322;donor503292470;donor536313085;donor543144600;donor549890582;donor558793503;donor559019102;donor561035974;donor565805420;donor567008970;donor588383820;donor593058284;donor594621328;donor596265204;donor605685358;donor606651548;donor608110765;donor639375920;donor644548932;donor654662700;donor657880054;donor657967213;donor661977224;donor680974785,456,-0.09735685454326681,-0.048069378069592904,0.037457675334336596,0.47730548570022047,1.047548020161017,-0.23827155094099792,0.7840902476854414,0.5165339335180055,0.506942056955192,0.2797386026298292
independent_Ridge,feat__dsi_dg,0,donor495726993;donor496001358;donor497258296;donor497258322;donor503292470;donor536313085;donor543144600;donor549890582;donor558793503;donor559019102;donor561035974;donor565805420;donor567008970;donor588383820;donor593058284;donor594621328;donor596265204;donor605685358;donor606651548;donor608110765;donor639375920;donor644548932;donor654662700;donor657880054;donor657967213;donor661977224;donor680974785,456,0.00036120016887997153,0.07330510247012298,0.07601297508487292,0.3802635669414693,0.9998193836044188,0.5137711798249499,0.31023480413399385,0.5457712950138505,0.5285592585911502,0.2720946376775764
independent_Ridge,feat__osi_sg,0,donor495726993;donor496001358;donor497258296;donor497258322;donor503292470;donor536313085;donor543144600;donor549890582;donor558793503;donor559019102;donor561035974;donor565805420;donor567008970;donor588383820;donor593058284;donor594621328;donor596265204;donor605685358;donor606651548;donor608110765;donor639375920;donor644548932;donor654662700;donor657880054;donor657967213;donor661977224;donor680974785,456,-0.00018518024040226067,0.061482114297589735,0.09280649712704704,0.3267220460457593,1.0000925858341327,4.8444736246438,-3.6539142127473787,0.5363573407202218,0.5291684988068746,0.2992054600838368
independent_Ridge,feat__osi_dg,0,donor495726993;donor496001358;donor497258296;donor497258322;donor503292470;donor536313085;donor543144600;donor549890582;donor558793503;donor559019102;donor561035974;donor565805420;donor567008970;donor588383820;donor593058284;donor594621328;donor596265204;donor605685358;donor606651548;donor608110765;donor639375920;donor644548932;donor654662700;donor657880054;donor657967213;donor661977224;donor680974785,456,-0.0082289466908676,-0.08513849509169077,-0.08836281150031502,0.35678938061288284,1.0041060435486222,-2.197603959756531,2.8302691656868495,0.4509175900277008,0.46858538503162583,0.2935672156786935
independent_Ridge,feat__g_dsi_dg,0,donor495726993;donor496001358;donor497258296;donor497258322;donor503292470;donor536313085;donor543144600;donor549890582;donor558793503;donor559019102;donor561035974;donor565805420;donor567008970;donor588383820;donor593058284;donor594621328;donor596265204;donor605685358;donor606651548;donor608110765;donor639375920;donor644548932;donor654662700;donor657880054;donor657967213;donor661977224;donor680974785,456,0.001268410714771795,0.047411002129899585,0.0506818988074593,0.27458735031423503,0.9993655934067514,1.5552560323065943,-0.23395837738183645,0.5095870844875345,0.5069693013150922,0.2614128261996584
independent_Ridge,feat__g_osi_dg,0,donor495726993;donor496001358;donor497258296;donor497258322;donor503292470;donor536313085;donor543144600;donor549890582;donor558793503;donor559019102;donor561035974;donor565805420;donor567008970;donor588383820;donor593058284;donor594621328;donor596265204;donor605685358;donor606651548;donor608110765;donor639375920;donor644548932;donor654662700;donor657880054;donor657967213;donor661977224;donor680974785,456,-0.0018514711149415497,-0.010891486820402255,-0.05251004895004655,0.2746594603979125,1.0009253074605224,-0.48523559585474446,0.8635927396431253,0.47238573407202217,0.4936633977289819,0.2696524903134212
independent_Ridge,feat__g_osi_sg,0,donor495726993;donor496001358;donor497258296;donor497258322;donor503292470;donor536313085;donor543144600;donor549890582;donor558793503;donor559019102;donor561035974;donor565805420;donor567008970;donor588383820;donor593058284;donor594621328;donor596265204;donor605685358;donor606651548;donor608110765;donor639375920;donor644548932;donor654662700;donor657880054;donor657967213;donor661977224;donor680974785,456,-0.017849413592491592,0.16363130632383674,0.13740071940848092,0.22242650218570378,1.008885233112514,1.8653598810635719,-0.5201779760667968,0.574121364265928,0.5485793251325708,0.27383104698280586
independent_Ridge,feat__image_sel_ns,0,donor495726993;donor496001358;donor497258296;donor497258322;donor503292470;donor536313085;donor543144600;donor549890582;donor558793503;donor559019102;donor561035974;donor565805420;donor567008970;donor588383820;donor593058284;donor594621328;donor596265204;donor605685358;donor606651548;donor608110765;donor639375920;donor644548932;donor654662700;donor657880054;donor657967213;donor661977224;donor680974785,456,-0.12074310364512475,0.1913168193341875,0.07651060294469225,0.21600989166036394,1.058651549682484,1.5738143571416112,-0.18265422119908997,0.554579293628809,0.5203785150031406,0.26173854485127374
independent_Ridge,feat__reliability_ns,0,donor495726993;donor496001358;donor497258296;donor497258322;donor503292470;donor536313085;donor543144600;donor549890582;donor558793503;donor559019102;donor561035974;donor565805420;donor567008970;donor588383820;donor593058284;donor594621328;donor596265204;donor605685358;donor606651548;donor608110765;donor639375920;donor644548932;donor654662700;donor657880054;donor657967213;donor661977224;donor680974785,456,-0.024771232505351515,0.2187872908555542,0.23915080916381054,0.177870904983915,1.0123098500485668,1.1965127484697764,0.01957150138425182,0.6439144736842105,0.6218077543690391,0.24922587373677102
independent_Ridge,feat__reliability_nm1_a,0,donor495726993;donor496001358;donor497258296;donor497258322;donor503292470;donor536313085;donor543144600;donor549890582;donor558793503;donor559019102;donor561035974;donor565805420;donor567008970;donor588383820;donor593058284;donor594621328;donor596265204;donor605685358;donor606651548;donor608110765;donor639375920;donor644548932;donor654662700;donor657880054;donor657967213;donor661977224;donor680974785,456,-0.10390848424537968,-0.03994137393597137,-0.10018423271553913,0.20264024626999547,1.0506704927070998,-0.2289773118286323,0.1703685684546723,0.4264629501385042,0.4685767588113308,0.2520137089199919
independent_Ridge,feat__reliability_dg,0,donor495726993;donor496001358;donor497258296;donor497258322;donor503292470;donor536313085;donor543144600;donor549890582;donor558793503;donor559019102;donor561035974;donor565805420;donor567008970;donor588383820;donor593058284;donor594621328;donor596265204;donor605685358;donor606651548;donor608110765;donor639375920;donor644548932;donor654662700;donor657880054;donor657967213;donor661977224;donor680974785,456,-0.00786553903044851,0.09330937023301332,0.1389272051729116,0.16098194917371303,1.0039250664419375,0.5516038734621573,0.06664677144058091,0.5607254155124654,0.5337816869383153,0.25041390722751133
independent_Ridge,feat__reliability_nm3,0,donor495726993;donor496001358;donor497258296;donor497258322;donor503292470;donor536313085;donor543144600;donor549890582;donor558793503;donor559019102;donor561035974;donor565805420;donor567008970;donor588383820;donor593058284;donor594621328;donor596265204;donor605685358;donor606651548;donor608110765;donor639375920;donor644548932;donor654662700;donor657880054;donor657967213;donor661977224;donor680974785,456,-0.06747624074520675,0.07147312960518057,0.14382113301551244,0.16033652504791812,1.0331874180153409,0.6866994861030935,0.07950257173540047,0.5723900623268697,0.5308537162097237,0.25054773171494427
independent_Ridge,feat__reliability_sg,0,donor495726993;donor496001358;donor497258296;donor497258322;donor503292470;donor536313085;donor543144600;donor549890582;donor558793503;donor559019102;donor561035974;donor565805420;donor567008970;donor588383820;donor593058284;donor594621328;donor596265204;donor605685358;donor606651548;donor608110765;donor639375920;donor644548932;donor654662700;donor657880054;donor657967213;donor661977224;donor680974785,456,-0.08979595208789459,0.10507072042530083,0.11431175696906296,0.18292954472011247,1.0439329250904459,5.262397708807667,-0.31150129484197703,0.56897074099723,0.5414448294971173,0.2503811932641044
independent_Ridge,feat__time_to_peak_sg,0,donor495726993;donor496001358;donor497258296;donor497258322;donor503292470;donor536313085;donor543144600;donor549890582;donor558793503;donor559019102;donor561035974;donor565805420;donor567008970;donor588383820;donor593058284;donor594621328;donor596265204;donor605685358;donor606651548;donor608110765;donor639375920;donor644548932;donor654662700;donor657880054;donor657967213;donor661977224;donor680974785,456,0.003057352258781454,0.10870961465046383,-0.12008351071862189,0.08164836436339991,0.9984701536556907,0.5677943269889749,0.12186077558477511,0.4404982118633617,0.4966408317484371,0.25559263373287144
independent_Ridge,feat__time_to_peak_ns,0,donor495726993;donor496001358;donor497258296;donor497258322;donor503292470;donor536313085;donor543144600;donor549890582;donor558793503;donor559019102;donor561035974;donor565805420;donor567008970;donor588383820;donor593058284;donor594621328;donor596265204;donor605685358;donor606651548;donor608110765;donor639375920;donor644548932;donor654662700;donor657880054;donor657967213;donor661977224;donor680974785,456,0.04617041139934086,0.2430625700562524,0.28462174031096965,0.07310200759731653,0.9766419961278847,0.7773146524501456,0.06786236608510958,0.6521091811414393,0.6014401572707889,0.25596510489442714
independent_Ridge,feat__pref_sf_sg,0,donor495726993;donor496001358;donor497258296;donor497258322;donor503292470;donor536313085;donor543144600;donor549890582;donor558793503;donor559019102;donor561035974;donor565805420;donor567008970;donor588383820;donor593058284;donor594621328;donor596265204;donor605685358;donor606651548;donor608110765;donor639375920;donor644548932;donor654662700;donor657880054;donor657967213;donor661977224;donor680974785,456,-0.0008205538810468482,-0.0012594086480321445,-0.05779032558907141,0.06223772187802183,1.0004101928114522,-0.04876078419184544,0.06382813514645654,0.4905412109838436,0.3539220197873671,0.2552897160110072
independent_Ridge,feat__sfdi_sg,0,donor495726993;donor496001358;donor497258296;donor497258322;donor503292470;donor536313085;donor543144600;donor549890582;donor558793503;donor559019102;donor561035974;donor565805420;donor567008970;donor588383820;donor593058284;donor594621328;donor596265204;donor605685358;donor606651548;donor608110765;donor639375920;donor644548932;donor654662700;donor657880054;donor657967213;donor661977224;donor680974785,456,-0.09924066623783134,0.13274212293953913,0.12935400481358658,0.08853720343534342,1.048446787508947,1.0789280481381753,0.00660393569670928,0.5777138157894737,0.5603750541522086,0.25453998481063145
independent_Ridge,feat__tfdi_dg,0,donor495726993;donor496001358;donor497258296;donor497258322;donor503292470;donor536313085;donor543144600;donor549890582;donor558793503;donor559019102;donor561035974;donor565805420;donor567008970;donor588383820;donor593058284;donor594621328;donor596265204;donor605685358;donor606651548;donor608110765;donor639375920;donor644548932;donor654662700;donor657880054;donor657967213;donor661977224;donor680974785,456,-0.009185064986599212,0.08573950602942866,0.11329465382296837,0.07016477658745994,1.0045820349710615,0.5674465064425738,0.15634106858464356,0.5471996191135734,0.5411454505830281,0.25702972980228767
shared_fullrank,feat__peak_dff_sg,0,donor495726993;donor496001358;donor497258296;donor497258322;donor503292470;donor536313085;donor543144600;donor549890582;donor558793503;donor559019102;donor561035974;donor565805420;donor567008970;donor588383820;donor593058284;donor594621328;donor596265204;donor605685358;donor606651548;donor608110765;donor639375920;donor644548932;donor654662700;donor657880054;donor657967213;donor661977224;donor680974785,456,-0.060963261032899396,-0.0425842505597873,-0.1038513145961141,17.501479421131844,1.0300307087814904,-1.000137189272304,21.361031518094812,0.44842884349030476,0.47953539139568024,0.4997883872290767
shared_fullrank,feat__peak_dff_ns,0,donor495726993;donor496001358;donor497258296;donor497258322;donor503292470;donor536313085;donor543144600;donor549890582;donor558793503;donor559019102;donor561035974;donor565805420;donor567008970;donor588383820;donor593058284;donor594621328;donor596265204;donor605685358;donor606651548;donor608110765;donor639375920;donor644548932;donor654662700;donor657880054;donor657967213;donor661977224;donor680974785,456,-0.016839587071404205,0.09805058825448039,0.16831932174283737,15.555424612054205,1.0083846424214344,0.9196227614484016,3.554051986894842,0.5973424515235456,0.5950489949867198,0.4999934899567535
shared_fullrank,feat__peak_dff_dg,0,donor495726993;donor496001358;donor497258296;donor497258322;donor503292470;donor536313085;donor543144600;donor549890582;donor558793503;donor559019102;donor561035974;donor565805420;donor567008970;donor588383820;donor593058284;donor594621328;donor596265204;donor605685358;donor606651548;donor608110765;donor639375920;donor644548932;donor654662700;donor657880054;donor657967213;donor661977224;donor680974785,456,-0.0005163447472427141,0.08579701843761019,-0.12112989359855297,26.849610249435205,1.0002581390557355,0.5247767808590039,8.914308603971111,0.42890841412742375,0.5068291708270862,0.4999996920378216
shared_fullrank,feat__pref_tf_dg,0,donor495726993;donor496001358;donor497258296;donor497258322;donor503292470;donor536313085;donor543144600;donor549890582;donor558793503;donor559019102;donor561035974;donor565805420;donor567008970;donor588383820;donor593058284;donor594621328;donor596265204;donor605685358;donor606651548;donor608110765;donor639375920;donor644548932;donor654662700;donor657880054;donor657967213;donor661977224;donor680974785,456,-0.02041029298975472,0.04426447533361966,0.08993283299784659,4.2502589617394015,1.0101535987114802,0.22843354650723055,2.737181542864645,0.5581242889921524,0.515900147696693,0.4832342921402476
shared_fullrank,feat__run_mod_dg,0,donor495726993;donor496001358;donor497258296;donor497258322;donor503292470;donor536313085;donor543144600;donor549890582;donor558793503;donor559019102;donor561035974;donor565805420;donor567008970;donor588383820;donor593058284;donor594621328;donor596265204;donor605685358;donor606651548;donor608110765;donor639375920;donor644548932;donor654662700;donor657880054;donor657967213;donor661977224;donor680974785,456,0.013137805591816987,0.17059185709761068,0.2962882835349957,0.5760986695368897,0.9934093790619167,1.2253032773851773,0.011579423206556994,0.6869373268698064,0.6495633726136443,0.2499756354275356
shared_fullrank,feat__run_mod_sg,0,donor495726993;donor496001358;donor497258296;donor497258322;donor503292470;donor536313085;donor543144600;donor549890582;donor558793503;donor559019102;donor561035974;donor565805420;donor567008970;donor588383820;donor593058284;donor594621328;donor596265204;donor605685358;donor606651548;donor608110765;donor639375920;donor644548932;donor654662700;donor657880054;donor657967213;donor661977224;donor680974785,456,-0.04429285940603345,0.0432838243705865,0.028580057317205983,0.584664964020945,1.021906482710641,0.31838416422164134,0.290700184698599,0.5288045360110804,0.5328640921751989,0.2535289754618172
shared_fullrank,feat__run_mod_ns,0,donor495726993;donor496001358;donor497258296;donor497258322;donor503292470;donor536313085;donor543144600;donor549890582;donor558793503;donor559019102;donor561035974;donor565805420;donor567008970;donor588383820;donor593058284;donor594621328;donor596265204;donor605685358;donor606651548;donor608110765;donor639375920;donor644548932;donor654662700;donor657880054;donor657967213;donor661977224;donor680974785,456,-0.03459837273713773,0.10842399925718842,0.12269869297025915,0.5421177831512924,1.017152089285146,0.586094330956335,0.18304844279517923,0.5629328254847645,0.5529808133641085,0.24945885907108034
shared_fullrank,feat__rf_chi2_lsn,0,donor495726993;donor496001358;donor497258296;donor497258322;donor503292470;donor536313085;donor543144600;donor549890582;donor558793503;donor559019102;donor561035974;donor565805420;donor567008970;donor588383820;donor593058284;donor594621328;donor596265204;donor605685358;donor606651548;donor608110765;donor639375920;donor644548932;donor654662700;donor657880054;donor657967213;donor661977224;donor680974785,456,-0.09735685454326681,-0.04806937806959289,0.037457675334336596,0.47730548570022047,1.047548020161017,-0.23827155094099792,0.7840902476854414,0.5165339335180055,0.506942056955192,0.2797386026298292
shared_fullrank,feat__dsi_dg,0,donor495726993;donor496001358;donor497258296;donor497258322;donor503292470;donor536313085;donor543144600;donor549890582;donor558793503;donor559019102;donor561035974;donor565805420;donor567008970;donor588383820;donor593058284;donor594621328;donor596265204;donor605685358;donor606651548;donor608110765;donor639375920;donor644548932;donor654662700;donor657880054;donor657967213;donor661977224;donor680974785,456,0.00036120016887997153,0.07330510247012298,0.07601297508487292,0.3802635669414693,0.9998193836044188,0.513771179824949,0.3102348041339944,0.5457712950138505,0.5285592585911502,0.2720946376775764
shared_fullrank,feat__osi_sg,0,donor495726993;donor496001358;donor497258296;donor497258322;donor503292470;donor536313085;donor543144600;donor549890582;donor558793503;donor559019102;donor561035974;donor565805420;donor567008970;donor588383820;donor593058284;donor594621328;donor596265204;donor605685358;donor606651548;donor608110765;donor639375920;donor644548932;donor654662700;donor657880054;donor657967213;donor661977224;donor680974785,456,0.0005563019912376843,0.05821797250411083,-0.02173842607493344,0.3266009167226292,0.9997218103096293,1.1327741444038053,-0.10883400316309408,0.4765408587257617,0.5029396557741826,0.2987592818607047
shared_fullrank,feat__osi_dg,0,donor495726993;donor496001358;donor497258296;donor497258322;donor503292470;donor536313085;donor543144600;donor549890582;donor558793503;donor559019102;donor561035974;donor565805420;donor567008970;donor588383820;donor593058284;donor594621328;donor596265204;donor605685358;donor606651548;donor608110765;donor639375920;donor644548932;donor654662700;donor657880054;donor657967213;donor661977224;donor680974785,456,-0.06566658751268606,-0.08456674432478221,-0.08836281150031502,0.36681155945663946,1.032311284212609,-0.5203399879920829,1.3614874399277495,0.4509175900277008,0.46858538503162583,0.2973398620683752
shared_fullrank,feat__g_dsi_dg,0,donor495726993;donor496001358;donor497258296;donor497258322;donor503292470;donor536313085;donor543144600;donor549890582;donor558793503;donor559019102;donor561035974;donor565805420;donor567008970;donor588383820;donor593058284;donor594621328;donor596265204;donor605685358;donor606651548;donor608110765;donor639375920;donor644548932;donor654662700;donor657880054;donor657967213;donor661977224;donor680974785,456,-0.002792396329578173,0.04683321007329698,0.04832318058311493,0.2751450152175161,1.0013952248386138,0.4002843214020356,0.2639718210548321,0.5086348684210527,0.5067320673728932,0.26186938179508334
shared_fullrank,feat__g_osi_dg,0,donor495726993;donor496001358;donor497258296;donor497258322;donor503292470;donor536313085;donor543144600;donor549890582;donor558793503;donor559019102;donor561035974;donor565805420;donor567008970;donor588383820;donor593058284;donor594621328;donor596265204;donor605685358;donor606651548;donor608110765;donor639375920;donor644548932;donor654662700;donor657880054;donor657967213;donor661977224;donor680974785,456,-0.011326754814478646,-0.009496453820903953,-0.04162194810958345,0.27595523721877885,1.0056474306706493,-0.10357395394851565,0.6455499043439091,0.48039300554016623,0.49577294634741104,0.2708376322168857
shared_fullrank,feat__g_osi_sg,0,donor495726993;donor496001358;donor497258296;donor497258322;donor503292470;donor536313085;donor543144600;donor549890582;donor558793503;donor559019102;donor561035974;donor565805420;donor567008970;donor588383820;donor593058284;donor594621328;donor596265204;donor605685358;donor606651548;donor608110765;donor639375920;donor644548932;donor654662700;donor657880054;donor657967213;donor661977224;donor680974785,456,-0.017849413592491592,0.1636313063238367,0.13740071940848092,0.22242650218570378,1.008885233112514,1.8653598810635712,-0.5201779760667965,0.574121364265928,0.5485793251325708,0.27383104698280586
shared_fullrank,feat__image_sel_ns,0,donor495726993;donor496001358;donor497258296;donor497258322;donor503292470;donor536313085;donor543144600;donor549890582;donor558793503;donor559019102;donor561035974;donor565805420;donor567008970;donor588383820;donor593058284;donor594621328;donor596265204;donor605685358;donor606651548;donor608110765;donor639375920;donor644548932;donor654662700;donor657880054;donor657967213;donor661977224;donor680974785,456,-0.1207431036451252,0.19131681933418754,0.07651060294469225,0.21600989166036397,1.058651549682484,1.5738143571416112,-0.18265422119909003,0.554579293628809,0.5203785150031406,0.26173854485127374
shared_fullrank,feat__reliability_ns,0,donor495726993;donor496001358;donor497258296;donor497258322;donor503292470;donor536313085;donor543144600;donor549890582;donor558793503;donor559019102;donor561035974;donor565805420;donor567008970;donor588383820;donor593058284;donor594621328;donor596265204;donor605685358;donor606651548;donor608110765;donor639375920;donor644548932;donor654662700;donor657880054;donor657967213;donor661977224;donor680974785,456,-0.024771232505351515,0.2187872908555543,0.23915080916381054,0.177870904983915,1.0123098500485668,1.1965127484697764,0.019571501384251882,0.6439144736842105,0.6218077543690391,0.24922587373677102
shared_fullrank,feat__reliability_nm1_a,0,donor495726993;donor496001358;donor497258296;donor497258322;donor503292470;donor536313085;donor543144600;donor549890582;donor558793503;donor559019102;donor561035974;donor565805420;donor567008970;donor588383820;donor593058284;donor594621328;donor596265204;donor605685358;donor606651548;donor608110765;donor639375920;donor644548932;donor654662700;donor657880054;donor657967213;donor661977224;donor680974785,456,-0.06674245805059775,-0.0393785566998871,-0.10018423271553913,0.19919982819229293,1.0328322506828482,-0.32903120454853785,0.18273439987059523,0.4264629501385042,0.4685767588113308,0.2516366916477694
shared_fullrank,feat__reliability_dg,0,donor495726993;donor496001358;donor497258296;donor497258322;donor503292470;donor536313085;donor543144600;donor549890582;donor558793503;donor559019102;donor561035974;donor565805420;donor567008970;donor588383820;donor593058284;donor594621328;donor596265204;donor605685358;donor606651548;donor608110765;donor639375920;donor644548932;donor654662700;donor657880054;donor657967213;donor661977224;donor680974785,456,-0.00786553903044851,0.09330937023301322,0.1389272051729116,0.16098194917371303,1.0039250664419375,0.5516038734621566,0.06664677144058104,0.5607254155124654,0.5337816869383153,0.25041390722751133
shared_fullrank,feat__reliability_nm3,0,donor495726993;donor496001358;donor497258296;donor497258322;donor503292470;donor536313085;donor543144600;donor549890582;donor558793503;donor559019102;donor561035974;donor565805420;donor567008970;donor588383820;donor593058284;donor594621328;donor596265204;donor605685358;donor606651548;donor608110765;donor639375920;donor644548932;donor654662700;donor657880054;donor657967213;donor661977224;donor680974785,456,-0.06747624074520675,0.0714731296051805,0.14382113301551244,0.16033652504791812,1.0331874180153409,0.686699486103093,0.07950257173540051,0.5723900623268697,0.5308537162097237,0.25054773171494427
shared_fullrank,feat__reliability_sg,0,donor495726993;donor496001358;donor497258296;donor497258322;donor503292470;donor536313085;donor543144600;donor549890582;donor558793503;donor559019102;donor561035974;donor565805420;donor567008970;donor588383820;donor593058284;donor594621328;donor596265204;donor605685358;donor606651548;donor608110765;donor639375920;donor644548932;donor654662700;donor657880054;donor657967213;donor661977224;donor680974785,456,-0.0947039098328819,0.10181301228346516,0.11416922298484894,0.18334099876744853,1.0462809899032295,1.299714441518861,0.03188994711282045,0.5688408933518007,0.541411824744433,0.2501584314487306
shared_fullrank,feat__time_to_peak_sg,0,donor495726993;donor496001358;donor497258296;donor497258322;donor503292470;donor536313085;donor543144600;donor549890582;donor558793503;donor559019102;donor561035974;donor565805420;donor567008970;donor588383820;donor593058284;donor594621328;donor596265204;donor605685358;donor606651548;donor608110765;donor639375920;donor644548932;donor654662700;donor657880054;donor657967213;donor661977224;donor680974785,456,0.011319555894485744,0.1103677086619294,0.23625264249533967,0.08130932835131634,0.9943241142130238,0.8187917423890033,0.051330097596013965,0.6291774571463805,0.5886922104306808,0.2557595848980206
shared_fullrank,feat__time_to_peak_ns,0,donor495726993;donor496001358;donor497258296;donor497258322;donor503292470;donor536313085;donor543144600;donor549890582;donor558793503;donor559019102;donor561035974;donor565805420;donor567008970;donor588383820;donor593058284;donor594621328;donor596265204;donor605685358;donor606651548;donor608110765;donor639375920;donor644548932;donor654662700;donor657880054;donor657967213;donor661977224;donor680974785,456,0.048881346094014844,0.23587609656533273,0.28462174031096965,0.07299804993942234,0.9752531229921724,1.0602475535289315,-0.010511180551569804,0.6521091811414393,0.6014401572707889,0.2564789287308378
shared_fullrank,feat__pref_sf_sg,0,donor495726993;donor496001358;donor497258296;donor497258322;donor503292470;donor536313085;donor543144600;donor549890582;donor558793503;donor559019102;donor561035974;donor565805420;donor567008970;donor588383820;donor593058284;donor594621328;donor596265204;donor605685358;donor606651548;donor608110765;donor639375920;donor644548932;donor654662700;donor657880054;donor657967213;donor661977224;donor680974785,456,-0.016726221770406946,-0.006440595307556141,-0.05779032558907141,0.06273033282634027,1.0083284295161012,-0.05919315595262223,0.06421683001437292,0.4905412109838436,0.3539220197873671,0.25493555403107765
shared_fullrank,feat__sfdi_sg,0,donor495726993;donor496001358;donor497258296;donor497258322;donor503292470;donor536313085;donor543144600;donor549890582;donor558793503;donor559019102;donor561035974;donor565805420;donor567008970;donor588383820;donor593058284;donor594621328;donor596265204;donor605685358;donor606651548;donor608110765;donor639375920;donor644548932;donor654662700;donor657880054;donor657967213;donor661977224;donor680974785,456,-0.09924066623783157,0.13274212293953896,0.12935400481358658,0.08853720343534344,1.0484467875089472,1.078928048138176,0.006603935696709113,0.5777138157894737,0.5603750541522086,0.25453998481063145
shared_fullrank,feat__tfdi_dg,0,donor495726993;donor496001358;donor497258296;donor497258322;donor503292470;donor536313085;donor543144600;donor549890582;donor558793503;donor559019102;donor561035974;donor565805420;donor567008970;donor588383820;donor593058284;donor594621328;donor596265204;donor605685358;donor606651548;donor608110765;donor639375920;donor644548932;donor654662700;donor657880054;donor657967213;donor661977224;donor680974785,456,-0.009185064986599212,0.08573950602942869,0.11329465382296837,0.07016477658745994,1.0045820349710615,0.5674465064425741,0.15634106858464344,0.5471996191135734,0.5411454505830281,0.25702972980228767
shared_RRR_selected,feat__peak_dff_sg,0,donor495726993;donor496001358;donor497258296;donor497258322;donor503292470;donor536313085;donor543144600;donor549890582;donor558793503;donor559019102;donor561035974;donor565805420;donor567008970;donor588383820;donor593058284;donor594621328;donor596265204;donor605685358;donor606651548;donor608110765;donor639375920;donor644548932;donor654662700;donor657880054;donor657967213;donor661977224;donor680974785,456,-0.06096326103289873,-0.04258425055978686,-0.1038513145961141,17.50147942113184,1.0300307087814902,-1.0001371892722934,21.361031518094737,0.44842884349030476,0.47953539139568024,0.4997883872290767
shared_RRR_selected,feat__peak_dff_ns,0,donor495726993;donor496001358;donor497258296;donor497258322;donor503292470;donor536313085;donor543144600;donor549890582;donor558793503;donor559019102;donor561035974;donor565805420;donor567008970;donor588383820;donor593058284;donor594621328;donor596265204;donor605685358;donor606651548;donor608110765;donor639375920;donor644548932;donor654662700;donor657880054;donor657967213;donor661977224;donor680974785,456,-0.01683958707140465,0.09805058825447978,0.16831932174283737,15.55542461205421,1.0083846424214347,0.9196227614483966,3.5540519868949225,0.5973424515235456,0.5950489949867198,0.4999934899567535
shared_RRR_selected,feat__peak_dff_dg,0,donor495726993;donor496001358;donor497258296;donor497258322;donor503292470;donor536313085;donor543144600;donor549890582;donor558793503;donor559019102;donor561035974;donor565805420;donor567008970;donor588383820;donor593058284;donor594621328;donor596265204;donor605685358;donor606651548;donor608110765;donor639375920;donor644548932;donor654662700;donor657880054;donor657967213;donor661977224;donor680974785,456,-0.0005163447472429361,0.08579701843761008,-0.12112989359855297,26.849610249435205,1.0002581390557355,0.5247767808590033,8.91430860397112,0.42890841412742375,0.5068291708270862,0.4999996920378216
shared_RRR_selected,feat__pref_tf_dg,0,donor495726993;donor496001358;donor497258296;donor497258322;donor503292470;donor536313085;donor543144600;donor549890582;donor558793503;donor559019102;donor561035974;donor565805420;donor567008970;donor588383820;donor593058284;donor594621328;donor596265204;donor605685358;donor606651548;donor608110765;donor639375920;donor644548932;donor654662700;donor657880054;donor657967213;donor661977224;donor680974785,456,-0.020410292989754497,0.044264475333619685,0.08993283299784659,4.2502589617394015,1.0101535987114802,0.2284335465072296,2.737181542864645,0.5581242889921524,0.515900147696693,0.48323429214024793
shared_RRR_selected,feat__run_mod_dg,0,donor495726993;donor496001358;donor497258296;donor497258322;donor503292470;donor536313085;donor543144600;donor549890582;donor558793503;donor559019102;donor561035974;donor565805420;donor567008970;donor588383820;donor593058284;donor594621328;donor596265204;donor605685358;donor606651548;donor608110765;donor639375920;donor644548932;donor654662700;donor657880054;donor657967213;donor661977224;donor680974785,456,0.013137805591816543,0.17059185709760877,0.2962882835349957,0.5760986695368898,0.993409379061917,1.225303277385163,0.011579423206560586,0.6869373268698064,0.6495633726136443,0.24997563542753562
shared_RRR_selected,feat__run_mod_sg,0,donor495726993;donor496001358;donor497258296;donor497258322;donor503292470;donor536313085;donor543144600;donor549890582;donor558793503;donor559019102;donor561035974;donor565805420;donor567008970;donor588383820;donor593058284;donor594621328;donor596265204;donor605685358;donor606651548;donor608110765;donor639375920;donor644548932;donor654662700;donor657880054;donor657967213;donor661977224;donor680974785,456,-0.044292859406033225,0.04328382437058698,0.028580057317205983,0.5846649640209449,1.0219064827106408,0.3183841642216446,0.2907001846985978,0.5288045360110804,0.5328640921751989,0.2535289754618172
shared_RRR_selected,feat__run_mod_ns,0,donor495726993;donor496001358;donor497258296;donor497258322;donor503292470;donor536313085;donor543144600;donor549890582;donor558793503;donor559019102;donor561035974;donor565805420;donor567008970;donor588383820;donor593058284;donor594621328;donor596265204;donor605685358;donor606651548;donor608110765;donor639375920;donor644548932;donor654662700;donor657880054;donor657967213;donor661977224;donor680974785,456,-0.034598372737137506,0.10842399925718854,0.12269869297025915,0.5421177831512923,1.0171520892851458,0.5860943309563338,0.1830484427951792,0.5629328254847645,0.5529808133641085,0.24945885907108034
shared_RRR_selected,feat__rf_chi2_lsn,0,donor495726993;donor496001358;donor497258296;donor497258322;donor503292470;donor536313085;donor543144600;donor549890582;donor558793503;donor559019102;donor561035974;donor565805420;donor567008970;donor588383820;donor593058284;donor594621328;donor596265204;donor605685358;donor606651548;donor608110765;donor639375920;donor644548932;donor654662700;donor657880054;donor657967213;donor661977224;donor680974785,456,-0.09735685454326748,-0.04806937806959317,0.037457675334336596,0.47730548570022063,1.0475480201610174,-0.23827155094100402,0.7840902476854437,0.5165339335180055,0.506942056955192,0.27973860262982925
shared_RRR_selected,feat__dsi_dg,0,donor495726993;donor496001358;donor497258296;donor497258322;donor503292470;donor536313085;donor543144600;donor549890582;donor558793503;donor559019102;donor561035974;donor565805420;donor567008970;donor588383820;donor593058284;donor594621328;donor596265204;donor605685358;donor606651548;donor608110765;donor639375920;donor644548932;donor654662700;donor657880054;donor657967213;donor661977224;donor680974785,456,0.00036120016887997153,0.07330510247012309,0.07601297508487292,0.3802635669414693,0.9998193836044188,0.5137711798249496,0.3102348041339937,0.5457712950138505,0.5285592585911502,0.27209463767757647
shared_RRR_selected,feat__osi_sg,0,donor495726993;donor496001358;donor497258296;donor497258322;donor503292470;donor536313085;donor543144600;donor549890582;donor558793503;donor559019102;donor561035974;donor565805420;donor567008970;donor588383820;donor593058284;donor594621328;donor596265204;donor605685358;donor606651548;donor608110765;donor639375920;donor644548932;donor654662700;donor657880054;donor657967213;donor661977224;donor680974785,456,0.0005563019912375733,0.058217972504111516,-0.02173842607493344,0.3266009167226292,0.9997218103096293,1.132774144403822,-0.10883400316310964,0.4765408587257617,0.5029396557741826,0.29875928186070455
shared_RRR_selected,feat__osi_dg,0,donor495726993;donor496001358;donor497258296;donor497258322;donor503292470;donor536313085;donor543144600;donor549890582;donor558793503;donor559019102;donor561035974;donor565805420;donor567008970;donor588383820;donor593058284;donor594621328;donor596265204;donor605685358;donor606651548;donor608110765;donor639375920;donor644548932;donor654662700;donor657880054;donor657967213;donor661977224;donor680974785,456,-0.06566658751268539,-0.08456674432478188,-0.08836281150031502,0.3668115594566393,1.0323112842126085,-0.5203399879920889,1.3614874399277546,0.4509175900277008,0.46858538503162583,0.2973398620683752
shared_RRR_selected,feat__g_dsi_dg,0,donor495726993;donor496001358;donor497258296;donor497258322;donor503292470;donor536313085;donor543144600;donor549890582;donor558793503;donor559019102;donor561035974;donor565805420;donor567008970;donor588383820;donor593058284;donor594621328;donor596265204;donor605685358;donor606651548;donor608110765;donor639375920;donor644548932;donor654662700;donor657880054;donor657967213;donor661977224;donor680974785,456,-0.002792396329578395,0.04683321007329529,0.04832318058311493,0.27514501521751616,1.001395224838614,0.40028432140202275,0.26397182105483785,0.5086348684210527,0.5067320673728932,0.26186938179508334
shared_RRR_selected,feat__g_osi_dg,0,donor495726993;donor496001358;donor497258296;donor497258322;donor503292470;donor536313085;donor543144600;donor549890582;donor558793503;donor559019102;donor561035974;donor565805420;donor567008970;donor588383820;donor593058284;donor594621328;donor596265204;donor605685358;donor606651548;donor608110765;donor639375920;donor644548932;donor654662700;donor657880054;donor657967213;donor661977224;donor680974785,456,-0.011326754814478646,-0.009496453820904102,-0.04162194810958345,0.27595523721877885,1.0056474306706493,-0.10357395394852992,0.645549904343917,0.48039300554016623,0.49577294634741104,0.2708376322168856
shared_RRR_selected,feat__g_osi_sg,0,donor495726993;donor496001358;donor497258296;donor497258322;donor503292470;donor536313085;donor543144600;donor549890582;donor558793503;donor559019102;donor561035974;donor565805420;donor567008970;donor588383820;donor593058284;donor594621328;donor596265204;donor605685358;donor606651548;donor608110765;donor639375920;donor644548932;donor654662700;donor657880054;donor657967213;donor661977224;donor680974785,456,-0.017849413592491592,0.16363130632383666,0.13740071940848092,0.2224265021857038,1.008885233112514,1.865359881063567,-0.5201779760667938,0.574121364265928,0.5485793251325708,0.27383104698280586
shared_RRR_selected,feat__image_sel_ns,0,donor495726993;donor496001358;donor497258296;donor497258322;donor503292470;donor536313085;donor543144600;donor549890582;donor558793503;donor559019102;donor561035974;donor565805420;donor567008970;donor588383820;donor593058284;donor594621328;donor596265204;donor605685358;donor606651548;donor608110765;donor639375920;donor644548932;donor654662700;donor657880054;donor657967213;donor661977224;donor680974785,456,-0.12074310364512297,0.19131681933418807,0.07651060294469225,0.21600989166036375,1.0586515496824829,1.5738143571416137,-0.1826542211990921,0.554579293628809,0.5203785150031406,0.26173854485127374
shared_RRR_selected,feat__reliability_ns,0,donor495726993;donor496001358;donor497258296;donor497258322;donor503292470;donor536313085;donor543144600;donor549890582;donor558793503;donor559019102;donor561035974;donor565805420;donor567008970;donor588383820;donor593058284;donor594621328;donor596265204;donor605685358;donor606651548;donor608110765;donor639375920;donor644548932;donor654662700;donor657880054;donor657967213;donor661977224;donor680974785,456,-0.02477123250535307,0.21878729085555373,0.23915080916381054,0.1778709049839151,1.0123098500485672,1.1965127484697786,0.019571501384252076,0.6439144736842105,0.6218077543690391,0.24922587373677105
shared_RRR_selected,feat__reliability_nm1_a,0,donor495726993;donor496001358;donor497258296;donor497258322;donor503292470;donor536313085;donor543144600;donor549890582;donor558793503;donor559019102;donor561035974;donor565805420;donor567008970;donor588383820;donor593058284;donor594621328;donor596265204;donor605685358;donor606651548;donor608110765;donor639375920;donor644548932;donor654662700;donor657880054;donor657967213;donor661977224;donor680974785,456,-0.06674245805059753,-0.039378556699887234,-0.10018423271553913,0.19919982819229293,1.0328322506828482,-0.32903120454853857,0.18273439987059528,0.4264629501385042,0.4685767588113308,0.2516366916477694
shared_RRR_selected,feat__reliability_dg,0,donor495726993;donor496001358;donor497258296;donor497258322;donor503292470;donor536313085;donor543144600;donor549890582;donor558793503;donor559019102;donor561035974;donor565805420;donor567008970;donor588383820;donor593058284;donor594621328;donor596265204;donor605685358;donor606651548;donor608110765;donor639375920;donor644548932;donor654662700;donor657880054;donor657967213;donor661977224;donor680974785,456,-0.007865539030448954,0.09330937023301208,0.1389272051729116,0.16098194917371306,1.0039250664419377,0.5516038734621501,0.06664677144058181,0.5607254155124654,0.5337816869383153,0.25041390722751133
shared_RRR_selected,feat__reliability_nm3,0,donor495726993;donor496001358;donor497258296;donor497258322;donor503292470;donor536313085;donor543144600;donor549890582;donor558793503;donor559019102;donor561035974;donor565805420;donor567008970;donor588383820;donor593058284;donor594621328;donor596265204;donor605685358;donor606651548;donor608110765;donor639375920;donor644548932;donor654662700;donor657880054;donor657967213;donor661977224;donor680974785,456,-0.06747624074520697,0.07147312960518151,0.14382113301551244,0.16033652504791815,1.033187418015341,0.6866994861031,0.07950257173539986,0.5723900623268697,0.5308537162097237,0.25054773171494427
shared_RRR_selected,feat__reliability_sg,0,donor495726993;donor496001358;donor497258296;donor497258322;donor503292470;donor536313085;donor543144600;donor549890582;donor558793503;donor559019102;donor561035974;donor565805420;donor567008970;donor588383820;donor593058284;donor594621328;donor596265204;donor605685358;donor606651548;donor608110765;donor639375920;donor644548932;donor654662700;donor657880054;donor657967213;donor661977224;donor680974785,456,-0.09470390983288146,0.1018130122834685,0.11416922298484894,0.18334099876744847,1.0462809899032293,1.2997144415189008,0.03188994711281719,0.5688408933518007,0.541411824744433,0.2501584314487306
shared_RRR_selected,feat__time_to_peak_sg,0,donor495726993;donor496001358;donor497258296;donor497258322;donor503292470;donor536313085;donor543144600;donor549890582;donor558793503;donor559019102;donor561035974;donor565805420;donor567008970;donor588383820;donor593058284;donor594621328;donor596265204;donor605685358;donor606651548;donor608110765;donor639375920;donor644548932;donor654662700;donor657880054;donor657967213;donor661977224;donor680974785,456,0.011319555894486633,0.11036770866193212,0.23625264249533967,0.0813093283513163,0.9943241142130234,0.818791742389025,0.05133009759600801,0.6291774571463805,0.5886922104306808,0.2557595848980206
shared_RRR_selected,feat__time_to_peak_ns,0,donor495726993;donor496001358;donor497258296;donor497258322;donor503292470;donor536313085;donor543144600;donor549890582;donor558793503;donor559019102;donor561035974;donor565805420;donor567008970;donor588383820;donor593058284;donor594621328;donor596265204;donor605685358;donor606651548;donor608110765;donor639375920;donor644548932;donor654662700;donor657880054;donor657967213;donor661977224;donor680974785,456,0.04888134609401551,0.2358760965653336,0.28462174031096965,0.07299804993942231,0.9752531229921719,1.0602475535289282,-0.010511180551569233,0.6521091811414393,0.6014401572707889,0.2564789287308378
shared_RRR_selected,feat__pref_sf_sg,0,donor495726993;donor496001358;donor497258296;donor497258322;donor503292470;donor536313085;donor543144600;donor549890582;donor558793503;donor559019102;donor561035974;donor565805420;donor567008970;donor588383820;donor593058284;donor594621328;donor596265204;donor605685358;donor606651548;donor608110765;donor639375920;donor644548932;donor654662700;donor657880054;donor657967213;donor661977224;donor680974785,456,-0.016726221770407612,-0.0064405953075569395,-0.05779032558907141,0.06273033282634029,1.0083284295161015,-0.059193155952626045,0.06421683001437302,0.4905412109838436,0.3539220197873671,0.25493555403107765
shared_RRR_selected,feat__sfdi_sg,0,donor495726993;donor496001358;donor497258296;donor497258322;donor503292470;donor536313085;donor543144600;donor549890582;donor558793503;donor559019102;donor561035974;donor565805420;donor567008970;donor588383820;donor593058284;donor594621328;donor596265204;donor605685358;donor606651548;donor608110765;donor639375920;donor644548932;donor654662700;donor657880054;donor657967213;donor661977224;donor680974785,456,-0.09924066623782957,0.13274212293953913,0.12935400481358658,0.08853720343534335,1.0484467875089463,1.078928048138174,0.0066039356967094835,0.5777138157894737,0.5603750541522086,0.2545399848106314
shared_RRR_selected,feat__tfdi_dg,0,donor495726993;donor496001358;donor497258296;donor497258322;donor503292470;donor536313085;donor543144600;donor549890582;donor558793503;donor559019102;donor561035974;donor565805420;donor567008970;donor588383820;donor593058284;donor594621328;donor596265204;donor605685358;donor606651548;donor608110765;donor639375920;donor644548932;donor654662700;donor657880054;donor657967213;donor661977224;donor680974785,456,-0.009185064986598768,0.08573950602942895,0.11329465382296837,0.07016477658745993,1.0045820349710612,0.5674465064425734,0.1563410685846436,0.5471996191135734,0.5411454505830281,0.25702972980228767
independent_Ridge,feat__peak_dff_sg,1,donor492413952;donor495727026;donor497589976;donor501139891;donor545472217;donor558007145;donor559180932;donor559851091;donor562220816;donor567425505;donor570079749;donor572401655;donor573625485;donor575188353;donor575296278;donor601710463;donor602810570;donor603751387;donor638236907;donor643640190;donor644549836;donor644933145;donor659422762;donor669111839;donor669164742;donor678530101;donor678653760,455,-0.024417481242512196,-0.10157376543912014,-0.11972230226042757,10.904572465069267,1.012135110171815,-3.412815423771079,42.686790872331834,0.44652441135734067,0.509344031253063,0.4999538783035757
independent_Ridge,feat__peak_dff_ns,1,donor492413952;donor495727026;donor497589976;donor501139891;donor545472217;donor558007145;donor559180932;donor559851091;donor562220816;donor567425505;donor570079749;donor572401655;donor573625485;donor575188353;donor575296278;donor601710463;donor602810570;donor603751387;donor638236907;donor643640190;donor644549836;donor644933145;donor659422762;donor669111839;donor669164742;donor678530101;donor678653760,455,-0.016073137632149237,-0.021641392459736473,-0.11047032303511704,18.178408996028917,1.0080045325454392,-0.29749727050387975,18.52632461513674,0.4395126385041551,0.521439624105999,0.4999963754577176
independent_Ridge,feat__peak_dff_dg,1,donor492413952;donor495727026;donor497589976;donor501139891;donor545472217;donor558007145;donor559180932;donor559851091;donor562220816;donor567425505;donor570079749;donor572401655;donor573625485;donor575188353;donor575296278;donor601710463;donor602810570;donor603751387;donor638236907;donor643640190;donor644549836;donor644933145;donor659422762;donor669111839;donor669164742;donor678530101;donor678653760,455,0.03874563035027356,0.2360232311484289,0.008924901929712025,26.72557718227483,0.9804358059810578,1.4369782726807083,-4.3655028675711804,0.5016447368421053,0.5427290664181851,0.4999995798169644
independent_Ridge,feat__pref_tf_dg,1,donor492413952;donor495727026;donor497589976;donor501139891;donor545472217;donor558007145;donor559180932;donor559851091;donor562220816;donor567425505;donor570079749;donor572401655;donor573625485;donor575188353;donor575296278;donor601710463;donor602810570;donor603751387;donor638236907;donor643640190;donor644549836;donor644933145;donor659422762;donor669111839;donor669164742;donor678530101;donor678653760,455,-0.011267354986699951,0.07235880456511727,-0.04335846623120915,3.827806183675445,1.005617897109384,2.262204175704107,-5.19461680344115,0.4471663442940038,0.4975804911718032,0.46184911805175655
independent_Ridge,feat__run_mod_dg,1,donor492413952;donor495727026;donor497589976;donor501139891;donor545472217;donor558007145;donor559180932;donor559851091;donor562220816;donor567425505;donor570079749;donor572401655;donor573625485;donor575188353;donor575296278;donor601710463;donor602810570;donor603751387;donor638236907;donor643640190;donor644549836;donor644933145;donor659422762;donor669111839;donor669164742;donor678530101;donor678653760,455,0.02899445405791945,0.17484538836419322,0.15046864175138983,0.5313951574745313,0.985396136557314,1.1398321319121705,-0.07532030564428563,0.6060206024930749,0.5579212177982682,0.2562612533417335
independent_Ridge,feat__run_mod_sg,1,donor492413952;donor495727026;donor497589976;donor501139891;donor545472217;donor558007145;donor559180932;donor559851091;donor562220816;donor567425505;donor570079749;donor572401655;donor573625485;donor575188353;donor575296278;donor601710463;donor602810570;donor603751387;donor638236907;donor643640190;donor644549836;donor644933145;donor659422762;donor669111839;donor669164742;donor678530101;donor678653760,455,0.013074400272324316,0.15487088069423813,0.24476071783230705,0.5513252263259727,0.9934412915354766,1.336023393218369,-0.061361824238132356,0.6746234418282547,0.6485973709158862,0.2530094595714341
independent_Ridge,feat__run_mod_ns,1,donor492413952;donor495727026;donor497589976;donor501139891;donor545472217;donor558007145;donor559180932;donor559851091;donor562220816;donor567425505;donor570079749;donor572401655;donor573625485;donor575188353;donor575296278;donor601710463;donor602810570;donor603751387;donor638236907;donor643640190;donor644549836;donor644933145;donor659422762;donor669111839;donor669164742;donor678530101;donor678653760,455,-0.006337838686811148,0.04039800269460031,-0.021317064776326517,0.5523454086232992,1.0031639141669777,0.3479296035080929,0.23315482688094002,0.47965720221606656,0.4959764793068828,0.25518401845970723
independent_Ridge,feat__rf_chi2_lsn,1,donor492413952;donor495727026;donor497589976;donor501139891;donor545472217;donor558007145;donor559180932;donor559851091;donor562220816;donor567425505;donor570079749;donor572401655;donor573625485;donor575188353;donor575296278;donor601710463;donor602810570;donor603751387;donor638236907;donor643640190;donor644549836;donor644933145;donor659422762;donor669111839;donor669164742;donor678530101;donor678653760,455,-0.0477273732919532,-0.07183762372349468,-0.05227979991790684,0.463135704994556,1.0235855476177618,-0.5961945524249619,0.9921087684742355,0.44431700138504154,0.48867599488469055,0.27197429440926246
independent_Ridge,feat__dsi_dg,1,donor492413952;donor495727026;donor497589976;donor501139891;donor545472217;donor558007145;donor559180932;donor559851091;donor562220816;donor567425505;donor570079749;donor572401655;donor573625485;donor575188353;donor575296278;donor601710463;donor602810570;donor603751387;donor638236907;donor643640190;donor644549836;donor644933145;donor659422762;donor669111839;donor669164742;donor678530101;donor678653760,455,0.03935372077402299,0.2019263273552805,0.2006042092218068,0.3679546084023357,0.9801256446119431,0.9363859021621933,0.02601085841859993,0.6204553324099723,0.6084662980834629,0.2675826100473952
independent_Ridge,feat__osi_sg,1,donor492413952;donor495727026;donor497589976;donor501139891;donor545472217;donor558007145;donor559180932;donor559851091;donor562220816;donor567425505;donor570079749;donor572401655;donor573625485;donor575188353;donor575296278;donor601710463;donor602810570;donor603751387;donor638236907;donor643640190;donor644549836;donor644933145;donor659422762;donor669111839;donor669164742;donor678530101;donor678653760,455,0.0023267269979189154,0.10704546036983109,0.07251942497717621,0.36221629472556394,0.998835959005322,7.548598434858522,-6.253561987772738,0.5230695983379502,0.5245999812308255,0.2993260471169517
independent_Ridge,feat__osi_dg,1,donor492413952;donor495727026;donor497589976;donor501139891;donor545472217;donor558007145;donor559180932;donor559851091;donor562220816;donor567425505;donor570079749;donor572401655;donor573625485;donor575188353;donor575296278;donor601710463;donor602810570;donor603751387;donor638236907;donor643640190;donor644549836;donor644933145;donor659422762;donor669111839;donor669164742;donor678530101;donor678653760,455,-0.011506279404221997,-0.059736217200879016,-0.055373166125354645,0.3499858782844533,1.0057366849251457,-1.3779847290395888,2.0764794461111076,0.4677112188365651,0.5003307191931053,0.2930707223756479
independent_Ridge,feat__g_dsi_dg,1,donor492413952;donor495727026;donor497589976;donor501139891;donor545472217;donor558007145;donor559180932;donor559851091;donor562220816;donor567425505;donor570079749;donor572401655;donor573625485;donor575188353;donor575296278;donor601710463;donor602810570;donor603751387;donor638236907;donor643640190;donor644549836;donor644933145;donor659422762;donor669111839;donor669164742;donor678530101;donor678653760,455,0.02048453499044911,0.15017737736544834,0.10808099627281477,0.26848219886559394,0.9897047362772144,0.7686784934464453,0.09933615881016356,0.5813495498614958,0.5639939623640802,0.2593314648105058
independent_Ridge,feat__g_osi_dg,1,donor492413952;donor495727026;donor497589976;donor501139891;donor545472217;donor558007145;donor559180932;donor559851091;donor562220816;donor567425505;donor570079749;donor572401655;donor573625485;donor575188353;donor575296278;donor601710463;donor602810570;donor603751387;donor638236907;donor643640190;donor644549836;donor644933145;donor659422762;donor669111839;donor669164742;donor678530101;donor678653760,455,-0.009289017017452217,-0.08316786915050933,-0.07704568051677947,0.27544015808691824,1.0046337725845436,-1.9146625450178012,1.671826076862523,0.44968403739612195,0.46983996063381994,0.2698460555472104
independent_Ridge,feat__g_osi_sg,1,donor492413952;donor495727026;donor497589976;donor501139891;donor545472217;donor558007145;donor559180932;donor559851091;donor562220816;donor567425505;donor570079749;donor572401655;donor573625485;donor575188353;donor575296278;donor601710463;donor602810570;donor603751387;donor638236907;donor643640190;donor644549836;donor644933145;donor659422762;donor669111839;donor669164742;donor678530101;donor678653760,455,0.010921420550034533,0.15324259495137896,0.1317239386332187,0.21487921689952802,0.9945242980691651,1.143307048669511,-0.1191939989797022,0.5767399584487534,0.5556595518968448,0.2746197385374364
independent_Ridge,feat__image_sel_ns,1,donor492413952;donor495727026;donor497589976;donor501139891;donor545472217;donor558007145;donor559180932;donor559851091;donor562220816;donor567425505;donor570079749;donor572401655;donor573625485;donor575188353;donor575296278;donor601710463;donor602810570;donor603751387;donor638236907;donor643640190;donor644549836;donor644933145;donor659422762;donor669111839;donor669164742;donor678530101;donor678653760,455,0.02026615850325486,0.145831358334021,0.07445341625021173,0.207788511541494,0.9898150541877736,1.2163182544493427,-0.09926060801690885,0.5482600415512465,0.5668674459658258,0.26249701358916694
independent_Ridge,feat__reliability_ns,1,donor492413952;donor495727026;donor497589976;donor501139891;donor545472217;donor558007145;donor559180932;donor559851091;donor562220816;donor567425505;donor570079749;donor572401655;donor573625485;donor575188353;donor575296278;donor601710463;donor602810570;donor603751387;donor638236907;donor643640190;donor644549836;donor644933145;donor659422762;donor669111839;donor669164742;donor678530101;donor678653760,455,0.03528522780673138,0.3749581473261198,0.37871618386824707,0.18387427389740707,0.9821989473590719,3.3271665269032322,-0.2909900311770338,0.7368853878116345,0.7248720209272512,0.24904072703455596
independent_Ridge,feat__reliability_nm1_a,1,donor492413952;donor495727026;donor497589976;donor501139891;donor545472217;donor558007145;donor559180932;donor559851091;donor562220816;donor567425505;donor570079749;donor572401655;donor573625485;donor575188353;donor575296278;donor601710463;donor602810570;donor603751387;donor638236907;donor643640190;donor644549836;donor644933145;donor659422762;donor669111839;donor669164742;donor678530101;donor678653760,455,0.05270973877558993,0.4127603259680507,0.37493634066925646,0.16510366805240073,0.9732883751614472,2.711121459501645,-0.16965680340708347,0.7495022506925207,0.7374302151966698,0.24833851484024913
independent_Ridge,feat__reliability_dg,1,donor492413952;donor495727026;donor497589976;donor501139891;donor545472217;donor558007145;donor559180932;donor559851091;donor562220816;donor567425505;donor570079749;donor572401655;donor573625485;donor575188353;donor575296278;donor601710463;donor602810570;donor603751387;donor638236907;donor643640190;donor644549836;donor644933145;donor659422762;donor669111839;donor669164742;donor678530101;donor678653760,455,0.08989230696339146,0.5414760717559332,0.2943761424799534,0.19726769398989863,0.9539956462356673,2.6530056906420305,-0.12234748663584565,0.6676116689750693,0.6726137403290402,0.2471220108395133
independent_Ridge,feat__reliability_nm3,1,donor492413952;donor495727026;donor497589976;donor501139891;donor545472217;donor558007145;donor559180932;donor559851091;donor562220816;donor567425505;donor570079749;donor572401655;donor573625485;donor575188353;donor575296278;donor601710463;donor602810570;donor603751387;donor638236907;donor643640190;donor644549836;donor644933145;donor659422762;donor669111839;donor669164742;donor678530101;donor678653760,455,-0.060226951331958656,0.20814070279084618,0.23925227716566733,0.15567433705777972,1.0296732255098986,1.7195326992925672,-0.04502002921942226,0.6467061980609419,0.6184483114260202,0.24999808254830377
independent_Ridge,feat__reliability_sg,1,donor492413952;donor495727026;donor497589976;donor501139891;donor545472217;donor558007145;donor559180932;donor559851091;donor562220816;donor567425505;donor570079749;donor572401655;donor573625485;donor575188353;donor575296278;donor601710463;donor602810570;donor603751387;donor638236907;donor643640190;donor644549836;donor644933145;donor659422762;donor669111839;donor669164742;donor678530101;donor678653760,455,0.00710206087671017,0.19111782869121136,0.04582095222205734,0.13407882547056488,0.9964426421642593,9.695226987407782,-0.8412104685036419,0.5163608033240997,0.5595123710777008,0.2504705955022757
independent_Ridge,feat__time_to_peak_sg,1,donor492413952;donor495727026;donor497589976;donor501139891;donor545472217;donor558007145;donor559180932;donor559851091;donor562220816;donor567425505;donor570079749;donor572401655;donor573625485;donor575188353;donor575296278;donor601710463;donor602810570;donor603751387;donor638236907;donor643640190;donor644549836;donor644933145;donor659422762;donor669111839;donor669164742;donor678530101;donor678653760,455,-0.02316390690584913,0.11607409152302145,0.35835658779770635,0.09739141406281256,1.0115156483741856,1.0950684694902122,-0.00815855636383183,0.7534320557491289,0.7049907507842894,0.25661686151377466
independent_Ridge,feat__time_to_peak_ns,1,donor492413952;donor495727026;donor497589976;donor501139891;donor545472217;donor558007145;donor559180932;donor559851091;donor562220816;donor567425505;donor570079749;donor572401655;donor573625485;donor575188353;donor575296278;donor601710463;donor602810570;donor603751387;donor638236907;donor643640190;donor644549836;donor644933145;donor659422762;donor669111839;donor669164742;donor678530101;donor678653760,455,0.09473879456545342,0.41776428217786876,0.4121427292146194,0.08804212462428833,0.9514521561458289,2.445877032396303,-0.3864794189230569,0.7504471996052307,0.6725403689149606,0.25761472790900714
independent_Ridge,feat__pref_sf_sg,1,donor492413952;donor495727026;donor497589976;donor501139891;donor545472217;donor558007145;donor559180932;donor559851091;donor562220816;donor567425505;donor570079749;donor572401655;donor573625485;donor575188353;donor575296278;donor601710463;donor602810570;donor603751387;donor638236907;donor643640190;donor644549836;donor644933145;donor659422762;donor669111839;donor669164742;donor678530101;donor678653760,455,-0.0067545027258089085,0.05209512267961946,0.07413769734766479,0.06401758089580999,1.003371567628767,1.2831230137169174,-0.024399874279488185,0.5402999634190953,0.6640672541278279,0.2465925599356841
independent_Ridge,feat__sfdi_sg,1,donor492413952;donor495727026;donor497589976;donor501139891;donor545472217;donor558007145;donor559180932;donor559851091;donor562220816;donor567425505;donor570079749;donor572401655;donor573625485;donor575188353;donor575296278;donor601710463;donor602810570;donor603751387;donor638236907;donor643640190;donor644549836;donor644933145;donor659422762;donor669111839;donor669164742;donor678530101;donor678653760,455,0.009973607273036755,0.2417659793305971,0.27392837587498153,0.06677627710062554,0.9950006998625494,8.011525348868227,-2.0258423276162607,0.6509911703601109,0.6294230982090631,0.2550049987779342
independent_Ridge,feat__tfdi_dg,1,donor492413952;donor495727026;donor497589976;donor501139891;donor545472217;donor558007145;donor559180932;donor559851091;donor562220816;donor567425505;donor570079749;donor572401655;donor573625485;donor575188353;donor575296278;donor601710463;donor602810570;donor603751387;donor638236907;donor643640190;donor644549836;donor644933145;donor659422762;donor669111839;donor669164742;donor678530101;donor678653760,455,-0.10033251726412029,0.14974686901440395,0.12141184371945159,0.07423837736710005,1.0489673575779754,0.4071721668525024,0.21970536242750824,0.5724766274238227,0.5838211879171294,0.256134318131278
shared_fullrank,feat__peak_dff_sg,1,donor492413952;donor495727026;donor497589976;donor501139891;donor545472217;donor558007145;donor559180932;donor559851091;donor562220816;donor567425505;donor570079749;donor572401655;donor573625485;donor575188353;donor575296278;donor601710463;donor602810570;donor603751387;donor638236907;donor643640190;donor644549836;donor644933145;donor659422762;donor669111839;donor669164742;donor678530101;donor678653760,455,-0.059622078605654716,-0.1073349579138164,-0.11972230226042757,11.090360204141298,1.0293794628831754,-0.9156869663595357,17.84046373445032,0.44652441135734067,0.509344031253063,0.4999298022718074
shared_fullrank,feat__peak_dff_ns,1,donor492413952;donor495727026;donor497589976;donor501139891;donor545472217;donor558007145;donor559180932;donor559851091;donor562220816;donor567425505;donor570079749;donor572401655;donor573625485;donor575188353;donor575296278;donor601710463;donor602810570;donor603751387;donor638236907;donor643640190;donor644549836;donor644933145;donor659422762;donor669111839;donor669164742;donor678530101;donor678653760,455,-0.016073137632149237,-0.021641392459736532,-0.11047032303511704,18.178408996028917,1.0080045325454392,-0.297497270503881,18.526324615136758,0.4395126385041551,0.521439624105999,0.4999963754577176
shared_fullrank,feat__peak_dff_dg,1,donor492413952;donor495727026;donor497589976;donor501139891;donor545472217;donor558007145;donor559180932;donor559851091;donor562220816;donor567425505;donor570079749;donor572401655;donor573625485;donor575188353;donor575296278;donor601710463;donor602810570;donor603751387;donor638236907;donor643640190;donor644549836;donor644933145;donor659422762;donor669111839;donor669164742;donor678530101;donor678653760,455,0.038745630350273785,0.23602323114842894,0.008924901929712025,26.725577182274826,0.9804358059810576,1.436978272680708,-4.365502867571182,0.5016447368421053,0.5427290664181851,0.4999995798169644
shared_fullrank,feat__pref_tf_dg,1,donor492413952;donor495727026;donor497589976;donor501139891;donor545472217;donor558007145;donor559180932;donor559851091;donor562220816;donor567425505;donor570079749;donor572401655;donor573625485;donor575188353;donor575296278;donor601710463;donor602810570;donor603751387;donor638236907;donor643640190;donor644549836;donor644933145;donor659422762;donor669111839;donor669164742;donor678530101;donor678653760,455,-0.021374733632305576,0.07215170686432683,-0.045683873642453,3.8468876334658626,1.0106308592321458,0.5612742354111294,1.11375080238365,0.4458510638297872,0.49679181626972074,0.4630856252024942
shared_fullrank,feat__run_mod_dg,1,donor492413952;donor495727026;donor497589976;donor501139891;donor545472217;donor558007145;donor559180932;donor559851091;donor562220816;donor567425505;donor570079749;donor572401655;donor573625485;donor575188353;donor575296278;donor601710463;donor602810570;donor603751387;donor638236907;donor643640190;donor644549836;donor644933145;donor659422762;donor669111839;donor669164742;donor678530101;donor678653760,455,0.028994454057919672,0.1748453883641932,0.1505018752274784,0.5313951574745311,0.9853961365573137,1.13983213191217,-0.07532030564428542,0.6061504501385042,0.557991364744507,0.2562612533417335
shared_fullrank,feat__run_mod_sg,1,donor492413952;donor495727026;donor497589976;donor501139891;donor545472217;donor558007145;donor559180932;donor559851091;donor562220816;donor567425505;donor570079749;donor572401655;donor573625485;donor575188353;donor575296278;donor601710463;donor602810570;donor603751387;donor638236907;donor643640190;donor644549836;donor644933145;donor659422762;donor669111839;donor669164742;donor678530101;donor678653760,455,0.013074400272324316,0.15487088069423816,0.24476071783230705,0.5513252263259727,0.9934412915354766,1.336023393218369,-0.061361824238132356,0.6746234418282547,0.6485973709158862,0.2530094595714341
shared_fullrank,feat__run_mod_ns,1,donor492413952;donor495727026;donor497589976;donor501139891;donor545472217;donor558007145;donor559180932;donor559851091;donor562220816;donor567425505;donor570079749;donor572401655;donor573625485;donor575188353;donor575296278;donor601710463;donor602810570;donor603751387;donor638236907;donor643640190;donor644549836;donor644933145;donor659422762;donor669111839;donor669164742;donor678530101;donor678653760,455,-0.006337838686811148,0.04039800269460027,-0.021317064776326517,0.5523454086232992,1.0031639141669777,0.3479296035080931,0.23315482688094002,0.47965720221606656,0.4959764793068828,0.25518401845970723
shared_fullrank,feat__rf_chi2_lsn,1,donor492413952;donor495727026;donor497589976;donor501139891;donor545472217;donor558007145;donor559180932;donor559851091;donor562220816;donor567425505;donor570079749;donor572401655;donor573625485;donor575188353;donor575296278;donor601710463;donor602810570;donor603751387;donor638236907;donor643640190;donor644549836;donor644933145;donor659422762;donor669111839;donor669164742;donor678530101;donor678653760,455,-0.0477273732919532,-0.07183762372349482,-0.05227979991790684,0.463135704994556,1.0235855476177618,-0.5961945524249639,0.9921087684742362,0.44431700138504154,0.48867599488469055,0.27197429440926246
shared_fullrank,feat__dsi_dg,1,donor492413952;donor495727026;donor497589976;donor501139891;donor545472217;donor558007145;donor559180932;donor559851091;donor562220816;donor567425505;donor570079749;donor572401655;donor573625485;donor575188353;donor575296278;donor601710463;donor602810570;donor603751387;donor638236907;donor643640190;donor644549836;donor644933145;donor659422762;donor669111839;donor669164742;donor678530101;donor678653760,455,0.03935372077402299,0.20192632735528046,0.2006042092218068,0.3679546084023357,0.9801256446119431,0.9363859021621935,0.026010858418599847,0.6204553324099723,0.6084662980834629,0.26758261004739525
shared_fullrank,feat__osi_sg,1,donor492413952;donor495727026;donor497589976;donor501139891;donor545472217;donor558007145;donor559180932;donor559851091;donor562220816;donor567425505;donor570079749;donor572401655;donor573625485;donor575188353;donor575296278;donor601710463;donor602810570;donor603751387;donor638236907;donor643640190;donor644549836;donor644933145;donor659422762;donor669111839;donor669164742;donor678530101;donor678653760,455,0.008624016475880403,0.10855938241025519,0.07251942497717621,0.3610713348965835,0.9956786547496735,1.8617446898907992,-0.814011717657364,0.5230695983379502,0.5245999812308255,0.2988529790372272
shared_fullrank,feat__osi_dg,1,donor492413952;donor495727026;donor497589976;donor501139891;donor545472217;donor558007145;donor559180932;donor559851091;donor562220816;donor567425505;donor570079749;donor572401655;donor573625485;donor575188353;donor575296278;donor601710463;donor602810570;donor603751387;donor638236907;donor643640190;donor644549836;donor644933145;donor659422762;donor669111839;donor669164742;donor678530101;donor678653760,455,-0.054866255232456806,-0.04751430138684416,-0.055373166125354645,0.3574085432760216,1.0270668212109944,-0.2772245803354383,1.1073630853352279,0.4677112188365651,0.5003307191931053,0.29394389950959204
shared_fullrank,feat__g_dsi_dg,1,donor492413952;donor495727026;donor497589976;donor501139891;donor545472217;donor558007145;donor559180932;donor559851091;donor562220816;donor567425505;donor570079749;donor572401655;donor573625485;donor575188353;donor575296278;donor601710463;donor602810570;donor603751387;donor638236907;donor643640190;donor644549836;donor644933145;donor659422762;donor669111839;donor669164742;donor678530101;donor678653760,455,0.02048453499044911,0.15017737736544834,0.10808099627281477,0.26848219886559394,0.9897047362772144,0.768678493446445,0.09933615881016372,0.5813495498614958,0.5639939623640802,0.25933146481050584
shared_fullrank,feat__g_osi_dg,1,donor492413952;donor495727026;donor497589976;donor501139891;donor545472217;donor558007145;donor559180932;donor559851091;donor562220816;donor567425505;donor570079749;donor572401655;donor573625485;donor575188353;donor575296278;donor601710463;donor602810570;donor603751387;donor638236907;donor643640190;donor644549836;donor644933145;donor659422762;donor669111839;donor669164742;donor678530101;donor678653760,455,-0.05585818608821147,-0.07423901554476117,-0.07704568051677947,0.281722984777168,1.0275496027385789,-0.43585145021557214,0.8248639988373817,0.44968403739612195,0.46983996063381994,0.27109442658700855
shared_fullrank,feat__g_osi_sg,1,donor492413952;donor495727026;donor497589976;donor501139891;donor545472217;donor558007145;donor559180932;donor559851091;donor562220816;donor567425505;donor570079749;donor572401655;donor573625485;donor575188353;donor575296278;donor601710463;donor602810570;donor603751387;donor638236907;donor643640190;donor644549836;donor644933145;donor659422762;donor669111839;donor669164742;donor678530101;donor678653760,455,0.010921420550034533,0.15324259495137907,0.1317239386332187,0.21487921689952802,0.9945242980691651,1.1433070486695125,-0.11919399897970284,0.5767399584487534,0.5556595518968448,0.2746197385374364
shared_fullrank,feat__image_sel_ns,1,donor492413952;donor495727026;donor497589976;donor501139891;donor545472217;donor558007145;donor559180932;donor559851091;donor562220816;donor567425505;donor570079749;donor572401655;donor573625485;donor575188353;donor575296278;donor601710463;donor602810570;donor603751387;donor638236907;donor643640190;donor644549836;donor644933145;donor659422762;donor669111839;donor669164742;donor678530101;donor678653760,455,0.02026615850325486,0.14583135833402106,0.07445341625021173,0.207788511541494,0.9898150541877736,1.2163182544493432,-0.09926060801690902,0.5482600415512465,0.5668674459658258,0.26249701358916694
shared_fullrank,feat__reliability_ns,1,donor492413952;donor495727026;donor497589976;donor501139891;donor545472217;donor558007145;donor559180932;donor559851091;donor562220816;donor567425505;donor570079749;donor572401655;donor573625485;donor575188353;donor575296278;donor601710463;donor602810570;donor603751387;donor638236907;donor643640190;donor644549836;donor644933145;donor659422762;donor669111839;donor669164742;donor678530101;donor678653760,455,0.03528522780673127,0.37495814732611993,0.37871618386824707,0.18387427389740707,0.9821989473590719,3.327166526903235,-0.290990031177034,0.7368853878116345,0.7248720209272512,0.24904072703455596
shared_fullrank,feat__reliability_nm1_a,1,donor492413952;donor495727026;donor497589976;donor501139891;donor545472217;donor558007145;donor559180932;donor559851091;donor562220816;donor567425505;donor570079749;donor572401655;donor573625485;donor575188353;donor575296278;donor601710463;donor602810570;donor603751387;donor638236907;donor643640190;donor644549836;donor644933145;donor659422762;donor669111839;donor669164742;donor678530101;donor678653760,455,0.05270973877558993,0.4127603259680507,0.37493634066925646,0.16510366805240073,0.9732883751614472,2.7111214595016464,-0.16965680340708378,0.7495022506925207,0.7374302151966698,0.24833851484024913
shared_fullrank,feat__reliability_dg,1,donor492413952;donor495727026;donor497589976;donor501139891;donor545472217;donor558007145;donor559180932;donor559851091;donor562220816;donor567425505;donor570079749;donor572401655;donor573625485;donor575188353;donor575296278;donor601710463;donor602810570;donor603751387;donor638236907;donor643640190;donor644549836;donor644933145;donor659422762;donor669111839;donor669164742;donor678530101;donor678653760,455,0.08989230696339146,0.5414760717559332,0.2943761424799534,0.19726769398989863,0.9539956462356673,2.6530056906420283,-0.12234748663584545,0.6676116689750693,0.6726137403290402,0.2471220108395133
shared_fullrank,feat__reliability_nm3,1,donor492413952;donor495727026;donor497589976;donor501139891;donor545472217;donor558007145;donor559180932;donor559851091;donor562220816;donor567425505;donor570079749;donor572401655;donor573625485;donor575188353;donor575296278;donor601710463;donor602810570;donor603751387;donor638236907;donor643640190;donor644549836;donor644933145;donor659422762;donor669111839;donor669164742;donor678530101;donor678653760,455,-0.060226951331958656,0.2081407027908463,0.23925227716566733,0.15567433705777972,1.0296732255098986,1.7195326992925666,-0.04502002921942214,0.6467061980609419,0.6184483114260202,0.24999808254830377
shared_fullrank,feat__reliability_sg,1,donor492413952;donor495727026;donor497589976;donor501139891;donor545472217;donor558007145;donor559180932;donor559851091;donor562220816;donor567425505;donor570079749;donor572401655;donor573625485;donor575188353;donor575296278;donor601710463;donor602810570;donor603751387;donor638236907;donor643640190;donor644549836;donor644933145;donor659422762;donor669111839;donor669164742;donor678530101;donor678653760,455,0.02449493083657539,0.19556323014348745,0.04582095222205734,0.13289928900184542,0.9876766015064975,2.4203148526698017,-0.13098294524987555,0.5163608033240997,0.5595123710777008,0.25007448540389304
shared_fullrank,feat__time_to_peak_sg,1,donor492413952;donor495727026;donor497589976;donor501139891;donor545472217;donor558007145;donor559180932;donor559851091;donor562220816;donor567425505;donor570079749;donor572401655;donor573625485;donor575188353;donor575296278;donor601710463;donor602810570;donor603751387;donor638236907;donor643640190;donor644549836;donor644933145;donor659422762;donor669111839;donor669164742;donor678530101;donor678653760,455,-0.02316390690584913,0.11607409152302166,0.35835658779770635,0.09739141406281256,1.0115156483741856,1.095068469490213,-0.008158556363832038,0.7534320557491289,0.7049907507842894,0.25661686151377466
shared_fullrank,feat__time_to_peak_ns,1,donor492413952;donor495727026;donor497589976;donor501139891;donor545472217;donor558007145;donor559180932;donor559851091;donor562220816;donor567425505;donor570079749;donor572401655;donor573625485;donor575188353;donor575296278;donor601710463;donor602810570;donor603751387;donor638236907;donor643640190;donor644549836;donor644933145;donor659422762;donor669111839;donor669164742;donor678530101;donor678653760,455,0.09473879456545331,0.41776428217786876,0.4121427292146194,0.08804212462428834,0.951452156145829,2.445877032396303,-0.3864794189230569,0.7504471996052307,0.6725403689149606,0.25761472790900714
shared_fullrank,feat__pref_sf_sg,1,donor492413952;donor495727026;donor497589976;donor501139891;donor545472217;donor558007145;donor559180932;donor559851091;donor562220816;donor567425505;donor570079749;donor572401655;donor573625485;donor575188353;donor575296278;donor601710463;donor602810570;donor603751387;donor638236907;donor643640190;donor644549836;donor644933145;donor659422762;donor669111839;donor669164742;donor678530101;donor678653760,455,-0.026900834053805056,0.056895156223819084,0.07413769734766479,0.06465494132310312,1.0133611567717629,0.34038572967890507,0.03550485306819644,0.5402999634190953,0.6640672541278279,0.2461864677291538
shared_fullrank,feat__sfdi_sg,1,donor492413952;donor495727026;donor497589976;donor501139891;donor545472217;donor558007145;donor559180932;donor559851091;donor562220816;donor567425505;donor570079749;donor572401655;donor573625485;donor575188353;donor575296278;donor601710463;donor602810570;donor603751387;donor638236907;donor643640190;donor644549836;donor644933145;donor659422762;donor669111839;donor669164742;donor678530101;donor678653760,455,0.04249531192492728,0.242280098727275,0.27392837587498153,0.0656703409330255,0.9785216850305734,1.9454739310126687,-0.2750780626390382,0.6509911703601109,0.6294230982090631,0.25460282780556015
shared_fullrank,feat__tfdi_dg,1,donor492413952;donor495727026;donor497589976;donor501139891;donor545472217;donor558007145;donor559180932;donor559851091;donor562220816;donor567425505;donor570079749;donor572401655;donor573625485;donor575188353;donor575296278;donor601710463;donor602810570;donor603751387;donor638236907;donor643640190;donor644549836;donor644933145;donor659422762;donor669111839;donor669164742;donor678530101;donor678653760,455,-0.04897013849434906,0.14926915193184018,0.12141184371945159,0.07248498605838297,1.0241924323555358,0.5891474965657196,0.15703550564127816,0.5724766274238227,0.5838211879171294,0.25647555454382587
shared_RRR_selected,feat__peak_dff_sg,1,donor492413952;donor495727026;donor497589976;donor501139891;donor545472217;donor558007145;donor559180932;donor559851091;donor562220816;donor567425505;donor570079749;donor572401655;donor573625485;donor575188353;donor575296278;donor601710463;donor602810570;donor603751387;donor638236907;donor643640190;donor644549836;donor644933145;donor659422762;donor669111839;donor669164742;donor678530101;donor678653760,455,-0.049702384601107985,-0.09925257688205195,-0.11967130128696533,11.03832671652561,1.0245498448592474,-0.9297800584290855,17.851808503549695,0.4462647160664819,0.5092777307904117,0.4999228454272257
shared_RRR_selected,feat__peak_dff_ns,1,donor492413952;donor495727026;donor497589976;donor501139891;donor545472217;donor558007145;donor559180932;donor559851091;donor562220816;donor567425505;donor570079749;donor572401655;donor573625485;donor575188353;donor575296278;donor601710463;donor602810570;donor603751387;donor638236907;donor643640190;donor644549836;donor644933145;donor659422762;donor669111839;donor669164742;donor678530101;donor678653760,455,-0.01735231695036754,-0.04365419393579429,-0.0680999222004989,18.189848197534776,1.0086388436652476,-0.5805351428780926,22.388608626910788,0.4640538434903047,0.5265287253049808,0.4999959642053067
shared_RRR_selected,feat__peak_dff_dg,1,donor492413952;donor495727026;donor497589976;donor501139891;donor545472217;donor558007145;donor559180932;donor559851091;donor562220816;donor567425505;donor570079749;donor572401655;donor573625485;donor575188353;donor575296278;donor601710463;donor602810570;donor603751387;donor638236907;donor643640190;donor644549836;donor644933145;donor659422762;donor669111839;donor669164742;donor678530101;donor678653760,455,0.03829158070688776,0.24236476070185428,0.024623001561382713,26.7318883661538,0.9806673336525042,1.460684106474425,-4.2779662125198605,0.511902700831025,0.5637493672912074,0.49999886492710593
shared_RRR_selected,feat__pref_tf_dg,1,donor492413952;donor495727026;donor497589976;donor501139891;donor545472217;donor558007145;donor559180932;donor559851091;donor562220816;donor567425505;donor570079749;donor572401655;donor573625485;donor575188353;donor575296278;donor601710463;donor602810570;donor603751387;donor638236907;donor643640190;donor644549836;donor644933145;donor659422762;donor669111839;donor669164742;donor678530101;donor678653760,455,-0.012461499557095745,0.0330232138540345,-0.041322576603414166,3.83006552951186,1.0062114586691486,0.4051006487647467,1.7901718565069638,0.44823017408123794,0.5017481228341315,0.4605984696813642
shared_RRR_selected,feat__run_mod_dg,1,donor492413952;donor495727026;donor497589976;donor501139891;donor545472217;donor558007145;donor559180932;donor559851091;donor562220816;donor567425505;donor570079749;donor572401655;donor573625485;donor575188353;donor575296278;donor601710463;donor602810570;donor603751387;donor638236907;donor643640190;donor644549836;donor644933145;donor659422762;donor669111839;donor669164742;donor678530101;donor678653760,455,0.01124036122067873,0.11756266516124136,0.08647290183567898,0.5362312284084432,0.9943639367853812,0.7567341472664295,0.10915815589787027,0.5392789127423823,0.5237987008485845,0.25589836127877597
shared_RRR_selected,feat__run_mod_sg,1,donor492413952;donor495727026;donor497589976;donor501139891;donor545472217;donor558007145;donor559180932;donor559851091;donor562220816;donor567425505;donor570079749;donor572401655;donor573625485;donor575188353;donor575296278;donor601710463;donor602810570;donor603751387;donor638236907;donor643640190;donor644549836;donor644933145;donor659422762;donor669111839;donor669164742;donor678530101;donor678653760,455,0.018751152634731816,0.17138893471308903,0.2525367400537826,0.5497373405223941,0.990580056010249,1.5629238690687737,-0.15159051642935314,0.6749697022160664,0.6479725315861815,0.25334234180146953
shared_RRR_selected,feat__run_mod_ns,1,donor492413952;donor495727026;donor497589976;donor501139891;donor545472217;donor558007145;donor559180932;donor559851091;donor562220816;donor567425505;donor570079749;donor572401655;donor573625485;donor575188353;donor575296278;donor601710463;donor602810570;donor603751387;donor638236907;donor643640190;donor644549836;donor644933145;donor659422762;donor669111839;donor669164742;donor678530101;donor678653760,455,0.011567828747574671,0.13404911669031278,0.12036051197578065,0.5474094407739736,0.994199261341722,1.6891268409300926,-0.1825145842223366,0.5748788088642659,0.5448129965984891,0.2544597058474747
shared_RRR_selected,feat__rf_chi2_lsn,1,donor492413952;donor495727026;donor497589976;donor501139891;donor545472217;donor558007145;donor559180932;donor559851091;donor562220816;donor567425505;donor570079749;donor572401655;donor573625485;donor575188353;donor575296278;donor601710463;donor602810570;donor603751387;donor638236907;donor643640190;donor644549836;donor644933145;donor659422762;donor669111839;donor669164742;donor678530101;donor678653760,455,-0.046820092174282735,-0.08178489103303746,-0.09268996884867263,0.4629351350289564,1.0231422638979797,-0.6300224058585702,1.0212238543421697,0.42146381578947373,0.4634673034835514,0.273276647776706
shared_RRR_selected,feat__dsi_dg,1,donor492413952;donor495727026;donor497589976;donor501139891;donor545472217;donor558007145;donor559180932;donor559851091;donor562220816;donor567425505;donor570079749;donor572401655;donor573625485;donor575188353;donor575296278;donor601710463;donor602810570;donor603751387;donor638236907;donor643640190;donor644549836;donor644933145;donor659422762;donor669111839;donor669164742;donor678530101;donor678653760,455,0.03532675561547671,0.19732098806145357,0.18532217016311733,0.36872502245948574,0.9821778069089747,0.9170464260698694,0.030262917408545618,0.6135734072022161,0.5974715449385992,0.26819273190812715
shared_RRR_selected,feat__osi_sg,1,donor492413952;donor495727026;donor497589976;donor501139891;donor545472217;donor558007145;donor559180932;donor559851091;donor562220816;donor567425505;donor570079749;donor572401655;donor573625485;donor575188353;donor575296278;donor601710463;donor602810570;donor603751387;donor638236907;donor643640190;donor644549836;donor644933145;donor659422762;donor669111839;donor669164742;donor678530101;donor678653760,455,0.005170267733674683,0.07678807206230173,0.03046858550522527,0.3616997369667911,0.9974115160084754,1.3891514368177624,-0.36710985784782363,0.5125086565096953,0.5155084226532198,0.29923088062458764
shared_RRR_selected,feat__osi_dg,1,donor492413952;donor495727026;donor497589976;donor501139891;donor545472217;donor558007145;donor559180932;donor559851091;donor562220816;donor567425505;donor570079749;donor572401655;donor573625485;donor575188353;donor575296278;donor601710463;donor602810570;donor603751387;donor638236907;donor643640190;donor644549836;donor644933145;donor659422762;donor669111839;donor669164742;donor678530101;donor678653760,455,-0.035709588154482885,-0.019200020489637034,-0.05480114994404945,0.3541483542740483,1.0176981812671588,-0.12376795795317312,0.9694202225258239,0.46619632963988916,0.5000429811670066,0.29318989434706505
shared_RRR_selected,feat__g_dsi_dg,1,donor492413952;donor495727026;donor497589976;donor501139891;donor545472217;donor558007145;donor559180932;donor559851091;donor562220816;donor567425505;donor570079749;donor572401655;donor573625485;donor575188353;donor575296278;donor601710463;donor602810570;donor603751387;donor638236907;donor643640190;donor644549836;donor644933145;donor659422762;donor669111839;donor669164742;donor678530101;donor678653760,455,0.023654982208855202,0.15914982621417154,0.11397134403350238,0.26804734174720124,0.9881017244146196,0.7958055415620645,0.08809678890211388,0.5846823060941828,0.5651117590898409,0.25914501313219435
shared_RRR_selected,feat__g_osi_dg,1,donor492413952;donor495727026;donor497589976;donor501139891;donor545472217;donor558007145;donor559180932;donor559851091;donor562220816;donor567425505;donor570079749;donor572401655;donor573625485;donor575188353;donor575296278;donor601710463;donor602810570;donor603751387;donor638236907;donor643640190;donor644549836;donor644933145;donor659422762;donor669111839;donor669164742;donor678530101;donor678653760,455,-0.030653014087226538,-0.045937672668491386,-0.05962837286800675,0.27834006487455576,1.015210822483304,-0.3404736010895017,0.7663502199821511,0.4679059903047092,0.4894879459446672,0.2699488459967478
shared_RRR_selected,feat__g_osi_sg,1,donor492413952;donor495727026;donor497589976;donor501139891;donor545472217;donor558007145;donor559180932;donor559851091;donor562220816;donor567425505;donor570079749;donor572401655;donor573625485;donor575188353;donor575296278;donor601710463;donor602810570;donor603751387;donor638236907;donor643640190;donor644549836;donor644933145;donor659422762;donor669111839;donor669164742;donor678530101;donor678653760,455,0.017271076040691558,0.18794768154992267,0.16844806035136128,0.21418836893122328,0.991326850216067,1.3863644768577068,-0.28487686451309746,0.5995498614958449,0.5739101170439053,0.27461211019033094
shared_RRR_selected,feat__image_sel_ns,1,donor492413952;donor495727026;donor497589976;donor501139891;donor545472217;donor558007145;donor559180932;donor559851091;donor562220816;donor567425505;donor570079749;donor572401655;donor573625485;donor575188353;donor575296278;donor601710463;donor602810570;donor603751387;donor638236907;donor643640190;donor644549836;donor644933145;donor659422762;donor669111839;donor669164742;donor678530101;donor678653760,455,0.01977965321736086,0.14428515267770503,0.06754318566486182,0.2078400957873805,0.990060779337632,1.2114067752711435,-0.09641118263585316,0.5391274238227147,0.5528488665060699,0.2625135924518049
shared_RRR_selected,feat__reliability_ns,1,donor492413952;donor495727026;donor497589976;donor501139891;donor545472217;donor558007145;donor559180932;donor559851091;donor562220816;donor567425505;donor570079749;donor572401655;donor573625485;donor575188353;donor575296278;donor601710463;donor602810570;donor603751387;donor638236907;donor643640190;donor644549836;donor644933145;donor659422762;donor669111839;donor669164742;donor678530101;donor678653760,455,0.03704690138699274,0.38747202083935706,0.3546354031826206,0.1837063100203511,0.9813017367828345,3.952694794635876,-0.39356394847104104,0.7207842797783933,0.7103701038750011,0.2493513732243422
shared_RRR_selected,feat__reliability_nm1_a,1,donor492413952;donor495727026;donor497589976;donor501139891;donor545472217;donor558007145;donor559180932;donor559851091;donor562220816;donor567425505;donor570079749;donor572401655;donor573625485;donor575188353;donor575296278;donor601710463;donor602810570;donor603751387;donor638236907;donor643640190;donor644549836;donor644933145;donor659422762;donor669111839;donor669164742;donor678530101;donor678653760,455,0.04420654358612097,0.41931062926581314,0.3567398644033774,0.16584302553630376,0.9776468976137954,2.6377735786992984,-0.1475579297477914,0.7426636080332409,0.7386692024847905,0.24790511871347495
shared_RRR_selected,feat__reliability_dg,1,donor492413952;donor495727026;donor497589976;donor501139891;donor545472217;donor558007145;donor559180932;donor559851091;donor562220816;donor567425505;donor570079749;donor572401655;donor573625485;donor575188353;donor575296278;donor601710463;donor602810570;donor603751387;donor638236907;donor643640190;donor644549836;donor644933145;donor659422762;donor669111839;donor669164742;donor678530101;donor678653760,455,0.06502600835746963,0.51235127927173,0.29970923374704467,0.19994444381995172,0.966940531595677,2.639688185372827,-0.11485198390366906,0.6695593836565097,0.67269433349474,0.24748164037850712
shared_RRR_selected,feat__reliability_nm3,1,donor492413952;donor495727026;donor497589976;donor501139891;donor545472217;donor558007145;donor559180932;donor559851091;donor562220816;donor567425505;donor570079749;donor572401655;donor573625485;donor575188353;donor575296278;donor601710463;donor602810570;donor603751387;donor638236907;donor643640190;donor644549836;donor644933145;donor659422762;donor669111839;donor669164742;donor678530101;donor678653760,455,-0.06597033455254375,0.2335523450727891,0.24844090781341424,0.15609542132811194,1.0324583936181368,1.8134226875798498,-0.051196045478758244,0.6551462950138505,0.6232697222999413,0.2496701964898975
shared_RRR_selected,feat__reliability_sg,1,donor492413952;donor495727026;donor497589976;donor501139891;donor545472217;donor558007145;donor559180932;donor559851091;donor562220816;donor567425505;donor570079749;donor572401655;donor573625485;donor575188353;donor575296278;donor601710463;donor602810570;donor603751387;donor638236907;donor643640190;donor644549836;donor644933145;donor659422762;donor669111839;donor669164742;donor678530101;donor678653760,455,0.021926819359848193,0.1677909053401209,0.36269416094854734,0.13307410913803105,0.9889758240928601,1.8260014153630233,-0.07543060657352002,0.7303064404432135,0.6819378881506312,0.24996126137876706
shared_RRR_selected,feat__time_to_peak_sg,1,donor492413952;donor495727026;donor497589976;donor501139891;donor545472217;donor558007145;donor559180932;donor559851091;donor562220816;donor567425505;donor570079749;donor572401655;donor573625485;donor575188353;donor575296278;donor601710463;donor602810570;donor603751387;donor638236907;donor643640190;donor644549836;donor644933145;donor659422762;donor669111839;donor669164742;donor678530101;donor678653760,455,-0.017051457549354554,0.13337979641120243,0.35828093611919776,0.09710006688056315,1.0084896913451098,1.278629255712185,-0.06027802205382399,0.7534320557491289,0.7049907507842894,0.25660937872697487
shared_RRR_selected,feat__time_to_peak_ns,1,donor492413952;donor495727026;donor497589976;donor501139891;donor545472217;donor558007145;donor559180932;donor559851091;donor562220816;donor567425505;donor570079749;donor572401655;donor573625485;donor575188353;donor575296278;donor601710463;donor602810570;donor603751387;donor638236907;donor643640190;donor644549836;donor644933145;donor659422762;donor669111839;donor669164742;donor678530101;donor678653760,455,0.04388597685043405,0.26928322736631644,0.43115994508549893,0.0904812108235049,0.977810831986211,2.122511507199734,-0.306192996629062,0.748874290648902,0.6639085439248791,0.25871560073369954
shared_RRR_selected,feat__pref_sf_sg,1,donor492413952;donor495727026;donor497589976;donor501139891;donor545472217;donor558007145;donor559180932;donor559851091;donor562220816;donor567425505;donor570079749;donor572401655;donor573625485;donor575188353;donor575296278;donor601710463;donor602810570;donor603751387;donor638236907;donor643640190;donor644549836;donor644933145;donor659422762;donor669111839;donor669164742;donor678530101;donor678653760,455,-0.019964023550045118,0.05081381989142366,0.0804889387911674,0.06443619621964715,1.009932682682388,0.368792152705827,0.03388256102895011,0.5431248221761575,0.6686547052210361,0.2462678769625725
shared_RRR_selected,feat__sfdi_sg,1,donor492413952;donor495727026;donor497589976;donor501139891;donor545472217;donor558007145;donor559180932;donor559851091;donor562220816;donor567425505;donor570079749;donor572401655;donor573625485;donor575188353;donor575296278;donor601710463;donor602810570;donor603751387;donor638236907;donor643640190;donor644549836;donor644933145;donor659422762;donor669111839;donor669164742;donor678530101;donor678653760,455,0.04207178936903444,0.2386605136500296,0.24716883616479607,0.06568486294849137,0.9787380704922872,2.0250765955065964,-0.2937138422718227,0.6424212257617729,0.6286241644819933,0.2545626429444619
shared_RRR_selected,feat__tfdi_dg,1,donor492413952;donor495727026;donor497589976;donor501139891;donor545472217;donor558007145;donor559180932;donor559851091;donor562220816;donor567425505;donor570079749;donor572401655;donor573625485;donor575188353;donor575296278;donor601710463;donor602810570;donor603751387;donor638236907;donor643640190;donor644549836;donor644933145;donor659422762;donor669111839;donor669164742;donor678530101;donor678653760,455,-0.028706677991910512,0.16882002250901557,0.10543739933946852,0.07178145823041432,1.0142517823459374,0.7051069638209184,0.1167613497614367,0.565075311634349,0.5722787417875043,0.25646918074231384
independent_Ridge,feat__peak_dff_sg,2,donor496001353;donor519772020;donor529204474;donor554431707;donor557841072;donor558792472;donor565865645;donor576372685;donor576746148;donor590563964;donor596265612;donor603221672;donor603750239;donor605676776;donor645146091;donor647086913;donor649502537;donor650072655;donor652809884;donor654638707;donor656643452;donor657974275;donor666839638;donor669165768;donor685001097;donor694412710;donor699502603,455,-0.019472128703908798,-0.006641112009529318,0.022897045997752816,10.065959459482025,1.0096891247824296,-0.2586118511614505,11.013885878930793,0.5190659626038782,0.5050938447839185,0.49994476427190304
independent_Ridge,feat__peak_dff_ns,2,donor496001353;donor519772020;donor529204474;donor554431707;donor557841072;donor558792472;donor565865645;donor576372685;donor576746148;donor590563964;donor596265612;donor603221672;donor603750239;donor605676776;donor645146091;donor647086913;donor649502537;donor650072655;donor652809884;donor654638707;donor656643452;donor657974275;donor666839638;donor669165768;donor685001097;donor694412710;donor699502603,455,0.002647969964218899,0.05877061812913611,0.09213122573950719,14.163090367487142,0.9986751373874194,0.6951632665733484,3.8527207178907994,0.5423086911357341,0.5304799724418783,0.49999543400029145
independent_Ridge,feat__peak_dff_dg,2,donor496001353;donor519772020;donor529204474;donor554431707;donor557841072;donor558792472;donor565865645;donor576372685;donor576746148;donor590563964;donor596265612;donor603221672;donor603750239;donor605676776;donor645146091;donor647086913;donor649502537;donor650072655;donor652809884;donor654638707;donor656643452;donor657974275;donor666839638;donor669165768;donor685001097;donor694412710;donor699502603,455,-0.028181857865681836,-0.05810476876675226,-0.09125571957784227,22.240574201533096,1.0139930265370083,-0.8216751113400382,27.706950047339557,0.443018524930748,0.4792595557988569,0.4999999029929924
independent_Ridge,feat__pref_tf_dg,2,donor496001353;donor519772020;donor529204474;donor554431707;donor557841072;donor558792472;donor565865645;donor576372685;donor576746148;donor590563964;donor596265612;donor603221672;donor603750239;donor605676776;donor645146091;donor647086913;donor649502537;donor650072655;donor652809884;donor654638707;donor656643452;donor657974275;donor666839638;donor669165768;donor685001097;donor694412710;donor699502603,455,-0.003973441475537687,0.07142273515609435,0.09205876449003694,4.2859888004553515,1.001984751119266,3.0917233490516516,-8.087227958617952,0.5514385096097159,0.47427080789536,0.5378876894892177
independent_Ridge,feat__run_mod_dg,2,donor496001353;donor519772020;donor529204474;donor554431707;donor557841072;donor558792472;donor565865645;donor576372685;donor576746148;donor590563964;donor596265612;donor603221672;donor603750239;donor605676776;donor645146091;donor647086913;donor649502537;donor650072655;donor652809884;donor654638707;donor656643452;donor657974275;donor666839638;donor669165768;donor685001097;donor694412710;donor699502603,455,-0.0009575248010240678,0.13290993977549118,0.13723084295209453,0.5604641501419807,1.0004786478486305,0.8311691645008978,0.13308802227326516,0.5764369806094183,0.5729599047734452,0.2542917700927092
independent_Ridge,feat__run_mod_sg,2,donor496001353;donor519772020;donor529204474;donor554431707;donor557841072;donor558792472;donor565865645;donor576372685;donor576746148;donor590563964;donor596265612;donor603221672;donor603750239;donor605676776;donor645146091;donor647086913;donor649502537;donor650072655;donor652809884;donor654638707;donor656643452;donor657974275;donor666839638;donor669165768;donor685001097;donor694412710;donor699502603,455,-0.0031502924628028506,0.15445314123150772,0.14644227453528413,0.6354438048758324,1.0015739076387737,6.294903868924194,-1.8471563932858495,0.5883613227146814,0.5734605637227397,0.2563152162004037
independent_Ridge,feat__run_mod_ns,2,donor496001353;donor519772020;donor529204474;donor554431707;donor557841072;donor558792472;donor565865645;donor576372685;donor576746148;donor590563964;donor596265612;donor603221672;donor603750239;donor605676776;donor645146091;donor647086913;donor649502537;donor650072655;donor652809884;donor654638707;donor656643452;donor657974275;donor666839638;donor669165768;donor685001097;donor694412710;donor699502603,455,0.008106246036036824,0.10013105311595427,0.10840364358184246,0.5541955829795561,0.9959386296172886,0.8277585422962215,0.07258540820656426,0.5726930401662049,0.540677025497577,0.2542543393878434
independent_Ridge,feat__rf_chi2_lsn,2,donor496001353;donor519772020;donor529204474;donor554431707;donor557841072;donor558792472;donor565865645;donor576372685;donor576746148;donor590563964;donor596265612;donor603221672;donor603750239;donor605676776;donor645146091;donor647086913;donor649502537;donor650072655;donor652809884;donor654638707;donor656643452;donor657974275;donor666839638;donor669165768;donor685001097;donor694412710;donor699502603,455,-0.045099850511068906,0.0474340067551348,0.009706063437242115,0.46909174307403345,1.0223012523278394,1.4817794899519554,-0.40749350993084765,0.4968403739612188,0.5040877505426636,0.2736984188608793
independent_Ridge,feat__dsi_dg,2,donor496001353;donor519772020;donor529204474;donor554431707;donor557841072;donor558792472;donor565865645;donor576372685;donor576746148;donor590563964;donor596265612;donor603221672;donor603750239;donor605676776;donor645146091;donor647086913;donor649502537;donor650072655;donor652809884;donor654638707;donor656643452;donor657974275;donor666839638;donor669165768;donor685001097;donor694412710;donor699502603,455,-0.08595092912107849,0.09430191984315286,0.07754051883096345,0.37046548544745894,1.0420896934146688,0.6980368142431965,0.08420210734626545,0.5500779085872576,0.5494125355860474,0.2726006831750466
independent_Ridge,feat__osi_sg,2,donor496001353;donor519772020;donor529204474;donor554431707;donor557841072;donor558792472;donor565865645;donor576372685;donor576746148;donor590563964;donor596265612;donor603221672;donor603750239;donor605676776;donor645146091;donor647086913;donor649502537;donor650072655;donor652809884;donor654638707;donor656643452;donor657974275;donor666839638;donor669165768;donor685001097;donor694412710;donor699502603,455,-0.0005559565709767345,-0.0040269483292560216,0.04609627066973197,0.36488663335538934,1.0002779396602612,-0.4053158115260656,1.3504871602972242,0.5288478185595568,0.5172560177085201,0.29942624560543096
independent_Ridge,feat__osi_dg,2,donor496001353;donor519772020;donor529204474;donor554431707;donor557841072;donor558792472;donor565865645;donor576372685;donor576746148;donor590563964;donor596265612;donor603221672;donor603750239;donor605676776;donor645146091;donor647086913;donor649502537;donor650072655;donor652809884;donor654638707;donor656643452;donor657974275;donor666839638;donor669165768;donor685001097;donor694412710;donor699502603,455,-0.06253798184297632,-0.2206406855355412,-0.21049672960939114,0.35511040865565047,1.0307948301398182,-9.851979463812471,9.60292437075594,0.3654778393351801,0.4402283663381827,0.2942071178447212
independent_Ridge,feat__g_dsi_dg,2,donor496001353;donor519772020;donor529204474;donor554431707;donor557841072;donor558792472;donor565865645;donor576372685;donor576746148;donor590563964;donor596265612;donor603221672;donor603750239;donor605676776;donor645146091;donor647086913;donor649502537;donor650072655;donor652809884;donor654638707;donor656643452;donor657974275;donor666839638;donor669165768;donor685001097;donor694412710;donor699502603,455,-0.11245023613341432,0.09786722652043785,0.08514062868928049,0.25430003903364307,1.0547275648874521,0.8614830719897981,-0.021781855582505092,0.540577389196676,0.5370777346658491,0.26190902100415464
independent_Ridge,feat__g_osi_dg,2,donor496001353;donor519772020;donor529204474;donor554431707;donor557841072;donor558792472;donor565865645;donor576372685;donor576746148;donor590563964;donor596265612;donor603221672;donor603750239;donor605676776;donor645146091;donor647086913;donor649502537;donor650072655;donor652809884;donor654638707;donor656643452;donor657974275;donor666839638;donor669165768;donor685001097;donor694412710;donor699502603,455,-0.08131352397530112,-0.2240405258068906,-0.22687178408257416,0.2660827706554541,1.0398622620209375,-11.904175827767157,7.491046744406452,0.3487707756232687,0.4289875917026593,0.27059954615066917
independent_Ridge,feat__g_osi_sg,2,donor496001353;donor519772020;donor529204474;donor554431707;donor557841072;donor558792472;donor565865645;donor576372685;donor576746148;donor590563964;donor596265612;donor603221672;donor603750239;donor605676776;donor645146091;donor647086913;donor649502537;donor650072655;donor652809884;donor654638707;donor656643452;donor657974275;donor666839638;donor669165768;donor685001097;donor694412710;donor699502603,455,-0.005237516402920139,0.04387223229585542,-0.037105481530638265,0.2054396373032524,1.002615338204498,0.3996616251200829,0.40420127236347675,0.47641101108033246,0.5051822180134563,0.2746147557537829
independent_Ridge,feat__image_sel_ns,2,donor496001353;donor519772020;donor529204474;donor554431707;donor557841072;donor558792472;donor565865645;donor576372685;donor576746148;donor590563964;donor596265612;donor603221672;donor603750239;donor605676776;donor645146091;donor647086913;donor649502537;donor650072655;donor652809884;donor654638707;donor656643452;donor657974275;donor666839638;donor669165768;donor685001097;donor694412710;donor699502603,455,0.03280333458887541,0.18396242805325522,0.00858727781671251,0.18887199666835144,0.9834615729204292,1.2083990499279402,-0.09770148109263936,0.5061677631578947,0.5008843080740625,0.26228764176731306
independent_Ridge,feat__reliability_ns,2,donor496001353;donor519772020;donor529204474;donor554431707;donor557841072;donor558792472;donor565865645;donor576372685;donor576746148;donor590563964;donor596265612;donor603221672;donor603750239;donor605676776;donor645146091;donor647086913;donor649502537;donor650072655;donor652809884;donor654638707;donor656643452;donor657974275;donor666839638;donor669165768;donor685001097;donor694412710;donor699502603,455,0.011831943556596558,0.142666624973557,0.16788204394213646,0.15205844465504426,0.9940664245629681,0.7868633151418952,0.01968948549431937,0.5870412049861496,0.5744165845496921,0.2501147516974331
independent_Ridge,feat__reliability_nm1_a,2,donor496001353;donor519772020;donor529204474;donor554431707;donor557841072;donor558792472;donor565865645;donor576372685;donor576746148;donor590563964;donor596265612;donor603221672;donor603750239;donor605676776;donor645146091;donor647086913;donor649502537;donor650072655;donor652809884;donor654638707;donor656643452;donor657974275;donor666839638;donor669165768;donor685001097;donor694412710;donor699502603,455,-0.025948266741364634,0.10260676534086857,0.23172911205988747,0.13537210566841165,1.0128910438647214,0.819053374101514,-0.0010039428946130508,0.6434383656509696,0.6050122582356126,0.25002444586840417
independent_Ridge,feat__reliability_dg,2,donor496001353;donor519772020;donor529204474;donor554431707;donor557841072;donor558792472;donor565865645;donor576372685;donor576746148;donor590563964;donor596265612;donor603221672;donor603750239;donor605676776;donor645146091;donor647086913;donor649502537;donor650072655;donor652809884;donor654638707;donor656643452;donor657974275;donor666839638;donor669165768;donor685001097;donor694412710;donor699502603,455,-0.07902542773965981,0.09802063781112075,-0.029065862781742956,0.11898293346688778,1.0387614874164617,0.3897365160514488,0.04622940924121477,0.47322974376731297,0.49355171948911053,0.2510383750515338
independent_Ridge,feat__reliability_nm3,2,donor496001353;donor519772020;donor529204474;donor554431707;donor557841072;donor558792472;donor565865645;donor576372685;donor576746148;donor590563964;donor596265612;donor603221672;donor603750239;donor605676776;donor645146091;donor647086913;donor649502537;donor650072655;donor652809884;donor654638707;donor656643452;donor657974275;donor666839638;donor669165768;donor685001097;donor694412710;donor699502603,455,-0.14335935890879825,0.059872291596876084,0.10556078565873532,0.11037603597545732,1.06927983190033,1.017568038431029,-0.04215400675509021,0.5535621537396123,0.5447823168053818,0.251203890645643
independent_Ridge,feat__reliability_sg,2,donor496001353;donor519772020;donor529204474;donor554431707;donor557841072;donor558792472;donor565865645;donor576372685;donor576746148;donor590563964;donor596265612;donor603221672;donor603750239;donor605676776;donor645146091;donor647086913;donor649502537;donor650072655;donor652809884;donor654638707;donor656643452;donor657974275;donor666839638;donor669165768;donor685001097;donor694412710;donor699502603,455,-0.05306772626468392,0.03207329372608559,0.003507774737436396,0.1146227919866106,1.026190881982823,0.19678374633584278,0.05738624489328331,0.500670879501385,0.5134689747022309,0.25035460566385837
independent_Ridge,feat__time_to_peak_sg,2,donor496001353;donor519772020;donor529204474;donor554431707;donor557841072;donor558792472;donor565865645;donor576372685;donor576746148;donor590563964;donor596265612;donor603221672;donor603750239;donor605676776;donor645146091;donor647086913;donor649502537;donor650072655;donor652809884;donor654638707;donor656643452;donor657974275;donor666839638;donor669165768;donor685001097;donor694412710;donor699502603,455,-0.02866031351209153,0.05457552584153702,0.10095951388529534,0.07842604890615547,1.0142289255942623,0.2827545879956992,0.20933003199178146,0.5439034286873605,0.5525898810109565,0.25355053146657985
independent_Ridge,feat__time_to_peak_ns,2,donor496001353;donor519772020;donor529204474;donor554431707;donor557841072;donor558792472;donor565865645;donor576372685;donor576746148;donor590563964;donor596265612;donor603221672;donor603750239;donor605676776;donor645146091;donor647086913;donor649502537;donor650072655;donor652809884;donor654638707;donor656643452;donor657974275;donor666839638;donor669165768;donor685001097;donor694412710;donor699502603,455,0.12064246847227833,0.3955289364690644,0.4207567416200956,0.06311631775416268,0.9377406525941604,1.4698418501598367,-0.12149738632336915,0.7545406772424212,0.7418966809814422,0.24369268312197043
independent_Ridge,feat__pref_sf_sg,2,donor496001353;donor519772020;donor529204474;donor554431707;donor557841072;donor558792472;donor565865645;donor576372685;donor576746148;donor590563964;donor596265612;donor603221672;donor603750239;donor605676776;donor645146091;donor647086913;donor649502537;donor650072655;donor652809884;donor654638707;donor656643452;donor657974275;donor666839638;donor669165768;donor685001097;donor694412710;donor699502603,455,-0.039389100315404546,0.0015260542395835275,-0.1341280456625898,0.07516105249454459,1.019504340508369,0.10459877790149706,0.06749167699707569,0.45446977709875813,0.44010262468264627,0.2519430770508674
independent_Ridge,feat__sfdi_sg,2,donor496001353;donor519772020;donor529204474;donor554431707;donor557841072;donor558792472;donor565865645;donor576372685;donor576746148;donor590563964;donor596265612;donor603221672;donor603750239;donor605676776;donor645146091;donor647086913;donor649502537;donor650072655;donor652809884;donor654638707;donor656643452;donor657974275;donor666839638;donor669165768;donor685001097;donor694412710;donor699502603,455,-0.022903143102214196,0.09030748911778252,0.07713241264604948,0.07144054795335947,1.011386742597615,2.885402017116587,-0.5580216855820197,0.5549688365650969,0.5366161785790898,0.2551079328354336
independent_Ridge,feat__tfdi_dg,2,donor496001353;donor519772020;donor529204474;donor554431707;donor557841072;donor558792472;donor565865645;donor576372685;donor576746148;donor590563964;donor596265612;donor603221672;donor603750239;donor605676776;donor645146091;donor647086913;donor649502537;donor650072655;donor652809884;donor654638707;donor656643452;donor657974275;donor666839638;donor669165768;donor685001097;donor694412710;donor699502603,455,0.03209894991275253,0.21942767843096803,0.22597596280161317,0.06632823724129892,0.9838196227394774,2.2362575705355985,-0.43085074066416107,0.6233336218836565,0.586554814726654,0.25703223303365696
shared_fullrank,feat__peak_dff_sg,2,donor496001353;donor519772020;donor529204474;donor554431707;donor557841072;donor558792472;donor565865645;donor576372685;donor576746148;donor590563964;donor596265612;donor603221672;donor603750239;donor605676776;donor645146091;donor647086913;donor649502537;donor650072655;donor652809884;donor654638707;donor656643452;donor657974275;donor666839638;donor669165768;donor685001097;donor694412710;donor699502603,455,-0.020809580844598274,-0.007924300608699326,-0.02855609093277513,10.072560094299993,1.0103512165799564,-0.07705188909921172,9.196479025343026,0.4774281509695292,0.48874575141453014,0.4999026901035312
shared_fullrank,feat__peak_dff_ns,2,donor496001353;donor519772020;donor529204474;donor554431707;donor557841072;donor558792472;donor565865645;donor576372685;donor576746148;donor590563964;donor596265612;donor603221672;donor603750239;donor605676776;donor645146091;donor647086913;donor649502537;donor650072655;donor652809884;donor654638707;donor656643452;donor657974275;donor666839638;donor669165768;donor685001097;donor694412710;donor699502603,455,0.002647969964218899,0.05877061812913609,0.09213122573950719,14.163090367487142,0.9986751373874194,0.6951632665733485,3.8527207178907985,0.5423086911357341,0.5304799724418783,0.49999543400029145
shared_fullrank,feat__peak_dff_dg,2,donor496001353;donor519772020;donor529204474;donor554431707;donor557841072;donor558792472;donor565865645;donor576372685;donor576746148;donor590563964;donor596265612;donor603221672;donor603750239;donor605676776;donor645146091;donor647086913;donor649502537;donor650072655;donor652809884;donor654638707;donor656643452;donor657974275;donor666839638;donor669165768;donor685001097;donor694412710;donor699502603,455,-0.02818185786568206,-0.05810476876675233,-0.09161052431610761,22.240574201533096,1.0139930265370083,-0.8216751113400392,27.70695004733957,0.4433431440443214,0.47948082084488003,0.4999999029929924
shared_fullrank,feat__pref_tf_dg,2,donor496001353;donor519772020;donor529204474;donor554431707;donor557841072;donor558792472;donor565865645;donor576372685;donor576746148;donor590563964;donor596265612;donor603221672;donor603750239;donor605676776;donor645146091;donor647086913;donor649502537;donor650072655;donor652809884;donor654638707;donor656643452;donor657974275;donor666839638;donor669165768;donor685001097;donor694412710;donor699502603,455,-0.003019861444513161,0.06593419601022864,0.09205876449003694,4.283952887901387,1.00150879249486,0.708481290434186,0.7290052963705774,0.5514385096097159,0.47427080789536,0.5358430394788646
shared_fullrank,feat__run_mod_dg,2,donor496001353;donor519772020;donor529204474;donor554431707;donor557841072;donor558792472;donor565865645;donor576372685;donor576746148;donor590563964;donor596265612;donor603221672;donor603750239;donor605676776;donor645146091;donor647086913;donor649502537;donor650072655;donor652809884;donor654638707;donor656643452;donor657974275;donor666839638;donor669165768;donor685001097;donor694412710;donor699502603,455,-0.0009575248010238457,0.1329099397754912,0.13723084295209453,0.5604641501419806,1.0004786478486303,0.8311691645008985,0.13308802227326483,0.5764369806094183,0.5729599047734452,0.2542917700927092
shared_fullrank,feat__run_mod_sg,2,donor496001353;donor519772020;donor529204474;donor554431707;donor557841072;donor558792472;donor565865645;donor576372685;donor576746148;donor590563964;donor596265612;donor603221672;donor603750239;donor605676776;donor645146091;donor647086913;donor649502537;donor650072655;donor652809884;donor654638707;donor656643452;donor657974275;donor666839638;donor669165768;donor685001097;donor694412710;donor699502603,455,0.011446042644971621,0.15223931213456315,0.14644227453528413,0.6308038531062251,0.994260507792112,1.5986260260898817,-0.25679732373490466,0.5883613227146814,0.5734605637227397,0.2544468145691859
shared_fullrank,feat__run_mod_ns,2,donor496001353;donor519772020;donor529204474;donor554431707;donor557841072;donor558792472;donor565865645;donor576372685;donor576746148;donor590563964;donor596265612;donor603221672;donor603750239;donor605676776;donor645146091;donor647086913;donor649502537;donor650072655;donor652809884;donor654638707;donor656643452;donor657974275;donor666839638;donor669165768;donor685001097;donor694412710;donor699502603,455,0.008106246036036602,0.10013105311595427,0.10840364358184246,0.5541955829795562,0.9959386296172889,0.8277585422962217,0.07258540820656409,0.5726930401662049,0.540677025497577,0.2542543393878434
shared_fullrank,feat__rf_chi2_lsn,2,donor496001353;donor519772020;donor529204474;donor554431707;donor557841072;donor558792472;donor565865645;donor576372685;donor576746148;donor590563964;donor596265612;donor603221672;donor603750239;donor605676776;donor645146091;donor647086913;donor649502537;donor650072655;donor652809884;donor654638707;donor656643452;donor657974275;donor666839638;donor669165768;donor685001097;donor694412710;donor699502603,455,-0.045180303934307275,0.04473726785982049,0.009706063437242115,0.4691097984350742,1.0223406007463007,0.37889529425772284,0.29953012055235134,0.4968403739612188,0.5040877505426636,0.27293641071987496
shared_fullrank,feat__dsi_dg,2,donor496001353;donor519772020;donor529204474;donor554431707;donor557841072;donor558792472;donor565865645;donor576372685;donor576746148;donor590563964;donor596265612;donor603221672;donor603750239;donor605676776;donor645146091;donor647086913;donor649502537;donor650072655;donor652809884;donor654638707;donor656643452;donor657974275;donor666839638;donor669165768;donor685001097;donor694412710;donor699502603,455,-0.08595092912107849,0.09430191984315278,0.07754051883096345,0.37046548544745894,1.0420896934146688,0.6980368142431963,0.08420210734626557,0.5500779085872576,0.5494125355860474,0.2726006831750466
shared_fullrank,feat__osi_sg,2,donor496001353;donor519772020;donor529204474;donor554431707;donor557841072;donor558792472;donor565865645;donor576372685;donor576746148;donor590563964;donor596265612;donor603221672;donor603750239;donor605676776;donor645146091;donor647086913;donor649502537;donor650072655;donor652809884;donor654638707;donor656643452;donor657974275;donor666839638;donor669165768;donor685001097;donor694412710;donor699502603,455,-0.0027889522998747474,-0.00700181282180257,0.04620831599252291,0.36529357521204886,1.0013935052215364,-0.17267679157273835,1.12780789152644,0.5289343836565097,0.5172778025413136,0.29930445405935263
shared_fullrank,feat__osi_dg,2,donor496001353;donor519772020;donor529204474;donor554431707;donor557841072;donor558792472;donor565865645;donor576372685;donor576746148;donor590563964;donor596265612;donor603221672;donor603750239;donor605676776;donor645146091;donor647086913;donor649502537;donor650072655;donor652809884;donor654638707;donor656643452;donor657974275;donor666839638;donor669165768;donor685001097;donor694412710;donor699502603,455,-0.09929183792437124,-0.21708138659453957,-0.21049672960939114,0.3611999421610671,1.0484711907937057,-2.4841049790936287,3.0325743384937467,0.3654778393351801,0.4402283663381827,0.29542467657467886
shared_fullrank,feat__g_dsi_dg,2,donor496001353;donor519772020;donor529204474;donor554431707;donor557841072;donor558792472;donor565865645;donor576372685;donor576746148;donor590563964;donor596265612;donor603221672;donor603750239;donor605676776;donor645146091;donor647086913;donor649502537;donor650072655;donor652809884;donor654638707;donor656643452;donor657974275;donor666839638;donor669165768;donor685001097;donor694412710;donor699502603,455,-0.11245023613341432,0.09786722652043779,0.08514062868928049,0.25430003903364307,1.0547275648874521,0.861483071989798,-0.02178185558250501,0.540577389196676,0.5370777346658491,0.26190902100415464
shared_fullrank,feat__g_osi_dg,2,donor496001353;donor519772020;donor529204474;donor554431707;donor557841072;donor558792472;donor565865645;donor576372685;donor576746148;donor590563964;donor596265612;donor603221672;donor603750239;donor605676776;donor645146091;donor647086913;donor649502537;donor650072655;donor652809884;donor654638707;donor656643452;donor657974275;donor666839638;donor669165768;donor685001097;donor694412710;donor699502603,455,-0.10651024647632967,-0.23000721686628486,-0.22687178408257416,0.26916504310468614,1.051907907792469,-3.2211720289094483,2.3979296766115685,0.3487707756232687,0.4289875917026593,0.27140022614414877
shared_fullrank,feat__g_osi_sg,2,donor496001353;donor519772020;donor529204474;donor554431707;donor557841072;donor558792472;donor565865645;donor576372685;donor576746148;donor590563964;donor596265612;donor603221672;donor603750239;donor605676776;donor645146091;donor647086913;donor649502537;donor650072655;donor652809884;donor654638707;donor656643452;donor657974275;donor666839638;donor669165768;donor685001097;donor694412710;donor699502603,455,-0.005237516402920139,0.0438722322958554,-0.037105481530638265,0.2054396373032524,1.002615338204498,0.39966162512008235,0.40420127236347697,0.47641101108033246,0.5051822180134563,0.2746147557537829
shared_fullrank,feat__image_sel_ns,2,donor496001353;donor519772020;donor529204474;donor554431707;donor557841072;donor558792472;donor565865645;donor576372685;donor576746148;donor590563964;donor596265612;donor603221672;donor603750239;donor605676776;donor645146091;donor647086913;donor649502537;donor650072655;donor652809884;donor654638707;donor656643452;donor657974275;donor666839638;donor669165768;donor685001097;donor694412710;donor699502603,455,0.03280333458887541,0.18396242805325516,0.00858727781671251,0.18887199666835144,0.9834615729204292,1.2083990499279396,-0.09770148109263894,0.5061677631578947,0.5008843080740625,0.26228764176731306
shared_fullrank,feat__reliability_ns,2,donor496001353;donor519772020;donor529204474;donor554431707;donor557841072;donor558792472;donor565865645;donor576372685;donor576746148;donor590563964;donor596265612;donor603221672;donor603750239;donor605676776;donor645146091;donor647086913;donor649502537;donor650072655;donor652809884;donor654638707;donor656643452;donor657974275;donor666839638;donor669165768;donor685001097;donor694412710;donor699502603,455,0.011831943556596558,0.142666624973557,0.16788204394213646,0.15205844465504426,0.9940664245629681,0.7868633151418952,0.019689485494319446,0.5870412049861496,0.5744165845496921,0.2501147516974331
shared_fullrank,feat__reliability_nm1_a,2,donor496001353;donor519772020;donor529204474;donor554431707;donor557841072;donor558792472;donor565865645;donor576372685;donor576746148;donor590563964;donor596265612;donor603221672;donor603750239;donor605676776;donor645146091;donor647086913;donor649502537;donor650072655;donor652809884;donor654638707;donor656643452;donor657974275;donor666839638;donor669165768;donor685001097;donor694412710;donor699502603,455,-0.025948266741364634,0.10260676534086856,0.23172911205988747,0.13537210566841165,1.0128910438647214,0.8190533741015156,-0.0010039428946132395,0.6434383656509696,0.6050122582356126,0.25002444586840417
shared_fullrank,feat__reliability_dg,2,donor496001353;donor519772020;donor529204474;donor554431707;donor557841072;donor558792472;donor565865645;donor576372685;donor576746148;donor590563964;donor596265612;donor603221672;donor603750239;donor605676776;donor645146091;donor647086913;donor649502537;donor650072655;donor652809884;donor654638707;donor656643452;donor657974275;donor666839638;donor669165768;donor685001097;donor694412710;donor699502603,455,-0.07880672554680834,0.08792858686787851,-0.03155148172169397,0.11897087483208463,1.0386562114322566,0.48564487720552196,0.03303993248018736,0.471325311634349,0.4927617871116558,0.25108150230440335
shared_fullrank,feat__reliability_nm3,2,donor496001353;donor519772020;donor529204474;donor554431707;donor557841072;donor558792472;donor565865645;donor576372685;donor576746148;donor590563964;donor596265612;donor603221672;donor603750239;donor605676776;donor645146091;donor647086913;donor649502537;donor650072655;donor652809884;donor654638707;donor656643452;donor657974275;donor666839638;donor669165768;donor685001097;donor694412710;donor699502603,455,-0.20342496962582857,0.058090981702028574,0.10556078565873532,0.11323819196068122,1.0970072787478797,0.25864989361856444,0.06844051945789995,0.5535621537396123,0.5447823168053818,0.25090255524311766
shared_fullrank,feat__reliability_sg,2,donor496001353;donor519772020;donor529204474;donor554431707;donor557841072;donor558792472;donor565865645;donor576372685;donor576746148;donor590563964;donor596265612;donor603221672;donor603750239;donor605676776;donor645146091;donor647086913;donor649502537;donor650072655;donor652809884;donor654638707;donor656643452;donor657974275;donor666839638;donor669165768;donor685001097;donor694412710;donor699502603,455,-0.05306772626468392,0.03207329372608558,0.003507774737436396,0.1146227919866106,1.026190881982823,0.19678374633584342,0.05738624489328327,0.500670879501385,0.5134689747022309,0.25035460566385837
shared_fullrank,feat__time_to_peak_sg,2,donor496001353;donor519772020;donor529204474;donor554431707;donor557841072;donor558792472;donor565865645;donor576372685;donor576746148;donor590563964;donor596265612;donor603221672;donor603750239;donor605676776;donor645146091;donor647086913;donor649502537;donor650072655;donor652809884;donor654638707;donor656643452;donor657974275;donor666839638;donor669165768;donor685001097;donor694412710;donor699502603,455,-0.02866031351209153,0.05457552584153699,0.10095951388529534,0.07842604890615547,1.0142289255942623,0.28275458799569864,0.2093300319917816,0.5439034286873605,0.5525898810109565,0.25355053146657985
shared_fullrank,feat__time_to_peak_ns,2,donor496001353;donor519772020;donor529204474;donor554431707;donor557841072;donor558792472;donor565865645;donor576372685;donor576746148;donor590563964;donor596265612;donor603221672;donor603750239;donor605676776;donor645146091;donor647086913;donor649502537;donor650072655;donor652809884;donor654638707;donor656643452;donor657974275;donor666839638;donor669165768;donor685001097;donor694412710;donor699502603,455,0.12064246847227811,0.3955289364690644,0.4207567416200956,0.06311631775416268,0.9377406525941604,1.4698418501598365,-0.12149738632336923,0.7545406772424212,0.7418966809814422,0.24369268312197043
shared_fullrank,feat__pref_sf_sg,2,donor496001353;donor519772020;donor529204474;donor554431707;donor557841072;donor558792472;donor565865645;donor576372685;donor576746148;donor590563964;donor596265612;donor603221672;donor603750239;donor605676776;donor645146091;donor647086913;donor649502537;donor650072655;donor652809884;donor654638707;donor656643452;donor657974275;donor666839638;donor669165768;donor685001097;donor694412710;donor699502603,455,-0.05084097887775507,0.007293691123795034,-0.1341280456625898,0.07557397646350586,1.025105350136148,0.1292077555008819,0.06624886958907768,0.45446977709875813,0.44010262468264627,0.25189175373233175
shared_fullrank,feat__sfdi_sg,2,donor496001353;donor519772020;donor529204474;donor554431707;donor557841072;donor558792472;donor565865645;donor576372685;donor576746148;donor590563964;donor596265612;donor603221672;donor603750239;donor605676776;donor645146091;donor647086913;donor649502537;donor650072655;donor652809884;donor654638707;donor656643452;donor657974275;donor666839638;donor669165768;donor685001097;donor694412710;donor699502603,455,-0.016245649079202673,0.08834999483126274,0.07713241264604948,0.07120768552171401,1.0080900996831597,0.695846318931451,0.07717762270383376,0.5549688365650969,0.5366161785790898,0.25487050058246813
shared_fullrank,feat__tfdi_dg,2,donor496001353;donor519772020;donor529204474;donor554431707;donor557841072;donor558792472;donor565865645;donor576372685;donor576746148;donor590563964;donor596265612;donor603221672;donor603750239;donor605676776;donor645146091;donor647086913;donor649502537;donor650072655;donor652809884;donor654638707;donor656643452;donor657974275;donor666839638;donor669165768;donor685001097;donor694412710;donor699502603,455,0.03209894991275253,0.21942767843096814,0.22597596280161317,0.06632823724129892,0.9838196227394774,2.236257570535606,-0.43085074066416373,0.6233336218836565,0.586554814726654,0.25703223303365696
shared_RRR_selected,feat__peak_dff_sg,2,donor496001353;donor519772020;donor529204474;donor554431707;donor557841072;donor558792472;donor565865645;donor576372685;donor576746148;donor590563964;donor596265612;donor603221672;donor603750239;donor605676776;donor645146091;donor647086913;donor649502537;donor650072655;donor652809884;donor654638707;donor656643452;donor657974275;donor666839638;donor669165768;donor685001097;donor694412710;donor699502603,455,-0.020465078042180007,-0.004231967129822375,-0.02880492778461757,10.070860307160178,1.0101807155366704,-0.040824215308660455,8.856564712350652,0.4773848684210527,0.48873106743774564,0.4999068601310404
shared_RRR_selected,feat__peak_dff_ns,2,donor496001353;donor519772020;donor529204474;donor554431707;donor557841072;donor558792472;donor565865645;donor576372685;donor576746148;donor590563964;donor596265612;donor603221672;donor603750239;donor605676776;donor645146091;donor647086913;donor649502537;donor650072655;donor652809884;donor654638707;donor656643452;donor657974275;donor666839638;donor669165768;donor685001097;donor694412710;donor699502603,455,0.0034226964114161262,0.06446574896110785,0.11542359238227268,14.157588472470609,0.998287184926554,0.7259414881560771,3.447107805010562,0.5588859072022161,0.5505079395976206,0.49999632551584716
shared_RRR_selected,feat__peak_dff_dg,2,donor496001353;donor519772020;donor529204474;donor554431707;donor557841072;donor558792472;donor565865645;donor576372685;donor576746148;donor590563964;donor596265612;donor603221672;donor603750239;donor605676776;donor645146091;donor647086913;donor649502537;donor650072655;donor652809884;donor654638707;donor656643452;donor657974275;donor666839638;donor669165768;donor685001097;donor694412710;donor699502603,455,-0.025268476948129504,-0.04222591532667951,-0.08909039816631548,22.20904221674689,1.0125554191984407,-0.582077193736942,23.652239625538986,0.4454207063711912,0.48001291563245846,0.4999999084447684
shared_RRR_selected,feat__pref_tf_dg,2,donor496001353;donor519772020;donor529204474;donor554431707;donor557841072;donor558792472;donor565865645;donor576372685;donor576746148;donor590563964;donor596265612;donor603221672;donor603750239;donor605676776;donor645146091;donor647086913;donor649502537;donor650072655;donor652809884;donor654638707;donor656643452;donor657974275;donor666839638;donor669165768;donor685001097;donor694412710;donor699502603,455,-0.003452164076629183,0.06064200722627709,0.11536948028145042,4.284875982584676,1.0017245949244877,0.6693302937167299,0.8808151582292478,0.5486872617222811,0.47610128138678265,0.5363034369396078
shared_RRR_selected,feat__run_mod_dg,2,donor496001353;donor519772020;donor529204474;donor554431707;donor557841072;donor558792472;donor565865645;donor576372685;donor576746148;donor590563964;donor596265612;donor603221672;donor603750239;donor605676776;donor645146091;donor647086913;donor649502537;donor650072655;donor652809884;donor654638707;donor656643452;donor657974275;donor666839638;donor669165768;donor685001097;donor694412710;donor699502603,455,-0.00048325714117258833,0.1337340333305724,0.13723084295209453,0.5603313565378973,1.0002415993854548,0.8339609779739573,0.13171535306977686,0.5764369806094183,0.5729599047734452,0.2542316017629216
shared_RRR_selected,feat__run_mod_sg,2,donor496001353;donor519772020;donor529204474;donor554431707;donor557841072;donor558792472;donor565865645;donor576372685;donor576746148;donor590563964;donor596265612;donor603221672;donor603750239;donor605676776;donor645146091;donor647086913;donor649502537;donor650072655;donor652809884;donor654638707;donor656643452;donor657974275;donor666839638;donor669165768;donor685001097;donor694412710;donor699502603,455,0.008596161510469713,0.1452544895275616,0.14736847004404793,0.6317124642154764,0.9956926425807967,1.666853944446833,-0.2830413612405013,0.5880150623268698,0.5687858334187187,0.2547590071370421
shared_RRR_selected,feat__run_mod_ns,2,donor496001353;donor519772020;donor529204474;donor554431707;donor557841072;donor558792472;donor565865645;donor576372685;donor576746148;donor590563964;donor596265612;donor603221672;donor603750239;donor605676776;donor645146091;donor647086913;donor649502537;donor650072655;donor652809884;donor654638707;donor656643452;donor657974275;donor666839638;donor669165768;donor685001097;donor694412710;donor699502603,455,0.008513149643932905,0.10133103968950895,0.09297031933970103,0.5540818977621987,0.9957343271957972,0.8516549913658203,0.06522735465509737,0.5614828601108034,0.5348077293561512,0.2541261382530983
shared_RRR_selected,feat__rf_chi2_lsn,2,donor496001353;donor519772020;donor529204474;donor554431707;donor557841072;donor558792472;donor565865645;donor576372685;donor576746148;donor590563964;donor596265612;donor603221672;donor603750239;donor605676776;donor645146091;donor647086913;donor649502537;donor650072655;donor652809884;donor654638707;donor656643452;donor657974275;donor666839638;donor669165768;donor685001097;donor694412710;donor699502603,455,-0.046578445261118206,0.03233240798466582,-0.012929019112242729,0.4694234584783616,1.0230241665088455,0.33937043835924,0.3238611803353792,0.4857600415512465,0.49164414238984916,0.27358668645526746
shared_RRR_selected,feat__dsi_dg,2,donor496001353;donor519772020;donor529204474;donor554431707;donor557841072;donor558792472;donor565865645;donor576372685;donor576746148;donor590563964;donor596265612;donor603221672;donor603750239;donor605676776;donor645146091;donor647086913;donor649502537;donor650072655;donor652809884;donor654638707;donor656643452;donor657974275;donor666839638;donor669165768;donor685001097;donor694412710;donor699502603,455,-0.09049953369833341,0.07076730903985275,0.0758099341398073,0.3712405389483528,1.0442698567412225,0.57061897574232,0.1656923066104209,0.5489525623268698,0.5491207450911983,0.272926895507344
shared_RRR_selected,feat__osi_sg,2,donor496001353;donor519772020;donor529204474;donor554431707;donor557841072;donor558792472;donor565865645;donor576372685;donor576746148;donor590563964;donor596265612;donor603221672;donor603750239;donor605676776;donor645146091;donor647086913;donor649502537;donor650072655;donor652809884;donor654638707;donor656643452;donor657974275;donor666839638;donor669165768;donor685001097;donor694412710;donor699502603,455,-0.002586362244031859,-0.009067805760788368,1.8009739000751242e-05,0.3652566738362677,1.0012923460428687,-0.2598077952623648,1.2106606502703041,0.48976367728531855,0.496187876371707,0.29921722971357506
shared_RRR_selected,feat__osi_dg,2,donor496001353;donor519772020;donor529204474;donor554431707;donor557841072;donor558792472;donor565865645;donor576372685;donor576746148;donor590563964;donor596265612;donor603221672;donor603750239;donor605676776;donor645146091;donor647086913;donor649502537;donor650072655;donor652809884;donor654638707;donor656643452;donor657974275;donor666839638;donor669165768;donor685001097;donor694412710;donor699502603,455,-0.08731403327125142,-0.16893547570058365,-0.12548856186306656,0.35922674822356354,1.0427435126967952,-2.255117771190001,2.8324481805817063,0.4139110110803324,0.4851276735233053,0.295217149173678
shared_RRR_selected,feat__g_dsi_dg,2,donor496001353;donor519772020;donor529204474;donor554431707;donor557841072;donor558792472;donor565865645;donor576372685;donor576746148;donor590563964;donor596265612;donor603221672;donor603750239;donor605676776;donor645146091;donor647086913;donor649502537;donor650072655;donor652809884;donor654638707;donor656643452;donor657974275;donor666839638;donor669165768;donor685001097;donor694412710;donor699502603,455,-0.11643517025674766,0.06976847411526534,0.08405894451784604,0.25475509894951637,1.0566149583726079,0.6693656146825653,0.06509087454610335,0.5399281509695291,0.5369138074058385,0.26209689355134774
shared_RRR_selected,feat__g_osi_dg,2,donor496001353;donor519772020;donor529204474;donor554431707;donor557841072;donor558792472;donor565865645;donor576372685;donor576746148;donor590563964;donor596265612;donor603221672;donor603750239;donor605676776;donor645146091;donor647086913;donor649502537;donor650072655;donor652809884;donor654638707;donor656643452;donor657974275;donor666839638;donor669165768;donor685001097;donor694412710;donor699502603,455,-0.09720237765531303,-0.18268863122692175,-0.18105234988004795,0.26803055569223794,1.0474742849613603,-2.82669221618096,2.1687410780921828,0.37612534626038785,0.4367875442932567,0.2711321592343391
shared_RRR_selected,feat__g_osi_sg,2,donor496001353;donor519772020;donor529204474;donor554431707;donor557841072;donor558792472;donor565865645;donor576372685;donor576746148;donor590563964;donor596265612;donor603221672;donor603750239;donor605676776;donor645146091;donor647086913;donor649502537;donor650072655;donor652809884;donor654638707;donor656643452;donor657974275;donor666839638;donor669165768;donor685001097;donor694412710;donor699502603,455,-0.0019728644039302967,0.05898185157771375,-0.037105481530638265,0.2051057687711278,1.0009859461570527,0.5270428477636239,0.320570788944329,0.47641101108033246,0.5051822180134563,0.27454436844162944
shared_RRR_selected,feat__image_sel_ns,2,donor496001353;donor519772020;donor529204474;donor554431707;donor557841072;donor558792472;donor565865645;donor576372685;donor576746148;donor590563964;donor596265612;donor603221672;donor603750239;donor605676776;donor645146091;donor647086913;donor649502537;donor650072655;donor652809884;donor654638707;donor656643452;donor657974275;donor666839638;donor669165768;donor685001097;donor694412710;donor699502603,455,0.025744023408763916,0.16154204501337618,-0.0017667417606175295,0.18956000678127852,0.9870440601063541,1.116543813308067,-0.05361397017375699,0.5001514889196677,0.4953205343310585,0.2624182431773926
shared_RRR_selected,feat__reliability_ns,2,donor496001353;donor519772020;donor529204474;donor554431707;donor557841072;donor558792472;donor565865645;donor576372685;donor576746148;donor590563964;donor596265612;donor603221672;donor603750239;donor605676776;donor645146091;donor647086913;donor649502537;donor650072655;donor652809884;donor654638707;donor656643452;donor657974275;donor666839638;donor669165768;donor685001097;donor694412710;donor699502603,455,0.010820995934539335,0.14043574346493157,0.1578818836071801,0.15213620664372368,0.9945747855568533,0.775942141164533,0.021195170016534003,0.582128635734072,0.5734865913218812,0.2500733585715405
shared_RRR_selected,feat__reliability_nm1_a,2,donor496001353;donor519772020;donor529204474;donor554431707;donor557841072;donor558792472;donor565865645;donor576372685;donor576746148;donor590563964;donor596265612;donor603221672;donor603750239;donor605676776;donor645146091;donor647086913;donor649502537;donor650072655;donor652809884;donor654638707;donor656643452;donor657974275;donor666839638;donor669165768;donor685001097;donor694412710;donor699502603,455,-0.02607525527047594,0.09810368694866604,0.23022660490309962,0.13538048336796013,1.0129537280994014,0.7707570164838996,0.005797952121223196,0.6432652354570637,0.6100660348288699,0.2500521032238051
shared_RRR_selected,feat__reliability_dg,2,donor496001353;donor519772020;donor529204474;donor554431707;donor557841072;donor558792472;donor565865645;donor576372685;donor576746148;donor590563964;donor596265612;donor603221672;donor603750239;donor605676776;donor645146091;donor647086913;donor649502537;donor650072655;donor652809884;donor654638707;donor656643452;donor657974275;donor666839638;donor669165768;donor685001097;donor694412710;donor699502603,455,-0.08251853852574942,0.08146143840371001,-0.032315589579451034,0.11917536857109416,1.0404415113430208,0.4372277501509426,0.039132283302617005,0.4714118767313019,0.49082574822081954,0.25108879449347393
shared_RRR_selected,feat__reliability_nm3,2,donor496001353;donor519772020;donor529204474;donor554431707;donor557841072;donor558792472;donor565865645;donor576372685;donor576746148;donor590563964;donor596265612;donor603221672;donor603750239;donor605676776;donor645146091;donor647086913;donor649502537;donor650072655;donor652809884;donor654638707;donor656643452;donor657974275;donor666839638;donor669165768;donor685001097;donor694412710;donor699502603,455,-0.201736720891305,0.05971567095685903,0.10556078565873532,0.11315873485520192,1.0962375294119906,0.2665890531050263,0.06726462437407243,0.5535621537396123,0.5447823168053818,0.2508977632716915
shared_RRR_selected,feat__reliability_sg,2,donor496001353;donor519772020;donor529204474;donor554431707;donor557841072;donor558792472;donor565865645;donor576372685;donor576746148;donor590563964;donor596265612;donor603221672;donor603750239;donor605676776;donor645146091;donor647086913;donor649502537;donor650072655;donor652809884;donor654638707;donor656643452;donor657974275;donor666839638;donor669165768;donor685001097;donor694412710;donor699502603,455,-0.054977647128575224,0.02872487564645524,-0.00017143621781631142,0.11472668905030202,1.0271210479435104,0.1755068983462587,0.059442947665454486,0.5001082063711911,0.5132755527781395,0.25042991521880137
shared_RRR_selected,feat__time_to_peak_sg,2,donor496001353;donor519772020;donor529204474;donor554431707;donor557841072;donor558792472;donor565865645;donor576372685;donor576746148;donor590563964;donor596265612;donor603221672;donor603750239;donor605676776;donor645146091;donor647086913;donor649502537;donor650072655;donor652809884;donor654638707;donor656643452;donor657974275;donor666839638;donor669165768;donor685001097;donor694412710;donor699502603,455,-0.028701843253816195,0.05400128747164992,0.08840847756192036,0.07842763202384742,1.0142493989418069,0.28030064108439057,0.21000885242086054,0.5290119699736255,0.5479205996284389,0.2535649545540663
shared_RRR_selected,feat__time_to_peak_ns,2,donor496001353;donor519772020;donor529204474;donor554431707;donor557841072;donor558792472;donor565865645;donor576372685;donor576746148;donor590563964;donor596265612;donor603221672;donor603750239;donor605676776;donor645146091;donor647086913;donor649502537;donor650072655;donor652809884;donor654638707;donor656643452;donor657974275;donor666839638;donor669165768;donor685001097;donor694412710;donor699502603,455,0.11951788413121867,0.39497291198440354,0.4207567416200956,0.0631566636550801,0.9383400854001609,1.472431917960622,-0.12200615487861831,0.7545406772424212,0.7418966809814422,0.24368257370954033
shared_RRR_selected,feat__pref_sf_sg,2,donor496001353;donor519772020;donor529204474;donor554431707;donor557841072;donor558792472;donor565865645;donor576372685;donor576746148;donor590563964;donor596265612;donor603221672;donor603750239;donor605676776;donor645146091;donor647086913;donor649502537;donor650072655;donor652809884;donor654638707;donor656643452;donor657974275;donor666839638;donor669165768;donor685001097;donor694412710;donor699502603,455,-0.04828218826172748,0.025399018961712205,-0.13397774161808518,0.07548190932502484,1.0238565271861715,0.43305963814808524,0.04874842550680671,0.45460688682571393,0.440636039088662,0.25188289118447543
shared_RRR_selected,feat__sfdi_sg,2,donor496001353;donor519772020;donor529204474;donor554431707;donor557841072;donor558792472;donor565865645;donor576372685;donor576746148;donor590563964;donor596265612;donor603221672;donor603750239;donor605676776;donor645146091;donor647086913;donor649502537;donor650072655;donor652809884;donor654638707;donor656643452;donor657974275;donor666839638;donor669165768;donor685001097;donor694412710;donor699502603,455,-0.017885498433159785,0.08503316094272217,0.07617212236421554,0.07126511396393582,1.0089031164750955,0.6525413397812063,0.08959942620529246,0.5546225761772853,0.5365260560123991,0.2548747553809303
shared_RRR_selected,feat__tfdi_dg,2,donor496001353;donor519772020;donor529204474;donor554431707;donor557841072;donor558792472;donor565865645;donor576372685;donor576746148;donor590563964;donor596265612;donor603221672;donor603750239;donor605676776;donor645146091;donor647086913;donor649502537;donor650072655;donor652809884;donor654638707;donor656643452;donor657974275;donor666839638;donor669165768;donor685001097;donor694412710;donor699502603,455,0.029497260391366686,0.21374655486875024,0.2258621302528145,0.06641732159173223,0.9851409744846843,2.3142319583203514,-0.45812400099976863,0.6231604916897507,0.5837637461461118,0.25706371180204635
independent_Ridge,feat__peak_dff_sg,3,donor496001363;donor501279658;donor502206284;donor503292481;donor523504560;donor536228554;donor539031635;donor546734491;donor554032559;donor568753123;donor571153196;donor572569275;donor575188344;donor587049063;donor591626844;donor594667326;donor601590018;donor603221684;donor608013564;donor612135386;donor617884009;donor643270733;donor645355944;donor657193842;donor659055676;donor664877009;donor666491260,455,-0.006806126479478536,-0.012580557973264678,-0.04617789340502608,15.694268519271029,1.0033972924417718,-0.5930509971203083,16.201296091367315,0.4803064404432133,0.5091123726195409,0.49991520690528124
independent_Ridge,feat__peak_dff_ns,3,donor496001363;donor501279658;donor502206284;donor503292481;donor523504560;donor536228554;donor539031635;donor546734491;donor554032559;donor568753123;donor571153196;donor572569275;donor575188344;donor587049063;donor591626844;donor594667326;donor601590018;donor603221684;donor608013564;donor612135386;donor617884009;donor643270733;donor645355944;donor657193842;donor659055676;donor664877009;donor666491260,455,-0.016155917243732665,0.04413420795579803,0.052757551127957346,16.36424397659382,1.0080455928397944,0.3047932277127095,8.225787271521993,0.5267053324099723,0.5302796249639823,0.4999977969840468
independent_Ridge,feat__peak_dff_dg,3,donor496001363;donor501279658;donor502206284;donor503292481;donor523504560;donor536228554;donor539031635;donor546734491;donor554032559;donor568753123;donor571153196;donor572569275;donor575188344;donor587049063;donor591626844;donor594667326;donor601590018;donor603221684;donor608013564;donor612135386;donor617884009;donor643270733;donor645355944;donor657193842;donor659055676;donor664877009;donor666491260,455,-0.007445748591128787,0.07926513665148328,0.09455413387848523,38.354150844442394,1.0037159700787512,0.4113383580377649,11.601012117215085,0.5738183864265929,0.577369169752217,0.49999952798625563
independent_Ridge,feat__pref_tf_dg,3,donor496001363;donor501279658;donor502206284;donor503292481;donor523504560;donor536228554;donor539031635;donor546734491;donor554032559;donor568753123;donor571153196;donor572569275;donor575188344;donor587049063;donor591626844;donor594667326;donor601590018;donor603221684;donor608013564;donor612135386;donor617884009;donor643270733;donor645355944;donor657193842;donor659055676;donor664877009;donor666491260,455,-0.039054006404108055,0.012133880127182835,-0.09551082076102693,4.693145654013143,1.0193399856790217,0.36461543873440316,3.1122029271171563,0.428341384863124,0.5052916433145543,0.4412132152410716
independent_Ridge,feat__run_mod_dg,3,donor496001363;donor501279658;donor502206284;donor503292481;donor523504560;donor536228554;donor539031635;donor546734491;donor554032559;donor568753123;donor571153196;donor572569275;donor575188344;donor587049063;donor591626844;donor594667326;donor601590018;donor603221684;donor608013564;donor612135386;donor617884009;donor643270733;donor645355944;donor657193842;donor659055676;donor664877009;donor666491260,455,0.047114677424432316,0.27038040357263743,0.25569455300405347,0.6180716940662497,0.976158451572063,1.2437358803305616,-0.18402445876024945,0.6514456371191135,0.6332780503989277,0.24874495377428404
independent_Ridge,feat__run_mod_sg,3,donor496001363;donor501279658;donor502206284;donor503292481;donor523504560;donor536228554;donor539031635;donor546734491;donor554032559;donor568753123;donor571153196;donor572569275;donor575188344;donor587049063;donor591626844;donor594667326;donor601590018;donor603221684;donor608013564;donor612135386;donor617884009;donor643270733;donor645355944;donor657193842;donor659055676;donor664877009;donor666491260,455,0.025827877007877365,0.18108991260436905,0.10570031396213338,0.6065799178736352,0.9870015820616108,1.3591120339615992,-0.16063599996678682,0.5846390235457064,0.6038526841048392,0.252097616290415
independent_Ridge,feat__run_mod_ns,3,donor496001363;donor501279658;donor502206284;donor503292481;donor523504560;donor536228554;donor539031635;donor546734491;donor554032559;donor568753123;donor571153196;donor572569275;donor575188344;donor587049063;donor591626844;donor594667326;donor601590018;donor603221684;donor608013564;donor612135386;donor617884009;donor643270733;donor645355944;donor657193842;donor659055676;donor664877009;donor666491260,455,-0.0334771287241562,0.13025811690580877,0.1376353390597051,0.6295759550201091,1.0166007715539842,4.57610957370369,-1.2341705831518357,0.5882531163434903,0.5740303980241285,0.2552990448099405
independent_Ridge,feat__rf_chi2_lsn,3,donor496001363;donor501279658;donor502206284;donor503292481;donor523504560;donor536228554;donor539031635;donor546734491;donor554032559;donor568753123;donor571153196;donor572569275;donor575188344;donor587049063;donor591626844;donor594667326;donor601590018;donor603221684;donor608013564;donor612135386;donor617884009;donor643270733;donor645355944;donor657193842;donor659055676;donor664877009;donor666491260,455,-0.01609866608197641,0.11849410883691405,0.05555602168409807,0.43733782892922873,1.0080171953305044,0.6378836284838564,0.289080924548928,0.5220308171745153,0.5197063481822323,0.26902414993943574
independent_Ridge,feat__dsi_dg,3,donor496001363;donor501279658;donor502206284;donor503292481;donor523504560;donor536228554;donor539031635;donor546734491;donor554032559;donor568753123;donor571153196;donor572569275;donor575188344;donor587049063;donor591626844;donor594667326;donor601590018;donor603221684;donor608013564;donor612135386;donor617884009;donor643270733;donor645355944;donor657193842;donor659055676;donor664877009;donor666491260,455,-0.028419894085212727,0.15866351900925582,0.2455699852406565,0.42176175949092587,1.0141103954132473,4.412629100377894,-1.972985285594723,0.651965027700831,0.5924562348933374,0.27072530172615283
independent_Ridge,feat__osi_sg,3,donor496001363;donor501279658;donor502206284;donor503292481;donor523504560;donor536228554;donor539031635;donor546734491;donor554032559;donor568753123;donor571153196;donor572569275;donor575188344;donor587049063;donor591626844;donor594667326;donor601590018;donor603221684;donor608013564;donor612135386;donor617884009;donor643270733;donor645355944;donor657193842;donor659055676;donor664877009;donor666491260,455,-0.009749093784793939,-0.02593226215127802,0.024832261205484978,0.3515263799911771,1.0048627238507726,-0.3405334827136063,1.283009170195206,0.5273112880886427,0.5133462878462552,0.29938681868792294
independent_Ridge,feat__osi_dg,3,donor496001363;donor501279658;donor502206284;donor503292481;donor523504560;donor536228554;donor539031635;donor546734491;donor554032559;donor568753123;donor571153196;donor572569275;donor575188344;donor587049063;donor591626844;donor594667326;donor601590018;donor603221684;donor608013564;donor612135386;donor617884009;donor643270733;donor645355944;donor657193842;donor659055676;donor664877009;donor666491260,455,-0.08494188172084316,0.058008958869146796,0.11191856150238473,0.37161813888062006,1.0416054347596517,1.7776242011496524,-0.5602575766125868,0.5685162742382271,0.5354196497949698,0.29055042069264275
independent_Ridge,feat__g_dsi_dg,3,donor496001363;donor501279658;donor502206284;donor503292481;donor523504560;donor536228554;donor539031635;donor546734491;donor554032559;donor568753123;donor571153196;donor572569275;donor575188344;donor587049063;donor591626844;donor594667326;donor601590018;donor603221684;donor608013564;donor612135386;donor617884009;donor643270733;donor645355944;donor657193842;donor659055676;donor664877009;donor666491260,455,-0.053300017253492094,0.04606428716886648,0.18430624028576048,0.27886859379798934,1.0263040569214816,0.8087146263963169,0.14452237262218223,0.6085959141274239,0.5677040823730712,0.26056921946725053
independent_Ridge,feat__g_osi_dg,3,donor496001363;donor501279658;donor502206284;donor503292481;donor523504560;donor536228554;donor539031635;donor546734491;donor554032559;donor568753123;donor571153196;donor572569275;donor575188344;donor587049063;donor591626844;donor594667326;donor601590018;donor603221684;donor608013564;donor612135386;donor617884009;donor643270733;donor645355944;donor657193842;donor659055676;donor664877009;donor666491260,455,-0.05978720812380334,0.06511791075129658,0.08839430626426317,0.26616906891614556,1.0294596680413484,1.454204790574707,-0.18964205873743037,0.5615477839335181,0.5314228402684839,0.2685614049830707
independent_Ridge,feat__g_osi_sg,3,donor496001363;donor501279658;donor502206284;donor503292481;donor523504560;donor536228554;donor539031635;donor546734491;donor554032559;donor568753123;donor571153196;donor572569275;donor575188344;donor587049063;donor591626844;donor594667326;donor601590018;donor603221684;donor608013564;donor612135386;donor617884009;donor643270733;donor645355944;donor657193842;donor659055676;donor664877009;donor666491260,455,0.017525019311525725,0.13573711191729734,0.1546004049997871,0.22602360294925475,0.9911987594264201,0.8713183887705441,0.08009812171144268,0.6146121883656509,0.5967810416040386,0.27412043855382745
independent_Ridge,feat__image_sel_ns,3,donor496001363;donor501279658;donor502206284;donor503292481;donor523504560;donor536228554;donor539031635;donor546734491;donor554032559;donor568753123;donor571153196;donor572569275;donor575188344;donor587049063;donor591626844;donor594667326;donor601590018;donor603221684;donor608013564;donor612135386;donor617884009;donor643270733;donor645355944;donor657193842;donor659055676;donor664877009;donor666491260,455,-0.021844885813914416,0.1859060875061479,-0.002590727521783289,0.22094422006850392,1.010863435788393,1.0228200110005936,-0.06313121661952588,0.5079639889196677,0.5315405368537394,0.2626918345261311
independent_Ridge,feat__reliability_ns,3,donor496001363;donor501279658;donor502206284;donor503292481;donor523504560;donor536228554;donor539031635;donor546734491;donor554032559;donor568753123;donor571153196;donor572569275;donor575188344;donor587049063;donor591626844;donor594667326;donor601590018;donor603221684;donor608013564;donor612135386;donor617884009;donor643270733;donor645355944;donor657193842;donor659055676;donor664877009;donor666491260,455,-0.027248867387158482,0.15669200497439226,0.17620233927398812,0.15204378453531311,1.0135328644830215,0.6846800732880103,0.017865319789193493,0.6088772506925207,0.5719362098229659,0.2503283439287376
independent_Ridge,feat__reliability_nm1_a,3,donor496001363;donor501279658;donor502206284;donor503292481;donor523504560;donor536228554;donor539031635;donor546734491;donor554032559;donor568753123;donor571153196;donor572569275;donor575188344;donor587049063;donor591626844;donor594667326;donor601590018;donor603221684;donor608013564;donor612135386;donor617884009;donor643270733;donor645355944;donor657193842;donor659055676;donor664877009;donor666491260,455,0.002968441594154325,0.11969708152862918,0.12786418477890255,0.17101402923512937,0.9985146761093929,0.6576253540955594,0.03128814838144721,0.5737534626038782,0.5604828197976287,0.25009343188340455
independent_Ridge,feat__reliability_dg,3,donor496001363;donor501279658;donor502206284;donor503292481;donor523504560;donor536228554;donor539031635;donor546734491;donor554032559;donor568753123;donor571153196;donor572569275;donor575188344;donor587049063;donor591626844;donor594667326;donor601590018;donor603221684;donor608013564;donor612135386;donor617884009;donor643270733;donor645355944;donor657193842;donor659055676;donor664877009;donor666491260,455,-0.038858604788840845,0.2282542528184391,0.16689526467272653,0.17970539877564917,1.0192441340468146,0.43901873268095376,0.06106266063890048,0.6100675207756232,0.6175016928997418,0.24633435897470787
independent_Ridge,feat__reliability_nm3,3,donor496001363;donor501279658;donor502206284;donor503292481;donor523504560;donor536228554;donor539031635;donor546734491;donor554032559;donor568753123;donor571153196;donor572569275;donor575188344;donor587049063;donor591626844;donor594667326;donor601590018;donor603221684;donor608013564;donor612135386;donor617884009;donor643270733;donor645355944;donor657193842;donor659055676;donor664877009;donor666491260,455,-0.0015012136647467589,0.03282784722960913,0.06768528935968754,0.14832746690815,1.0007503253383168,0.8870388650531351,0.008278317594567217,0.539452042936288,0.5270927868735249,0.25120326820085775
independent_Ridge,feat__reliability_sg,3,donor496001363;donor501279658;donor502206284;donor503292481;donor523504560;donor536228554;donor539031635;donor546734491;donor554032559;donor568753123;donor571153196;donor572569275;donor575188344;donor587049063;donor591626844;donor594667326;donor601590018;donor603221684;donor608013564;donor612135386;donor617884009;donor643270733;donor645355944;donor657193842;donor659055676;donor664877009;donor666491260,455,-0.023131254882270857,0.015524914806695864,0.11699673713128711,0.1453667929758255,1.0114995080978888,0.09955703990952876,0.09283722177731217,0.5780167936288089,0.5628114183779976,0.25026556134543154
independent_Ridge,feat__time_to_peak_sg,3,donor496001363;donor501279658;donor502206284;donor503292481;donor523504560;donor536228554;donor539031635;donor546734491;donor554032559;donor568753123;donor571153196;donor572569275;donor575188344;donor587049063;donor591626844;donor594667326;donor601590018;donor603221684;donor608013564;donor612135386;donor617884009;donor643270733;donor645355944;donor657193842;donor659055676;donor664877009;donor666491260,455,-0.003749722380615106,0.16912296579857675,0.1166679259073985,0.10238220707014145,1.0018731069255304,1.3111291449350202,-0.10667039216301209,0.6059907834101381,0.5974467320346408,0.2540131644207357
independent_Ridge,feat__time_to_peak_ns,3,donor496001363;donor501279658;donor502206284;donor503292481;donor523504560;donor536228554;donor539031635;donor546734491;donor554032559;donor568753123;donor571153196;donor572569275;donor575188344;donor587049063;donor591626844;donor594667326;donor601590018;donor603221684;donor608013564;donor612135386;donor617884009;donor643270733;donor645355944;donor657193842;donor659055676;donor664877009;donor666491260,455,0.01626610673534823,0.2607992716707882,0.23515535078735955,0.09277481440641931,0.9918336016009196,1.138794496853311,-0.06053097591155709,0.6395833333333333,0.6100099675964241,0.2538678125852418
independent_Ridge,feat__pref_sf_sg,3,donor496001363;donor501279658;donor502206284;donor503292481;donor523504560;donor536228554;donor539031635;donor546734491;donor554032559;donor568753123;donor571153196;donor572569275;donor575188344;donor587049063;donor591626844;donor594667326;donor601590018;donor603221684;donor608013564;donor612135386;donor617884009;donor643270733;donor645355944;donor657193842;donor659055676;donor664877009;donor666491260,455,-0.009336421946983142,0.21724554461817644,0.20594579449481673,0.06207715428185983,1.0046573654470379,9.594911955340633,-0.559659668995714,0.5917221957797875,0.6653422355268204,0.24761994097779788
independent_Ridge,feat__sfdi_sg,3,donor496001363;donor501279658;donor502206284;donor503292481;donor523504560;donor536228554;donor539031635;donor546734491;donor554032559;donor568753123;donor571153196;donor572569275;donor575188344;donor587049063;donor591626844;donor594667326;donor601590018;donor603221684;donor608013564;donor612135386;donor617884009;donor643270733;donor645355944;donor657193842;donor659055676;donor664877009;donor666491260,455,-0.01972305705584798,0.01883012527386198,-0.07924160528162161,0.07631845774983644,1.0098133773405105,0.14907168690768985,0.25039404777217084,0.44611322714681445,0.4762425288575164,0.25510617437552574
independent_Ridge,feat__tfdi_dg,3,donor496001363;donor501279658;donor502206284;donor503292481;donor523504560;donor536228554;donor539031635;donor546734491;donor554032559;donor568753123;donor571153196;donor572569275;donor575188344;donor587049063;donor591626844;donor594667326;donor601590018;donor603221684;donor608013564;donor612135386;donor617884009;donor643270733;donor645355944;donor657193842;donor659055676;donor664877009;donor666491260,455,-0.018138107113074176,0.19333995318556255,0.14832563946983218,0.06752772065758768,1.0090282984699062,0.782423517119161,0.0609811112200459,0.5969961911357341,0.5744651895359282,0.25677378538492196
shared_fullrank,feat__peak_dff_sg,3,donor496001363;donor501279658;donor502206284;donor503292481;donor523504560;donor536228554;donor539031635;donor546734491;donor554032559;donor568753123;donor571153196;donor572569275;donor575188344;donor587049063;donor591626844;donor594667326;donor601590018;donor603221684;donor608013564;donor612135386;donor617884009;donor643270733;donor645355944;donor657193842;donor659055676;donor664877009;donor666491260,455,-0.016301998219356406,-0.014295855032810988,-0.04617789340502608,15.768106471730672,1.0081180477599618,-0.16659422689013442,12.172729646284138,0.4803064404432133,0.5091123726195409,0.49985707149016545
shared_fullrank,feat__peak_dff_ns,3,donor496001363;donor501279658;donor502206284;donor503292481;donor523504560;donor536228554;donor539031635;donor546734491;donor554032559;donor568753123;donor571153196;donor572569275;donor575188344;donor587049063;donor591626844;donor594667326;donor601590018;donor603221684;donor608013564;donor612135386;donor617884009;donor643270733;donor645355944;donor657193842;donor659055676;donor664877009;donor666491260,455,-0.016155917243732665,0.044134207955798054,0.052757551127957346,16.36424397659382,1.0080455928397944,0.30479322771271056,8.225787271521979,0.5267053324099723,0.5302796249639823,0.4999977969840468
shared_fullrank,feat__peak_dff_dg,3,donor496001363;donor501279658;donor502206284;donor503292481;donor523504560;donor536228554;donor539031635;donor546734491;donor554032559;donor568753123;donor571153196;donor572569275;donor575188344;donor587049063;donor591626844;donor594667326;donor601590018;donor603221684;donor608013564;donor612135386;donor617884009;donor643270733;donor645355944;donor657193842;donor659055676;donor664877009;donor666491260,455,-0.007445748591128787,0.0792651366514833,0.09455413387848523,38.354150844442394,1.0037159700787512,0.41133835803776525,11.601012117215086,0.5738183864265929,0.577369169752217,0.49999952798625563
shared_fullrank,feat__pref_tf_dg,3,donor496001363;donor501279658;donor502206284;donor503292481;donor523504560;donor536228554;donor539031635;donor546734491;donor554032559;donor568753123;donor571153196;donor572569275;donor575188344;donor587049063;donor591626844;donor594667326;donor601590018;donor603221684;donor608013564;donor612135386;donor617884009;donor643270733;donor645355944;donor657193842;donor659055676;donor664877009;donor666491260,455,-0.04380100392226449,0.022638564101709356,-0.06991769259904518,4.703853934577424,1.021665798547776,0.17411553533985064,3.7608861742230295,0.4435050993022007,0.5095796996742219,0.4413739023475755
shared_fullrank,feat__run_mod_dg,3,donor496001363;donor501279658;donor502206284;donor503292481;donor523504560;donor536228554;donor539031635;donor546734491;donor554032559;donor568753123;donor571153196;donor572569275;donor575188344;donor587049063;donor591626844;donor594667326;donor601590018;donor603221684;donor608013564;donor612135386;donor617884009;donor643270733;donor645355944;donor657193842;donor659055676;donor664877009;donor666491260,455,0.03586709470218519,0.26978793979507637,0.25813829033528124,0.6217087625747079,0.9819026964510357,1.7368146539332237,-0.3635559717054108,0.6535664819944598,0.6414720997113981,0.2512364968643272
shared_fullrank,feat__run_mod_sg,3,donor496001363;donor501279658;donor502206284;donor503292481;donor523504560;donor536228554;donor539031635;donor546734491;donor554032559;donor568753123;donor571153196;donor572569275;donor575188344;donor587049063;donor591626844;donor594667326;donor601590018;donor603221684;donor608013564;donor612135386;donor617884009;donor643270733;donor645355944;donor657193842;donor659055676;donor664877009;donor666491260,455,0.025827877007877365,0.18108991260436902,0.10570031396213338,0.6065799178736352,0.9870015820616108,1.3591120339615983,-0.1606359999667865,0.5846390235457064,0.6038526841048392,0.252097616290415
shared_fullrank,feat__run_mod_ns,3,donor496001363;donor501279658;donor502206284;donor503292481;donor523504560;donor536228554;donor539031635;donor546734491;donor554032559;donor568753123;donor571153196;donor572569275;donor575188344;donor587049063;donor591626844;donor594667326;donor601590018;donor603221684;donor608013564;donor612135386;donor617884009;donor643270733;donor645355944;donor657193842;donor659055676;donor664877009;donor666491260,455,-0.021299007371969658,0.12570737438395369,0.1376353390597051,0.6258556148816203,1.010593393691038,1.123784921421509,-0.15678663012783625,0.5882531163434903,0.5740303980241285,0.2535470541182233
shared_fullrank,feat__rf_chi2_lsn,3,donor496001363;donor501279658;donor502206284;donor503292481;donor523504560;donor536228554;donor539031635;donor546734491;donor554032559;donor568753123;donor571153196;donor572569275;donor575188344;donor587049063;donor591626844;donor594667326;donor601590018;donor603221684;donor608013564;donor612135386;donor617884009;donor643270733;donor645355944;donor657193842;donor659055676;donor664877009;donor666491260,455,-0.016098666081976187,0.11849410883691404,0.05555602168409807,0.43733782892922873,1.0080171953305044,0.6378836284838577,0.2890809245489269,0.5220308171745153,0.5197063481822323,0.26902414993943574
shared_fullrank,feat__dsi_dg,3,donor496001363;donor501279658;donor502206284;donor503292481;donor523504560;donor536228554;donor539031635;donor546734491;donor554032559;donor568753123;donor571153196;donor572569275;donor575188344;donor587049063;donor591626844;donor594667326;donor601590018;donor603221684;donor608013564;donor612135386;donor617884009;donor643270733;donor645355944;donor657193842;donor659055676;donor664877009;donor666491260,455,-0.011877112842035631,0.14726427072312223,0.2455699852406565,0.4183558557670899,1.0059210271398227,1.0116665391921833,0.06910259711853982,0.651965027700831,0.5924562348933374,0.2694141159215371
shared_fullrank,feat__osi_sg,3,donor496001363;donor501279658;donor502206284;donor503292481;donor523504560;donor536228554;donor539031635;donor546734491;donor554032559;donor568753123;donor571153196;donor572569275;donor575188344;donor587049063;donor591626844;donor594667326;donor601590018;donor603221684;donor608013564;donor612135386;donor617884009;donor643270733;donor645355944;donor657193842;donor659055676;donor664877009;donor666491260,455,-0.009749093784793939,-0.02593226215127799,0.024832261205484978,0.3515263799911771,1.0048627238507726,-0.3405334827136056,1.2830091701952056,0.5273112880886427,0.5133462878462552,0.29938681868792294
shared_fullrank,feat__osi_dg,3,donor496001363;donor501279658;donor502206284;donor503292481;donor523504560;donor536228554;donor539031635;donor546734491;donor554032559;donor568753123;donor571153196;donor572569275;donor575188344;donor587049063;donor591626844;donor594667326;donor601590018;donor603221684;donor608013564;donor612135386;donor617884009;donor643270733;donor645355944;donor657193842;donor659055676;donor664877009;donor666491260,455,-0.08329178632913004,0.055883316397231625,0.11191856150238473,0.3713354330862835,1.0408130410064673,0.4149900352098888,0.6046810022409653,0.5685162742382271,0.5354196497949698,0.29033380180578144
shared_fullrank,feat__g_dsi_dg,3,donor496001363;donor501279658;donor502206284;donor503292481;donor523504560;donor536228554;donor539031635;donor546734491;donor554032559;donor568753123;donor571153196;donor572569275;donor575188344;donor587049063;donor591626844;donor594667326;donor601590018;donor603221684;donor608013564;donor612135386;donor617884009;donor643270733;donor645355944;donor657193842;donor659055676;donor664877009;donor666491260,455,-0.08237516339410544,0.03844410728752682,0.18430624028576048,0.2826913176959513,1.0403726079602948,0.1629796663525237,0.41565225138694883,0.6085959141274239,0.5677040823730712,0.26043074355629336
shared_fullrank,feat__g_osi_dg,3,donor496001363;donor501279658;donor502206284;donor503292481;donor523504560;donor536228554;donor539031635;donor546734491;donor554032559;donor568753123;donor571153196;donor572569275;donor575188344;donor587049063;donor591626844;donor594667326;donor601590018;donor603221684;donor608013564;donor612135386;donor617884009;donor643270733;donor645355944;donor657193842;donor659055676;donor664877009;donor666491260,455,-0.06450843672302042,0.06214205544898884,0.08839430626426317,0.2667612861875619,1.0317501813535195,0.334617706268456,0.4366719469079109,0.5615477839335181,0.5314228402684839,0.2686354574275052
shared_fullrank,feat__g_osi_sg,3,donor496001363;donor501279658;donor502206284;donor503292481;donor523504560;donor536228554;donor539031635;donor546734491;donor554032559;donor568753123;donor571153196;donor572569275;donor575188344;donor587049063;donor591626844;donor594667326;donor601590018;donor603221684;donor608013564;donor612135386;donor617884009;donor643270733;donor645355944;donor657193842;donor659055676;donor664877009;donor666491260,455,0.017525019311525725,0.1357371119172973,0.1546004049997871,0.22602360294925475,0.9911987594264201,0.8713183887705438,0.08009812171144301,0.6146121883656509,0.5967810416040386,0.27412043855382745
shared_fullrank,feat__image_sel_ns,3,donor496001363;donor501279658;donor502206284;donor503292481;donor523504560;donor536228554;donor539031635;donor546734491;donor554032559;donor568753123;donor571153196;donor572569275;donor575188344;donor587049063;donor591626844;donor594667326;donor601590018;donor603221684;donor608013564;donor612135386;donor617884009;donor643270733;donor645355944;donor657193842;donor659055676;donor664877009;donor666491260,455,-0.021844885813914416,0.1859060875061478,-0.002590727521783289,0.22094422006850392,1.010863435788393,1.0228200110005932,-0.0631312166195253,0.5079639889196677,0.5315405368537394,0.2626918345261311
shared_fullrank,feat__reliability_ns,3,donor496001363;donor501279658;donor502206284;donor503292481;donor523504560;donor536228554;donor539031635;donor546734491;donor554032559;donor568753123;donor571153196;donor572569275;donor575188344;donor587049063;donor591626844;donor594667326;donor601590018;donor603221684;donor608013564;donor612135386;donor617884009;donor643270733;donor645355944;donor657193842;donor659055676;donor664877009;donor666491260,455,-0.02724886738715826,0.15669200497439226,0.17620233927398812,0.1520437845353131,1.0135328644830213,0.6846800732880097,0.01786531978919357,0.6088772506925207,0.5719362098229659,0.2503283439287376
shared_fullrank,feat__reliability_nm1_a,3,donor496001363;donor501279658;donor502206284;donor503292481;donor523504560;donor536228554;donor539031635;donor546734491;donor554032559;donor568753123;donor571153196;donor572569275;donor575188344;donor587049063;donor591626844;donor594667326;donor601590018;donor603221684;donor608013564;donor612135386;donor617884009;donor643270733;donor645355944;donor657193842;donor659055676;donor664877009;donor666491260,455,0.002968441594154325,0.11969708152862919,0.12786418477890255,0.17101402923512937,0.9985146761093929,0.6576253540955589,0.031288148381447306,0.5737534626038782,0.5604828197976287,0.25009343188340455
shared_fullrank,feat__reliability_dg,3,donor496001363;donor501279658;donor502206284;donor503292481;donor523504560;donor536228554;donor539031635;donor546734491;donor554032559;donor568753123;donor571153196;donor572569275;donor575188344;donor587049063;donor591626844;donor594667326;donor601590018;donor603221684;donor608013564;donor612135386;donor617884009;donor643270733;donor645355944;donor657193842;donor659055676;donor664877009;donor666491260,455,0.03256680192039607,0.22954343108204245,0.16689526467272653,0.17341769005017704,0.9835818207346068,0.6419833857925482,0.03584207885966146,0.6100675207756232,0.6175016928997418,0.24763622438546615
shared_fullrank,feat__reliability_nm3,3,donor496001363;donor501279658;donor502206284;donor503292481;donor523504560;donor536228554;donor539031635;donor546734491;donor554032559;donor568753123;donor571153196;donor572569275;donor575188344;donor587049063;donor591626844;donor594667326;donor601590018;donor603221684;donor608013564;donor612135386;donor617884009;donor643270733;donor645355944;donor657193842;donor659055676;donor664877009;donor666491260,455,-0.018996541914321874,0.02268038041535044,0.06768528935968754,0.14961743159527566,1.0094535858147822,0.15247275114622652,0.11067472643966603,0.539452042936288,0.5270927868735249,0.2513048487258758
shared_fullrank,feat__reliability_sg,3,donor496001363;donor501279658;donor502206284;donor503292481;donor523504560;donor536228554;donor539031635;donor546734491;donor554032559;donor568753123;donor571153196;donor572569275;donor575188344;donor587049063;donor591626844;donor594667326;donor601590018;donor603221684;donor608013564;donor612135386;donor617884009;donor643270733;donor645355944;donor657193842;donor659055676;donor664877009;donor666491260,455,-0.023131254882270857,0.015524914806695832,0.11699673713128711,0.1453667929758255,1.0114995080978888,0.09955703990952851,0.09283722177731221,0.5780167936288089,0.5628114183779976,0.25026556134543154
shared_fullrank,feat__time_to_peak_sg,3,donor496001363;donor501279658;donor502206284;donor503292481;donor523504560;donor536228554;donor539031635;donor546734491;donor554032559;donor568753123;donor571153196;donor572569275;donor575188344;donor587049063;donor591626844;donor594667326;donor601590018;donor603221684;donor608013564;donor612135386;donor617884009;donor643270733;donor645355944;donor657193842;donor659055676;donor664877009;donor666491260,455,-0.003749722380615328,0.1691229657985768,0.1166679259073985,0.10238220707014145,1.0018731069255304,1.3111291449350213,-0.10667039216301247,0.6059907834101381,0.5974467320346408,0.2540131644207357
shared_fullrank,feat__time_to_peak_ns,3,donor496001363;donor501279658;donor502206284;donor503292481;donor523504560;donor536228554;donor539031635;donor546734491;donor554032559;donor568753123;donor571153196;donor572569275;donor575188344;donor587049063;donor591626844;donor594667326;donor601590018;donor603221684;donor608013564;donor612135386;donor617884009;donor643270733;donor645355944;donor657193842;donor659055676;donor664877009;donor666491260,455,0.0099850417299846,0.2619340151144261,0.23515535078735955,0.09307052315391515,0.9949949538917349,1.5896871827947563,-0.18820748444333255,0.6395833333333333,0.6100099675964241,0.2542395813505333
shared_fullrank,feat__pref_sf_sg,3,donor496001363;donor501279658;donor502206284;donor503292481;donor523504560;donor536228554;donor539031635;donor546734491;donor554032559;donor568753123;donor571153196;donor572569275;donor575188344;donor587049063;donor591626844;donor594667326;donor601590018;donor603221684;donor608013564;donor612135386;donor617884009;donor643270733;donor645355944;donor657193842;donor659055676;donor664877009;donor666491260,455,0.011811410569199876,0.21841989128943565,0.20594579449481673,0.061423384769655705,0.9940767522836454,2.4129441053159324,-0.09953000306540588,0.5917221957797875,0.6653422355268204,0.24742047004120638
shared_fullrank,feat__sfdi_sg,3,donor496001363;donor501279658;donor502206284;donor503292481;donor523504560;donor536228554;donor539031635;donor546734491;donor554032559;donor568753123;donor571153196;donor572569275;donor575188344;donor587049063;donor591626844;donor594667326;donor601590018;donor603221684;donor608013564;donor612135386;donor617884009;donor643270733;donor645355944;donor657193842;donor659055676;donor664877009;donor666491260,455,-0.01972305705584798,0.018830125273862023,-0.07924160528162161,0.07631845774983642,1.0098133773405102,0.1490716869076903,0.2503940477721707,0.44611322714681445,0.4762425288575164,0.25510617437552574
shared_fullrank,feat__tfdi_dg,3,donor496001363;donor501279658;donor502206284;donor503292481;donor523504560;donor536228554;donor539031635;donor546734491;donor554032559;donor568753123;donor571153196;donor572569275;donor575188344;donor587049063;donor591626844;donor594667326;donor601590018;donor603221684;donor608013564;donor612135386;donor617884009;donor643270733;donor645355944;donor657193842;donor659055676;donor664877009;donor666491260,455,-0.018138107113074176,0.19333995318556257,0.14832563946983218,0.06752772065758768,1.0090282984699062,0.7824235171191611,0.06098111122004586,0.5969961911357341,0.5744651895359282,0.25677378538492196
shared_RRR_selected,feat__peak_dff_sg,3,donor496001363;donor501279658;donor502206284;donor503292481;donor523504560;donor536228554;donor539031635;donor546734491;donor554032559;donor568753123;donor571153196;donor572569275;donor575188344;donor587049063;donor591626844;donor594667326;donor601590018;donor603221684;donor608013564;donor612135386;donor617884009;donor643270733;donor645355944;donor657193842;donor659055676;donor664877009;donor666491260,455,-0.014437375831541255,-0.020222824368687872,0.0036826828987593404,15.753634856681662,1.007192819588951,-0.2591824371577919,13.073167994542109,0.517529432132964,0.5121655859072157,0.49988838659628937
shared_RRR_selected,feat__peak_dff_ns,3,donor496001363;donor501279658;donor502206284;donor503292481;donor523504560;donor536228554;donor539031635;donor546734491;donor554032559;donor568753123;donor571153196;donor572569275;donor575188344;donor587049063;donor591626844;donor594667326;donor601590018;donor603221684;donor608013564;donor612135386;donor617884009;donor643270733;donor645355944;donor657193842;donor659055676;donor664877009;donor666491260,455,-0.013773460754841205,0.039033245121356155,0.10758934166398974,16.345049098384116,1.0068631787660332,0.3003931788383654,8.313416175362667,0.5748138850415513,0.5522157749500687,0.49999762506781104
shared_RRR_selected,feat__peak_dff_dg,3,donor496001363;donor501279658;donor502206284;donor503292481;donor523504560;donor536228554;donor539031635;donor546734491;donor554032559;donor568753123;donor571153196;donor572569275;donor575188344;donor587049063;donor591626844;donor594667326;donor601590018;donor603221684;donor608013564;donor612135386;donor617884009;donor643270733;donor645355944;donor657193842;donor659055676;donor664877009;donor666491260,455,-0.015614760751430756,0.06728640560628366,0.10814838848662785,38.50933684164504,1.0077771384346,0.3259975933555943,13.104700217255939,0.5778869459833794,0.5812326144818025,0.4999996722105534
shared_RRR_selected,feat__pref_tf_dg,3,donor496001363;donor501279658;donor502206284;donor503292481;donor523504560;donor536228554;donor539031635;donor546734491;donor554032559;donor568753123;donor571153196;donor572569275;donor575188344;donor587049063;donor591626844;donor594667326;donor601590018;donor603221684;donor608013564;donor612135386;donor617884009;donor643270733;donor645355944;donor657193842;donor659055676;donor664877009;donor666491260,455,-0.04675695208968689,0.023675849431291942,-0.00939619132380838,4.710509666044166,1.023111407467284,0.24188074829384043,3.5467774210479805,0.4890968867418143,0.5602070325775333,0.4394011167047984
shared_RRR_selected,feat__run_mod_dg,3,donor496001363;donor501279658;donor502206284;donor503292481;donor523504560;donor536228554;donor539031635;donor546734491;donor554032559;donor568753123;donor571153196;donor572569275;donor575188344;donor587049063;donor591626844;donor594667326;donor601590018;donor603221684;donor608013564;donor612135386;donor617884009;donor643270733;donor645355944;donor657193842;donor659055676;donor664877009;donor666491260,455,0.02516843387506995,0.24207557216143694,0.25426559613055255,0.6251486932051733,0.9873355894147289,1.3428950066655745,-0.2365219379093227,0.6506016274238227,0.610949428347886,0.2517787978858413
shared_RRR_selected,feat__run_mod_sg,3,donor496001363;donor501279658;donor502206284;donor503292481;donor523504560;donor536228554;donor539031635;donor546734491;donor554032559;donor568753123;donor571153196;donor572569275;donor575188344;donor587049063;donor591626844;donor594667326;donor601590018;donor603221684;donor608013564;donor612135386;donor617884009;donor643270733;donor645355944;donor657193842;donor659055676;donor664877009;donor666491260,455,0.02537472678286068,0.18308372680696222,0.1122548972864913,0.6067209811734727,0.9872311143886924,1.4411891491101294,-0.18982973831696365,0.5869762811634349,0.6186982570890236,0.2522309481250856
shared_RRR_selected,feat__run_mod_ns,3,donor496001363;donor501279658;donor502206284;donor503292481;donor523504560;donor536228554;donor539031635;donor546734491;donor554032559;donor568753123;donor571153196;donor572569275;donor575188344;donor587049063;donor591626844;donor594667326;donor601590018;donor603221684;donor608013564;donor612135386;donor617884009;donor643270733;donor645355944;donor657193842;donor659055676;donor664877009;donor666491260,455,-0.020445770534797347,0.10642656569494086,0.09111146701545944,0.6255941269919955,1.010171159029398,1.0221941500177325,-0.11696695487074558,0.5681700138504155,0.5469387064268072,0.25351913471867693
shared_RRR_selected,feat__rf_chi2_lsn,3,donor496001363;donor501279658;donor502206284;donor503292481;donor523504560;donor536228554;donor539031635;donor546734491;donor554032559;donor568753123;donor571153196;donor572569275;donor575188344;donor587049063;donor591626844;donor594667326;donor601590018;donor603221684;donor608013564;donor612135386;donor617884009;donor643270733;donor645355944;donor657193842;donor659055676;donor664877009;donor666491260,455,-0.025944493127450396,0.09134984262435138,0.04052419894873875,0.4394515861900128,1.0128891810694052,0.49980671071617605,0.37304624254373586,0.508093836565097,0.5095840644372269,0.26963375304674114
shared_RRR_selected,feat__dsi_dg,3,donor496001363;donor501279658;donor502206284;donor503292481;donor523504560;donor536228554;donor539031635;donor546734491;donor554032559;donor568753123;donor571153196;donor572569275;donor575188344;donor587049063;donor591626844;donor594667326;donor601590018;donor603221684;donor608013564;donor612135386;donor617884009;donor643270733;donor645355944;donor657193842;donor659055676;donor664877009;donor666491260,455,-0.005060680213246016,0.18963636620772353,0.24321651574429276,0.41694436356647024,1.0025271468709693,1.5569368355129096,-0.2572085918402333,0.6505367036011079,0.5996038002335836,0.2690564045188534
shared_RRR_selected,feat__osi_sg,3,donor496001363;donor501279658;donor502206284;donor503292481;donor523504560;donor536228554;donor539031635;donor546734491;donor554032559;donor568753123;donor571153196;donor572569275;donor575188344;donor587049063;donor591626844;donor594667326;donor601590018;donor603221684;donor608013564;donor612135386;donor617884009;donor643270733;donor645355944;donor657193842;donor659055676;donor664877009;donor666491260,455,0.002356129458690681,0.05865323487040542,0.053318539969552,0.3494129164206668,0.998821240533715,0.6454622747111447,0.33777006094395695,0.5546658587257618,0.5512744783762866,0.2988994846216572
shared_RRR_selected,feat__osi_dg,3,donor496001363;donor501279658;donor502206284;donor503292481;donor523504560;donor536228554;donor539031635;donor546734491;donor554032559;donor568753123;donor571153196;donor572569275;donor575188344;donor587049063;donor591626844;donor594667326;donor601590018;donor603221684;donor608013564;donor612135386;donor617884009;donor643270733;donor645355944;donor657193842;donor659055676;donor664877009;donor666491260,455,-0.07599831520546574,0.09681000434255341,0.06239825076753382,0.37008327818107445,1.0373033862884407,0.8592703063206555,0.22481575989406868,0.5389975761772854,0.5300768187875209,0.2897763410821188
shared_RRR_selected,feat__g_dsi_dg,3,donor496001363;donor501279658;donor502206284;donor503292481;donor523504560;donor536228554;donor539031635;donor546734491;donor554032559;donor568753123;donor571153196;donor572569275;donor575188344;donor587049063;donor591626844;donor594667326;donor601590018;donor603221684;donor608013564;donor612135386;donor617884009;donor643270733;donor645355944;donor657193842;donor659055676;donor664877009;donor666491260,455,-0.05364944259732285,0.07245643940510577,0.1251386375087834,0.27891484637201136,1.0264742776111455,0.41657941880945726,0.30813415197053307,0.5737534626038782,0.5458055861324697,0.260084552977402
shared_RRR_selected,feat__g_osi_dg,3,donor496001363;donor501279658;donor502206284;donor503292481;donor523504560;donor536228554;donor539031635;donor546734491;donor554032559;donor568753123;donor571153196;donor572569275;donor575188344;donor587049063;donor591626844;donor594667326;donor601590018;donor603221684;donor608013564;donor612135386;donor617884009;donor643270733;donor645355944;donor657193842;donor659055676;donor664877009;donor666491260,455,-0.051060397344845354,0.09088777486247934,0.08839430626426317,0.2650709198460124,1.025212366948841,0.7300170390472445,0.21462425083707432,0.5615477839335181,0.5314228402684839,0.2682801620563573
shared_RRR_selected,feat__g_osi_sg,3,donor496001363;donor501279658;donor502206284;donor503292481;donor523504560;donor536228554;donor539031635;donor546734491;donor554032559;donor568753123;donor571153196;donor572569275;donor575188344;donor587049063;donor591626844;donor594667326;donor601590018;donor603221684;donor608013564;donor612135386;donor617884009;donor643270733;donor645355944;donor657193842;donor659055676;donor664877009;donor666491260,455,0.02092105459199023,0.1503976618544306,0.15155445414887467,0.2256326267900442,0.9894841814844793,1.3275086724095688,-0.22056864591801845,0.6120152354570637,0.584377782916633,0.274369278858724
shared_RRR_selected,feat__image_sel_ns,3,donor496001363;donor501279658;donor502206284;donor503292481;donor523504560;donor536228554;donor539031635;donor546734491;donor554032559;donor568753123;donor571153196;donor572569275;donor575188344;donor587049063;donor591626844;donor594667326;donor601590018;donor603221684;donor608013564;donor612135386;donor617884009;donor643270733;donor645355944;donor657193842;donor659055676;donor664877009;donor666491260,455,-0.020721672776103706,0.18498874272742652,-0.002590727521783289,0.22082275561433812,1.0103077119254826,0.9683231694043878,-0.035649974031346204,0.5079639889196677,0.5315405368537394,0.2625509823412029
shared_RRR_selected,feat__reliability_ns,3,donor496001363;donor501279658;donor502206284;donor503292481;donor523504560;donor536228554;donor539031635;donor546734491;donor554032559;donor568753123;donor571153196;donor572569275;donor575188344;donor587049063;donor591626844;donor594667326;donor601590018;donor603221684;donor608013564;donor612135386;donor617884009;donor643270733;donor645355944;donor657193842;donor659055676;donor664877009;donor666491260,455,-0.024734967939531005,0.1439779668838736,0.16155167208693694,0.15185762861435534,1.0122919380986548,0.6676476307932526,0.022085640963556284,0.5986625692520775,0.5639898961678023,0.25042627499912223
shared_RRR_selected,feat__reliability_nm1_a,3,donor496001363;donor501279658;donor502206284;donor503292481;donor523504560;donor536228554;donor539031635;donor546734491;donor554032559;donor568753123;donor571153196;donor572569275;donor575188344;donor587049063;donor591626844;donor594667326;donor601590018;donor603221684;donor608013564;donor612135386;donor617884009;donor643270733;donor645355944;donor657193842;donor659055676;donor664877009;donor666491260,455,0.004436666602310457,0.11954353756864788,0.13119474259588862,0.17088806552919103,0.997779200724133,0.6554568034530264,0.03265950311790554,0.5763504155124655,0.5639339725851846,0.2500588207515562
shared_RRR_selected,feat__reliability_dg,3,donor496001363;donor501279658;donor502206284;donor503292481;donor523504560;donor536228554;donor539031635;donor546734491;donor554032559;donor568753123;donor571153196;donor572569275;donor575188344;donor587049063;donor591626844;donor594667326;donor601590018;donor603221684;donor608013564;donor612135386;donor617884009;donor643270733;donor645355944;donor657193842;donor659055676;donor664877009;donor666491260,455,0.03918811907218067,0.23421912238168185,0.17256549762499715,0.1728232174795444,0.9802101208046259,0.684250175578801,0.030093493851776808,0.6143092105263158,0.6201270196570299,0.24766671686274597
shared_RRR_selected,feat__reliability_nm3,3,donor496001363;donor501279658;donor502206284;donor503292481;donor523504560;donor536228554;donor539031635;donor546734491;donor554032559;donor568753123;donor571153196;donor572569275;donor575188344;donor587049063;donor591626844;donor594667326;donor601590018;donor603221684;donor608013564;donor612135386;donor617884009;donor643270733;donor645355944;donor657193842;donor659055676;donor664877009;donor666491260,455,-0.008797426850013279,0.04614170335702793,0.0890126240251346,0.14886678971098066,1.004389081407207,0.33541368586358067,0.08533185005419865,0.5571113227146813,0.5432340714431203,0.25105602046248754
shared_RRR_selected,feat__reliability_sg,3,donor496001363;donor501279658;donor502206284;donor503292481;donor523504560;donor536228554;donor539031635;donor546734491;donor554032559;donor568753123;donor571153196;donor572569275;donor575188344;donor587049063;donor591626844;donor594667326;donor601590018;donor603221684;donor608013564;donor612135386;donor617884009;donor643270733;donor645355944;donor657193842;donor659055676;donor664877009;donor666491260,455,-0.02396492694533836,0.009917479819355743,0.1168907469708312,0.14542600510374204,1.0119115213027956,0.06271802282118634,0.09614763324904382,0.5779735110803322,0.5628007212342065,0.2502441282176011
shared_RRR_selected,feat__time_to_peak_sg,3,donor496001363;donor501279658;donor502206284;donor503292481;donor523504560;donor536228554;donor539031635;donor546734491;donor554032559;donor568753123;donor571153196;donor572569275;donor575188344;donor587049063;donor591626844;donor594667326;donor601590018;donor603221684;donor608013564;donor612135386;donor617884009;donor643270733;donor645355944;donor657193842;donor659055676;donor664877009;donor666491260,455,-0.004309872396089709,0.16596325518793045,0.1178420472099418,0.1024107706626205,1.0021526193130914,1.3032077684070016,-0.1042663525688502,0.6077084206116463,0.5986957851847914,0.25402457509559556
shared_RRR_selected,feat__time_to_peak_ns,3,donor496001363;donor501279658;donor502206284;donor503292481;donor523504560;donor536228554;donor539031635;donor546734491;donor554032559;donor568753123;donor571153196;donor572569275;donor575188344;donor587049063;donor591626844;donor594667326;donor601590018;donor603221684;donor608013564;donor612135386;donor617884009;donor643270733;donor645355944;donor657193842;donor659055676;donor664877009;donor666491260,455,0.012428578190832984,0.2630936232874642,0.23580547432778814,0.0929555947290948,0.9937662812800439,1.5806732046957732,-0.18506403954038858,0.6398977987421383,0.6106901016910439,0.2542428286609577
shared_RRR_selected,feat__pref_sf_sg,3,donor496001363;donor501279658;donor502206284;donor503292481;donor523504560;donor536228554;donor539031635;donor546734491;donor554032559;donor568753123;donor571153196;donor572569275;donor575188344;donor587049063;donor591626844;donor594667326;donor601590018;donor603221684;donor608013564;donor612135386;donor617884009;donor643270733;donor645355944;donor657193842;donor659055676;donor664877009;donor666491260,455,0.0074901815280074,0.17861627915471917,0.21734682656820692,0.06155753678390705,0.9962478699962136,1.4787215322294442,-0.03992377092835906,0.5998532444867525,0.6572553948270672,0.2473840317643455
shared_RRR_selected,feat__sfdi_sg,3,donor496001363;donor501279658;donor502206284;donor503292481;donor523504560;donor536228554;donor539031635;donor546734491;donor554032559;donor568753123;donor571153196;donor572569275;donor575188344;donor587049063;donor591626844;donor594667326;donor601590018;donor603221684;donor608013564;donor612135386;donor617884009;donor643270733;donor645355944;donor657193842;donor659055676;donor664877009;donor666491260,455,-0.03545358386564934,-0.01408687685555833,-0.117455937468403,0.07690485960853657,1.0175723973583646,-0.09412963996153255,0.3199520363311039,0.4184123961218837,0.46502219879866297,0.25521333330943435
shared_RRR_selected,feat__tfdi_dg,3,donor496001363;donor501279658;donor502206284;donor503292481;donor523504560;donor536228554;donor539031635;donor546734491;donor554032559;donor568753123;donor571153196;donor572569275;donor575188344;donor587049063;donor591626844;donor594667326;donor601590018;donor603221684;donor608013564;donor612135386;donor617884009;donor643270733;donor645355944;donor657193842;donor659055676;donor664877009;donor666491260,455,-0.0016823517346591377,0.21516804754078428,0.1483244196342259,0.06697978597688034,1.0008408223761955,1.1179604479872365,-0.05587389468916053,0.596217105263158,0.5903385460507704,0.2568515799428799
independent_Ridge,feat__peak_dff_sg,4,donor491618855;donor495727000;donor495727015;donor501228870;donor501753157;donor529204468;donor544888654;donor548920252;donor558793873;donor562721666;donor568773335;donor569624786;donor571153214;donor579027290;donor593058296;donor601712623;donor605677257;donor608014788;donor617941978;donor639700247;donor639706978;donor649496259;donor650072699;donor651725139;donor656643818;donor658985347;donor681503539,455,-0.04182579468253356,-0.009077768009748315,0.08250979065900768,11.53450033113258,1.0206986796712012,-0.17998256129255957,9.871374352046619,0.5642096606648199,0.5472111547291659,0.4999584059980222
independent_Ridge,feat__peak_dff_ns,4,donor491618855;donor495727000;donor495727015;donor501228870;donor501753157;donor529204468;donor544888654;donor548920252;donor558793873;donor562721666;donor568773335;donor569624786;donor571153214;donor579027290;donor593058296;donor601712623;donor605677257;donor608014788;donor617941978;donor639700247;donor639706978;donor649496259;donor650072699;donor651725139;donor656643818;donor658985347;donor681503539,455,0.0035143827831078944,0.17245409208035922,0.052080363655538114,16.35882267015965,0.9982412620288205,1.7908771384290763,-13.539497982565598,0.5266187673130194,0.5594228630844027,0.49999862916693627
independent_Ridge,feat__peak_dff_dg,4,donor491618855;donor495727000;donor495727015;donor501228870;donor501753157;donor529204468;donor544888654;donor548920252;donor558793873;donor562721666;donor568773335;donor569624786;donor571153214;donor579027290;donor593058296;donor601712623;donor605677257;donor608014788;donor617941978;donor639700247;donor639706978;donor649496259;donor650072699;donor651725139;donor656643818;donor658985347;donor681503539,455,0.05088533101212622,0.2639587373706223,0.12767354268906256,26.741966193406995,0.9742251633928749,1.604773125711564,-13.635868715775064,0.5911963296398893,0.6415064708696201,0.4999999197973202
independent_Ridge,feat__pref_tf_dg,4,donor491618855;donor495727000;donor495727015;donor501228870;donor501753157;donor529204468;donor544888654;donor548920252;donor558793873;donor562721666;donor568773335;donor569624786;donor571153214;donor579027290;donor593058296;donor601712623;donor605677257;donor608014788;donor617941978;donor639700247;donor639706978;donor649496259;donor650072699;donor651725139;donor656643818;donor658985347;donor681503539,455,-0.012682966066150048,0.016460437361284278,0.18424949063955995,4.245355339589614,1.0063215023371754,0.1273798096067505,3.1273810443402055,0.6328197674418604,0.6283994338931387,0.44382306484402007
independent_Ridge,feat__run_mod_dg,4,donor491618855;donor495727000;donor495727015;donor501228870;donor501753157;donor529204468;donor544888654;donor548920252;donor558793873;donor562721666;donor568773335;donor569624786;donor571153214;donor579027290;donor593058296;donor601712623;donor605677257;donor608014788;donor617941978;donor639700247;donor639706978;donor649496259;donor650072699;donor651725139;donor656643818;donor658985347;donor681503539,455,0.035042906949127595,0.19041634237016056,0.13042696454192965,0.5947385684289451,0.9823222959145702,1.2118402224848193,-0.061941377038045704,0.5925164473684211,0.5743402477361871,0.25224171155888037
independent_Ridge,feat__run_mod_sg,4,donor491618855;donor495727000;donor495727015;donor501228870;donor501753157;donor529204468;donor544888654;donor548920252;donor558793873;donor562721666;donor568773335;donor569624786;donor571153214;donor579027290;donor593058296;donor601712623;donor605677257;donor608014788;donor617941978;donor639700247;donor639706978;donor649496259;donor650072699;donor651725139;donor656643818;donor658985347;donor681503539,455,0.003484946201041894,0.09886035689155548,0.14693767149244402,0.6347456838254126,0.9982560061421911,0.7258744779217267,0.04832171690398184,0.5686461218836565,0.5492791826173162,0.25561101113316104
independent_Ridge,feat__run_mod_ns,4,donor491618855;donor495727000;donor495727015;donor501228870;donor501753157;donor529204468;donor544888654;donor548920252;donor558793873;donor562721666;donor568773335;donor569624786;donor571153214;donor579027290;donor593058296;donor601712623;donor605677257;donor608014788;donor617941978;donor639700247;donor639706978;donor649496259;donor650072699;donor651725139;donor656643818;donor658985347;donor681503539,455,0.010731478785536153,0.19792796167148247,0.2317584646058289,0.5840643273208757,0.9946197872626824,6.606919036705924,-1.6095396817771004,0.6412958795013851,0.6093121433227756,0.25412491568231116
independent_Ridge,feat__rf_chi2_lsn,4,donor491618855;donor495727000;donor495727015;donor501228870;donor501753157;donor529204468;donor544888654;donor548920252;donor558793873;donor562721666;donor568773335;donor569624786;donor571153214;donor579027290;donor593058296;donor601712623;donor605677257;donor608014788;donor617941978;donor639700247;donor639706978;donor649496259;donor650072699;donor651725139;donor656643818;donor658985347;donor681503539,455,0.010860451967383389,0.25219749494169064,0.2739296664016895,0.44191725466193776,0.9945549497300873,10.081408395596185,-5.587729392947331,0.6746018005540166,0.6399774436007137,0.27144208848042395
independent_Ridge,feat__dsi_dg,4,donor491618855;donor495727000;donor495727015;donor501228870;donor501753157;donor529204468;donor544888654;donor548920252;donor558793873;donor562721666;donor568773335;donor569624786;donor571153214;donor579027290;donor593058296;donor601712623;donor605677257;donor608014788;donor617941978;donor639700247;donor639706978;donor649496259;donor650072699;donor651725139;donor656643818;donor658985347;donor681503539,455,0.03112439822411106,0.20538922200659546,0.1226011528412603,0.4005231768507639,0.9843147879494084,1.4851432668222446,-0.2593218286041282,0.5803540512465374,0.5542350736888073,0.2690627518665433
independent_Ridge,feat__osi_sg,4,donor491618855;donor495727000;donor495727015;donor501228870;donor501753157;donor529204468;donor544888654;donor548920252;donor558793873;donor562721666;donor568773335;donor569624786;donor571153214;donor579027290;donor593058296;donor601712623;donor605677257;donor608014788;donor617941978;donor639700247;donor639706978;donor649496259;donor650072699;donor651725139;donor656643818;donor658985347;donor681503539,455,-0.004555877152426557,0.019453294081387185,0.021320034821390107,0.3703608878565758,1.0022753499674761,1.0115593421756992,-0.037093825538486176,0.5072498268698061,0.5217724042873976,0.3000858125411061
independent_Ridge,feat__osi_dg,4,donor491618855;donor495727000;donor495727015;donor501228870;donor501753157;donor529204468;donor544888654;donor548920252;donor558793873;donor562721666;donor568773335;donor569624786;donor571153214;donor579027290;donor593058296;donor601712623;donor605677257;donor608014788;donor617941978;donor639700247;donor639706978;donor649496259;donor650072699;donor651725139;donor656643818;donor658985347;donor681503539,455,0.0027969052484915213,0.10312009542900002,0.14372828882213856,0.3217825671170916,0.9986005681710322,3.0162547760292187,-1.7951602175908425,0.5830592105263158,0.5668580711086141,0.2926565370256851
independent_Ridge,feat__g_dsi_dg,4,donor491618855;donor495727000;donor495727015;donor501228870;donor501753157;donor529204468;donor544888654;donor548920252;donor558793873;donor562721666;donor568773335;donor569624786;donor571153214;donor579027290;donor593058296;donor601712623;donor605677257;donor608014788;donor617941978;donor639700247;donor639706978;donor649496259;donor650072699;donor651725139;donor656643818;donor658985347;donor681503539,455,0.03585967678598434,0.19493323974522145,0.1611842912536722,0.25493666471213206,0.9819064737611294,1.2507590144233356,-0.10126122668317641,0.6002207409972299,0.5857160040248811,0.25921435347327315
independent_Ridge,feat__g_osi_dg,4,donor491618855;donor495727000;donor495727015;donor501228870;donor501753157;donor529204468;donor544888654;donor548920252;donor558793873;donor562721666;donor568773335;donor569624786;donor571153214;donor579027290;donor593058296;donor601712623;donor605677257;donor608014788;donor617941978;donor639700247;donor639706978;donor649496259;donor650072699;donor651725139;donor656643818;donor658985347;donor681503539,455,-0.00060261668327799,0.0462432214365601,0.10027977946820621,0.2520457953699349,1.000301262961953,1.0734349164182573,-0.055615569927289756,0.565356648199446,0.5457355811142962,0.2696775028183551
independent_Ridge,feat__g_osi_sg,4,donor491618855;donor495727000;donor495727015;donor501228870;donor501753157;donor529204468;donor544888654;donor548920252;donor558793873;donor562721666;donor568773335;donor569624786;donor571153214;donor579027290;donor593058296;donor601712623;donor605677257;donor608014788;donor617941978;donor639700247;donor639706978;donor649496259;donor650072699;donor651725139;donor656643818;donor658985347;donor681503539,455,0.0194152235272953,0.1753880409464351,0.11932855004801494,0.21876944190579395,0.9902448063346279,1.4173432420775622,-0.29971611778202495,0.5606604916897507,0.5615696211950116,0.2749034558931407
independent_Ridge,feat__image_sel_ns,4,donor491618855;donor495727000;donor495727015;donor501228870;donor501753157;donor529204468;donor544888654;donor548920252;donor558793873;donor562721666;donor568773335;donor569624786;donor571153214;donor579027290;donor593058296;donor601712623;donor605677257;donor608014788;donor617941978;donor639700247;donor639706978;donor649496259;donor650072699;donor651725139;donor656643818;donor658985347;donor681503539,455,-0.011852545626148903,-0.006629286397814485,-0.07427143270237553,0.2004950922527309,1.0059088157612244,-0.07497428888462677,0.5061654239595076,0.4381492382271468,0.4825163742652689,0.2639635528981668
independent_Ridge,feat__reliability_ns,4,donor491618855;donor495727000;donor495727015;donor501228870;donor501753157;donor529204468;donor544888654;donor548920252;donor558793873;donor562721666;donor568773335;donor569624786;donor571153214;donor579027290;donor593058296;donor601712623;donor605677257;donor608014788;donor617941978;donor639700247;donor639706978;donor649496259;donor650072699;donor651725139;donor656643818;donor658985347;donor681503539,455,0.04645407625979048,0.35508735934732844,0.3872904897037759,0.15289219702583598,0.9764967607423024,2.359329677942308,-0.2450796897293634,0.7182089681440443,0.6953277870832724,0.24923251870917684
independent_Ridge,feat__reliability_nm1_a,4,donor491618855;donor495727000;donor495727015;donor501228870;donor501753157;donor529204468;donor544888654;donor548920252;donor558793873;donor562721666;donor568773335;donor569624786;donor571153214;donor579027290;donor593058296;donor601712623;donor605677257;donor608014788;donor617941978;donor639700247;donor639706978;donor649496259;donor650072699;donor651725139;donor656643818;donor658985347;donor681503539,455,0.06853167708230168,0.3185541809536393,0.3631679121960779,0.14394512621868544,0.9651260658161182,1.5985141283348456,-0.0989155790766044,0.7341369459833795,0.7383786402877215,0.24822743659535998
independent_Ridge,feat__reliability_dg,4,donor491618855;donor495727000;donor495727015;donor501228870;donor501753157;donor529204468;donor544888654;donor548920252;donor558793873;donor562721666;donor568773335;donor569624786;donor571153214;donor579027290;donor593058296;donor601712623;donor605677257;donor608014788;donor617941978;donor639700247;donor639706978;donor649496259;donor650072699;donor651725139;donor656643818;donor658985347;donor681503539,455,0.0859097421389805,0.34922777153222667,0.18033412959474318,0.1417003791233423,0.9560806753935671,1.0842081300819904,-0.03901345559080409,0.6036833448753463,0.6037180475087428,0.24807908090666111
independent_Ridge,feat__reliability_nm3,4,donor491618855;donor495727000;donor495727015;donor501228870;donor501753157;donor529204468;donor544888654;donor548920252;donor558793873;donor562721666;donor568773335;donor569624786;donor571153214;donor579027290;donor593058296;donor601712623;donor605677257;donor608014788;donor617941978;donor639700247;donor639706978;donor649496259;donor650072699;donor651725139;donor656643818;donor658985347;donor681503539,455,-0.03330383115516988,0.4087164898917866,0.483794341153516,0.12823091217804664,1.0165155341435614,11.96442259921875,-1.6033133830401294,0.817650623268698,0.7843148035158941,0.2506380835095005
independent_Ridge,feat__reliability_sg,4,donor491618855;donor495727000;donor495727015;donor501228870;donor501753157;donor529204468;donor544888654;donor548920252;donor558793873;donor562721666;donor568773335;donor569624786;donor571153214;donor579027290;donor593058296;donor601712623;donor605677257;donor608014788;donor617941978;donor639700247;donor639706978;donor649496259;donor650072699;donor651725139;donor656643818;donor658985347;donor681503539,455,-0.14844880619772094,0.012939599294141279,0.0987008449609843,0.11921388609591393,1.07165703758139,0.06678616261340957,0.06391741271685658,0.5697714681440443,0.5618120673698286,0.2503022040968831
independent_Ridge,feat__time_to_peak_sg,4,donor491618855;donor495727000;donor495727015;donor501228870;donor501753157;donor529204468;donor544888654;donor548920252;donor558793873;donor562721666;donor568773335;donor569624786;donor571153214;donor579027290;donor593058296;donor601712623;donor605677257;donor608014788;donor617941978;donor639700247;donor639706978;donor649496259;donor650072699;donor651725139;donor656643818;donor658985347;donor681503539,455,0.0003560835933207329,0.12161284755790823,0.06641983793757918,0.08628540130157002,0.9998219423510765,2.812906233879875,-0.5211595155510167,0.5536405645060573,0.5491275873609008,0.2557312633022392
independent_Ridge,feat__time_to_peak_ns,4,donor491618855;donor495727000;donor495727015;donor501228870;donor501753157;donor529204468;donor544888654;donor548920252;donor558793873;donor562721666;donor568773335;donor569624786;donor571153214;donor579027290;donor593058296;donor601712623;donor605677257;donor608014788;donor617941978;donor639700247;donor639706978;donor649496259;donor650072699;donor651725139;donor656643818;donor658985347;donor681503539,455,-0.0283372614823576,0.0667540866507925,-0.026097313582516053,0.07566108568488408,1.0140696531710025,0.2868017754095046,0.19554502922675046,0.4310829817158931,0.5002495011417274,0.2525162525809638
independent_Ridge,feat__pref_sf_sg,4,donor491618855;donor495727000;donor495727015;donor501228870;donor501753157;donor529204468;donor544888654;donor548920252;donor558793873;donor562721666;donor568773335;donor569624786;donor571153214;donor579027290;donor593058296;donor601712623;donor605677257;donor608014788;donor617941978;donor639700247;donor639706978;donor649496259;donor650072699;donor651725139;donor656643818;donor658985347;donor681503539,455,0.0037329661770070244,0.08286105651274778,0.19470545205515535,0.07679698981909819,0.9981317717731426,3.0007046889389204,-0.1252670513206518,0.619907120743034,0.6937440501921746,0.24617109529846576
independent_Ridge,feat__sfdi_sg,4,donor491618855;donor495727000;donor495727015;donor501228870;donor501753157;donor529204468;donor544888654;donor548920252;donor558793873;donor562721666;donor568773335;donor569624786;donor571153214;donor579027290;donor593058296;donor601712623;donor605677257;donor608014788;donor617941978;donor639700247;donor639706978;donor649496259;donor650072699;donor651725139;donor656643818;donor658985347;donor681503539,455,-0.11914274219637688,0.03800970934338998,-0.011926737497924141,0.06770098586212998,1.0578954306529436,0.25484070064482944,0.19743201903494556,0.5095654432132963,0.5342497394043043,0.25511492904514377
independent_Ridge,feat__tfdi_dg,4,donor491618855;donor495727000;donor495727015;donor501228870;donor501753157;donor529204468;donor544888654;donor548920252;donor558793873;donor562721666;donor568773335;donor569624786;donor571153214;donor579027290;donor593058296;donor601712623;donor605677257;donor608014788;donor617941978;donor639700247;donor639706978;donor649496259;donor650072699;donor651725139;donor656643818;donor658985347;donor681503539,455,0.05825151041537968,0.2684560441399613,0.26356659392087156,0.06373200560367846,0.9704372672072216,1.7656011822427926,-0.265612235885733,0.6596260387811634,0.6393099927269902,0.25665904536825385
shared_fullrank,feat__peak_dff_sg,4,donor491618855;donor495727000;donor495727015;donor501228870;donor501753157;donor529204468;donor544888654;donor548920252;donor558793873;donor562721666;donor568773335;donor569624786;donor571153214;donor579027290;donor593058296;donor601712623;donor605677257;donor608014788;donor617941978;donor639700247;donor639706978;donor649496259;donor650072699;donor651725139;donor656643818;donor658985347;donor681503539,455,-0.10371154919826209,-0.009187008781281774,0.08250979065900768,11.872140466365686,1.0505767697785164,-0.044646974585942446,8.507580345586748,0.5642096606648199,0.5472111547291659,0.4999395839360751
shared_fullrank,feat__peak_dff_ns,4,donor491618855;donor495727000;donor495727015;donor501228870;donor501753157;donor529204468;donor544888654;donor548920252;donor558793873;donor562721666;donor568773335;donor569624786;donor571153214;donor579027290;donor593058296;donor601712623;donor605677257;donor608014788;donor617941978;donor639700247;donor639706978;donor649496259;donor650072699;donor651725139;donor656643818;donor658985347;donor681503539,455,0.0035143827831078944,0.17245409208035906,0.052080363655538114,16.35882267015965,0.9982412620288205,1.7908771384290731,-13.539497982565557,0.5266187673130194,0.5594228630844027,0.49999862916693627
shared_fullrank,feat__peak_dff_dg,4,donor491618855;donor495727000;donor495727015;donor501228870;donor501753157;donor529204468;donor544888654;donor548920252;donor558793873;donor562721666;donor568773335;donor569624786;donor571153214;donor579027290;donor593058296;donor601712623;donor605677257;donor608014788;donor617941978;donor639700247;donor639706978;donor649496259;donor650072699;donor651725139;donor656643818;donor658985347;donor681503539,455,0.05088533101212622,0.26395873737062236,0.12767354268906256,26.741966193406995,0.9742251633928749,1.6047731257115643,-13.635868715775073,0.5911963296398893,0.6415064708696201,0.4999999197973202
shared_fullrank,feat__pref_tf_dg,4,donor491618855;donor495727000;donor495727015;donor501228870;donor501753157;donor529204468;donor544888654;donor548920252;donor558793873;donor562721666;donor568773335;donor569624786;donor571153214;donor579027290;donor593058296;donor601712623;donor605677257;donor608014788;donor617941978;donor639700247;donor639706978;donor649496259;donor650072699;donor651725139;donor656643818;donor658985347;donor681503539,455,-0.012682966066149826,0.016460437361284868,0.18424949063955995,4.245355339589614,1.0063215023371754,0.1273798096067585,3.127381044340176,0.6328197674418604,0.6283994338931387,0.4438230648440202
shared_fullrank,feat__run_mod_dg,4,donor491618855;donor495727000;donor495727015;donor501228870;donor501753157;donor529204468;donor544888654;donor548920252;donor558793873;donor562721666;donor568773335;donor569624786;donor571153214;donor579027290;donor593058296;donor601712623;donor605677257;donor608014788;donor617941978;donor639700247;donor639706978;donor649496259;donor650072699;donor651725139;donor656643818;donor658985347;donor681503539,455,0.03504290694912737,0.1904163423701605,0.13042696454192965,0.5947385684289452,0.9823222959145704,1.21184022248482,-0.06194137703804597,0.5925164473684211,0.5743402477361871,0.25224171155888037
shared_fullrank,feat__run_mod_sg,4,donor491618855;donor495727000;donor495727015;donor501228870;donor501753157;donor529204468;donor544888654;donor548920252;donor558793873;donor562721666;donor568773335;donor569624786;donor571153214;donor579027290;donor593058296;donor601712623;donor605677257;donor608014788;donor617941978;donor639700247;donor639706978;donor649496259;donor650072699;donor651725139;donor656643818;donor658985347;donor681503539,455,0.003484946201041894,0.09886035689155545,0.14693767149244402,0.6347456838254126,0.9982560061421911,0.7258744779217273,0.048321716903981515,0.5686461218836565,0.5492791826173162,0.25561101113316104
shared_fullrank,feat__run_mod_ns,4,donor491618855;donor495727000;donor495727015;donor501228870;donor501753157;donor529204468;donor544888654;donor548920252;donor558793873;donor562721666;donor568773335;donor569624786;donor571153214;donor579027290;donor593058296;donor601712623;donor605677257;donor608014788;donor617941978;donor639700247;donor639706978;donor649496259;donor650072699;donor651725139;donor656643818;donor658985347;donor681503539,455,0.03379587576693199,0.20585023068233732,0.23860312084827195,0.5772155606032862,0.9829568272478033,1.8160523239494644,-0.24784887397827346,0.6473987188365652,0.6154150668095143,0.2517735245880819
shared_fullrank,feat__rf_chi2_lsn,4,donor491618855;donor495727000;donor495727015;donor501228870;donor501753157;donor529204468;donor544888654;donor548920252;donor558793873;donor562721666;donor568773335;donor569624786;donor571153214;donor579027290;donor593058296;donor601712623;donor605677257;donor608014788;donor617941978;donor639700247;donor639706978;donor649496259;donor650072699;donor651725139;donor656643818;donor658985347;donor681503539,455,0.03382085034658211,0.2365170918326216,0.2742127163983422,0.436758138502503,0.9829441233627768,2.504736267791644,-0.9019280943641457,0.6750779085872576,0.6410469276556786,0.2688890470133871
shared_fullrank,feat__dsi_dg,4,donor491618855;donor495727000;donor495727015;donor501228870;donor501753157;donor529204468;donor544888654;donor548920252;donor558793873;donor562721666;donor568773335;donor569624786;donor571153214;donor579027290;donor593058296;donor601712623;donor605677257;donor608014788;donor617941978;donor639700247;donor639706978;donor649496259;donor650072699;donor651725139;donor656643818;donor658985347;donor681503539,455,0.03112439822411106,0.20538922200659548,0.1226011528412603,0.4005231768507639,0.9843147879494084,1.485143266822245,-0.2593218286041285,0.5803540512465374,0.5542350736888073,0.2690627518665433
shared_fullrank,feat__osi_sg,4,donor491618855;donor495727000;donor495727015;donor501228870;donor501753157;donor529204468;donor544888654;donor548920252;donor558793873;donor562721666;donor568773335;donor569624786;donor571153214;donor579027290;donor593058296;donor601712623;donor605677257;donor608014788;donor617941978;donor639700247;donor639706978;donor649496259;donor650072699;donor651725139;donor656643818;donor658985347;donor681503539,455,-0.007124184957604474,0.027747706547091446,0.021320034821390107,0.37083402906372975,1.003555770726074,0.36882915213605233,0.5815003374883431,0.5072498268698061,0.5217724042873976,0.30018277659497306
shared_fullrank,feat__osi_dg,4,donor491618855;donor495727000;donor495727015;donor501228870;donor501753157;donor529204468;donor544888654;donor548920252;donor558793873;donor562721666;donor568773335;donor569624786;donor571153214;donor579027290;donor593058296;donor601712623;donor605677257;donor608014788;donor617941978;donor639700247;donor639706978;donor649496259;donor650072699;donor651725139;donor656643818;donor658985347;donor681503539,455,0.0023035818099901295,0.0992148404009656,0.14372828882213856,0.32186215133385887,0.9988475450187628,0.7024021123822616,0.23979899206237085,0.5830592105263158,0.5668580711086141,0.2925359540821342
shared_fullrank,feat__g_dsi_dg,4,donor491618855;donor495727000;donor495727015;donor501228870;donor501753157;donor529204468;donor544888654;donor548920252;donor558793873;donor562721666;donor568773335;donor569624786;donor571153214;donor579027290;donor593058296;donor601712623;donor605677257;donor608014788;donor617941978;donor639700247;donor639706978;donor649496259;donor650072699;donor651725139;donor656643818;donor658985347;donor681503539,455,0.03585967678598434,0.19493323974522148,0.1611842912536722,0.25493666471213206,0.9819064737611294,1.2507590144233367,-0.101261226683177,0.6002207409972299,0.5857160040248811,0.25921435347327315
shared_fullrank,feat__g_osi_dg,4,donor491618855;donor495727000;donor495727015;donor501228870;donor501753157;donor529204468;donor544888654;donor548920252;donor558793873;donor562721666;donor568773335;donor569624786;donor571153214;donor579027290;donor593058296;donor601712623;donor605677257;donor608014788;donor617941978;donor639700247;donor639706978;donor649496259;donor650072699;donor651725139;donor656643818;donor658985347;donor681503539,455,-0.026144167636575233,0.041170237940699524,0.10027977946820621,0.2552424063220285,1.0129877430830916,0.23117963105636735,0.4287250597966191,0.565356648199446,0.5457355811142962,0.2702147654004099
shared_fullrank,feat__g_osi_sg,4,donor491618855;donor495727000;donor495727015;donor501228870;donor501753157;donor529204468;donor544888654;donor548920252;donor558793873;donor562721666;donor568773335;donor569624786;donor571153214;donor579027290;donor593058296;donor601712623;donor605677257;donor608014788;donor617941978;donor639700247;donor639706978;donor649496259;donor650072699;donor651725139;donor656643818;donor658985347;donor681503539,455,0.0194152235272953,0.17538804094643515,0.11932855004801494,0.21876944190579395,0.9902448063346279,1.417343242077562,-0.2997161177820248,0.5606604916897507,0.5615696211950116,0.2749034558931407
shared_fullrank,feat__image_sel_ns,4,donor491618855;donor495727000;donor495727015;donor501228870;donor501753157;donor529204468;donor544888654;donor548920252;donor558793873;donor562721666;donor568773335;donor569624786;donor571153214;donor579027290;donor593058296;donor601712623;donor605677257;donor608014788;donor617941978;donor639700247;donor639706978;donor649496259;donor650072699;donor651725139;donor656643818;donor658985347;donor681503539,455,-0.011852545626148903,-0.006629286397814333,-0.07427143270237553,0.2004950922527309,1.0059088157612244,-0.07497428888462315,0.5061654239595058,0.4381492382271468,0.4825163742652689,0.2639635528981668
shared_fullrank,feat__reliability_ns,4,donor491618855;donor495727000;donor495727015;donor501228870;donor501753157;donor529204468;donor544888654;donor548920252;donor558793873;donor562721666;donor568773335;donor569624786;donor571153214;donor579027290;donor593058296;donor601712623;donor605677257;donor608014788;donor617941978;donor639700247;donor639706978;donor649496259;donor650072699;donor651725139;donor656643818;donor658985347;donor681503539,455,0.04645407625979037,0.35508735934732855,0.3872904897037759,0.152892197025836,0.9764967607423026,2.3593296779423083,-0.2450796897293634,0.7182089681440443,0.6953277870832724,0.24923251870917684
shared_fullrank,feat__reliability_nm1_a,4,donor491618855;donor495727000;donor495727015;donor501228870;donor501753157;donor529204468;donor544888654;donor548920252;donor558793873;donor562721666;donor568773335;donor569624786;donor571153214;donor579027290;donor593058296;donor601712623;donor605677257;donor608014788;donor617941978;donor639700247;donor639706978;donor649496259;donor650072699;donor651725139;donor656643818;donor658985347;donor681503539,455,0.06853167708230168,0.31855418095363935,0.3631679121960779,0.14394512621868544,0.9651260658161182,1.5985141283348454,-0.0989155790766044,0.7341369459833795,0.7383786402877215,0.24822743659535998
shared_fullrank,feat__reliability_dg,4,donor491618855;donor495727000;donor495727015;donor501228870;donor501753157;donor529204468;donor544888654;donor548920252;donor558793873;donor562721666;donor568773335;donor569624786;donor571153214;donor579027290;donor593058296;donor601712623;donor605677257;donor608014788;donor617941978;donor639700247;donor639706978;donor649496259;donor650072699;donor651725139;donor656643818;donor658985347;donor681503539,455,0.0859097421389804,0.3492277715322266,0.18033412959474318,0.14170037912334232,0.9560806753935673,1.0842081300819904,-0.03901345559080409,0.6036833448753463,0.6037180475087428,0.24807908090666111
shared_fullrank,feat__reliability_nm3,4,donor491618855;donor495727000;donor495727015;donor501228870;donor501753157;donor529204468;donor544888654;donor548920252;donor558793873;donor562721666;donor568773335;donor569624786;donor571153214;donor579027290;donor593058296;donor601712623;donor605677257;donor608014788;donor617941978;donor639700247;donor639706978;donor649496259;donor650072699;donor651725139;donor656643818;donor658985347;donor681503539,455,0.04304853877017811,0.4099490556491116,0.48234155931475403,0.12340241722682802,0.9782389591658176,3.038006845806254,-0.3144240664428031,0.817650623268698,0.7843148035158941,0.24873781614731696
shared_fullrank,feat__reliability_sg,4,donor491618855;donor495727000;donor495727015;donor501228870;donor501753157;donor529204468;donor544888654;donor548920252;donor558793873;donor562721666;donor568773335;donor569624786;donor571153214;donor579027290;donor593058296;donor601712623;donor605677257;donor608014788;donor617941978;donor639700247;donor639706978;donor649496259;donor650072699;donor651725139;donor656643818;donor658985347;donor681503539,455,-0.14844880619772116,0.012939599294141131,0.09860914381920823,0.11921388609591393,1.07165703758139,0.0667861626134083,0.0639174127168567,0.5695766966759003,0.5628167342093412,0.2503022040968831
shared_fullrank,feat__time_to_peak_sg,4,donor491618855;donor495727000;donor495727015;donor501228870;donor501753157;donor529204468;donor544888654;donor548920252;donor558793873;donor562721666;donor568773335;donor569624786;donor571153214;donor579027290;donor593058296;donor601712623;donor605677257;donor608014788;donor617941978;donor639700247;donor639706978;donor649496259;donor650072699;donor651725139;donor656643818;donor658985347;donor681503539,455,0.0036174969053295314,0.1257169065602261,0.10403179622775222,0.08614453000767883,0.9981896127964217,0.7628334801303185,0.058490178442164004,0.5768702385412764,0.555386837994852,0.25541027610229294
shared_fullrank,feat__time_to_peak_ns,4,donor491618855;donor495727000;donor495727015;donor501228870;donor501753157;donor529204468;donor544888654;donor548920252;donor558793873;donor562721666;donor568773335;donor569624786;donor571153214;donor579027290;donor593058296;donor601712623;donor605677257;donor608014788;donor617941978;donor639700247;donor639706978;donor649496259;donor650072699;donor651725139;donor656643818;donor658985347;donor681503539,455,-0.028337261482357157,0.06675408665079251,-0.026097313582516053,0.07566108568488408,1.0140696531710025,0.2868017754095044,0.19554502922675038,0.4310829817158931,0.5002495011417274,0.2525162525809638
shared_fullrank,feat__pref_sf_sg,4,donor491618855;donor495727000;donor495727015;donor501228870;donor501753157;donor529204468;donor544888654;donor548920252;donor558793873;donor562721666;donor568773335;donor569624786;donor571153214;donor579027290;donor593058296;donor601712623;donor605677257;donor608014788;donor617941978;donor639700247;donor639706978;donor649496259;donor650072699;donor651725139;donor656643818;donor658985347;donor681503539,455,0.005231669892057034,0.08194964718301466,0.19470545205515535,0.07673920448249465,0.997380734778822,0.737850300167037,0.015253302052261214,0.619907120743034,0.6937440501921746,0.2457351683032393
shared_fullrank,feat__sfdi_sg,4,donor491618855;donor495727000;donor495727015;donor501228870;donor501753157;donor529204468;donor544888654;donor548920252;donor558793873;donor562721666;donor568773335;donor569624786;donor571153214;donor579027290;donor593058296;donor601712623;donor605677257;donor608014788;donor617941978;donor639700247;donor639706978;donor649496259;donor650072699;donor651725139;donor656643818;donor658985347;donor681503539,455,-0.11914274219637688,0.03800970934338998,-0.011926737497924141,0.06770098586212998,1.0578954306529436,0.25484070064482944,0.19743201903494556,0.5095654432132963,0.5342497394043043,0.25511492904514377
shared_fullrank,feat__tfdi_dg,4,donor491618855;donor495727000;donor495727015;donor501228870;donor501753157;donor529204468;donor544888654;donor548920252;donor558793873;donor562721666;donor568773335;donor569624786;donor571153214;donor579027290;donor593058296;donor601712623;donor605677257;donor608014788;donor617941978;donor639700247;donor639706978;donor649496259;donor650072699;donor651725139;donor656643818;donor658985347;donor681503539,455,0.05825151041537979,0.2684560441399613,0.26356659392087156,0.06373200560367846,0.9704372672072216,1.7656011822427944,-0.2656122358857335,0.6596260387811634,0.6393099927269902,0.25665904536825385
shared_RRR_selected,feat__peak_dff_sg,4,donor491618855;donor495727000;donor495727015;donor501228870;donor501753157;donor529204468;donor544888654;donor548920252;donor558793873;donor562721666;donor568773335;donor569624786;donor571153214;donor579027290;donor593058296;donor601712623;donor605677257;donor608014788;donor617941978;donor639700247;donor639706978;donor649496259;donor650072699;donor651725139;donor656643818;donor658985347;donor681503539,455,-0.05510500955204156,-0.02150377052719506,0.06278034152803225,11.607777513319926,1.0271830457868947,-0.24508754225550963,10.574192280708532,0.550878635734072,0.5441205924509087,0.49995782249254606
shared_RRR_selected,feat__peak_dff_ns,4,donor491618855;donor495727000;donor495727015;donor501228870;donor501753157;donor529204468;donor544888654;donor548920252;donor558793873;donor562721666;donor568773335;donor569624786;donor571153214;donor579027290;donor593058296;donor601712623;donor605677257;donor608014788;donor617941978;donor639700247;donor639706978;donor649496259;donor650072699;donor651725139;donor656643818;donor658985347;donor681503539,455,-0.014604431599777534,0.08350528110044562,0.2255686421767546,16.506876604771946,1.0072757475486924,1.5862789601585352,-10.660820066388,0.6356907894736841,0.6075523633409641,0.4999989610228062
shared_RRR_selected,feat__peak_dff_dg,4,donor491618855;donor495727000;donor495727015;donor501228870;donor501753157;donor529204468;donor544888654;donor548920252;donor558793873;donor562721666;donor568773335;donor569624786;donor571153214;donor579027290;donor593058296;donor601712623;donor605677257;donor608014788;donor617941978;donor639700247;donor639706978;donor649496259;donor650072699;donor651725139;donor656643818;donor658985347;donor681503539,455,0.021986704742372076,0.1748278573244684,-0.025296432667922163,27.146032953312048,0.9889455471650741,1.4696753210681845,-10.343584422888878,0.5077908587257618,0.5788719982867535,0.4999999325218324
shared_RRR_selected,feat__pref_tf_dg,4,donor491618855;donor495727000;donor495727015;donor501228870;donor501753157;donor529204468;donor544888654;donor548920252;donor558793873;donor562721666;donor568773335;donor569624786;donor571153214;donor579027290;donor593058296;donor601712623;donor605677257;donor608014788;donor617941978;donor639700247;donor639706978;donor649496259;donor650072699;donor651725139;donor656643818;donor658985347;donor681503539,455,0.0020137932832537953,0.04692457906248394,0.16809736985566096,4.214436978121637,0.9989925959268898,0.9131081073356856,0.26228152250264075,0.6099709302325582,0.6162578499597751,0.4479992723269566
shared_RRR_selected,feat__run_mod_dg,4,donor491618855;donor495727000;donor495727015;donor501228870;donor501753157;donor529204468;donor544888654;donor548920252;donor558793873;donor562721666;donor568773335;donor569624786;donor571153214;donor579027290;donor593058296;donor601712623;donor605677257;donor608014788;donor617941978;donor639700247;donor639706978;donor649496259;donor650072699;donor651725139;donor656643818;donor658985347;donor681503539,455,0.03578150783944256,0.2107025286738432,0.2136092459625428,0.5945109114018887,0.9819462776346563,1.7118753319299749,-0.26543533184907997,0.6465330678670361,0.59832532251667,0.25372576666246577
shared_RRR_selected,feat__run_mod_sg,4,donor491618855;donor495727000;donor495727015;donor501228870;donor501753157;donor529204468;donor544888654;donor548920252;donor558793873;donor562721666;donor568773335;donor569624786;donor571153214;donor579027290;donor593058296;donor601712623;donor605677257;donor608014788;donor617941978;donor639700247;donor639706978;donor649496259;donor650072699;donor651725139;donor656643818;donor658985347;donor681503539,455,-0.00335200426668969,0.031203534385977845,0.03916005773201816,0.6369194124849876,1.0016745999907803,0.5393652374546926,0.11483751039459336,0.5164906509695291,0.5178766105749402,0.2569070467561831
shared_RRR_selected,feat__run_mod_ns,4,donor491618855;donor495727000;donor495727015;donor501228870;donor501753157;donor529204468;donor544888654;donor548920252;donor558793873;donor562721666;donor568773335;donor569624786;donor571153214;donor579027290;donor593058296;donor601712623;donor605677257;donor608014788;donor617941978;donor639700247;donor639706978;donor649496259;donor650072699;donor651725139;donor656643818;donor658985347;donor681503539,455,0.0005290609591516171,0.052014802982072846,-0.07453011126656046,0.5870683567139753,0.9997354345229783,0.6072619260716559,0.12838856144337873,0.4679492728531856,0.4907241146223841,0.25436265325458246
shared_RRR_selected,feat__rf_chi2_lsn,4,donor491618855;donor495727000;donor495727015;donor501228870;donor501753157;donor529204468;donor544888654;donor548920252;donor558793873;donor562721666;donor568773335;donor569624786;donor571153214;donor579027290;donor593058296;donor601712623;donor605677257;donor608014788;donor617941978;donor639700247;donor639706978;donor649496259;donor650072699;donor651725139;donor656643818;donor658985347;donor681503539,455,0.025146256373579146,0.2738154638032075,0.3413068504313409,0.43871441830361124,0.987346820335398,5.0212304391717275,-2.447811354631759,0.7274497922437673,0.7049657187738435,0.26987740341085364
shared_RRR_selected,feat__dsi_dg,4,donor491618855;donor495727000;donor495727015;donor501228870;donor501753157;donor529204468;donor544888654;donor548920252;donor558793873;donor562721666;donor568773335;donor569624786;donor571153214;donor579027290;donor593058296;donor601712623;donor605677257;donor608014788;donor617941978;donor639700247;donor639706978;donor649496259;donor650072699;donor651725139;donor656643818;donor658985347;donor681503539,455,0.019429415484304546,0.16225252782080038,0.13460495694408267,0.40293321855574715,0.9902376404256179,1.51199516992592,-0.2870127049975451,0.5894433864265928,0.5585131953946428,0.2700981017748709
shared_RRR_selected,feat__osi_sg,4,donor491618855;donor495727000;donor495727015;donor501228870;donor501753157;donor529204468;donor544888654;donor548920252;donor558793873;donor562721666;donor568773335;donor569624786;donor571153214;donor579027290;donor593058296;donor601712623;donor605677257;donor608014788;donor617941978;donor639700247;donor639706978;donor649496259;donor650072699;donor651725139;donor656643818;donor658985347;donor681503539,455,-0.0009735012052960457,0.08150906060420235,0.07817129261461182,0.3696999206866801,1.0004866321972004,1.5907592104283195,-0.6019667896442886,0.5408370844875346,0.5391580143865495,0.30019483037633504
shared_RRR_selected,feat__osi_dg,4,donor491618855;donor495727000;donor495727015;donor501228870;donor501753157;donor529204468;donor544888654;donor548920252;donor558793873;donor562721666;donor568773335;donor569624786;donor571153214;donor579027290;donor593058296;donor601712623;donor605677257;donor608014788;donor617941978;donor639700247;donor639706978;donor649496259;donor650072699;donor651725139;donor656643818;donor658985347;donor681503539,455,-0.012872128236999902,0.02196619744222679,0.07056771949550947,0.32430079517091714,1.006415484895279,0.18060380014231903,0.7042000993739963,0.5310768698060941,0.5097692178424178,0.2927837156646779
shared_RRR_selected,feat__g_dsi_dg,4,donor491618855;donor495727000;donor495727015;donor501228870;donor501753157;donor529204468;donor544888654;donor548920252;donor558793873;donor562721666;donor568773335;donor569624786;donor571153214;donor579027290;donor593058296;donor601712623;donor605677257;donor608014788;donor617941978;donor639700247;donor639706978;donor649496259;donor650072699;donor651725139;donor656643818;donor658985347;donor681503539,455,0.025351756482967724,0.16546492533332235,0.11766587414539693,0.25632214489559524,0.9872427480194689,1.325655013055896,-0.13527605932325437,0.5576307132963989,0.5232090258430295,0.26003536571165986
shared_RRR_selected,feat__g_osi_dg,4,donor491618855;donor495727000;donor495727015;donor501228870;donor501753157;donor529204468;donor544888654;donor548920252;donor558793873;donor562721666;donor568773335;donor569624786;donor571153214;donor579027290;donor593058296;donor601712623;donor605677257;donor608014788;donor617941978;donor639700247;donor639706978;donor649496259;donor650072699;donor651725139;donor656643818;donor658985347;donor681503539,455,-0.00974520172476856,0.03188926504353155,0.10193079995434139,0.25319465818230885,1.004860787236107,0.2655422541295533,0.4112152717332085,0.5679103185595568,0.5406994039592589,0.26982065214461926
shared_RRR_selected,feat__g_osi_sg,4,donor491618855;donor495727000;donor495727015;donor501228870;donor501753157;donor529204468;donor544888654;donor548920252;donor558793873;donor562721666;donor568773335;donor569624786;donor571153214;donor579027290;donor593058296;donor601712623;donor605677257;donor608014788;donor617941978;donor639700247;donor639706978;donor649496259;donor650072699;donor651725139;donor656643818;donor658985347;donor681503539,455,0.018184794097522827,0.18121044459341257,0.12214438836497984,0.21890665389283623,0.9908658869405471,1.5864445852272309,-0.4155034979961571,0.5570247576177286,0.551099500755628,0.27514804793859826
shared_RRR_selected,feat__image_sel_ns,4,donor491618855;donor495727000;donor495727015;donor501228870;donor501753157;donor529204468;donor544888654;donor548920252;donor558793873;donor562721666;donor568773335;donor569624786;donor571153214;donor579027290;donor593058296;donor601712623;donor605677257;donor608014788;donor617941978;donor639700247;donor639706978;donor649496259;donor650072699;donor651725139;donor656643818;donor658985347;donor681503539,455,-0.030991625121836952,-0.0507855210720241,-0.060555501599292974,0.20238238089311353,1.0153775776142768,-0.4663492339906524,0.6977096080127445,0.4825138504155124,0.5038507350763153,0.26435248323515026
shared_RRR_selected,feat__reliability_ns,4,donor491618855;donor495727000;donor495727015;donor501228870;donor501753157;donor529204468;donor544888654;donor548920252;donor558793873;donor562721666;donor568773335;donor569624786;donor571153214;donor579027290;donor593058296;donor601712623;donor605677257;donor608014788;donor617941978;donor639700247;donor639706978;donor649496259;donor650072699;donor651725139;donor656643818;donor658985347;donor681503539,455,0.011409187165212442,0.2694086501409924,0.3660871500515598,0.1556764069879242,0.9942790417356626,1.7622716897489117,-0.15736416791839317,0.700463123268698,0.6798865682907776,0.2497398557562153
shared_RRR_selected,feat__reliability_nm1_a,4,donor491618855;donor495727000;donor495727015;donor501228870;donor501753157;donor529204468;donor544888654;donor548920252;donor558793873;donor562721666;donor568773335;donor569624786;donor571153214;donor579027290;donor593058296;donor601712623;donor605677257;donor608014788;donor617941978;donor639700247;donor639706978;donor649496259;donor650072699;donor651725139;donor656643818;donor658985347;donor681503539,455,0.06044964798944319,0.3241117877462981,0.41235499238245216,0.14456825854701247,0.9693040555009335,1.8817474426390306,-0.13885428263985686,0.7733509349030472,0.7657008564918364,0.24861782743216945
shared_RRR_selected,feat__reliability_dg,4,donor491618855;donor495727000;donor495727015;donor501228870;donor501753157;donor529204468;donor544888654;donor548920252;donor558793873;donor562721666;donor568773335;donor569624786;donor571153214;donor579027290;donor593058296;donor601712623;donor605677257;donor608014788;donor617941978;donor639700247;donor639706978;donor649496259;donor650072699;donor651725139;donor656643818;donor658985347;donor681503539,455,0.11166236588148393,0.3777758717147877,0.23787161870703288,0.13969005960108005,0.942516649252689,1.2307794609944853,-0.053594595037255284,0.6422913781163434,0.6396491093803627,0.24788721618833717
shared_RRR_selected,feat__reliability_nm3,4,donor491618855;donor495727000;donor495727015;donor501228870;donor501753157;donor529204468;donor544888654;donor548920252;donor558793873;donor562721666;donor568773335;donor569624786;donor571153214;donor579027290;donor593058296;donor601712623;donor605677257;donor608014788;donor617941978;donor639700247;donor639706978;donor649496259;donor650072699;donor651725139;donor656643818;donor658985347;donor681503539,455,0.006300068731244557,0.3965436492764773,0.3674553644013982,0.1257495216678384,0.9968449885858661,3.931791682814613,-0.4548075941528968,0.7410405124653741,0.744860474402433,0.24981470587776763
shared_RRR_selected,feat__reliability_sg,4,donor491618855;donor495727000;donor495727015;donor501228870;donor501753157;donor529204468;donor544888654;donor548920252;donor558793873;donor562721666;donor568773335;donor569624786;donor571153214;donor579027290;donor593058296;donor601712623;donor605677257;donor608014788;donor617941978;donor639700247;donor639706978;donor649496259;donor650072699;donor651725139;donor656643818;donor658985347;donor681503539,455,-0.1192603328797095,0.06603152625080905,0.11632344394802985,0.11768919197270436,1.057951006842807,0.3875846743882541,0.02912879197570483,0.5803973337950138,0.5767674387300626,0.2500133033116145
shared_RRR_selected,feat__time_to_peak_sg,4,donor491618855;donor495727000;donor495727015;donor501228870;donor501753157;donor529204468;donor544888654;donor548920252;donor558793873;donor562721666;donor568773335;donor569624786;donor571153214;donor579027290;donor593058296;donor601712623;donor605677257;donor608014788;donor617941978;donor639700247;donor639706978;donor649496259;donor650072699;donor651725139;donor656643818;donor658985347;donor681503539,455,0.0035039455222286575,0.11644169157578828,0.07380648906682191,0.08614943854020583,0.9982464898399449,0.7424317856027847,0.06502298472542714,0.5556804462761751,0.5422686731468205,0.2555440791071949
shared_RRR_selected,feat__time_to_peak_ns,4,donor491618855;donor495727000;donor495727015;donor501228870;donor501753157;donor529204468;donor544888654;donor548920252;donor558793873;donor562721666;donor568773335;donor569624786;donor571153214;donor579027290;donor593058296;donor601712623;donor605677257;donor608014788;donor617941978;donor639700247;donor639706978;donor649496259;donor650072699;donor651725139;donor656643818;donor658985347;donor681503539,455,-0.026920724816584363,0.06946500818072572,0.026412303501520698,0.0756089560769554,1.0133709709758734,0.2984565140377328,0.19228494792887105,0.4715745058849655,0.5553142772301483,0.2524162305790005
shared_RRR_selected,feat__pref_sf_sg,4,donor491618855;donor495727000;donor495727015;donor501228870;donor501753157;donor529204468;donor544888654;donor548920252;donor558793873;donor562721666;donor568773335;donor569624786;donor571153214;donor579027290;donor593058296;donor601712623;donor605677257;donor608014788;donor617941978;donor639700247;donor639706978;donor649496259;donor650072699;donor651725139;donor656643818;donor658985347;donor681503539,455,0.011070004089050567,0.16689548345587885,0.17528119597470243,0.07651368039839847,0.9944495944546156,4.312285584521647,-0.2046088562630408,0.5892156862745098,0.6846327109195536,0.24619978717169852
shared_RRR_selected,feat__sfdi_sg,4,donor491618855;donor495727000;donor495727015;donor501228870;donor501753157;donor529204468;donor544888654;donor548920252;donor558793873;donor562721666;donor568773335;donor569624786;donor571153214;donor579027290;donor593058296;donor601712623;donor605677257;donor608014788;donor617941978;donor639700247;donor639706978;donor649496259;donor650072699;donor651725139;donor656643818;donor658985347;donor681503539,455,-0.11006785272061848,0.06976081852826276,0.022551706530164185,0.06742594073911386,1.0535975762693355,0.5199034503275834,0.11958553643552454,0.5289993074792244,0.544163332828096,0.25509088804828434
shared_RRR_selected,feat__tfdi_dg,4,donor491618855;donor495727000;donor495727015;donor501228870;donor501753157;donor529204468;donor544888654;donor548920252;donor558793873;donor562721666;donor568773335;donor569624786;donor571153214;donor579027290;donor593058296;donor601712623;donor605677257;donor608014788;donor617941978;donor639700247;donor639706978;donor649496259;donor650072699;donor651725139;donor656643818;donor658985347;donor681503539,455,0.05472163806376251,0.2699533511818138,0.2643415082581514,0.06385133440337679,0.9722542681501776,1.9110159809970295,-0.31881681577060694,0.6617036011080332,0.6390045851089486,0.2567641611993897
