figure,dataset,stage,contract,model,metric,value,baseline_value,delta_vs_baseline,status,n_groups,notes,source
4,allen_vc2p,complete,biological_target_completion,joint_function+genes,r2,0.2203996601924758,0.1592162837258801,0.06118337646659572,ABSOLUTE_SUPPORT,59.0,target=feat__reliability_nm3,analysis_workspace/results/manuscript\fig47_tool_matrix_20261002\FIG4_REVISED_MULTIMETRIC_WITH_RELATION_INDEX.csv
4,allen_vc2p,complete,biological_target_completion,joint_function+genes,spearman,0.5056007763858419,0.3872361074091539,0.11836466897668801,ABSOLUTE_SUPPORT,59.0,target=feat__reliability_nm3,analysis_workspace/results/manuscript\fig47_tool_matrix_20261002\FIG4_REVISED_MULTIMETRIC_WITH_RELATION_INDEX.csv
4,allen_vc2p,complete,biological_target_completion,joint_function+genes,auroc,0.7946943483275664,0.7166474432910419,0.07804690503652445,ABSOLUTE_SUPPORT,59.0,target=feat__reliability_nm3,analysis_workspace/results/manuscript\fig47_tool_matrix_20261002\FIG4_REVISED_MULTIMETRIC_WITH_RELATION_INDEX.csv
4,allen_vc2p,complete,biological_target_completion,joint_function+genes,auprc,0.8192327102125401,0.7633342986411132,0.05589841157142683,ABSOLUTE_SUPPORT,59.0,target=feat__reliability_nm3,analysis_workspace/results/manuscript\fig47_tool_matrix_20261002\FIG4_REVISED_MULTIMETRIC_WITH_RELATION_INDEX.csv
4,allen_vc2p,complete,biological_target_completion,joint_function+genes,heldunit_r2_win_fraction,0.8,,,PAIRED,59.0,target=feat__reliability_nm3,
4,allen_vc2p,relation_index,assay-specific type_l2 (DG/NS/SG; no pooled scalar),Zhao_relation_graph,zhao_relation_index,,,,MATCHED_NULL,59.0,BH_q=0.0008284057474219,
4,bugeon2022,complete,biological_target_completion,joint_function+genes,r2,0.4568865122397916,0.3939192598848735,0.06296725235491812,ABSOLUTE_SUPPORT,4.0,target=mi__running_vs_stat_sync,analysis_workspace/results/manuscript\fig47_tool_matrix_20261002\FIG4_REVISED_MULTIMETRIC_WITH_RELATION_INDEX.csv
4,bugeon2022,complete,biological_target_completion,joint_function+genes,spearman,0.7041156900564046,0.6804989975204688,0.02361669253593579,ABSOLUTE_SUPPORT,4.0,target=mi__running_vs_stat_sync,analysis_workspace/results/manuscript\fig47_tool_matrix_20261002\FIG4_REVISED_MULTIMETRIC_WITH_RELATION_INDEX.csv
4,bugeon2022,complete,biological_target_completion,joint_function+genes,auroc,0.924404296875,0.90978515625,0.014619140625000027,ABSOLUTE_SUPPORT,4.0,target=mi__running_vs_stat_sync,analysis_workspace/results/manuscript\fig47_tool_matrix_20261002\FIG4_REVISED_MULTIMETRIC_WITH_RELATION_INDEX.csv
4,bugeon2022,complete,biological_target_completion,joint_function+genes,auprc,0.9040353215004298,0.8852426967016231,0.018792624798806612,ABSOLUTE_SUPPORT,4.0,target=mi__running_vs_stat_sync,analysis_workspace/results/manuscript\fig47_tool_matrix_20261002\FIG4_REVISED_MULTIMETRIC_WITH_RELATION_INDEX.csv
4,bugeon2022,complete,biological_target_completion,joint_function+genes,heldunit_r2_win_fraction,0.5,,,PAIRED,4.0,target=mi__running_vs_stat_sync,
4,bugeon2022,relation_index,standardized_scalar_multivariate:type_l2,Zhao_relation_graph,zhao_relation_index,0.1119402985074626,,,MATCHED_NULL,4.0,BH_q=0.0014497100579884,
4,celegans_atanas2023,complete,biological_target_completion,joint_function+genes,r2,0.1033031095862733,-0.013494839427562,0.11679794901383529,ABSOLUTE_SUPPORT,40.0,target=feat__r_pumping,analysis_workspace/results/manuscript\fig47_tool_matrix_20261002\FIG4_REVISED_MULTIMETRIC_WITH_RELATION_INDEX.csv
4,celegans_atanas2023,complete,biological_target_completion,joint_function+genes,spearman,0.2778314349724908,0.0637818078148145,0.21404962715767628,ABSOLUTE_SUPPORT,40.0,target=feat__r_pumping,analysis_workspace/results/manuscript\fig47_tool_matrix_20261002\FIG4_REVISED_MULTIMETRIC_WITH_RELATION_INDEX.csv
4,celegans_atanas2023,complete,biological_target_completion,joint_function+genes,auroc,0.6631313286492426,0.5478864071100238,0.11524492153921884,ABSOLUTE_SUPPORT,40.0,target=feat__r_pumping,analysis_workspace/results/manuscript\fig47_tool_matrix_20261002\FIG4_REVISED_MULTIMETRIC_WITH_RELATION_INDEX.csv
4,celegans_atanas2023,complete,biological_target_completion,joint_function+genes,auprc,0.6588252833716701,0.5510552700079969,0.1077700133636732,ABSOLUTE_SUPPORT,40.0,target=feat__r_pumping,analysis_workspace/results/manuscript\fig47_tool_matrix_20261002\FIG4_REVISED_MULTIMETRIC_WITH_RELATION_INDEX.csv
4,celegans_atanas2023,complete,biological_target_completion,joint_function+genes,heldunit_r2_win_fraction,1.0,,,PAIRED,40.0,target=feat__r_pumping,
4,celegans_atanas2023,relation_index,standardized_scalar_multivariate:type_l2,Zhao_relation_graph,zhao_relation_index,0.0017811809666249,,,MATCHED_NULL,40.0,BH_q=0.0008284057474219,
4,condylis2022,complete,biological_target_completion,joint_function+genes,r2,0.9999999879844884,0.9999999881952228,-2.1073442990626745e-10,ABSOLUTE_SUPPORT,9.0,target=feat__sample_passive_CCW,analysis_workspace/results/manuscript\fig47_tool_matrix_20261002\FIG4_REVISED_MULTIMETRIC_WITH_RELATION_INDEX.csv
4,condylis2022,complete,biological_target_completion,joint_function+genes,spearman,0.9999998865434075,0.9999998665216558,2.0021751701015944e-08,ABSOLUTE_SUPPORT,9.0,target=feat__sample_passive_CCW,analysis_workspace/results/manuscript\fig47_tool_matrix_20261002\FIG4_REVISED_MULTIMETRIC_WITH_RELATION_INDEX.csv
4,condylis2022,complete,biological_target_completion,joint_function+genes,auroc,1.0,1.0,0.0,ABSOLUTE_SUPPORT,9.0,target=feat__sample_passive_CCW,analysis_workspace/results/manuscript\fig47_tool_matrix_20261002\FIG4_REVISED_MULTIMETRIC_WITH_RELATION_INDEX.csv
4,condylis2022,complete,biological_target_completion,joint_function+genes,auprc,1.0,1.0,0.0,ABSOLUTE_SUPPORT,9.0,target=feat__sample_passive_CCW,analysis_workspace/results/manuscript\fig47_tool_matrix_20261002\FIG4_REVISED_MULTIMETRIC_WITH_RELATION_INDEX.csv
4,condylis2022,complete,biological_target_completion,joint_function+genes,heldunit_r2_win_fraction,0.0,,,PAIRED,9.0,target=feat__sample_passive_CCW,
4,condylis2022,relation_index,standardized_scalar_multivariate:type_l1,Zhao_relation_graph,zhao_relation_index,0.0,,,MATCHED_NULL,9.0,BH_q=1.0,
4,shainer2025,complete,biological_target_completion,joint_function+genes,r2,0.3996893835324245,0.4029916493642127,-0.0033022658317882203,ABSOLUTE_SUPPORT,6.0,target=feat__regsc_dot_large_ccw,analysis_workspace/results/manuscript\fig47_tool_matrix_20261002\FIG4_REVISED_MULTIMETRIC_WITH_RELATION_INDEX.csv
4,shainer2025,complete,biological_target_completion,joint_function+genes,spearman,0.5229334906950642,0.511198551693253,0.011734939001811218,ABSOLUTE_SUPPORT,6.0,target=feat__regsc_dot_large_ccw,analysis_workspace/results/manuscript\fig47_tool_matrix_20261002\FIG4_REVISED_MULTIMETRIC_WITH_RELATION_INDEX.csv
4,shainer2025,complete,biological_target_completion,joint_function+genes,auroc,0.8210384462940944,0.817143612101995,0.00389483419209935,ABSOLUTE_SUPPORT,6.0,target=feat__regsc_dot_large_ccw,analysis_workspace/results/manuscript\fig47_tool_matrix_20261002\FIG4_REVISED_MULTIMETRIC_WITH_RELATION_INDEX.csv
4,shainer2025,complete,biological_target_completion,joint_function+genes,auprc,0.8533792577462543,0.8539226353355316,-0.0005433775892772497,ABSOLUTE_SUPPORT,6.0,target=feat__regsc_dot_large_ccw,analysis_workspace/results/manuscript\fig47_tool_matrix_20261002\FIG4_REVISED_MULTIMETRIC_WITH_RELATION_INDEX.csv
4,shainer2025,complete,biological_target_completion,joint_function+genes,heldunit_r2_win_fraction,0.5,,,PAIRED,6.0,target=feat__regsc_dot_large_ccw,
4,shainer2025,relation_index,standardized_scalar_multivariate:type_l2,Zhao_relation_graph,zhao_relation_index,0.0399345517069247,,,MATCHED_NULL,6.0,BH_q=0.5855197434144802,
4,sorensen2026,complete,biological_target_completion,joint_function+genes,r2,0.060507495252178,-0.0172097380015692,0.0777172332537472,ABSOLUTE_SUPPORT,74.0,target=resp__ephys_latent__b00,analysis_workspace/results/manuscript\fig47_tool_matrix_20261002\FIG4_REVISED_MULTIMETRIC_WITH_RELATION_INDEX.csv
4,sorensen2026,complete,biological_target_completion,joint_function+genes,spearman,0.321978021978022,-0.1290068422143893,0.4509848641924113,ABSOLUTE_SUPPORT,74.0,target=resp__ephys_latent__b00,analysis_workspace/results/manuscript\fig47_tool_matrix_20261002\FIG4_REVISED_MULTIMETRIC_WITH_RELATION_INDEX.csv
4,sorensen2026,complete,biological_target_completion,joint_function+genes,auroc,0.7020408163265306,0.4285714285714285,0.2734693877551021,ABSOLUTE_SUPPORT,74.0,target=resp__ephys_latent__b00,analysis_workspace/results/manuscript\fig47_tool_matrix_20261002\FIG4_REVISED_MULTIMETRIC_WITH_RELATION_INDEX.csv
4,sorensen2026,complete,biological_target_completion,joint_function+genes,auprc,0.6485269467051239,0.439648297733594,0.2088786489715299,ABSOLUTE_SUPPORT,74.0,target=resp__ephys_latent__b00,analysis_workspace/results/manuscript\fig47_tool_matrix_20261002\FIG4_REVISED_MULTIMETRIC_WITH_RELATION_INDEX.csv
4,sorensen2026,complete,biological_target_completion,joint_function+genes,heldunit_r2_win_fraction,0.6,,,PAIRED,74.0,target=resp__ephys_latent__b00,
4,sorensen2026,relation_index,,Zhao_relation_graph,zhao_relation_index,,,,MATCHED_NULL,74.0,BH_q=nan,
4,warp2026,complete,biological_target_completion,joint_function+genes,r2,0.1704174327289761,0.155954276248985,0.014463156479991107,ABSOLUTE_SUPPORT,3.0,target=feat__r_omr_backward,analysis_workspace/results/manuscript\fig47_tool_matrix_20261002\FIG4_REVISED_MULTIMETRIC_WITH_RELATION_INDEX.csv
4,warp2026,complete,biological_target_completion,joint_function+genes,spearman,0.4407569644516337,0.4266514690232887,0.014105495428344994,ABSOLUTE_SUPPORT,3.0,target=feat__r_omr_backward,analysis_workspace/results/manuscript\fig47_tool_matrix_20261002\FIG4_REVISED_MULTIMETRIC_WITH_RELATION_INDEX.csv
4,warp2026,complete,biological_target_completion,joint_function+genes,auroc,0.7412631005542591,0.7320418059106821,0.009221294643577016,ABSOLUTE_SUPPORT,3.0,target=feat__r_omr_backward,analysis_workspace/results/manuscript\fig47_tool_matrix_20261002\FIG4_REVISED_MULTIMETRIC_WITH_RELATION_INDEX.csv
4,warp2026,complete,biological_target_completion,joint_function+genes,auprc,0.6957588349972047,0.6922332987840436,0.0035255362131610957,ABSOLUTE_SUPPORT,3.0,target=feat__r_omr_backward,analysis_workspace/results/manuscript\fig47_tool_matrix_20261002\FIG4_REVISED_MULTIMETRIC_WITH_RELATION_INDEX.csv
4,warp2026,complete,biological_target_completion,joint_function+genes,heldunit_r2_win_fraction,1.0,,,PAIRED,3.0,target=feat__r_omr_backward,
4,warp2026,relation_index,standardized_scalar_multivariate:type_l2,Zhao_relation_graph,zhao_relation_index,0.015197657969192,,,MATCHED_NULL,3.0,BH_q=0.0278344331133772,
4,xu2020,complete,biological_target_completion,joint_function+genes,r2,0.4857496128472306,0.4218462745648234,0.06390333828240724,ABSOLUTE_SUPPORT,3.0,target=state_mean__Ghrelin,analysis_workspace/results/manuscript\fig47_tool_matrix_20261002\FIG4_REVISED_MULTIMETRIC_WITH_RELATION_INDEX.csv
4,xu2020,complete,biological_target_completion,joint_function+genes,spearman,0.7022735042327546,0.6623965827089262,0.03987692152382838,ABSOLUTE_SUPPORT,3.0,target=state_mean__Ghrelin,analysis_workspace/results/manuscript\fig47_tool_matrix_20261002\FIG4_REVISED_MULTIMETRIC_WITH_RELATION_INDEX.csv
4,xu2020,complete,biological_target_completion,joint_function+genes,auroc,0.9465455498296794,0.9192942615075552,0.0272512883221242,ABSOLUTE_SUPPORT,3.0,target=state_mean__Ghrelin,analysis_workspace/results/manuscript\fig47_tool_matrix_20261002\FIG4_REVISED_MULTIMETRIC_WITH_RELATION_INDEX.csv
4,xu2020,complete,biological_target_completion,joint_function+genes,auprc,0.9484477594811972,0.9256214563913332,0.022826303089863997,ABSOLUTE_SUPPORT,3.0,target=state_mean__Ghrelin,analysis_workspace/results/manuscript\fig47_tool_matrix_20261002\FIG4_REVISED_MULTIMETRIC_WITH_RELATION_INDEX.csv
4,xu2020,complete,biological_target_completion,joint_function+genes,heldunit_r2_win_fraction,0.6666666666666666,,,PAIRED,3.0,target=state_mean__Ghrelin,
4,xu2020,relation_index,native_state_aggregated:type_l2,Zhao_relation_graph,zhao_relation_index,0.0411373260738052,,,MATCHED_NULL,3.0,BH_q=0.0416462162113031,
4,zhao2026,complete,biological_target_completion,joint_function+genes,r2,0.3314251368563274,0.366022642329415,-0.0345975054730876,ABSOLUTE_SUPPORT,9.0,target=feat__evoked_grating_right,analysis_workspace/results/manuscript\fig47_tool_matrix_20261002\FIG4_REVISED_MULTIMETRIC_WITH_RELATION_INDEX.csv
4,zhao2026,complete,biological_target_completion,joint_function+genes,spearman,0.4372147780298814,0.4801104499336444,-0.04289567190376298,ABSOLUTE_SUPPORT,9.0,target=feat__evoked_grating_right,analysis_workspace/results/manuscript\fig47_tool_matrix_20261002\FIG4_REVISED_MULTIMETRIC_WITH_RELATION_INDEX.csv
4,zhao2026,complete,biological_target_completion,joint_function+genes,auroc,0.7605251244907199,0.7818017202354006,-0.02127659574468077,ABSOLUTE_SUPPORT,9.0,target=feat__evoked_grating_right,analysis_workspace/results/manuscript\fig47_tool_matrix_20261002\FIG4_REVISED_MULTIMETRIC_WITH_RELATION_INDEX.csv
4,zhao2026,complete,biological_target_completion,joint_function+genes,auprc,0.8109940412274979,0.8244193846452399,-0.013425343417742042,ABSOLUTE_SUPPORT,9.0,target=feat__evoked_grating_right,analysis_workspace/results/manuscript\fig47_tool_matrix_20261002\FIG4_REVISED_MULTIMETRIC_WITH_RELATION_INDEX.csv
4,zhao2026,complete,biological_target_completion,joint_function+genes,heldunit_r2_win_fraction,0.2222222222222222,,,PAIRED,9.0,target=feat__evoked_grating_right,
4,zhao2026,relation_index,standardized_scalar_multivariate:type_l1,Zhao_relation_graph,zhao_relation_index,0.2631578947368421,,,MATCHED_NULL,9.0,BH_q=0.5777164012458131,
5,bugeon2022,operator,exact_24D_state_kernel,direct_ridge,r2,0.0092728239853505,,0.0,BASELINE,,domain=function; positive_delta_metrics=0.0/4.0,analysis_workspace/results/manuscript\fig5_exact_operator_replication_20261003\FIG5_ALL_DATASET_OPERATOR_CONTRACTS_MULTIMETRIC_20261003.csv
5,bugeon2022,operator,exact_24D_state_kernel,direct_ridge,spearman,0.0999607846699569,,0.0,BASELINE,,domain=function; positive_delta_metrics=0.0/4.0,analysis_workspace/results/manuscript\fig5_exact_operator_replication_20261003\FIG5_ALL_DATASET_OPERATOR_CONTRACTS_MULTIMETRIC_20261003.csv
5,bugeon2022,operator,exact_24D_state_kernel,direct_ridge,pearson,,,,BASELINE,,domain=function; positive_delta_metrics=0.0/4.0,analysis_workspace/results/manuscript\fig5_exact_operator_replication_20261003\FIG5_ALL_DATASET_OPERATOR_CONTRACTS_MULTIMETRIC_20261003.csv
5,bugeon2022,operator,exact_24D_state_kernel,direct_ridge,nrmse,0.9945064578886004,,,BASELINE,,domain=function; positive_delta_metrics=0.0/4.0,analysis_workspace/results/manuscript\fig5_exact_operator_replication_20261003\FIG5_ALL_DATASET_OPERATOR_CONTRACTS_MULTIMETRIC_20261003.csv
5,bugeon2022,operator,exact_24D_state_kernel,direct_ridge,auroc,0.5606708070348824,,0.0,BASELINE,,domain=function; positive_delta_metrics=0.0/4.0,analysis_workspace/results/manuscript\fig5_exact_operator_replication_20261003\FIG5_ALL_DATASET_OPERATOR_CONTRACTS_MULTIMETRIC_20261003.csv
5,bugeon2022,operator,exact_24D_state_kernel,direct_ridge,auprc,0.5631886542437122,,0.0,BASELINE,,domain=function; positive_delta_metrics=0.0/4.0,analysis_workspace/results/manuscript\fig5_exact_operator_replication_20261003\FIG5_ALL_DATASET_OPERATOR_CONTRACTS_MULTIMETRIC_20261003.csv
5,bugeon2022,operator,exact_24D_state_kernel,direct_ridge,geometry_spearman,,,,BASELINE,,domain=function; positive_delta_metrics=0.0/4.0,analysis_workspace/results/manuscript\fig5_exact_operator_replication_20261003\FIG5_ALL_DATASET_OPERATOR_CONTRACTS_MULTIMETRIC_20261003.csv
5,bugeon2022,operator,exact_24D_state_kernel,direct_ridge,heldunit_r2_win_fraction,,,,BASELINE,,,analysis_workspace/results/manuscript\fig5_exact_operator_replication_20261003\FIG5_ALL_DATASET_OPERATOR_CONTRACTS_MULTIMETRIC_20261003.csv
5,bugeon2022,operator,exact_24D_state_kernel,direct_ridge,heldunit_spearman_win_fraction,,,,BASELINE,,,analysis_workspace/results/manuscript\fig5_exact_operator_replication_20261003\FIG5_ALL_DATASET_OPERATOR_CONTRACTS_MULTIMETRIC_20261003.csv
5,bugeon2022,operator,exact_24D_state_kernel,direct_ridge,relation_index,0.1119402985074626,,,BASELINE,,,analysis_workspace/results/manuscript\fig5_exact_operator_replication_20261003\FIG5_ALL_DATASET_OPERATOR_CONTRACTS_MULTIMETRIC_20261003.csv
5,bugeon2022,operator,exact_24D_state_kernel,structured_gap,r2,0.0185205690432587,,0.0092477450579081,PRIMARY_MULTIMETRIC_SUPPORT,,domain=function; positive_delta_metrics=4.0/4.0,analysis_workspace/results/manuscript\fig5_exact_operator_replication_20261003\FIG5_ALL_DATASET_OPERATOR_CONTRACTS_MULTIMETRIC_20261003.csv
5,bugeon2022,operator,exact_24D_state_kernel,structured_gap,spearman,0.109404602519685,,0.0094438178497281,PRIMARY_MULTIMETRIC_SUPPORT,,domain=function; positive_delta_metrics=4.0/4.0,analysis_workspace/results/manuscript\fig5_exact_operator_replication_20261003\FIG5_ALL_DATASET_OPERATOR_CONTRACTS_MULTIMETRIC_20261003.csv
5,bugeon2022,operator,exact_24D_state_kernel,structured_gap,pearson,,,,PRIMARY_MULTIMETRIC_SUPPORT,,domain=function; positive_delta_metrics=4.0/4.0,analysis_workspace/results/manuscript\fig5_exact_operator_replication_20261003\FIG5_ALL_DATASET_OPERATOR_CONTRACTS_MULTIMETRIC_20261003.csv
5,bugeon2022,operator,exact_24D_state_kernel,structured_gap,nrmse,0.9898540647208128,,,PRIMARY_MULTIMETRIC_SUPPORT,,domain=function; positive_delta_metrics=4.0/4.0,analysis_workspace/results/manuscript\fig5_exact_operator_replication_20261003\FIG5_ALL_DATASET_OPERATOR_CONTRACTS_MULTIMETRIC_20261003.csv
5,bugeon2022,operator,exact_24D_state_kernel,structured_gap,auroc,0.5643497824996443,,0.0036789754647619,PRIMARY_MULTIMETRIC_SUPPORT,,domain=function; positive_delta_metrics=4.0/4.0,analysis_workspace/results/manuscript\fig5_exact_operator_replication_20261003\FIG5_ALL_DATASET_OPERATOR_CONTRACTS_MULTIMETRIC_20261003.csv
5,bugeon2022,operator,exact_24D_state_kernel,structured_gap,auprc,0.5700991777968557,,0.0069105235531434,PRIMARY_MULTIMETRIC_SUPPORT,,domain=function; positive_delta_metrics=4.0/4.0,analysis_workspace/results/manuscript\fig5_exact_operator_replication_20261003\FIG5_ALL_DATASET_OPERATOR_CONTRACTS_MULTIMETRIC_20261003.csv
5,bugeon2022,operator,exact_24D_state_kernel,structured_gap,geometry_spearman,,,,PRIMARY_MULTIMETRIC_SUPPORT,,domain=function; positive_delta_metrics=4.0/4.0,analysis_workspace/results/manuscript\fig5_exact_operator_replication_20261003\FIG5_ALL_DATASET_OPERATOR_CONTRACTS_MULTIMETRIC_20261003.csv
5,bugeon2022,operator,exact_24D_state_kernel,structured_gap,heldunit_r2_win_fraction,,,,PRIMARY_MULTIMETRIC_SUPPORT,,,analysis_workspace/results/manuscript\fig5_exact_operator_replication_20261003\FIG5_ALL_DATASET_OPERATOR_CONTRACTS_MULTIMETRIC_20261003.csv
5,bugeon2022,operator,exact_24D_state_kernel,structured_gap,heldunit_spearman_win_fraction,,,,PRIMARY_MULTIMETRIC_SUPPORT,,,analysis_workspace/results/manuscript\fig5_exact_operator_replication_20261003\FIG5_ALL_DATASET_OPERATOR_CONTRACTS_MULTIMETRIC_20261003.csv
5,bugeon2022,operator,exact_24D_state_kernel,structured_gap,relation_index,0.1119402985074626,,,PRIMARY_MULTIMETRIC_SUPPORT,,,analysis_workspace/results/manuscript\fig5_exact_operator_replication_20261003\FIG5_ALL_DATASET_OPERATOR_CONTRACTS_MULTIMETRIC_20261003.csv
5,condylis2022,operator,raw_multitarget_sameXY_sameFolds,direct_ridge,r2,-0.0390424355675588,,0.0,BASELINE,,domain=function; positive_delta_metrics=0.0/5.0,analysis_workspace/results/manuscript\fig5_exact_operator_replication_20261003\FIG5_ALL_DATASET_OPERATOR_CONTRACTS_MULTIMETRIC_20261003.csv
5,condylis2022,operator,raw_multitarget_sameXY_sameFolds,direct_ridge,spearman,-0.0989513843194813,,0.0,BASELINE,,domain=function; positive_delta_metrics=0.0/5.0,analysis_workspace/results/manuscript\fig5_exact_operator_replication_20261003\FIG5_ALL_DATASET_OPERATOR_CONTRACTS_MULTIMETRIC_20261003.csv
5,condylis2022,operator,raw_multitarget_sameXY_sameFolds,direct_ridge,pearson,-0.0749524619964291,,,BASELINE,,domain=function; positive_delta_metrics=0.0/5.0,analysis_workspace/results/manuscript\fig5_exact_operator_replication_20261003\FIG5_ALL_DATASET_OPERATOR_CONTRACTS_MULTIMETRIC_20261003.csv
5,condylis2022,operator,raw_multitarget_sameXY_sameFolds,direct_ridge,nrmse,1.0110115768094288,,,BASELINE,,domain=function; positive_delta_metrics=0.0/5.0,analysis_workspace/results/manuscript\fig5_exact_operator_replication_20261003\FIG5_ALL_DATASET_OPERATOR_CONTRACTS_MULTIMETRIC_20261003.csv
5,condylis2022,operator,raw_multitarget_sameXY_sameFolds,direct_ridge,auroc,0.4258439701683289,,0.0,BASELINE,,domain=function; positive_delta_metrics=0.0/5.0,analysis_workspace/results/manuscript\fig5_exact_operator_replication_20261003\FIG5_ALL_DATASET_OPERATOR_CONTRACTS_MULTIMETRIC_20261003.csv
5,condylis2022,operator,raw_multitarget_sameXY_sameFolds,direct_ridge,auprc,0.4542855717578369,,0.0,BASELINE,,domain=function; positive_delta_metrics=0.0/5.0,analysis_workspace/results/manuscript\fig5_exact_operator_replication_20261003\FIG5_ALL_DATASET_OPERATOR_CONTRACTS_MULTIMETRIC_20261003.csv
5,condylis2022,operator,raw_multitarget_sameXY_sameFolds,direct_ridge,geometry_spearman,0.0271370200838103,,0.0,BASELINE,,domain=function; positive_delta_metrics=0.0/5.0,analysis_workspace/results/manuscript\fig5_exact_operator_replication_20261003\FIG5_ALL_DATASET_OPERATOR_CONTRACTS_MULTIMETRIC_20261003.csv
5,condylis2022,operator,raw_multitarget_sameXY_sameFolds,direct_ridge,heldunit_r2_win_fraction,,,,BASELINE,,,analysis_workspace/results/manuscript\fig5_exact_operator_replication_20261003\FIG5_ALL_DATASET_OPERATOR_CONTRACTS_MULTIMETRIC_20261003.csv
5,condylis2022,operator,raw_multitarget_sameXY_sameFolds,direct_ridge,heldunit_spearman_win_fraction,,,,BASELINE,,,analysis_workspace/results/manuscript\fig5_exact_operator_replication_20261003\FIG5_ALL_DATASET_OPERATOR_CONTRACTS_MULTIMETRIC_20261003.csv
5,condylis2022,operator,raw_multitarget_sameXY_sameFolds,direct_ridge,relation_index,0.0,,,BASELINE,,,analysis_workspace/results/manuscript\fig5_exact_operator_replication_20261003\FIG5_ALL_DATASET_OPERATOR_CONTRACTS_MULTIMETRIC_20261003.csv
5,condylis2022,operator,raw_multitarget_sameXY_sameFolds,shared_operator,r2,-0.0363604914448561,,0.0026819441227027,BOUNDARY_OR_MIXED,,domain=function; positive_delta_metrics=1.0/5.0,analysis_workspace/results/manuscript\fig5_exact_operator_replication_20261003\FIG5_ALL_DATASET_OPERATOR_CONTRACTS_MULTIMETRIC_20261003.csv
5,condylis2022,operator,raw_multitarget_sameXY_sameFolds,shared_operator,spearman,-0.1570348609588009,,-0.0580834766393195,BOUNDARY_OR_MIXED,,domain=function; positive_delta_metrics=1.0/5.0,analysis_workspace/results/manuscript\fig5_exact_operator_replication_20261003\FIG5_ALL_DATASET_OPERATOR_CONTRACTS_MULTIMETRIC_20261003.csv
5,condylis2022,operator,raw_multitarget_sameXY_sameFolds,shared_operator,pearson,-0.1191393876850403,,,BOUNDARY_OR_MIXED,,domain=function; positive_delta_metrics=1.0/5.0,analysis_workspace/results/manuscript\fig5_exact_operator_replication_20261003\FIG5_ALL_DATASET_OPERATOR_CONTRACTS_MULTIMETRIC_20261003.csv
5,condylis2022,operator,raw_multitarget_sameXY_sameFolds,shared_operator,nrmse,1.0111249565950908,,,BOUNDARY_OR_MIXED,,domain=function; positive_delta_metrics=1.0/5.0,analysis_workspace/results/manuscript\fig5_exact_operator_replication_20261003\FIG5_ALL_DATASET_OPERATOR_CONTRACTS_MULTIMETRIC_20261003.csv
5,condylis2022,operator,raw_multitarget_sameXY_sameFolds,shared_operator,auroc,0.3857960841887289,,-0.0400478859796,BOUNDARY_OR_MIXED,,domain=function; positive_delta_metrics=1.0/5.0,analysis_workspace/results/manuscript\fig5_exact_operator_replication_20261003\FIG5_ALL_DATASET_OPERATOR_CONTRACTS_MULTIMETRIC_20261003.csv
5,condylis2022,operator,raw_multitarget_sameXY_sameFolds,shared_operator,auprc,0.4398092860725253,,-0.0144762856853116,BOUNDARY_OR_MIXED,,domain=function; positive_delta_metrics=1.0/5.0,analysis_workspace/results/manuscript\fig5_exact_operator_replication_20261003\FIG5_ALL_DATASET_OPERATOR_CONTRACTS_MULTIMETRIC_20261003.csv
5,condylis2022,operator,raw_multitarget_sameXY_sameFolds,shared_operator,geometry_spearman,0.0221644514332305,,-0.0049725686505798,BOUNDARY_OR_MIXED,,domain=function; positive_delta_metrics=1.0/5.0,analysis_workspace/results/manuscript\fig5_exact_operator_replication_20261003\FIG5_ALL_DATASET_OPERATOR_CONTRACTS_MULTIMETRIC_20261003.csv
5,condylis2022,operator,raw_multitarget_sameXY_sameFolds,shared_operator,heldunit_r2_win_fraction,0.4444444444444444,,,BOUNDARY_OR_MIXED,,,analysis_workspace/results/manuscript\fig5_exact_operator_replication_20261003\FIG5_ALL_DATASET_OPERATOR_CONTRACTS_MULTIMETRIC_20261003.csv
5,condylis2022,operator,raw_multitarget_sameXY_sameFolds,shared_operator,heldunit_spearman_win_fraction,0.2222222222222222,,,BOUNDARY_OR_MIXED,,,analysis_workspace/results/manuscript\fig5_exact_operator_replication_20261003\FIG5_ALL_DATASET_OPERATOR_CONTRACTS_MULTIMETRIC_20261003.csv
5,condylis2022,operator,raw_multitarget_sameXY_sameFolds,shared_operator,relation_index,0.0,,,BOUNDARY_OR_MIXED,,,analysis_workspace/results/manuscript\fig5_exact_operator_replication_20261003\FIG5_ALL_DATASET_OPERATOR_CONTRACTS_MULTIMETRIC_20261003.csv
5,condylis2022,operator,raw_multitarget_sameXY_sameFolds,lowrank_operator,r2,-0.0385646337674468,,0.0004778018001119,BOUNDARY_OR_MIXED,,domain=function; positive_delta_metrics=2.0/5.0,analysis_workspace/results/manuscript\fig5_exact_operator_replication_20261003\FIG5_ALL_DATASET_OPERATOR_CONTRACTS_MULTIMETRIC_20261003.csv
5,condylis2022,operator,raw_multitarget_sameXY_sameFolds,lowrank_operator,spearman,-0.1329740820078862,,-0.0340226976884049,BOUNDARY_OR_MIXED,,domain=function; positive_delta_metrics=2.0/5.0,analysis_workspace/results/manuscript\fig5_exact_operator_replication_20261003\FIG5_ALL_DATASET_OPERATOR_CONTRACTS_MULTIMETRIC_20261003.csv
5,condylis2022,operator,raw_multitarget_sameXY_sameFolds,lowrank_operator,pearson,-0.0913379749718552,,,BOUNDARY_OR_MIXED,,domain=function; positive_delta_metrics=2.0/5.0,analysis_workspace/results/manuscript\fig5_exact_operator_replication_20261003\FIG5_ALL_DATASET_OPERATOR_CONTRACTS_MULTIMETRIC_20261003.csv
5,condylis2022,operator,raw_multitarget_sameXY_sameFolds,lowrank_operator,nrmse,1.0117954014737065,,,BOUNDARY_OR_MIXED,,domain=function; positive_delta_metrics=2.0/5.0,analysis_workspace/results/manuscript\fig5_exact_operator_replication_20261003\FIG5_ALL_DATASET_OPERATOR_CONTRACTS_MULTIMETRIC_20261003.csv
5,condylis2022,operator,raw_multitarget_sameXY_sameFolds,lowrank_operator,auroc,0.4030870076924943,,-0.0227569624758346,BOUNDARY_OR_MIXED,,domain=function; positive_delta_metrics=2.0/5.0,analysis_workspace/results/manuscript\fig5_exact_operator_replication_20261003\FIG5_ALL_DATASET_OPERATOR_CONTRACTS_MULTIMETRIC_20261003.csv
5,condylis2022,operator,raw_multitarget_sameXY_sameFolds,lowrank_operator,auprc,0.4515652028428551,,-0.0027203689149817,BOUNDARY_OR_MIXED,,domain=function; positive_delta_metrics=2.0/5.0,analysis_workspace/results/manuscript\fig5_exact_operator_replication_20261003\FIG5_ALL_DATASET_OPERATOR_CONTRACTS_MULTIMETRIC_20261003.csv
5,condylis2022,operator,raw_multitarget_sameXY_sameFolds,lowrank_operator,geometry_spearman,0.0730644204266993,,0.045927400342889,BOUNDARY_OR_MIXED,,domain=function; positive_delta_metrics=2.0/5.0,analysis_workspace/results/manuscript\fig5_exact_operator_replication_20261003\FIG5_ALL_DATASET_OPERATOR_CONTRACTS_MULTIMETRIC_20261003.csv
5,condylis2022,operator,raw_multitarget_sameXY_sameFolds,lowrank_operator,heldunit_r2_win_fraction,0.3333333333333333,,,BOUNDARY_OR_MIXED,,,analysis_workspace/results/manuscript\fig5_exact_operator_replication_20261003\FIG5_ALL_DATASET_OPERATOR_CONTRACTS_MULTIMETRIC_20261003.csv
5,condylis2022,operator,raw_multitarget_sameXY_sameFolds,lowrank_operator,heldunit_spearman_win_fraction,0.1111111111111111,,,BOUNDARY_OR_MIXED,,,analysis_workspace/results/manuscript\fig5_exact_operator_replication_20261003\FIG5_ALL_DATASET_OPERATOR_CONTRACTS_MULTIMETRIC_20261003.csv
5,condylis2022,operator,raw_multitarget_sameXY_sameFolds,lowrank_operator,relation_index,0.0,,,BOUNDARY_OR_MIXED,,,analysis_workspace/results/manuscript\fig5_exact_operator_replication_20261003\FIG5_ALL_DATASET_OPERATOR_CONTRACTS_MULTIMETRIC_20261003.csv
5,shainer2025,operator,raw_multitarget_sameXY_sameFolds,direct_ridge,r2,-0.0112790325021585,,0.0,BASELINE,,domain=function; positive_delta_metrics=0.0/5.0,analysis_workspace/results/manuscript\fig5_exact_operator_replication_20261003\FIG5_ALL_DATASET_OPERATOR_CONTRACTS_MULTIMETRIC_20261003.csv
5,shainer2025,operator,raw_multitarget_sameXY_sameFolds,direct_ridge,spearman,-0.0173406434456678,,0.0,BASELINE,,domain=function; positive_delta_metrics=0.0/5.0,analysis_workspace/results/manuscript\fig5_exact_operator_replication_20261003\FIG5_ALL_DATASET_OPERATOR_CONTRACTS_MULTIMETRIC_20261003.csv
5,shainer2025,operator,raw_multitarget_sameXY_sameFolds,direct_ridge,pearson,-0.0239265864377892,,,BASELINE,,domain=function; positive_delta_metrics=0.0/5.0,analysis_workspace/results/manuscript\fig5_exact_operator_replication_20261003\FIG5_ALL_DATASET_OPERATOR_CONTRACTS_MULTIMETRIC_20261003.csv
5,shainer2025,operator,raw_multitarget_sameXY_sameFolds,direct_ridge,nrmse,1.006978624525424,,,BASELINE,,domain=function; positive_delta_metrics=0.0/5.0,analysis_workspace/results/manuscript\fig5_exact_operator_replication_20261003\FIG5_ALL_DATASET_OPERATOR_CONTRACTS_MULTIMETRIC_20261003.csv
5,shainer2025,operator,raw_multitarget_sameXY_sameFolds,direct_ridge,auroc,0.4869487382745409,,0.0,BASELINE,,domain=function; positive_delta_metrics=0.0/5.0,analysis_workspace/results/manuscript\fig5_exact_operator_replication_20261003\FIG5_ALL_DATASET_OPERATOR_CONTRACTS_MULTIMETRIC_20261003.csv
5,shainer2025,operator,raw_multitarget_sameXY_sameFolds,direct_ridge,auprc,0.4963382650582253,,0.0,BASELINE,,domain=function; positive_delta_metrics=0.0/5.0,analysis_workspace/results/manuscript\fig5_exact_operator_replication_20261003\FIG5_ALL_DATASET_OPERATOR_CONTRACTS_MULTIMETRIC_20261003.csv
5,shainer2025,operator,raw_multitarget_sameXY_sameFolds,direct_ridge,geometry_spearman,0.1015149189256321,,0.0,BASELINE,,domain=function; positive_delta_metrics=0.0/5.0,analysis_workspace/results/manuscript\fig5_exact_operator_replication_20261003\FIG5_ALL_DATASET_OPERATOR_CONTRACTS_MULTIMETRIC_20261003.csv
5,shainer2025,operator,raw_multitarget_sameXY_sameFolds,direct_ridge,heldunit_r2_win_fraction,,,,BASELINE,,,analysis_workspace/results/manuscript\fig5_exact_operator_replication_20261003\FIG5_ALL_DATASET_OPERATOR_CONTRACTS_MULTIMETRIC_20261003.csv
5,shainer2025,operator,raw_multitarget_sameXY_sameFolds,direct_ridge,heldunit_spearman_win_fraction,,,,BASELINE,,,analysis_workspace/results/manuscript\fig5_exact_operator_replication_20261003\FIG5_ALL_DATASET_OPERATOR_CONTRACTS_MULTIMETRIC_20261003.csv
5,shainer2025,operator,raw_multitarget_sameXY_sameFolds,direct_ridge,relation_index,0.0399345517069247,,,BASELINE,,,analysis_workspace/results/manuscript\fig5_exact_operator_replication_20261003\FIG5_ALL_DATASET_OPERATOR_CONTRACTS_MULTIMETRIC_20261003.csv
5,shainer2025,operator,raw_multitarget_sameXY_sameFolds,shared_operator,r2,-0.0117487285282116,,-0.000469696026053,BOUNDARY_OR_MIXED,,domain=function; positive_delta_metrics=0.0/5.0,analysis_workspace/results/manuscript\fig5_exact_operator_replication_20261003\FIG5_ALL_DATASET_OPERATOR_CONTRACTS_MULTIMETRIC_20261003.csv
5,shainer2025,operator,raw_multitarget_sameXY_sameFolds,shared_operator,spearman,-0.046621809346751,,-0.0292811659010832,BOUNDARY_OR_MIXED,,domain=function; positive_delta_metrics=0.0/5.0,analysis_workspace/results/manuscript\fig5_exact_operator_replication_20261003\FIG5_ALL_DATASET_OPERATOR_CONTRACTS_MULTIMETRIC_20261003.csv
5,shainer2025,operator,raw_multitarget_sameXY_sameFolds,shared_operator,pearson,-0.0678476295708423,,,BOUNDARY_OR_MIXED,,domain=function; positive_delta_metrics=0.0/5.0,analysis_workspace/results/manuscript\fig5_exact_operator_replication_20261003\FIG5_ALL_DATASET_OPERATOR_CONTRACTS_MULTIMETRIC_20261003.csv
5,shainer2025,operator,raw_multitarget_sameXY_sameFolds,shared_operator,nrmse,1.0072119964372035,,,BOUNDARY_OR_MIXED,,domain=function; positive_delta_metrics=0.0/5.0,analysis_workspace/results/manuscript\fig5_exact_operator_replication_20261003\FIG5_ALL_DATASET_OPERATOR_CONTRACTS_MULTIMETRIC_20261003.csv
5,shainer2025,operator,raw_multitarget_sameXY_sameFolds,shared_operator,auroc,0.469182851103184,,-0.0177658871713569,BOUNDARY_OR_MIXED,,domain=function; positive_delta_metrics=0.0/5.0,analysis_workspace/results/manuscript\fig5_exact_operator_replication_20261003\FIG5_ALL_DATASET_OPERATOR_CONTRACTS_MULTIMETRIC_20261003.csv
5,shainer2025,operator,raw_multitarget_sameXY_sameFolds,shared_operator,auprc,0.4795332629719273,,-0.016805002086298,BOUNDARY_OR_MIXED,,domain=function; positive_delta_metrics=0.0/5.0,analysis_workspace/results/manuscript\fig5_exact_operator_replication_20261003\FIG5_ALL_DATASET_OPERATOR_CONTRACTS_MULTIMETRIC_20261003.csv
5,shainer2025,operator,raw_multitarget_sameXY_sameFolds,shared_operator,geometry_spearman,0.0635100498995239,,-0.0380048690261081,BOUNDARY_OR_MIXED,,domain=function; positive_delta_metrics=0.0/5.0,analysis_workspace/results/manuscript\fig5_exact_operator_replication_20261003\FIG5_ALL_DATASET_OPERATOR_CONTRACTS_MULTIMETRIC_20261003.csv
5,shainer2025,operator,raw_multitarget_sameXY_sameFolds,shared_operator,heldunit_r2_win_fraction,0.6666666666666666,,,BOUNDARY_OR_MIXED,,,analysis_workspace/results/manuscript\fig5_exact_operator_replication_20261003\FIG5_ALL_DATASET_OPERATOR_CONTRACTS_MULTIMETRIC_20261003.csv
5,shainer2025,operator,raw_multitarget_sameXY_sameFolds,shared_operator,heldunit_spearman_win_fraction,0.5,,,BOUNDARY_OR_MIXED,,,analysis_workspace/results/manuscript\fig5_exact_operator_replication_20261003\FIG5_ALL_DATASET_OPERATOR_CONTRACTS_MULTIMETRIC_20261003.csv
5,shainer2025,operator,raw_multitarget_sameXY_sameFolds,shared_operator,relation_index,0.0399345517069247,,,BOUNDARY_OR_MIXED,,,analysis_workspace/results/manuscript\fig5_exact_operator_replication_20261003\FIG5_ALL_DATASET_OPERATOR_CONTRACTS_MULTIMETRIC_20261003.csv
5,shainer2025,operator,raw_multitarget_sameXY_sameFolds,lowrank_operator,r2,-0.0109159870536967,,0.0003630454484618,BOUNDARY_OR_MIXED,,domain=function; positive_delta_metrics=1.0/5.0,analysis_workspace/results/manuscript\fig5_exact_operator_replication_20261003\FIG5_ALL_DATASET_OPERATOR_CONTRACTS_MULTIMETRIC_20261003.csv
5,shainer2025,operator,raw_multitarget_sameXY_sameFolds,lowrank_operator,spearman,-0.0524950185990776,,-0.0351543751534098,BOUNDARY_OR_MIXED,,domain=function; positive_delta_metrics=1.0/5.0,analysis_workspace/results/manuscript\fig5_exact_operator_replication_20261003\FIG5_ALL_DATASET_OPERATOR_CONTRACTS_MULTIMETRIC_20261003.csv
5,shainer2025,operator,raw_multitarget_sameXY_sameFolds,lowrank_operator,pearson,-0.0713101076884073,,,BOUNDARY_OR_MIXED,,domain=function; positive_delta_metrics=1.0/5.0,analysis_workspace/results/manuscript\fig5_exact_operator_replication_20261003\FIG5_ALL_DATASET_OPERATOR_CONTRACTS_MULTIMETRIC_20261003.csv
5,shainer2025,operator,raw_multitarget_sameXY_sameFolds,lowrank_operator,nrmse,1.0070523228123724,,,BOUNDARY_OR_MIXED,,domain=function; positive_delta_metrics=1.0/5.0,analysis_workspace/results/manuscript\fig5_exact_operator_replication_20261003\FIG5_ALL_DATASET_OPERATOR_CONTRACTS_MULTIMETRIC_20261003.csv
5,shainer2025,operator,raw_multitarget_sameXY_sameFolds,lowrank_operator,auroc,0.4652899986788215,,-0.0216587395957194,BOUNDARY_OR_MIXED,,domain=function; positive_delta_metrics=1.0/5.0,analysis_workspace/results/manuscript\fig5_exact_operator_replication_20261003\FIG5_ALL_DATASET_OPERATOR_CONTRACTS_MULTIMETRIC_20261003.csv
5,shainer2025,operator,raw_multitarget_sameXY_sameFolds,lowrank_operator,auprc,0.4780855595163815,,-0.0182527055418438,BOUNDARY_OR_MIXED,,domain=function; positive_delta_metrics=1.0/5.0,analysis_workspace/results/manuscript\fig5_exact_operator_replication_20261003\FIG5_ALL_DATASET_OPERATOR_CONTRACTS_MULTIMETRIC_20261003.csv
5,shainer2025,operator,raw_multitarget_sameXY_sameFolds,lowrank_operator,geometry_spearman,0.0604200833393236,,-0.0410948355863084,BOUNDARY_OR_MIXED,,domain=function; positive_delta_metrics=1.0/5.0,analysis_workspace/results/manuscript\fig5_exact_operator_replication_20261003\FIG5_ALL_DATASET_OPERATOR_CONTRACTS_MULTIMETRIC_20261003.csv
5,shainer2025,operator,raw_multitarget_sameXY_sameFolds,lowrank_operator,heldunit_r2_win_fraction,0.5,,,BOUNDARY_OR_MIXED,,,analysis_workspace/results/manuscript\fig5_exact_operator_replication_20261003\FIG5_ALL_DATASET_OPERATOR_CONTRACTS_MULTIMETRIC_20261003.csv
5,shainer2025,operator,raw_multitarget_sameXY_sameFolds,lowrank_operator,heldunit_spearman_win_fraction,0.3333333333333333,,,BOUNDARY_OR_MIXED,,,analysis_workspace/results/manuscript\fig5_exact_operator_replication_20261003\FIG5_ALL_DATASET_OPERATOR_CONTRACTS_MULTIMETRIC_20261003.csv
5,shainer2025,operator,raw_multitarget_sameXY_sameFolds,lowrank_operator,relation_index,0.0399345517069247,,,BOUNDARY_OR_MIXED,,,analysis_workspace/results/manuscript\fig5_exact_operator_replication_20261003\FIG5_ALL_DATASET_OPERATOR_CONTRACTS_MULTIMETRIC_20261003.csv
5,warp2026_d2,operator,raw_multitarget_sameXY_sameFolds,direct_ridge,r2,-0.0158582088131432,,0.0,BASELINE,,domain=function; positive_delta_metrics=0.0/5.0,analysis_workspace/results/manuscript\fig5_exact_operator_replication_20261003\FIG5_ALL_DATASET_OPERATOR_CONTRACTS_MULTIMETRIC_20261003.csv
5,warp2026_d2,operator,raw_multitarget_sameXY_sameFolds,direct_ridge,spearman,-0.0456026430527049,,0.0,BASELINE,,domain=function; positive_delta_metrics=0.0/5.0,analysis_workspace/results/manuscript\fig5_exact_operator_replication_20261003\FIG5_ALL_DATASET_OPERATOR_CONTRACTS_MULTIMETRIC_20261003.csv
5,warp2026_d2,operator,raw_multitarget_sameXY_sameFolds,direct_ridge,pearson,-0.0382211383081642,,,BASELINE,,domain=function; positive_delta_metrics=0.0/5.0,analysis_workspace/results/manuscript\fig5_exact_operator_replication_20261003\FIG5_ALL_DATASET_OPERATOR_CONTRACTS_MULTIMETRIC_20261003.csv
5,warp2026_d2,operator,raw_multitarget_sameXY_sameFolds,direct_ridge,nrmse,1.0105123130649636,,,BASELINE,,domain=function; positive_delta_metrics=0.0/5.0,analysis_workspace/results/manuscript\fig5_exact_operator_replication_20261003\FIG5_ALL_DATASET_OPERATOR_CONTRACTS_MULTIMETRIC_20261003.csv
5,warp2026_d2,operator,raw_multitarget_sameXY_sameFolds,direct_ridge,auroc,0.4685457591228846,,0.0,BASELINE,,domain=function; positive_delta_metrics=0.0/5.0,analysis_workspace/results/manuscript\fig5_exact_operator_replication_20261003\FIG5_ALL_DATASET_OPERATOR_CONTRACTS_MULTIMETRIC_20261003.csv
5,warp2026_d2,operator,raw_multitarget_sameXY_sameFolds,direct_ridge,auprc,0.4817680583912557,,0.0,BASELINE,,domain=function; positive_delta_metrics=0.0/5.0,analysis_workspace/results/manuscript\fig5_exact_operator_replication_20261003\FIG5_ALL_DATASET_OPERATOR_CONTRACTS_MULTIMETRIC_20261003.csv
5,warp2026_d2,operator,raw_multitarget_sameXY_sameFolds,direct_ridge,geometry_spearman,0.0437771287007329,,0.0,BASELINE,,domain=function; positive_delta_metrics=0.0/5.0,analysis_workspace/results/manuscript\fig5_exact_operator_replication_20261003\FIG5_ALL_DATASET_OPERATOR_CONTRACTS_MULTIMETRIC_20261003.csv
5,warp2026_d2,operator,raw_multitarget_sameXY_sameFolds,direct_ridge,heldunit_r2_win_fraction,,,,BASELINE,,,analysis_workspace/results/manuscript\fig5_exact_operator_replication_20261003\FIG5_ALL_DATASET_OPERATOR_CONTRACTS_MULTIMETRIC_20261003.csv
5,warp2026_d2,operator,raw_multitarget_sameXY_sameFolds,direct_ridge,heldunit_spearman_win_fraction,,,,BASELINE,,,analysis_workspace/results/manuscript\fig5_exact_operator_replication_20261003\FIG5_ALL_DATASET_OPERATOR_CONTRACTS_MULTIMETRIC_20261003.csv
5,warp2026_d2,operator,raw_multitarget_sameXY_sameFolds,direct_ridge,relation_index,,,,BASELINE,,,analysis_workspace/results/manuscript\fig5_exact_operator_replication_20261003\FIG5_ALL_DATASET_OPERATOR_CONTRACTS_MULTIMETRIC_20261003.csv
5,warp2026_d2,operator,raw_multitarget_sameXY_sameFolds,shared_operator,r2,-0.0158204262597529,,3.7782553390302426e-05,BOUNDARY_OR_MIXED,,domain=function; positive_delta_metrics=1.0/5.0,analysis_workspace/results/manuscript\fig5_exact_operator_replication_20261003\FIG5_ALL_DATASET_OPERATOR_CONTRACTS_MULTIMETRIC_20261003.csv
5,warp2026_d2,operator,raw_multitarget_sameXY_sameFolds,shared_operator,spearman,-0.0457068172658158,,-0.0001041742131108,BOUNDARY_OR_MIXED,,domain=function; positive_delta_metrics=1.0/5.0,analysis_workspace/results/manuscript\fig5_exact_operator_replication_20261003\FIG5_ALL_DATASET_OPERATOR_CONTRACTS_MULTIMETRIC_20261003.csv
5,warp2026_d2,operator,raw_multitarget_sameXY_sameFolds,shared_operator,pearson,-0.0383324652848187,,,BOUNDARY_OR_MIXED,,domain=function; positive_delta_metrics=1.0/5.0,analysis_workspace/results/manuscript\fig5_exact_operator_replication_20261003\FIG5_ALL_DATASET_OPERATOR_CONTRACTS_MULTIMETRIC_20261003.csv
5,warp2026_d2,operator,raw_multitarget_sameXY_sameFolds,shared_operator,nrmse,1.010487214799883,,,BOUNDARY_OR_MIXED,,domain=function; positive_delta_metrics=1.0/5.0,analysis_workspace/results/manuscript\fig5_exact_operator_replication_20261003\FIG5_ALL_DATASET_OPERATOR_CONTRACTS_MULTIMETRIC_20261003.csv
5,warp2026_d2,operator,raw_multitarget_sameXY_sameFolds,shared_operator,auroc,0.4684693554528226,,-7.640367006200854e-05,BOUNDARY_OR_MIXED,,domain=function; positive_delta_metrics=1.0/5.0,analysis_workspace/results/manuscript\fig5_exact_operator_replication_20261003\FIG5_ALL_DATASET_OPERATOR_CONTRACTS_MULTIMETRIC_20261003.csv
5,warp2026_d2,operator,raw_multitarget_sameXY_sameFolds,shared_operator,auprc,0.481683575820806,,-8.448257044968432e-05,BOUNDARY_OR_MIXED,,domain=function; positive_delta_metrics=1.0/5.0,analysis_workspace/results/manuscript\fig5_exact_operator_replication_20261003\FIG5_ALL_DATASET_OPERATOR_CONTRACTS_MULTIMETRIC_20261003.csv
5,warp2026_d2,operator,raw_multitarget_sameXY_sameFolds,shared_operator,geometry_spearman,0.0426498928950711,,-0.0011272358056617,BOUNDARY_OR_MIXED,,domain=function; positive_delta_metrics=1.0/5.0,analysis_workspace/results/manuscript\fig5_exact_operator_replication_20261003\FIG5_ALL_DATASET_OPERATOR_CONTRACTS_MULTIMETRIC_20261003.csv
5,warp2026_d2,operator,raw_multitarget_sameXY_sameFolds,shared_operator,heldunit_r2_win_fraction,1.0,,,BOUNDARY_OR_MIXED,,,analysis_workspace/results/manuscript\fig5_exact_operator_replication_20261003\FIG5_ALL_DATASET_OPERATOR_CONTRACTS_MULTIMETRIC_20261003.csv
5,warp2026_d2,operator,raw_multitarget_sameXY_sameFolds,shared_operator,heldunit_spearman_win_fraction,0.3333333333333333,,,BOUNDARY_OR_MIXED,,,analysis_workspace/results/manuscript\fig5_exact_operator_replication_20261003\FIG5_ALL_DATASET_OPERATOR_CONTRACTS_MULTIMETRIC_20261003.csv
5,warp2026_d2,operator,raw_multitarget_sameXY_sameFolds,shared_operator,relation_index,,,,BOUNDARY_OR_MIXED,,,analysis_workspace/results/manuscript\fig5_exact_operator_replication_20261003\FIG5_ALL_DATASET_OPERATOR_CONTRACTS_MULTIMETRIC_20261003.csv
5,warp2026_d2,operator,raw_multitarget_sameXY_sameFolds,lowrank_operator,r2,-0.0184275762410444,,-0.0025693674279012,BOUNDARY_OR_MIXED,,domain=function; positive_delta_metrics=0.0/5.0,analysis_workspace/results/manuscript\fig5_exact_operator_replication_20261003\FIG5_ALL_DATASET_OPERATOR_CONTRACTS_MULTIMETRIC_20261003.csv
5,warp2026_d2,operator,raw_multitarget_sameXY_sameFolds,lowrank_operator,spearman,-0.0656327368136229,,-0.020030093760918,BOUNDARY_OR_MIXED,,domain=function; positive_delta_metrics=0.0/5.0,analysis_workspace/results/manuscript\fig5_exact_operator_replication_20261003\FIG5_ALL_DATASET_OPERATOR_CONTRACTS_MULTIMETRIC_20261003.csv
5,warp2026_d2,operator,raw_multitarget_sameXY_sameFolds,lowrank_operator,pearson,-0.0580196979866789,,,BOUNDARY_OR_MIXED,,domain=function; positive_delta_metrics=0.0/5.0,analysis_workspace/results/manuscript\fig5_exact_operator_replication_20261003\FIG5_ALL_DATASET_OPERATOR_CONTRACTS_MULTIMETRIC_20261003.csv
5,warp2026_d2,operator,raw_multitarget_sameXY_sameFolds,lowrank_operator,nrmse,1.0107866004200343,,,BOUNDARY_OR_MIXED,,domain=function; positive_delta_metrics=0.0/5.0,analysis_workspace/results/manuscript\fig5_exact_operator_replication_20261003\FIG5_ALL_DATASET_OPERATOR_CONTRACTS_MULTIMETRIC_20261003.csv
5,warp2026_d2,operator,raw_multitarget_sameXY_sameFolds,lowrank_operator,auroc,0.4555494667477244,,-0.0129962923751602,BOUNDARY_OR_MIXED,,domain=function; positive_delta_metrics=0.0/5.0,analysis_workspace/results/manuscript\fig5_exact_operator_replication_20261003\FIG5_ALL_DATASET_OPERATOR_CONTRACTS_MULTIMETRIC_20261003.csv
5,warp2026_d2,operator,raw_multitarget_sameXY_sameFolds,lowrank_operator,auprc,0.4718825005115901,,-0.0098855578796656,BOUNDARY_OR_MIXED,,domain=function; positive_delta_metrics=0.0/5.0,analysis_workspace/results/manuscript\fig5_exact_operator_replication_20261003\FIG5_ALL_DATASET_OPERATOR_CONTRACTS_MULTIMETRIC_20261003.csv
5,warp2026_d2,operator,raw_multitarget_sameXY_sameFolds,lowrank_operator,geometry_spearman,0.0382981378744423,,-0.0054789908262906,BOUNDARY_OR_MIXED,,domain=function; positive_delta_metrics=0.0/5.0,analysis_workspace/results/manuscript\fig5_exact_operator_replication_20261003\FIG5_ALL_DATASET_OPERATOR_CONTRACTS_MULTIMETRIC_20261003.csv
5,warp2026_d2,operator,raw_multitarget_sameXY_sameFolds,lowrank_operator,heldunit_r2_win_fraction,0.3333333333333333,,,BOUNDARY_OR_MIXED,,,analysis_workspace/results/manuscript\fig5_exact_operator_replication_20261003\FIG5_ALL_DATASET_OPERATOR_CONTRACTS_MULTIMETRIC_20261003.csv
5,warp2026_d2,operator,raw_multitarget_sameXY_sameFolds,lowrank_operator,heldunit_spearman_win_fraction,0.0,,,BOUNDARY_OR_MIXED,,,analysis_workspace/results/manuscript\fig5_exact_operator_replication_20261003\FIG5_ALL_DATASET_OPERATOR_CONTRACTS_MULTIMETRIC_20261003.csv
5,warp2026_d2,operator,raw_multitarget_sameXY_sameFolds,lowrank_operator,relation_index,,,,BOUNDARY_OR_MIXED,,,analysis_workspace/results/manuscript\fig5_exact_operator_replication_20261003\FIG5_ALL_DATASET_OPERATOR_CONTRACTS_MULTIMETRIC_20261003.csv
5,warp2026,operator,raw_multitarget_sameXY_sameFolds,direct_ridge,r2,-0.0454185495182146,,0.0,BASELINE,,domain=function; positive_delta_metrics=0.0/5.0,analysis_workspace/results/manuscript\fig5_exact_operator_replication_20261003\FIG5_ALL_DATASET_OPERATOR_CONTRACTS_MULTIMETRIC_20261003.csv
5,warp2026,operator,raw_multitarget_sameXY_sameFolds,direct_ridge,spearman,0.0066491578096496,,0.0,BASELINE,,domain=function; positive_delta_metrics=0.0/5.0,analysis_workspace/results/manuscript\fig5_exact_operator_replication_20261003\FIG5_ALL_DATASET_OPERATOR_CONTRACTS_MULTIMETRIC_20261003.csv
5,warp2026,operator,raw_multitarget_sameXY_sameFolds,direct_ridge,pearson,0.0156793099372981,,,BASELINE,,domain=function; positive_delta_metrics=0.0/5.0,analysis_workspace/results/manuscript\fig5_exact_operator_replication_20261003\FIG5_ALL_DATASET_OPERATOR_CONTRACTS_MULTIMETRIC_20261003.csv
5,warp2026,operator,raw_multitarget_sameXY_sameFolds,direct_ridge,nrmse,1.011236562784084,,,BASELINE,,domain=function; positive_delta_metrics=0.0/5.0,analysis_workspace/results/manuscript\fig5_exact_operator_replication_20261003\FIG5_ALL_DATASET_OPERATOR_CONTRACTS_MULTIMETRIC_20261003.csv
5,warp2026,operator,raw_multitarget_sameXY_sameFolds,direct_ridge,auroc,0.5021149264877856,,0.0,BASELINE,,domain=function; positive_delta_metrics=0.0/5.0,analysis_workspace/results/manuscript\fig5_exact_operator_replication_20261003\FIG5_ALL_DATASET_OPERATOR_CONTRACTS_MULTIMETRIC_20261003.csv
5,warp2026,operator,raw_multitarget_sameXY_sameFolds,direct_ridge,auprc,0.5113462864866342,,0.0,BASELINE,,domain=function; positive_delta_metrics=0.0/5.0,analysis_workspace/results/manuscript\fig5_exact_operator_replication_20261003\FIG5_ALL_DATASET_OPERATOR_CONTRACTS_MULTIMETRIC_20261003.csv
5,warp2026,operator,raw_multitarget_sameXY_sameFolds,direct_ridge,geometry_spearman,0.0228462717897103,,0.0,BASELINE,,domain=function; positive_delta_metrics=0.0/5.0,analysis_workspace/results/manuscript\fig5_exact_operator_replication_20261003\FIG5_ALL_DATASET_OPERATOR_CONTRACTS_MULTIMETRIC_20261003.csv
5,warp2026,operator,raw_multitarget_sameXY_sameFolds,direct_ridge,heldunit_r2_win_fraction,,,,BASELINE,,,analysis_workspace/results/manuscript\fig5_exact_operator_replication_20261003\FIG5_ALL_DATASET_OPERATOR_CONTRACTS_MULTIMETRIC_20261003.csv
5,warp2026,operator,raw_multitarget_sameXY_sameFolds,direct_ridge,heldunit_spearman_win_fraction,,,,BASELINE,,,analysis_workspace/results/manuscript\fig5_exact_operator_replication_20261003\FIG5_ALL_DATASET_OPERATOR_CONTRACTS_MULTIMETRIC_20261003.csv
5,warp2026,operator,raw_multitarget_sameXY_sameFolds,direct_ridge,relation_index,0.015197657969192,,,BASELINE,,,analysis_workspace/results/manuscript\fig5_exact_operator_replication_20261003\FIG5_ALL_DATASET_OPERATOR_CONTRACTS_MULTIMETRIC_20261003.csv
5,warp2026,operator,raw_multitarget_sameXY_sameFolds,shared_operator,r2,-0.0453527240964312,,6.58254217833984e-05,BOUNDARY_OR_MIXED,,domain=function; positive_delta_metrics=2.0/5.0,analysis_workspace/results/manuscript\fig5_exact_operator_replication_20261003\FIG5_ALL_DATASET_OPERATOR_CONTRACTS_MULTIMETRIC_20261003.csv
5,warp2026,operator,raw_multitarget_sameXY_sameFolds,shared_operator,spearman,0.0066332180423161,,-1.5939767333500096e-05,BOUNDARY_OR_MIXED,,domain=function; positive_delta_metrics=2.0/5.0,analysis_workspace/results/manuscript\fig5_exact_operator_replication_20261003\FIG5_ALL_DATASET_OPERATOR_CONTRACTS_MULTIMETRIC_20261003.csv
5,warp2026,operator,raw_multitarget_sameXY_sameFolds,shared_operator,pearson,0.0157583889052037,,,BOUNDARY_OR_MIXED,,domain=function; positive_delta_metrics=2.0/5.0,analysis_workspace/results/manuscript\fig5_exact_operator_replication_20261003\FIG5_ALL_DATASET_OPERATOR_CONTRACTS_MULTIMETRIC_20261003.csv
5,warp2026,operator,raw_multitarget_sameXY_sameFolds,shared_operator,nrmse,1.011201292820136,,,BOUNDARY_OR_MIXED,,domain=function; positive_delta_metrics=2.0/5.0,analysis_workspace/results/manuscript\fig5_exact_operator_replication_20261003\FIG5_ALL_DATASET_OPERATOR_CONTRACTS_MULTIMETRIC_20261003.csv
5,warp2026,operator,raw_multitarget_sameXY_sameFolds,shared_operator,auroc,0.5020886142867431,,-2.631220104243326e-05,BOUNDARY_OR_MIXED,,domain=function; positive_delta_metrics=2.0/5.0,analysis_workspace/results/manuscript\fig5_exact_operator_replication_20261003\FIG5_ALL_DATASET_OPERATOR_CONTRACTS_MULTIMETRIC_20261003.csv
5,warp2026,operator,raw_multitarget_sameXY_sameFolds,shared_operator,auprc,0.5112793927270901,,-6.689375954405108e-05,BOUNDARY_OR_MIXED,,domain=function; positive_delta_metrics=2.0/5.0,analysis_workspace/results/manuscript\fig5_exact_operator_replication_20261003\FIG5_ALL_DATASET_OPERATOR_CONTRACTS_MULTIMETRIC_20261003.csv
5,warp2026,operator,raw_multitarget_sameXY_sameFolds,shared_operator,geometry_spearman,0.0232405931269471,,0.0003943213372368,BOUNDARY_OR_MIXED,,domain=function; positive_delta_metrics=2.0/5.0,analysis_workspace/results/manuscript\fig5_exact_operator_replication_20261003\FIG5_ALL_DATASET_OPERATOR_CONTRACTS_MULTIMETRIC_20261003.csv
5,warp2026,operator,raw_multitarget_sameXY_sameFolds,shared_operator,heldunit_r2_win_fraction,0.3333333333333333,,,BOUNDARY_OR_MIXED,,,analysis_workspace/results/manuscript\fig5_exact_operator_replication_20261003\FIG5_ALL_DATASET_OPERATOR_CONTRACTS_MULTIMETRIC_20261003.csv
5,warp2026,operator,raw_multitarget_sameXY_sameFolds,shared_operator,heldunit_spearman_win_fraction,0.0,,,BOUNDARY_OR_MIXED,,,analysis_workspace/results/manuscript\fig5_exact_operator_replication_20261003\FIG5_ALL_DATASET_OPERATOR_CONTRACTS_MULTIMETRIC_20261003.csv
5,warp2026,operator,raw_multitarget_sameXY_sameFolds,shared_operator,relation_index,0.015197657969192,,,BOUNDARY_OR_MIXED,,,analysis_workspace/results/manuscript\fig5_exact_operator_replication_20261003\FIG5_ALL_DATASET_OPERATOR_CONTRACTS_MULTIMETRIC_20261003.csv
5,warp2026,operator,raw_multitarget_sameXY_sameFolds,lowrank_operator,r2,-0.044925483665718,,0.0004930658524966,BOUNDARY_OR_MIXED,,domain=function; positive_delta_metrics=2.0/5.0,analysis_workspace/results/manuscript\fig5_exact_operator_replication_20261003\FIG5_ALL_DATASET_OPERATOR_CONTRACTS_MULTIMETRIC_20261003.csv
5,warp2026,operator,raw_multitarget_sameXY_sameFolds,lowrank_operator,spearman,-0.0059152190309649,,-0.0125643768406145,BOUNDARY_OR_MIXED,,domain=function; positive_delta_metrics=2.0/5.0,analysis_workspace/results/manuscript\fig5_exact_operator_replication_20261003\FIG5_ALL_DATASET_OPERATOR_CONTRACTS_MULTIMETRIC_20261003.csv
5,warp2026,operator,raw_multitarget_sameXY_sameFolds,lowrank_operator,pearson,0.002700262017037,,,BOUNDARY_OR_MIXED,,domain=function; positive_delta_metrics=2.0/5.0,analysis_workspace/results/manuscript\fig5_exact_operator_replication_20261003\FIG5_ALL_DATASET_OPERATOR_CONTRACTS_MULTIMETRIC_20261003.csv
5,warp2026,operator,raw_multitarget_sameXY_sameFolds,lowrank_operator,nrmse,1.0112503565866984,,,BOUNDARY_OR_MIXED,,domain=function; positive_delta_metrics=2.0/5.0,analysis_workspace/results/manuscript\fig5_exact_operator_replication_20261003\FIG5_ALL_DATASET_OPERATOR_CONTRACTS_MULTIMETRIC_20261003.csv
5,warp2026,operator,raw_multitarget_sameXY_sameFolds,lowrank_operator,auroc,0.4942420116677824,,-0.0078729148200031,BOUNDARY_OR_MIXED,,domain=function; positive_delta_metrics=2.0/5.0,analysis_workspace/results/manuscript\fig5_exact_operator_replication_20261003\FIG5_ALL_DATASET_OPERATOR_CONTRACTS_MULTIMETRIC_20261003.csv
5,warp2026,operator,raw_multitarget_sameXY_sameFolds,lowrank_operator,auprc,0.5074856210156113,,-0.0038606654710228,BOUNDARY_OR_MIXED,,domain=function; positive_delta_metrics=2.0/5.0,analysis_workspace/results/manuscript\fig5_exact_operator_replication_20261003\FIG5_ALL_DATASET_OPERATOR_CONTRACTS_MULTIMETRIC_20261003.csv
5,warp2026,operator,raw_multitarget_sameXY_sameFolds,lowrank_operator,geometry_spearman,0.0351355011212548,,0.0122892293315444,BOUNDARY_OR_MIXED,,domain=function; positive_delta_metrics=2.0/5.0,analysis_workspace/results/manuscript\fig5_exact_operator_replication_20261003\FIG5_ALL_DATASET_OPERATOR_CONTRACTS_MULTIMETRIC_20261003.csv
5,warp2026,operator,raw_multitarget_sameXY_sameFolds,lowrank_operator,heldunit_r2_win_fraction,0.6666666666666666,,,BOUNDARY_OR_MIXED,,,analysis_workspace/results/manuscript\fig5_exact_operator_replication_20261003\FIG5_ALL_DATASET_OPERATOR_CONTRACTS_MULTIMETRIC_20261003.csv
5,warp2026,operator,raw_multitarget_sameXY_sameFolds,lowrank_operator,heldunit_spearman_win_fraction,0.0,,,BOUNDARY_OR_MIXED,,,analysis_workspace/results/manuscript\fig5_exact_operator_replication_20261003\FIG5_ALL_DATASET_OPERATOR_CONTRACTS_MULTIMETRIC_20261003.csv
5,warp2026,operator,raw_multitarget_sameXY_sameFolds,lowrank_operator,relation_index,0.015197657969192,,,BOUNDARY_OR_MIXED,,,analysis_workspace/results/manuscript\fig5_exact_operator_replication_20261003\FIG5_ALL_DATASET_OPERATOR_CONTRACTS_MULTIMETRIC_20261003.csv
5,xu2020,operator,raw_multitarget_sameXY_sameFolds,direct_ridge,r2,0.0893315197514699,,0.0,BASELINE,,domain=function; positive_delta_metrics=0.0/5.0,analysis_workspace/results/manuscript\fig5_exact_operator_replication_20261003\FIG5_ALL_DATASET_OPERATOR_CONTRACTS_MULTIMETRIC_20261003.csv
5,xu2020,operator,raw_multitarget_sameXY_sameFolds,direct_ridge,spearman,0.2237666207639192,,0.0,BASELINE,,domain=function; positive_delta_metrics=0.0/5.0,analysis_workspace/results/manuscript\fig5_exact_operator_replication_20261003\FIG5_ALL_DATASET_OPERATOR_CONTRACTS_MULTIMETRIC_20261003.csv
5,xu2020,operator,raw_multitarget_sameXY_sameFolds,direct_ridge,pearson,0.2136369987497689,,,BASELINE,,domain=function; positive_delta_metrics=0.0/5.0,analysis_workspace/results/manuscript\fig5_exact_operator_replication_20261003\FIG5_ALL_DATASET_OPERATOR_CONTRACTS_MULTIMETRIC_20261003.csv
5,xu2020,operator,raw_multitarget_sameXY_sameFolds,direct_ridge,nrmse,0.9732698034348396,,,BASELINE,,domain=function; positive_delta_metrics=0.0/5.0,analysis_workspace/results/manuscript\fig5_exact_operator_replication_20261003\FIG5_ALL_DATASET_OPERATOR_CONTRACTS_MULTIMETRIC_20261003.csv
5,xu2020,operator,raw_multitarget_sameXY_sameFolds,direct_ridge,auroc,0.6462374641691612,,0.0,BASELINE,,domain=function; positive_delta_metrics=0.0/5.0,analysis_workspace/results/manuscript\fig5_exact_operator_replication_20261003\FIG5_ALL_DATASET_OPERATOR_CONTRACTS_MULTIMETRIC_20261003.csv
5,xu2020,operator,raw_multitarget_sameXY_sameFolds,direct_ridge,auprc,0.662433506232077,,0.0,BASELINE,,domain=function; positive_delta_metrics=0.0/5.0,analysis_workspace/results/manuscript\fig5_exact_operator_replication_20261003\FIG5_ALL_DATASET_OPERATOR_CONTRACTS_MULTIMETRIC_20261003.csv
5,xu2020,operator,raw_multitarget_sameXY_sameFolds,direct_ridge,geometry_spearman,0.1802708936952211,,0.0,BASELINE,,domain=function; positive_delta_metrics=0.0/5.0,analysis_workspace/results/manuscript\fig5_exact_operator_replication_20261003\FIG5_ALL_DATASET_OPERATOR_CONTRACTS_MULTIMETRIC_20261003.csv
5,xu2020,operator,raw_multitarget_sameXY_sameFolds,direct_ridge,heldunit_r2_win_fraction,,,,BASELINE,,,analysis_workspace/results/manuscript\fig5_exact_operator_replication_20261003\FIG5_ALL_DATASET_OPERATOR_CONTRACTS_MULTIMETRIC_20261003.csv
5,xu2020,operator,raw_multitarget_sameXY_sameFolds,direct_ridge,heldunit_spearman_win_fraction,,,,BASELINE,,,analysis_workspace/results/manuscript\fig5_exact_operator_replication_20261003\FIG5_ALL_DATASET_OPERATOR_CONTRACTS_MULTIMETRIC_20261003.csv
5,xu2020,operator,raw_multitarget_sameXY_sameFolds,direct_ridge,relation_index,0.0411373260738052,,,BASELINE,,,analysis_workspace/results/manuscript\fig5_exact_operator_replication_20261003\FIG5_ALL_DATASET_OPERATOR_CONTRACTS_MULTIMETRIC_20261003.csv
5,xu2020,operator,raw_multitarget_sameXY_sameFolds,shared_operator,r2,0.099740828799054,,0.010409309047584,MULTIMETRIC_REPLICATION,,domain=function; positive_delta_metrics=5.0/5.0,analysis_workspace/results/manuscript\fig5_exact_operator_replication_20261003\FIG5_ALL_DATASET_OPERATOR_CONTRACTS_MULTIMETRIC_20261003.csv
5,xu2020,operator,raw_multitarget_sameXY_sameFolds,shared_operator,spearman,0.2403260826357101,,0.0165594618717908,MULTIMETRIC_REPLICATION,,domain=function; positive_delta_metrics=5.0/5.0,analysis_workspace/results/manuscript\fig5_exact_operator_replication_20261003\FIG5_ALL_DATASET_OPERATOR_CONTRACTS_MULTIMETRIC_20261003.csv
5,xu2020,operator,raw_multitarget_sameXY_sameFolds,shared_operator,pearson,0.2426515113979626,,,MULTIMETRIC_REPLICATION,,domain=function; positive_delta_metrics=5.0/5.0,analysis_workspace/results/manuscript\fig5_exact_operator_replication_20261003\FIG5_ALL_DATASET_OPERATOR_CONTRACTS_MULTIMETRIC_20261003.csv
5,xu2020,operator,raw_multitarget_sameXY_sameFolds,shared_operator,nrmse,0.9665638036181808,,,MULTIMETRIC_REPLICATION,,domain=function; positive_delta_metrics=5.0/5.0,analysis_workspace/results/manuscript\fig5_exact_operator_replication_20261003\FIG5_ALL_DATASET_OPERATOR_CONTRACTS_MULTIMETRIC_20261003.csv
5,xu2020,operator,raw_multitarget_sameXY_sameFolds,shared_operator,auroc,0.6559643954612947,,0.0097269312921335,MULTIMETRIC_REPLICATION,,domain=function; positive_delta_metrics=5.0/5.0,analysis_workspace/results/manuscript\fig5_exact_operator_replication_20261003\FIG5_ALL_DATASET_OPERATOR_CONTRACTS_MULTIMETRIC_20261003.csv
5,xu2020,operator,raw_multitarget_sameXY_sameFolds,shared_operator,auprc,0.6759588974619534,,0.0135253912298763,MULTIMETRIC_REPLICATION,,domain=function; positive_delta_metrics=5.0/5.0,analysis_workspace/results/manuscript\fig5_exact_operator_replication_20261003\FIG5_ALL_DATASET_OPERATOR_CONTRACTS_MULTIMETRIC_20261003.csv
5,xu2020,operator,raw_multitarget_sameXY_sameFolds,shared_operator,geometry_spearman,0.192450416573514,,0.0121795228782929,MULTIMETRIC_REPLICATION,,domain=function; positive_delta_metrics=5.0/5.0,analysis_workspace/results/manuscript\fig5_exact_operator_replication_20261003\FIG5_ALL_DATASET_OPERATOR_CONTRACTS_MULTIMETRIC_20261003.csv
5,xu2020,operator,raw_multitarget_sameXY_sameFolds,shared_operator,heldunit_r2_win_fraction,0.6666666666666666,,,MULTIMETRIC_REPLICATION,,,analysis_workspace/results/manuscript\fig5_exact_operator_replication_20261003\FIG5_ALL_DATASET_OPERATOR_CONTRACTS_MULTIMETRIC_20261003.csv
5,xu2020,operator,raw_multitarget_sameXY_sameFolds,shared_operator,heldunit_spearman_win_fraction,0.6666666666666666,,,MULTIMETRIC_REPLICATION,,,analysis_workspace/results/manuscript\fig5_exact_operator_replication_20261003\FIG5_ALL_DATASET_OPERATOR_CONTRACTS_MULTIMETRIC_20261003.csv
5,xu2020,operator,raw_multitarget_sameXY_sameFolds,shared_operator,relation_index,0.0411373260738052,,,MULTIMETRIC_REPLICATION,,,analysis_workspace/results/manuscript\fig5_exact_operator_replication_20261003\FIG5_ALL_DATASET_OPERATOR_CONTRACTS_MULTIMETRIC_20261003.csv
5,xu2020,operator,raw_multitarget_sameXY_sameFolds,lowrank_operator,r2,0.0973899801388729,,0.008058460387403,MULTIMETRIC_REPLICATION,,domain=function; positive_delta_metrics=5.0/5.0,analysis_workspace/results/manuscript\fig5_exact_operator_replication_20261003\FIG5_ALL_DATASET_OPERATOR_CONTRACTS_MULTIMETRIC_20261003.csv
5,xu2020,operator,raw_multitarget_sameXY_sameFolds,lowrank_operator,spearman,0.2376278421186228,,0.0138612213547036,MULTIMETRIC_REPLICATION,,domain=function; positive_delta_metrics=5.0/5.0,analysis_workspace/results/manuscript\fig5_exact_operator_replication_20261003\FIG5_ALL_DATASET_OPERATOR_CONTRACTS_MULTIMETRIC_20261003.csv
5,xu2020,operator,raw_multitarget_sameXY_sameFolds,lowrank_operator,pearson,0.236882026757084,,,MULTIMETRIC_REPLICATION,,domain=function; positive_delta_metrics=5.0/5.0,analysis_workspace/results/manuscript\fig5_exact_operator_replication_20261003\FIG5_ALL_DATASET_OPERATOR_CONTRACTS_MULTIMETRIC_20261003.csv
5,xu2020,operator,raw_multitarget_sameXY_sameFolds,lowrank_operator,nrmse,0.9679367155465484,,,MULTIMETRIC_REPLICATION,,domain=function; positive_delta_metrics=5.0/5.0,analysis_workspace/results/manuscript\fig5_exact_operator_replication_20261003\FIG5_ALL_DATASET_OPERATOR_CONTRACTS_MULTIMETRIC_20261003.csv
5,xu2020,operator,raw_multitarget_sameXY_sameFolds,lowrank_operator,auroc,0.6570998658080499,,0.0108624016388887,MULTIMETRIC_REPLICATION,,domain=function; positive_delta_metrics=5.0/5.0,analysis_workspace/results/manuscript\fig5_exact_operator_replication_20261003\FIG5_ALL_DATASET_OPERATOR_CONTRACTS_MULTIMETRIC_20261003.csv
5,xu2020,operator,raw_multitarget_sameXY_sameFolds,lowrank_operator,auprc,0.6750313834276414,,0.0125978771955643,MULTIMETRIC_REPLICATION,,domain=function; positive_delta_metrics=5.0/5.0,analysis_workspace/results/manuscript\fig5_exact_operator_replication_20261003\FIG5_ALL_DATASET_OPERATOR_CONTRACTS_MULTIMETRIC_20261003.csv
5,xu2020,operator,raw_multitarget_sameXY_sameFolds,lowrank_operator,geometry_spearman,0.1910653783503939,,0.0107944846551727,MULTIMETRIC_REPLICATION,,domain=function; positive_delta_metrics=5.0/5.0,analysis_workspace/results/manuscript\fig5_exact_operator_replication_20261003\FIG5_ALL_DATASET_OPERATOR_CONTRACTS_MULTIMETRIC_20261003.csv
5,xu2020,operator,raw_multitarget_sameXY_sameFolds,lowrank_operator,heldunit_r2_win_fraction,0.6666666666666666,,,MULTIMETRIC_REPLICATION,,,analysis_workspace/results/manuscript\fig5_exact_operator_replication_20261003\FIG5_ALL_DATASET_OPERATOR_CONTRACTS_MULTIMETRIC_20261003.csv
5,xu2020,operator,raw_multitarget_sameXY_sameFolds,lowrank_operator,heldunit_spearman_win_fraction,0.6666666666666666,,,MULTIMETRIC_REPLICATION,,,analysis_workspace/results/manuscript\fig5_exact_operator_replication_20261003\FIG5_ALL_DATASET_OPERATOR_CONTRACTS_MULTIMETRIC_20261003.csv
5,xu2020,operator,raw_multitarget_sameXY_sameFolds,lowrank_operator,relation_index,0.0411373260738052,,,MULTIMETRIC_REPLICATION,,,analysis_workspace/results/manuscript\fig5_exact_operator_replication_20261003\FIG5_ALL_DATASET_OPERATOR_CONTRACTS_MULTIMETRIC_20261003.csv
5,zhao2026,operator,raw_multitarget_sameXY_sameFolds,direct_ridge,r2,-0.0327832726044165,,0.0,BASELINE,,domain=function; positive_delta_metrics=0.0/5.0,analysis_workspace/results/manuscript\fig5_exact_operator_replication_20261003\FIG5_ALL_DATASET_OPERATOR_CONTRACTS_MULTIMETRIC_20261003.csv
5,zhao2026,operator,raw_multitarget_sameXY_sameFolds,direct_ridge,spearman,-0.1476604306691211,,0.0,BASELINE,,domain=function; positive_delta_metrics=0.0/5.0,analysis_workspace/results/manuscript\fig5_exact_operator_replication_20261003\FIG5_ALL_DATASET_OPERATOR_CONTRACTS_MULTIMETRIC_20261003.csv
5,zhao2026,operator,raw_multitarget_sameXY_sameFolds,direct_ridge,pearson,-0.1850288954562538,,,BASELINE,,domain=function; positive_delta_metrics=0.0/5.0,analysis_workspace/results/manuscript\fig5_exact_operator_replication_20261003\FIG5_ALL_DATASET_OPERATOR_CONTRACTS_MULTIMETRIC_20261003.csv
5,zhao2026,operator,raw_multitarget_sameXY_sameFolds,direct_ridge,nrmse,1.0161832950905043,,,BASELINE,,domain=function; positive_delta_metrics=0.0/5.0,analysis_workspace/results/manuscript\fig5_exact_operator_replication_20261003\FIG5_ALL_DATASET_OPERATOR_CONTRACTS_MULTIMETRIC_20261003.csv
5,zhao2026,operator,raw_multitarget_sameXY_sameFolds,direct_ridge,auroc,0.3933906745133544,,0.0,BASELINE,,domain=function; positive_delta_metrics=0.0/5.0,analysis_workspace/results/manuscript\fig5_exact_operator_replication_20261003\FIG5_ALL_DATASET_OPERATOR_CONTRACTS_MULTIMETRIC_20261003.csv
5,zhao2026,operator,raw_multitarget_sameXY_sameFolds,direct_ridge,auprc,0.4453458489959122,,0.0,BASELINE,,domain=function; positive_delta_metrics=0.0/5.0,analysis_workspace/results/manuscript\fig5_exact_operator_replication_20261003\FIG5_ALL_DATASET_OPERATOR_CONTRACTS_MULTIMETRIC_20261003.csv
5,zhao2026,operator,raw_multitarget_sameXY_sameFolds,direct_ridge,geometry_spearman,0.0569870853648741,,0.0,BASELINE,,domain=function; positive_delta_metrics=0.0/5.0,analysis_workspace/results/manuscript\fig5_exact_operator_replication_20261003\FIG5_ALL_DATASET_OPERATOR_CONTRACTS_MULTIMETRIC_20261003.csv
5,zhao2026,operator,raw_multitarget_sameXY_sameFolds,direct_ridge,heldunit_r2_win_fraction,,,,BASELINE,,,analysis_workspace/results/manuscript\fig5_exact_operator_replication_20261003\FIG5_ALL_DATASET_OPERATOR_CONTRACTS_MULTIMETRIC_20261003.csv
5,zhao2026,operator,raw_multitarget_sameXY_sameFolds,direct_ridge,heldunit_spearman_win_fraction,,,,BASELINE,,,analysis_workspace/results/manuscript\fig5_exact_operator_replication_20261003\FIG5_ALL_DATASET_OPERATOR_CONTRACTS_MULTIMETRIC_20261003.csv
5,zhao2026,operator,raw_multitarget_sameXY_sameFolds,direct_ridge,relation_index,0.2631578947368421,,,BASELINE,,,analysis_workspace/results/manuscript\fig5_exact_operator_replication_20261003\FIG5_ALL_DATASET_OPERATOR_CONTRACTS_MULTIMETRIC_20261003.csv
5,zhao2026,operator,raw_multitarget_sameXY_sameFolds,shared_operator,r2,-0.031932009278816,,0.0008512633256004,BOUNDARY_OR_MIXED,,domain=function; positive_delta_metrics=1.0/5.0,analysis_workspace/results/manuscript\fig5_exact_operator_replication_20261003\FIG5_ALL_DATASET_OPERATOR_CONTRACTS_MULTIMETRIC_20261003.csv
5,zhao2026,operator,raw_multitarget_sameXY_sameFolds,shared_operator,spearman,-0.182902521512051,,-0.0352420908429298,BOUNDARY_OR_MIXED,,domain=function; positive_delta_metrics=1.0/5.0,analysis_workspace/results/manuscript\fig5_exact_operator_replication_20261003\FIG5_ALL_DATASET_OPERATOR_CONTRACTS_MULTIMETRIC_20261003.csv
5,zhao2026,operator,raw_multitarget_sameXY_sameFolds,shared_operator,pearson,-0.2032086799299324,,,BOUNDARY_OR_MIXED,,domain=function; positive_delta_metrics=1.0/5.0,analysis_workspace/results/manuscript\fig5_exact_operator_replication_20261003\FIG5_ALL_DATASET_OPERATOR_CONTRACTS_MULTIMETRIC_20261003.csv
5,zhao2026,operator,raw_multitarget_sameXY_sameFolds,shared_operator,nrmse,1.015959093453194,,,BOUNDARY_OR_MIXED,,domain=function; positive_delta_metrics=1.0/5.0,analysis_workspace/results/manuscript\fig5_exact_operator_replication_20261003\FIG5_ALL_DATASET_OPERATOR_CONTRACTS_MULTIMETRIC_20261003.csv
5,zhao2026,operator,raw_multitarget_sameXY_sameFolds,shared_operator,auroc,0.3729289271163422,,-0.0204617473970122,BOUNDARY_OR_MIXED,,domain=function; positive_delta_metrics=1.0/5.0,analysis_workspace/results/manuscript\fig5_exact_operator_replication_20261003\FIG5_ALL_DATASET_OPERATOR_CONTRACTS_MULTIMETRIC_20261003.csv
5,zhao2026,operator,raw_multitarget_sameXY_sameFolds,shared_operator,auprc,0.435364705850693,,-0.0099811431452191,BOUNDARY_OR_MIXED,,domain=function; positive_delta_metrics=1.0/5.0,analysis_workspace/results/manuscript\fig5_exact_operator_replication_20261003\FIG5_ALL_DATASET_OPERATOR_CONTRACTS_MULTIMETRIC_20261003.csv
5,zhao2026,operator,raw_multitarget_sameXY_sameFolds,shared_operator,geometry_spearman,0.0409694743278722,,-0.0160176110370019,BOUNDARY_OR_MIXED,,domain=function; positive_delta_metrics=1.0/5.0,analysis_workspace/results/manuscript\fig5_exact_operator_replication_20261003\FIG5_ALL_DATASET_OPERATOR_CONTRACTS_MULTIMETRIC_20261003.csv
5,zhao2026,operator,raw_multitarget_sameXY_sameFolds,shared_operator,heldunit_r2_win_fraction,0.5555555555555556,,,BOUNDARY_OR_MIXED,,,analysis_workspace/results/manuscript\fig5_exact_operator_replication_20261003\FIG5_ALL_DATASET_OPERATOR_CONTRACTS_MULTIMETRIC_20261003.csv
5,zhao2026,operator,raw_multitarget_sameXY_sameFolds,shared_operator,heldunit_spearman_win_fraction,0.3333333333333333,,,BOUNDARY_OR_MIXED,,,analysis_workspace/results/manuscript\fig5_exact_operator_replication_20261003\FIG5_ALL_DATASET_OPERATOR_CONTRACTS_MULTIMETRIC_20261003.csv
5,zhao2026,operator,raw_multitarget_sameXY_sameFolds,shared_operator,relation_index,0.2631578947368421,,,BOUNDARY_OR_MIXED,,,analysis_workspace/results/manuscript\fig5_exact_operator_replication_20261003\FIG5_ALL_DATASET_OPERATOR_CONTRACTS_MULTIMETRIC_20261003.csv
5,zhao2026,operator,raw_multitarget_sameXY_sameFolds,lowrank_operator,r2,-0.046082186647783,,-0.0132989140433665,BOUNDARY_OR_MIXED,,domain=function; positive_delta_metrics=0.0/5.0,analysis_workspace/results/manuscript\fig5_exact_operator_replication_20261003\FIG5_ALL_DATASET_OPERATOR_CONTRACTS_MULTIMETRIC_20261003.csv
5,zhao2026,operator,raw_multitarget_sameXY_sameFolds,lowrank_operator,spearman,-0.1607500321075388,,-0.0130896014384176,BOUNDARY_OR_MIXED,,domain=function; positive_delta_metrics=0.0/5.0,analysis_workspace/results/manuscript\fig5_exact_operator_replication_20261003\FIG5_ALL_DATASET_OPERATOR_CONTRACTS_MULTIMETRIC_20261003.csv
5,zhao2026,operator,raw_multitarget_sameXY_sameFolds,lowrank_operator,pearson,-0.117936434883054,,,BOUNDARY_OR_MIXED,,domain=function; positive_delta_metrics=0.0/5.0,analysis_workspace/results/manuscript\fig5_exact_operator_replication_20261003\FIG5_ALL_DATASET_OPERATOR_CONTRACTS_MULTIMETRIC_20261003.csv
5,zhao2026,operator,raw_multitarget_sameXY_sameFolds,lowrank_operator,nrmse,1.0221402073054626,,,BOUNDARY_OR_MIXED,,domain=function; positive_delta_metrics=0.0/5.0,analysis_workspace/results/manuscript\fig5_exact_operator_replication_20261003\FIG5_ALL_DATASET_OPERATOR_CONTRACTS_MULTIMETRIC_20261003.csv
5,zhao2026,operator,raw_multitarget_sameXY_sameFolds,lowrank_operator,auroc,0.3886826618379357,,-0.0047080126754187,BOUNDARY_OR_MIXED,,domain=function; positive_delta_metrics=0.0/5.0,analysis_workspace/results/manuscript\fig5_exact_operator_replication_20261003\FIG5_ALL_DATASET_OPERATOR_CONTRACTS_MULTIMETRIC_20261003.csv
5,zhao2026,operator,raw_multitarget_sameXY_sameFolds,lowrank_operator,auprc,0.4449220384292934,,-0.0004238105666187,BOUNDARY_OR_MIXED,,domain=function; positive_delta_metrics=0.0/5.0,analysis_workspace/results/manuscript\fig5_exact_operator_replication_20261003\FIG5_ALL_DATASET_OPERATOR_CONTRACTS_MULTIMETRIC_20261003.csv
5,zhao2026,operator,raw_multitarget_sameXY_sameFolds,lowrank_operator,geometry_spearman,-0.0253423686654389,,-0.082329454030313,BOUNDARY_OR_MIXED,,domain=function; positive_delta_metrics=0.0/5.0,analysis_workspace/results/manuscript\fig5_exact_operator_replication_20261003\FIG5_ALL_DATASET_OPERATOR_CONTRACTS_MULTIMETRIC_20261003.csv
5,zhao2026,operator,raw_multitarget_sameXY_sameFolds,lowrank_operator,heldunit_r2_win_fraction,0.3333333333333333,,,BOUNDARY_OR_MIXED,,,analysis_workspace/results/manuscript\fig5_exact_operator_replication_20261003\FIG5_ALL_DATASET_OPERATOR_CONTRACTS_MULTIMETRIC_20261003.csv
5,zhao2026,operator,raw_multitarget_sameXY_sameFolds,lowrank_operator,heldunit_spearman_win_fraction,0.3333333333333333,,,BOUNDARY_OR_MIXED,,,analysis_workspace/results/manuscript\fig5_exact_operator_replication_20261003\FIG5_ALL_DATASET_OPERATOR_CONTRACTS_MULTIMETRIC_20261003.csv
5,zhao2026,operator,raw_multitarget_sameXY_sameFolds,lowrank_operator,relation_index,0.2631578947368421,,,BOUNDARY_OR_MIXED,,,analysis_workspace/results/manuscript\fig5_exact_operator_replication_20261003\FIG5_ALL_DATASET_OPERATOR_CONTRACTS_MULTIMETRIC_20261003.csv
5,celegans_atanas2023,operator,raw_multitarget_exact_sameXY_sameFolds,direct_ridge,r2,0.3291526544654375,,0.0,BASELINE,,domain=function; positive_delta_metrics=0.0/5.0,analysis_workspace/results/manuscript\fig5_exact_operator_replication_20261003\FIG5_ALL_DATASET_OPERATOR_CONTRACTS_MULTIMETRIC_20261003.csv
5,celegans_atanas2023,operator,raw_multitarget_exact_sameXY_sameFolds,direct_ridge,spearman,0.4226951651459352,,0.0,BASELINE,,domain=function; positive_delta_metrics=0.0/5.0,analysis_workspace/results/manuscript\fig5_exact_operator_replication_20261003\FIG5_ALL_DATASET_OPERATOR_CONTRACTS_MULTIMETRIC_20261003.csv
5,celegans_atanas2023,operator,raw_multitarget_exact_sameXY_sameFolds,direct_ridge,pearson,0.489874689531224,,,BASELINE,,domain=function; positive_delta_metrics=0.0/5.0,analysis_workspace/results/manuscript\fig5_exact_operator_replication_20261003\FIG5_ALL_DATASET_OPERATOR_CONTRACTS_MULTIMETRIC_20261003.csv
5,celegans_atanas2023,operator,raw_multitarget_exact_sameXY_sameFolds,direct_ridge,nrmse,0.8524337142873097,,,BASELINE,,domain=function; positive_delta_metrics=0.0/5.0,analysis_workspace/results/manuscript\fig5_exact_operator_replication_20261003\FIG5_ALL_DATASET_OPERATOR_CONTRACTS_MULTIMETRIC_20261003.csv
5,celegans_atanas2023,operator,raw_multitarget_exact_sameXY_sameFolds,direct_ridge,auroc,0.7535346115617915,,0.0,BASELINE,,domain=function; positive_delta_metrics=0.0/5.0,analysis_workspace/results/manuscript\fig5_exact_operator_replication_20261003\FIG5_ALL_DATASET_OPERATOR_CONTRACTS_MULTIMETRIC_20261003.csv
5,celegans_atanas2023,operator,raw_multitarget_exact_sameXY_sameFolds,direct_ridge,auprc,0.7526983055387332,,0.0,BASELINE,,domain=function; positive_delta_metrics=0.0/5.0,analysis_workspace/results/manuscript\fig5_exact_operator_replication_20261003\FIG5_ALL_DATASET_OPERATOR_CONTRACTS_MULTIMETRIC_20261003.csv
5,celegans_atanas2023,operator,raw_multitarget_exact_sameXY_sameFolds,direct_ridge,geometry_spearman,0.3775127779313126,,0.0,BASELINE,,domain=function; positive_delta_metrics=0.0/5.0,analysis_workspace/results/manuscript\fig5_exact_operator_replication_20261003\FIG5_ALL_DATASET_OPERATOR_CONTRACTS_MULTIMETRIC_20261003.csv
5,celegans_atanas2023,operator,raw_multitarget_exact_sameXY_sameFolds,direct_ridge,heldunit_r2_win_fraction,,,,BASELINE,,,analysis_workspace/results/manuscript\fig5_exact_operator_replication_20261003\FIG5_ALL_DATASET_OPERATOR_CONTRACTS_MULTIMETRIC_20261003.csv
5,celegans_atanas2023,operator,raw_multitarget_exact_sameXY_sameFolds,direct_ridge,heldunit_spearman_win_fraction,,,,BASELINE,,,analysis_workspace/results/manuscript\fig5_exact_operator_replication_20261003\FIG5_ALL_DATASET_OPERATOR_CONTRACTS_MULTIMETRIC_20261003.csv
5,celegans_atanas2023,operator,raw_multitarget_exact_sameXY_sameFolds,direct_ridge,relation_index,0.0017811809666249,,,BASELINE,,,analysis_workspace/results/manuscript\fig5_exact_operator_replication_20261003\FIG5_ALL_DATASET_OPERATOR_CONTRACTS_MULTIMETRIC_20261003.csv
5,celegans_atanas2023,operator,raw_multitarget_exact_sameXY_sameFolds,shared_operator,r2,0.3291790990547504,,2.644458931289062e-05,EQUAL_PERFORMANCE_BOUNDARY,,domain=function; positive_delta_metrics=5.0/5.0,analysis_workspace/results/manuscript\fig5_exact_operator_replication_20261003\FIG5_ALL_DATASET_OPERATOR_CONTRACTS_MULTIMETRIC_20261003.csv
5,celegans_atanas2023,operator,raw_multitarget_exact_sameXY_sameFolds,shared_operator,spearman,0.4244096599024655,,0.0017144947565302,EQUAL_PERFORMANCE_BOUNDARY,,domain=function; positive_delta_metrics=5.0/5.0,analysis_workspace/results/manuscript\fig5_exact_operator_replication_20261003\FIG5_ALL_DATASET_OPERATOR_CONTRACTS_MULTIMETRIC_20261003.csv
5,celegans_atanas2023,operator,raw_multitarget_exact_sameXY_sameFolds,shared_operator,pearson,0.4925879799503735,,,EQUAL_PERFORMANCE_BOUNDARY,,domain=function; positive_delta_metrics=5.0/5.0,analysis_workspace/results/manuscript\fig5_exact_operator_replication_20261003\FIG5_ALL_DATASET_OPERATOR_CONTRACTS_MULTIMETRIC_20261003.csv
5,celegans_atanas2023,operator,raw_multitarget_exact_sameXY_sameFolds,shared_operator,nrmse,0.8523759575891818,,,EQUAL_PERFORMANCE_BOUNDARY,,domain=function; positive_delta_metrics=5.0/5.0,analysis_workspace/results/manuscript\fig5_exact_operator_replication_20261003\FIG5_ALL_DATASET_OPERATOR_CONTRACTS_MULTIMETRIC_20261003.csv
5,celegans_atanas2023,operator,raw_multitarget_exact_sameXY_sameFolds,shared_operator,auroc,0.7539722713075988,,0.0004376597458073,EQUAL_PERFORMANCE_BOUNDARY,,domain=function; positive_delta_metrics=5.0/5.0,analysis_workspace/results/manuscript\fig5_exact_operator_replication_20261003\FIG5_ALL_DATASET_OPERATOR_CONTRACTS_MULTIMETRIC_20261003.csv
5,celegans_atanas2023,operator,raw_multitarget_exact_sameXY_sameFolds,shared_operator,auprc,0.7536866482967817,,0.0009883427580484,EQUAL_PERFORMANCE_BOUNDARY,,domain=function; positive_delta_metrics=5.0/5.0,analysis_workspace/results/manuscript\fig5_exact_operator_replication_20261003\FIG5_ALL_DATASET_OPERATOR_CONTRACTS_MULTIMETRIC_20261003.csv
5,celegans_atanas2023,operator,raw_multitarget_exact_sameXY_sameFolds,shared_operator,geometry_spearman,0.3788490789950432,,0.0013363010637306,EQUAL_PERFORMANCE_BOUNDARY,,domain=function; positive_delta_metrics=5.0/5.0,analysis_workspace/results/manuscript\fig5_exact_operator_replication_20261003\FIG5_ALL_DATASET_OPERATOR_CONTRACTS_MULTIMETRIC_20261003.csv
5,celegans_atanas2023,operator,raw_multitarget_exact_sameXY_sameFolds,shared_operator,heldunit_r2_win_fraction,0.45,,,EQUAL_PERFORMANCE_BOUNDARY,,,analysis_workspace/results/manuscript\fig5_exact_operator_replication_20261003\FIG5_ALL_DATASET_OPERATOR_CONTRACTS_MULTIMETRIC_20261003.csv
5,celegans_atanas2023,operator,raw_multitarget_exact_sameXY_sameFolds,shared_operator,heldunit_spearman_win_fraction,0.6,,,EQUAL_PERFORMANCE_BOUNDARY,,,analysis_workspace/results/manuscript\fig5_exact_operator_replication_20261003\FIG5_ALL_DATASET_OPERATOR_CONTRACTS_MULTIMETRIC_20261003.csv
5,celegans_atanas2023,operator,raw_multitarget_exact_sameXY_sameFolds,shared_operator,relation_index,0.0017811809666249,,,EQUAL_PERFORMANCE_BOUNDARY,,,analysis_workspace/results/manuscript\fig5_exact_operator_replication_20261003\FIG5_ALL_DATASET_OPERATOR_CONTRACTS_MULTIMETRIC_20261003.csv
5,celegans_atanas2023,operator,raw_multitarget_exact_sameXY_sameFolds,lowrank_operator,r2,0.3291790990547504,,2.644458931289062e-05,EQUAL_PERFORMANCE_BOUNDARY,,domain=function; positive_delta_metrics=5.0/5.0,analysis_workspace/results/manuscript\fig5_exact_operator_replication_20261003\FIG5_ALL_DATASET_OPERATOR_CONTRACTS_MULTIMETRIC_20261003.csv
5,celegans_atanas2023,operator,raw_multitarget_exact_sameXY_sameFolds,lowrank_operator,spearman,0.4244096599024655,,0.0017144947565302,EQUAL_PERFORMANCE_BOUNDARY,,domain=function; positive_delta_metrics=5.0/5.0,analysis_workspace/results/manuscript\fig5_exact_operator_replication_20261003\FIG5_ALL_DATASET_OPERATOR_CONTRACTS_MULTIMETRIC_20261003.csv
5,celegans_atanas2023,operator,raw_multitarget_exact_sameXY_sameFolds,lowrank_operator,pearson,0.4925879799503734,,,EQUAL_PERFORMANCE_BOUNDARY,,domain=function; positive_delta_metrics=5.0/5.0,analysis_workspace/results/manuscript\fig5_exact_operator_replication_20261003\FIG5_ALL_DATASET_OPERATOR_CONTRACTS_MULTIMETRIC_20261003.csv
5,celegans_atanas2023,operator,raw_multitarget_exact_sameXY_sameFolds,lowrank_operator,nrmse,0.8523759575891818,,,EQUAL_PERFORMANCE_BOUNDARY,,domain=function; positive_delta_metrics=5.0/5.0,analysis_workspace/results/manuscript\fig5_exact_operator_replication_20261003\FIG5_ALL_DATASET_OPERATOR_CONTRACTS_MULTIMETRIC_20261003.csv
5,celegans_atanas2023,operator,raw_multitarget_exact_sameXY_sameFolds,lowrank_operator,auroc,0.7539722713075988,,0.0004376597458073,EQUAL_PERFORMANCE_BOUNDARY,,domain=function; positive_delta_metrics=5.0/5.0,analysis_workspace/results/manuscript\fig5_exact_operator_replication_20261003\FIG5_ALL_DATASET_OPERATOR_CONTRACTS_MULTIMETRIC_20261003.csv
5,celegans_atanas2023,operator,raw_multitarget_exact_sameXY_sameFolds,lowrank_operator,auprc,0.7536866482967817,,0.0009883427580484,EQUAL_PERFORMANCE_BOUNDARY,,domain=function; positive_delta_metrics=5.0/5.0,analysis_workspace/results/manuscript\fig5_exact_operator_replication_20261003\FIG5_ALL_DATASET_OPERATOR_CONTRACTS_MULTIMETRIC_20261003.csv
5,celegans_atanas2023,operator,raw_multitarget_exact_sameXY_sameFolds,lowrank_operator,geometry_spearman,0.3788490789950432,,0.0013363010637306,EQUAL_PERFORMANCE_BOUNDARY,,domain=function; positive_delta_metrics=5.0/5.0,analysis_workspace/results/manuscript\fig5_exact_operator_replication_20261003\FIG5_ALL_DATASET_OPERATOR_CONTRACTS_MULTIMETRIC_20261003.csv
5,celegans_atanas2023,operator,raw_multitarget_exact_sameXY_sameFolds,lowrank_operator,heldunit_r2_win_fraction,0.45,,,EQUAL_PERFORMANCE_BOUNDARY,,,analysis_workspace/results/manuscript\fig5_exact_operator_replication_20261003\FIG5_ALL_DATASET_OPERATOR_CONTRACTS_MULTIMETRIC_20261003.csv
5,celegans_atanas2023,operator,raw_multitarget_exact_sameXY_sameFolds,lowrank_operator,heldunit_spearman_win_fraction,0.6,,,EQUAL_PERFORMANCE_BOUNDARY,,,analysis_workspace/results/manuscript\fig5_exact_operator_replication_20261003\FIG5_ALL_DATASET_OPERATOR_CONTRACTS_MULTIMETRIC_20261003.csv
5,celegans_atanas2023,operator,raw_multitarget_exact_sameXY_sameFolds,lowrank_operator,relation_index,0.0017811809666249,,,EQUAL_PERFORMANCE_BOUNDARY,,,analysis_workspace/results/manuscript\fig5_exact_operator_replication_20261003\FIG5_ALL_DATASET_OPERATOR_CONTRACTS_MULTIMETRIC_20261003.csv
5,celegans_atanas2023,operator,raw_multitarget_exact_sameXY_sameFolds,sparse_lowrank_operator,r2,0.2561770515777871,,-0.0729756028876504,BOUNDARY_OR_MIXED,,domain=function; positive_delta_metrics=0.0/5.0,analysis_workspace/results/manuscript\fig5_exact_operator_replication_20261003\FIG5_ALL_DATASET_OPERATOR_CONTRACTS_MULTIMETRIC_20261003.csv
5,celegans_atanas2023,operator,raw_multitarget_exact_sameXY_sameFolds,sparse_lowrank_operator,spearman,0.3725134009233732,,-0.0501817642225619,BOUNDARY_OR_MIXED,,domain=function; positive_delta_metrics=0.0/5.0,analysis_workspace/results/manuscript\fig5_exact_operator_replication_20261003\FIG5_ALL_DATASET_OPERATOR_CONTRACTS_MULTIMETRIC_20261003.csv
5,celegans_atanas2023,operator,raw_multitarget_exact_sameXY_sameFolds,sparse_lowrank_operator,pearson,0.440816634978618,,,BOUNDARY_OR_MIXED,,domain=function; positive_delta_metrics=0.0/5.0,analysis_workspace/results/manuscript\fig5_exact_operator_replication_20261003\FIG5_ALL_DATASET_OPERATOR_CONTRACTS_MULTIMETRIC_20261003.csv
5,celegans_atanas2023,operator,raw_multitarget_exact_sameXY_sameFolds,sparse_lowrank_operator,nrmse,0.8868112933913301,,,BOUNDARY_OR_MIXED,,domain=function; positive_delta_metrics=0.0/5.0,analysis_workspace/results/manuscript\fig5_exact_operator_replication_20261003\FIG5_ALL_DATASET_OPERATOR_CONTRACTS_MULTIMETRIC_20261003.csv
5,celegans_atanas2023,operator,raw_multitarget_exact_sameXY_sameFolds,sparse_lowrank_operator,auroc,0.7266062827217648,,-0.0269283288400267,BOUNDARY_OR_MIXED,,domain=function; positive_delta_metrics=0.0/5.0,analysis_workspace/results/manuscript\fig5_exact_operator_replication_20261003\FIG5_ALL_DATASET_OPERATOR_CONTRACTS_MULTIMETRIC_20261003.csv
5,celegans_atanas2023,operator,raw_multitarget_exact_sameXY_sameFolds,sparse_lowrank_operator,auprc,0.7274613868022142,,-0.025236918736519,BOUNDARY_OR_MIXED,,domain=function; positive_delta_metrics=0.0/5.0,analysis_workspace/results/manuscript\fig5_exact_operator_replication_20261003\FIG5_ALL_DATASET_OPERATOR_CONTRACTS_MULTIMETRIC_20261003.csv
5,celegans_atanas2023,operator,raw_multitarget_exact_sameXY_sameFolds,sparse_lowrank_operator,geometry_spearman,0.3030769936940554,,-0.0744357842372572,BOUNDARY_OR_MIXED,,domain=function; positive_delta_metrics=0.0/5.0,analysis_workspace/results/manuscript\fig5_exact_operator_replication_20261003\FIG5_ALL_DATASET_OPERATOR_CONTRACTS_MULTIMETRIC_20261003.csv
5,celegans_atanas2023,operator,raw_multitarget_exact_sameXY_sameFolds,sparse_lowrank_operator,heldunit_r2_win_fraction,0.075,,,BOUNDARY_OR_MIXED,,,analysis_workspace/results/manuscript\fig5_exact_operator_replication_20261003\FIG5_ALL_DATASET_OPERATOR_CONTRACTS_MULTIMETRIC_20261003.csv
5,celegans_atanas2023,operator,raw_multitarget_exact_sameXY_sameFolds,sparse_lowrank_operator,heldunit_spearman_win_fraction,0.125,,,BOUNDARY_OR_MIXED,,,analysis_workspace/results/manuscript\fig5_exact_operator_replication_20261003\FIG5_ALL_DATASET_OPERATOR_CONTRACTS_MULTIMETRIC_20261003.csv
5,celegans_atanas2023,operator,raw_multitarget_exact_sameXY_sameFolds,sparse_lowrank_operator,relation_index,0.0017811809666249,,,BOUNDARY_OR_MIXED,,,analysis_workspace/results/manuscript\fig5_exact_operator_replication_20261003\FIG5_ALL_DATASET_OPERATOR_CONTRACTS_MULTIMETRIC_20261003.csv
5,condylis2022,operator,shape3+loggain+offset,direct_ridge,r2,-0.0362980511985892,,0.0,BASELINE,,domain=function_coordinate; positive_delta_metrics=0.0/4.0,analysis_workspace/results/manuscript\fig5_exact_operator_replication_20261003\FIG5_ALL_DATASET_OPERATOR_CONTRACTS_MULTIMETRIC_20261003.csv
5,condylis2022,operator,shape3+loggain+offset,direct_ridge,spearman,-0.0950636704044993,,0.0,BASELINE,,domain=function_coordinate; positive_delta_metrics=0.0/4.0,analysis_workspace/results/manuscript\fig5_exact_operator_replication_20261003\FIG5_ALL_DATASET_OPERATOR_CONTRACTS_MULTIMETRIC_20261003.csv
5,condylis2022,operator,shape3+loggain+offset,direct_ridge,pearson,-0.064806713093114,,,BASELINE,,domain=function_coordinate; positive_delta_metrics=0.0/4.0,analysis_workspace/results/manuscript\fig5_exact_operator_replication_20261003\FIG5_ALL_DATASET_OPERATOR_CONTRACTS_MULTIMETRIC_20261003.csv
5,condylis2022,operator,shape3+loggain+offset,direct_ridge,nrmse,1.010986692466136,,,BASELINE,,domain=function_coordinate; positive_delta_metrics=0.0/4.0,analysis_workspace/results/manuscript\fig5_exact_operator_replication_20261003\FIG5_ALL_DATASET_OPERATOR_CONTRACTS_MULTIMETRIC_20261003.csv
5,condylis2022,operator,shape3+loggain+offset,direct_ridge,auroc,0.4267590210876265,,0.0,BASELINE,,domain=function_coordinate; positive_delta_metrics=0.0/4.0,analysis_workspace/results/manuscript\fig5_exact_operator_replication_20261003\FIG5_ALL_DATASET_OPERATOR_CONTRACTS_MULTIMETRIC_20261003.csv
5,condylis2022,operator,shape3+loggain+offset,direct_ridge,auprc,0.4586927131712268,,0.0,BASELINE,,domain=function_coordinate; positive_delta_metrics=0.0/4.0,analysis_workspace/results/manuscript\fig5_exact_operator_replication_20261003\FIG5_ALL_DATASET_OPERATOR_CONTRACTS_MULTIMETRIC_20261003.csv
5,condylis2022,operator,shape3+loggain+offset,direct_ridge,geometry_spearman,,,,BASELINE,,domain=function_coordinate; positive_delta_metrics=0.0/4.0,analysis_workspace/results/manuscript\fig5_exact_operator_replication_20261003\FIG5_ALL_DATASET_OPERATOR_CONTRACTS_MULTIMETRIC_20261003.csv
5,condylis2022,operator,shape3+loggain+offset,direct_ridge,heldunit_r2_win_fraction,,,,BASELINE,,,analysis_workspace/results/manuscript\fig5_exact_operator_replication_20261003\FIG5_ALL_DATASET_OPERATOR_CONTRACTS_MULTIMETRIC_20261003.csv
5,condylis2022,operator,shape3+loggain+offset,direct_ridge,heldunit_spearman_win_fraction,,,,BASELINE,,,analysis_workspace/results/manuscript\fig5_exact_operator_replication_20261003\FIG5_ALL_DATASET_OPERATOR_CONTRACTS_MULTIMETRIC_20261003.csv
5,condylis2022,operator,shape3+loggain+offset,direct_ridge,relation_index,,,,BASELINE,,,analysis_workspace/results/manuscript\fig5_exact_operator_replication_20261003\FIG5_ALL_DATASET_OPERATOR_CONTRACTS_MULTIMETRIC_20261003.csv
5,condylis2022,operator,shape3+loggain+offset,shared_operator,r2,-0.036797747871733,,-0.0004996966731437,BOUNDARY_OR_MIXED,,domain=function_coordinate; positive_delta_metrics=0.0/4.0,analysis_workspace/results/manuscript\fig5_exact_operator_replication_20261003\FIG5_ALL_DATASET_OPERATOR_CONTRACTS_MULTIMETRIC_20261003.csv
5,condylis2022,operator,shape3+loggain+offset,shared_operator,spearman,-0.1372531514387193,,-0.04218948103422,BOUNDARY_OR_MIXED,,domain=function_coordinate; positive_delta_metrics=0.0/4.0,analysis_workspace/results/manuscript\fig5_exact_operator_replication_20261003\FIG5_ALL_DATASET_OPERATOR_CONTRACTS_MULTIMETRIC_20261003.csv
5,condylis2022,operator,shape3+loggain+offset,shared_operator,pearson,-0.0874193695374875,,,BOUNDARY_OR_MIXED,,domain=function_coordinate; positive_delta_metrics=0.0/4.0,analysis_workspace/results/manuscript\fig5_exact_operator_replication_20261003\FIG5_ALL_DATASET_OPERATOR_CONTRACTS_MULTIMETRIC_20261003.csv
5,condylis2022,operator,shape3+loggain+offset,shared_operator,nrmse,1.0112776109688986,,,BOUNDARY_OR_MIXED,,domain=function_coordinate; positive_delta_metrics=0.0/4.0,analysis_workspace/results/manuscript\fig5_exact_operator_replication_20261003\FIG5_ALL_DATASET_OPERATOR_CONTRACTS_MULTIMETRIC_20261003.csv
5,condylis2022,operator,shape3+loggain+offset,shared_operator,auroc,0.3973510034215826,,-0.0294080176660438,BOUNDARY_OR_MIXED,,domain=function_coordinate; positive_delta_metrics=0.0/4.0,analysis_workspace/results/manuscript\fig5_exact_operator_replication_20261003\FIG5_ALL_DATASET_OPERATOR_CONTRACTS_MULTIMETRIC_20261003.csv
5,condylis2022,operator,shape3+loggain+offset,shared_operator,auprc,0.4455457090482877,,-0.013147004122939,BOUNDARY_OR_MIXED,,domain=function_coordinate; positive_delta_metrics=0.0/4.0,analysis_workspace/results/manuscript\fig5_exact_operator_replication_20261003\FIG5_ALL_DATASET_OPERATOR_CONTRACTS_MULTIMETRIC_20261003.csv
5,condylis2022,operator,shape3+loggain+offset,shared_operator,geometry_spearman,,,,BOUNDARY_OR_MIXED,,domain=function_coordinate; positive_delta_metrics=0.0/4.0,analysis_workspace/results/manuscript\fig5_exact_operator_replication_20261003\FIG5_ALL_DATASET_OPERATOR_CONTRACTS_MULTIMETRIC_20261003.csv
5,condylis2022,operator,shape3+loggain+offset,shared_operator,heldunit_r2_win_fraction,0.3333333333333333,,,BOUNDARY_OR_MIXED,,,analysis_workspace/results/manuscript\fig5_exact_operator_replication_20261003\FIG5_ALL_DATASET_OPERATOR_CONTRACTS_MULTIMETRIC_20261003.csv
5,condylis2022,operator,shape3+loggain+offset,shared_operator,heldunit_spearman_win_fraction,,,,BOUNDARY_OR_MIXED,,,analysis_workspace/results/manuscript\fig5_exact_operator_replication_20261003\FIG5_ALL_DATASET_OPERATOR_CONTRACTS_MULTIMETRIC_20261003.csv
5,condylis2022,operator,shape3+loggain+offset,shared_operator,relation_index,,,,BOUNDARY_OR_MIXED,,,analysis_workspace/results/manuscript\fig5_exact_operator_replication_20261003\FIG5_ALL_DATASET_OPERATOR_CONTRACTS_MULTIMETRIC_20261003.csv
5,condylis2022,operator,shape3+loggain+offset,lowrank_operator,r2,-0.0377374687116312,,-0.001439417513042,BOUNDARY_OR_MIXED,,domain=function_coordinate; positive_delta_metrics=0.0/4.0,analysis_workspace/results/manuscript\fig5_exact_operator_replication_20261003\FIG5_ALL_DATASET_OPERATOR_CONTRACTS_MULTIMETRIC_20261003.csv
5,condylis2022,operator,shape3+loggain+offset,lowrank_operator,spearman,-0.1262354428839706,,-0.0311717724794712,BOUNDARY_OR_MIXED,,domain=function_coordinate; positive_delta_metrics=0.0/4.0,analysis_workspace/results/manuscript\fig5_exact_operator_replication_20261003\FIG5_ALL_DATASET_OPERATOR_CONTRACTS_MULTIMETRIC_20261003.csv
5,condylis2022,operator,shape3+loggain+offset,lowrank_operator,pearson,-0.0889698557186587,,,BOUNDARY_OR_MIXED,,domain=function_coordinate; positive_delta_metrics=0.0/4.0,analysis_workspace/results/manuscript\fig5_exact_operator_replication_20261003\FIG5_ALL_DATASET_OPERATOR_CONTRACTS_MULTIMETRIC_20261003.csv
5,condylis2022,operator,shape3+loggain+offset,lowrank_operator,nrmse,1.0117385009886994,,,BOUNDARY_OR_MIXED,,domain=function_coordinate; positive_delta_metrics=0.0/4.0,analysis_workspace/results/manuscript\fig5_exact_operator_replication_20261003\FIG5_ALL_DATASET_OPERATOR_CONTRACTS_MULTIMETRIC_20261003.csv
5,condylis2022,operator,shape3+loggain+offset,lowrank_operator,auroc,0.404920142849054,,-0.0218388782385725,BOUNDARY_OR_MIXED,,domain=function_coordinate; positive_delta_metrics=0.0/4.0,analysis_workspace/results/manuscript\fig5_exact_operator_replication_20261003\FIG5_ALL_DATASET_OPERATOR_CONTRACTS_MULTIMETRIC_20261003.csv
5,condylis2022,operator,shape3+loggain+offset,lowrank_operator,auprc,0.4540339139667649,,-0.0046587992044618,BOUNDARY_OR_MIXED,,domain=function_coordinate; positive_delta_metrics=0.0/4.0,analysis_workspace/results/manuscript\fig5_exact_operator_replication_20261003\FIG5_ALL_DATASET_OPERATOR_CONTRACTS_MULTIMETRIC_20261003.csv
5,condylis2022,operator,shape3+loggain+offset,lowrank_operator,geometry_spearman,,,,BOUNDARY_OR_MIXED,,domain=function_coordinate; positive_delta_metrics=0.0/4.0,analysis_workspace/results/manuscript\fig5_exact_operator_replication_20261003\FIG5_ALL_DATASET_OPERATOR_CONTRACTS_MULTIMETRIC_20261003.csv
5,condylis2022,operator,shape3+loggain+offset,lowrank_operator,heldunit_r2_win_fraction,0.3333333333333333,,,BOUNDARY_OR_MIXED,,,analysis_workspace/results/manuscript\fig5_exact_operator_replication_20261003\FIG5_ALL_DATASET_OPERATOR_CONTRACTS_MULTIMETRIC_20261003.csv
5,condylis2022,operator,shape3+loggain+offset,lowrank_operator,heldunit_spearman_win_fraction,,,,BOUNDARY_OR_MIXED,,,analysis_workspace/results/manuscript\fig5_exact_operator_replication_20261003\FIG5_ALL_DATASET_OPERATOR_CONTRACTS_MULTIMETRIC_20261003.csv
5,condylis2022,operator,shape3+loggain+offset,lowrank_operator,relation_index,,,,BOUNDARY_OR_MIXED,,,analysis_workspace/results/manuscript\fig5_exact_operator_replication_20261003\FIG5_ALL_DATASET_OPERATOR_CONTRACTS_MULTIMETRIC_20261003.csv
5,shainer2025,operator,shape3+loggain+offset,direct_ridge,r2,-0.0185330380897091,,0.0,BASELINE,,domain=function_coordinate; positive_delta_metrics=0.0/4.0,analysis_workspace/results/manuscript\fig5_exact_operator_replication_20261003\FIG5_ALL_DATASET_OPERATOR_CONTRACTS_MULTIMETRIC_20261003.csv
5,shainer2025,operator,shape3+loggain+offset,direct_ridge,spearman,-0.0176815472281227,,0.0,BASELINE,,domain=function_coordinate; positive_delta_metrics=0.0/4.0,analysis_workspace/results/manuscript\fig5_exact_operator_replication_20261003\FIG5_ALL_DATASET_OPERATOR_CONTRACTS_MULTIMETRIC_20261003.csv
5,shainer2025,operator,shape3+loggain+offset,direct_ridge,pearson,-0.032608442938101,,,BASELINE,,domain=function_coordinate; positive_delta_metrics=0.0/4.0,analysis_workspace/results/manuscript\fig5_exact_operator_replication_20261003\FIG5_ALL_DATASET_OPERATOR_CONTRACTS_MULTIMETRIC_20261003.csv
5,shainer2025,operator,shape3+loggain+offset,direct_ridge,nrmse,1.0092922938207347,,,BASELINE,,domain=function_coordinate; positive_delta_metrics=0.0/4.0,analysis_workspace/results/manuscript\fig5_exact_operator_replication_20261003\FIG5_ALL_DATASET_OPERATOR_CONTRACTS_MULTIMETRIC_20261003.csv
5,shainer2025,operator,shape3+loggain+offset,direct_ridge,auroc,0.4892660853481305,,0.0,BASELINE,,domain=function_coordinate; positive_delta_metrics=0.0/4.0,analysis_workspace/results/manuscript\fig5_exact_operator_replication_20261003\FIG5_ALL_DATASET_OPERATOR_CONTRACTS_MULTIMETRIC_20261003.csv
5,shainer2025,operator,shape3+loggain+offset,direct_ridge,auprc,0.4902058648364309,,0.0,BASELINE,,domain=function_coordinate; positive_delta_metrics=0.0/4.0,analysis_workspace/results/manuscript\fig5_exact_operator_replication_20261003\FIG5_ALL_DATASET_OPERATOR_CONTRACTS_MULTIMETRIC_20261003.csv
5,shainer2025,operator,shape3+loggain+offset,direct_ridge,geometry_spearman,,,,BASELINE,,domain=function_coordinate; positive_delta_metrics=0.0/4.0,analysis_workspace/results/manuscript\fig5_exact_operator_replication_20261003\FIG5_ALL_DATASET_OPERATOR_CONTRACTS_MULTIMETRIC_20261003.csv
5,shainer2025,operator,shape3+loggain+offset,direct_ridge,heldunit_r2_win_fraction,,,,BASELINE,,,analysis_workspace/results/manuscript\fig5_exact_operator_replication_20261003\FIG5_ALL_DATASET_OPERATOR_CONTRACTS_MULTIMETRIC_20261003.csv
5,shainer2025,operator,shape3+loggain+offset,direct_ridge,heldunit_spearman_win_fraction,,,,BASELINE,,,analysis_workspace/results/manuscript\fig5_exact_operator_replication_20261003\FIG5_ALL_DATASET_OPERATOR_CONTRACTS_MULTIMETRIC_20261003.csv
5,shainer2025,operator,shape3+loggain+offset,direct_ridge,relation_index,,,,BASELINE,,,analysis_workspace/results/manuscript\fig5_exact_operator_replication_20261003\FIG5_ALL_DATASET_OPERATOR_CONTRACTS_MULTIMETRIC_20261003.csv
5,shainer2025,operator,shape3+loggain+offset,shared_operator,r2,-0.0205600097632195,,-0.0020269716735103,BOUNDARY_OR_MIXED,,domain=function_coordinate; positive_delta_metrics=0.0/4.0,analysis_workspace/results/manuscript\fig5_exact_operator_replication_20261003\FIG5_ALL_DATASET_OPERATOR_CONTRACTS_MULTIMETRIC_20261003.csv
5,shainer2025,operator,shape3+loggain+offset,shared_operator,spearman,-0.0778132927087149,,-0.0601317454805922,BOUNDARY_OR_MIXED,,domain=function_coordinate; positive_delta_metrics=0.0/4.0,analysis_workspace/results/manuscript\fig5_exact_operator_replication_20261003\FIG5_ALL_DATASET_OPERATOR_CONTRACTS_MULTIMETRIC_20261003.csv
5,shainer2025,operator,shape3+loggain+offset,shared_operator,pearson,-0.0879159600087744,,,BOUNDARY_OR_MIXED,,domain=function_coordinate; positive_delta_metrics=0.0/4.0,analysis_workspace/results/manuscript\fig5_exact_operator_replication_20261003\FIG5_ALL_DATASET_OPERATOR_CONTRACTS_MULTIMETRIC_20261003.csv
5,shainer2025,operator,shape3+loggain+offset,shared_operator,nrmse,1.0106070717511904,,,BOUNDARY_OR_MIXED,,domain=function_coordinate; positive_delta_metrics=0.0/4.0,analysis_workspace/results/manuscript\fig5_exact_operator_replication_20261003\FIG5_ALL_DATASET_OPERATOR_CONTRACTS_MULTIMETRIC_20261003.csv
5,shainer2025,operator,shape3+loggain+offset,shared_operator,auroc,0.4502926410358039,,-0.0389734443123265,BOUNDARY_OR_MIXED,,domain=function_coordinate; positive_delta_metrics=0.0/4.0,analysis_workspace/results/manuscript\fig5_exact_operator_replication_20261003\FIG5_ALL_DATASET_OPERATOR_CONTRACTS_MULTIMETRIC_20261003.csv
5,shainer2025,operator,shape3+loggain+offset,shared_operator,auprc,0.4651167592785451,,-0.0250891055578857,BOUNDARY_OR_MIXED,,domain=function_coordinate; positive_delta_metrics=0.0/4.0,analysis_workspace/results/manuscript\fig5_exact_operator_replication_20261003\FIG5_ALL_DATASET_OPERATOR_CONTRACTS_MULTIMETRIC_20261003.csv
5,shainer2025,operator,shape3+loggain+offset,shared_operator,geometry_spearman,,,,BOUNDARY_OR_MIXED,,domain=function_coordinate; positive_delta_metrics=0.0/4.0,analysis_workspace/results/manuscript\fig5_exact_operator_replication_20261003\FIG5_ALL_DATASET_OPERATOR_CONTRACTS_MULTIMETRIC_20261003.csv
5,shainer2025,operator,shape3+loggain+offset,shared_operator,heldunit_r2_win_fraction,0.3333333333333333,,,BOUNDARY_OR_MIXED,,,analysis_workspace/results/manuscript\fig5_exact_operator_replication_20261003\FIG5_ALL_DATASET_OPERATOR_CONTRACTS_MULTIMETRIC_20261003.csv
5,shainer2025,operator,shape3+loggain+offset,shared_operator,heldunit_spearman_win_fraction,,,,BOUNDARY_OR_MIXED,,,analysis_workspace/results/manuscript\fig5_exact_operator_replication_20261003\FIG5_ALL_DATASET_OPERATOR_CONTRACTS_MULTIMETRIC_20261003.csv
5,shainer2025,operator,shape3+loggain+offset,shared_operator,relation_index,,,,BOUNDARY_OR_MIXED,,,analysis_workspace/results/manuscript\fig5_exact_operator_replication_20261003\FIG5_ALL_DATASET_OPERATOR_CONTRACTS_MULTIMETRIC_20261003.csv
5,shainer2025,operator,shape3+loggain+offset,lowrank_operator,r2,-0.0198598338976655,,-0.0013267958079564,BOUNDARY_OR_MIXED,,domain=function_coordinate; positive_delta_metrics=0.0/4.0,analysis_workspace/results/manuscript\fig5_exact_operator_replication_20261003\FIG5_ALL_DATASET_OPERATOR_CONTRACTS_MULTIMETRIC_20261003.csv
5,shainer2025,operator,shape3+loggain+offset,lowrank_operator,spearman,-0.0770113250811607,,-0.0593297778530379,BOUNDARY_OR_MIXED,,domain=function_coordinate; positive_delta_metrics=0.0/4.0,analysis_workspace/results/manuscript\fig5_exact_operator_replication_20261003\FIG5_ALL_DATASET_OPERATOR_CONTRACTS_MULTIMETRIC_20261003.csv
5,shainer2025,operator,shape3+loggain+offset,lowrank_operator,pearson,-0.0866449167863769,,,BOUNDARY_OR_MIXED,,domain=function_coordinate; positive_delta_metrics=0.0/4.0,analysis_workspace/results/manuscript\fig5_exact_operator_replication_20261003\FIG5_ALL_DATASET_OPERATOR_CONTRACTS_MULTIMETRIC_20261003.csv
5,shainer2025,operator,shape3+loggain+offset,lowrank_operator,nrmse,1.0102110786832708,,,BOUNDARY_OR_MIXED,,domain=function_coordinate; positive_delta_metrics=0.0/4.0,analysis_workspace/results/manuscript\fig5_exact_operator_replication_20261003\FIG5_ALL_DATASET_OPERATOR_CONTRACTS_MULTIMETRIC_20261003.csv
5,shainer2025,operator,shape3+loggain+offset,lowrank_operator,auroc,0.4512874884396882,,-0.0379785969084423,BOUNDARY_OR_MIXED,,domain=function_coordinate; positive_delta_metrics=0.0/4.0,analysis_workspace/results/manuscript\fig5_exact_operator_replication_20261003\FIG5_ALL_DATASET_OPERATOR_CONTRACTS_MULTIMETRIC_20261003.csv
5,shainer2025,operator,shape3+loggain+offset,lowrank_operator,auprc,0.4670544292097027,,-0.0231514356267282,BOUNDARY_OR_MIXED,,domain=function_coordinate; positive_delta_metrics=0.0/4.0,analysis_workspace/results/manuscript\fig5_exact_operator_replication_20261003\FIG5_ALL_DATASET_OPERATOR_CONTRACTS_MULTIMETRIC_20261003.csv
5,shainer2025,operator,shape3+loggain+offset,lowrank_operator,geometry_spearman,,,,BOUNDARY_OR_MIXED,,domain=function_coordinate; positive_delta_metrics=0.0/4.0,analysis_workspace/results/manuscript\fig5_exact_operator_replication_20261003\FIG5_ALL_DATASET_OPERATOR_CONTRACTS_MULTIMETRIC_20261003.csv
5,shainer2025,operator,shape3+loggain+offset,lowrank_operator,heldunit_r2_win_fraction,0.5,,,BOUNDARY_OR_MIXED,,,analysis_workspace/results/manuscript\fig5_exact_operator_replication_20261003\FIG5_ALL_DATASET_OPERATOR_CONTRACTS_MULTIMETRIC_20261003.csv
5,shainer2025,operator,shape3+loggain+offset,lowrank_operator,heldunit_spearman_win_fraction,,,,BOUNDARY_OR_MIXED,,,analysis_workspace/results/manuscript\fig5_exact_operator_replication_20261003\FIG5_ALL_DATASET_OPERATOR_CONTRACTS_MULTIMETRIC_20261003.csv
5,shainer2025,operator,shape3+loggain+offset,lowrank_operator,relation_index,,,,BOUNDARY_OR_MIXED,,,analysis_workspace/results/manuscript\fig5_exact_operator_replication_20261003\FIG5_ALL_DATASET_OPERATOR_CONTRACTS_MULTIMETRIC_20261003.csv
5,warp2026_d2,operator,shape3+loggain+offset,direct_ridge,r2,-0.0199106425700953,,0.0,BASELINE,,domain=function_coordinate; positive_delta_metrics=0.0/4.0,analysis_workspace/results/manuscript\fig5_exact_operator_replication_20261003\FIG5_ALL_DATASET_OPERATOR_CONTRACTS_MULTIMETRIC_20261003.csv
5,warp2026_d2,operator,shape3+loggain+offset,direct_ridge,spearman,-0.0606857912124092,,0.0,BASELINE,,domain=function_coordinate; positive_delta_metrics=0.0/4.0,analysis_workspace/results/manuscript\fig5_exact_operator_replication_20261003\FIG5_ALL_DATASET_OPERATOR_CONTRACTS_MULTIMETRIC_20261003.csv
5,warp2026_d2,operator,shape3+loggain+offset,direct_ridge,pearson,-0.0529838880729249,,,BASELINE,,domain=function_coordinate; positive_delta_metrics=0.0/4.0,analysis_workspace/results/manuscript\fig5_exact_operator_replication_20261003\FIG5_ALL_DATASET_OPERATOR_CONTRACTS_MULTIMETRIC_20261003.csv
5,warp2026_d2,operator,shape3+loggain+offset,direct_ridge,nrmse,1.0119506916494423,,,BASELINE,,domain=function_coordinate; positive_delta_metrics=0.0/4.0,analysis_workspace/results/manuscript\fig5_exact_operator_replication_20261003\FIG5_ALL_DATASET_OPERATOR_CONTRACTS_MULTIMETRIC_20261003.csv
5,warp2026_d2,operator,shape3+loggain+offset,direct_ridge,auroc,0.4581656058085283,,0.0,BASELINE,,domain=function_coordinate; positive_delta_metrics=0.0/4.0,analysis_workspace/results/manuscript\fig5_exact_operator_replication_20261003\FIG5_ALL_DATASET_OPERATOR_CONTRACTS_MULTIMETRIC_20261003.csv
5,warp2026_d2,operator,shape3+loggain+offset,direct_ridge,auprc,0.4737151921484306,,0.0,BASELINE,,domain=function_coordinate; positive_delta_metrics=0.0/4.0,analysis_workspace/results/manuscript\fig5_exact_operator_replication_20261003\FIG5_ALL_DATASET_OPERATOR_CONTRACTS_MULTIMETRIC_20261003.csv
5,warp2026_d2,operator,shape3+loggain+offset,direct_ridge,geometry_spearman,,,,BASELINE,,domain=function_coordinate; positive_delta_metrics=0.0/4.0,analysis_workspace/results/manuscript\fig5_exact_operator_replication_20261003\FIG5_ALL_DATASET_OPERATOR_CONTRACTS_MULTIMETRIC_20261003.csv
5,warp2026_d2,operator,shape3+loggain+offset,direct_ridge,heldunit_r2_win_fraction,,,,BASELINE,,,analysis_workspace/results/manuscript\fig5_exact_operator_replication_20261003\FIG5_ALL_DATASET_OPERATOR_CONTRACTS_MULTIMETRIC_20261003.csv
5,warp2026_d2,operator,shape3+loggain+offset,direct_ridge,heldunit_spearman_win_fraction,,,,BASELINE,,,analysis_workspace/results/manuscript\fig5_exact_operator_replication_20261003\FIG5_ALL_DATASET_OPERATOR_CONTRACTS_MULTIMETRIC_20261003.csv
5,warp2026_d2,operator,shape3+loggain+offset,direct_ridge,relation_index,,,,BASELINE,,,analysis_workspace/results/manuscript\fig5_exact_operator_replication_20261003\FIG5_ALL_DATASET_OPERATOR_CONTRACTS_MULTIMETRIC_20261003.csv
5,warp2026_d2,operator,shape3+loggain+offset,shared_operator,r2,-0.0198790397858944,,3.160278420090076e-05,BOUNDARY_OR_MIXED,,domain=function_coordinate; positive_delta_metrics=1.0/4.0,analysis_workspace/results/manuscript\fig5_exact_operator_replication_20261003\FIG5_ALL_DATASET_OPERATOR_CONTRACTS_MULTIMETRIC_20261003.csv
5,warp2026_d2,operator,shape3+loggain+offset,shared_operator,spearman,-0.0615917775775035,,-0.0009059863650942,BOUNDARY_OR_MIXED,,domain=function_coordinate; positive_delta_metrics=1.0/4.0,analysis_workspace/results/manuscript\fig5_exact_operator_replication_20261003\FIG5_ALL_DATASET_OPERATOR_CONTRACTS_MULTIMETRIC_20261003.csv
5,warp2026_d2,operator,shape3+loggain+offset,shared_operator,pearson,-0.054000464743759,,,BOUNDARY_OR_MIXED,,domain=function_coordinate; positive_delta_metrics=1.0/4.0,analysis_workspace/results/manuscript\fig5_exact_operator_replication_20261003\FIG5_ALL_DATASET_OPERATOR_CONTRACTS_MULTIMETRIC_20261003.csv
5,warp2026_d2,operator,shape3+loggain+offset,shared_operator,nrmse,1.0118906831414003,,,BOUNDARY_OR_MIXED,,domain=function_coordinate; positive_delta_metrics=1.0/4.0,analysis_workspace/results/manuscript\fig5_exact_operator_replication_20261003\FIG5_ALL_DATASET_OPERATOR_CONTRACTS_MULTIMETRIC_20261003.csv
5,warp2026_d2,operator,shape3+loggain+offset,shared_operator,auroc,0.4575740150311925,,-0.0005915907773357,BOUNDARY_OR_MIXED,,domain=function_coordinate; positive_delta_metrics=1.0/4.0,analysis_workspace/results/manuscript\fig5_exact_operator_replication_20261003\FIG5_ALL_DATASET_OPERATOR_CONTRACTS_MULTIMETRIC_20261003.csv
5,warp2026_d2,operator,shape3+loggain+offset,shared_operator,auprc,0.4732544506134212,,-0.0004607415350094,BOUNDARY_OR_MIXED,,domain=function_coordinate; positive_delta_metrics=1.0/4.0,analysis_workspace/results/manuscript\fig5_exact_operator_replication_20261003\FIG5_ALL_DATASET_OPERATOR_CONTRACTS_MULTIMETRIC_20261003.csv
5,warp2026_d2,operator,shape3+loggain+offset,shared_operator,geometry_spearman,,,,BOUNDARY_OR_MIXED,,domain=function_coordinate; positive_delta_metrics=1.0/4.0,analysis_workspace/results/manuscript\fig5_exact_operator_replication_20261003\FIG5_ALL_DATASET_OPERATOR_CONTRACTS_MULTIMETRIC_20261003.csv
5,warp2026_d2,operator,shape3+loggain+offset,shared_operator,heldunit_r2_win_fraction,0.6666666666666666,,,BOUNDARY_OR_MIXED,,,analysis_workspace/results/manuscript\fig5_exact_operator_replication_20261003\FIG5_ALL_DATASET_OPERATOR_CONTRACTS_MULTIMETRIC_20261003.csv
5,warp2026_d2,operator,shape3+loggain+offset,shared_operator,heldunit_spearman_win_fraction,,,,BOUNDARY_OR_MIXED,,,analysis_workspace/results/manuscript\fig5_exact_operator_replication_20261003\FIG5_ALL_DATASET_OPERATOR_CONTRACTS_MULTIMETRIC_20261003.csv
5,warp2026_d2,operator,shape3+loggain+offset,shared_operator,relation_index,,,,BOUNDARY_OR_MIXED,,,analysis_workspace/results/manuscript\fig5_exact_operator_replication_20261003\FIG5_ALL_DATASET_OPERATOR_CONTRACTS_MULTIMETRIC_20261003.csv
5,warp2026_d2,operator,shape3+loggain+offset,lowrank_operator,r2,-0.0195164850077467,,0.0003941575623486,BOUNDARY_OR_MIXED,,domain=function_coordinate; positive_delta_metrics=1.0/4.0,analysis_workspace/results/manuscript\fig5_exact_operator_replication_20261003\FIG5_ALL_DATASET_OPERATOR_CONTRACTS_MULTIMETRIC_20261003.csv
5,warp2026_d2,operator,shape3+loggain+offset,lowrank_operator,spearman,-0.0669972436531422,,-0.006311452440733,BOUNDARY_OR_MIXED,,domain=function_coordinate; positive_delta_metrics=1.0/4.0,analysis_workspace/results/manuscript\fig5_exact_operator_replication_20261003\FIG5_ALL_DATASET_OPERATOR_CONTRACTS_MULTIMETRIC_20261003.csv
5,warp2026_d2,operator,shape3+loggain+offset,lowrank_operator,pearson,-0.0583590445703472,,,BOUNDARY_OR_MIXED,,domain=function_coordinate; positive_delta_metrics=1.0/4.0,analysis_workspace/results/manuscript\fig5_exact_operator_replication_20261003\FIG5_ALL_DATASET_OPERATOR_CONTRACTS_MULTIMETRIC_20261003.csv
5,warp2026_d2,operator,shape3+loggain+offset,lowrank_operator,nrmse,1.011445815214869,,,BOUNDARY_OR_MIXED,,domain=function_coordinate; positive_delta_metrics=1.0/4.0,analysis_workspace/results/manuscript\fig5_exact_operator_replication_20261003\FIG5_ALL_DATASET_OPERATOR_CONTRACTS_MULTIMETRIC_20261003.csv
5,warp2026_d2,operator,shape3+loggain+offset,lowrank_operator,auroc,0.4540056247250196,,-0.0041599810835086,BOUNDARY_OR_MIXED,,domain=function_coordinate; positive_delta_metrics=1.0/4.0,analysis_workspace/results/manuscript\fig5_exact_operator_replication_20261003\FIG5_ALL_DATASET_OPERATOR_CONTRACTS_MULTIMETRIC_20261003.csv
5,warp2026_d2,operator,shape3+loggain+offset,lowrank_operator,auprc,0.4725232261010187,,-0.0011919660474118,BOUNDARY_OR_MIXED,,domain=function_coordinate; positive_delta_metrics=1.0/4.0,analysis_workspace/results/manuscript\fig5_exact_operator_replication_20261003\FIG5_ALL_DATASET_OPERATOR_CONTRACTS_MULTIMETRIC_20261003.csv
5,warp2026_d2,operator,shape3+loggain+offset,lowrank_operator,geometry_spearman,,,,BOUNDARY_OR_MIXED,,domain=function_coordinate; positive_delta_metrics=1.0/4.0,analysis_workspace/results/manuscript\fig5_exact_operator_replication_20261003\FIG5_ALL_DATASET_OPERATOR_CONTRACTS_MULTIMETRIC_20261003.csv
5,warp2026_d2,operator,shape3+loggain+offset,lowrank_operator,heldunit_r2_win_fraction,0.6666666666666666,,,BOUNDARY_OR_MIXED,,,analysis_workspace/results/manuscript\fig5_exact_operator_replication_20261003\FIG5_ALL_DATASET_OPERATOR_CONTRACTS_MULTIMETRIC_20261003.csv
5,warp2026_d2,operator,shape3+loggain+offset,lowrank_operator,heldunit_spearman_win_fraction,,,,BOUNDARY_OR_MIXED,,,analysis_workspace/results/manuscript\fig5_exact_operator_replication_20261003\FIG5_ALL_DATASET_OPERATOR_CONTRACTS_MULTIMETRIC_20261003.csv
5,warp2026_d2,operator,shape3+loggain+offset,lowrank_operator,relation_index,,,,BOUNDARY_OR_MIXED,,,analysis_workspace/results/manuscript\fig5_exact_operator_replication_20261003\FIG5_ALL_DATASET_OPERATOR_CONTRACTS_MULTIMETRIC_20261003.csv
5,warp2026,operator,shape3+loggain+offset,direct_ridge,r2,-0.0336592311684948,,0.0,BASELINE,,domain=function_coordinate; positive_delta_metrics=0.0/4.0,analysis_workspace/results/manuscript\fig5_exact_operator_replication_20261003\FIG5_ALL_DATASET_OPERATOR_CONTRACTS_MULTIMETRIC_20261003.csv
5,warp2026,operator,shape3+loggain+offset,direct_ridge,spearman,-0.002928695245537,,0.0,BASELINE,,domain=function_coordinate; positive_delta_metrics=0.0/4.0,analysis_workspace/results/manuscript\fig5_exact_operator_replication_20261003\FIG5_ALL_DATASET_OPERATOR_CONTRACTS_MULTIMETRIC_20261003.csv
5,warp2026,operator,shape3+loggain+offset,direct_ridge,pearson,0.0054648520007117,,,BASELINE,,domain=function_coordinate; positive_delta_metrics=0.0/4.0,analysis_workspace/results/manuscript\fig5_exact_operator_replication_20261003\FIG5_ALL_DATASET_OPERATOR_CONTRACTS_MULTIMETRIC_20261003.csv
5,warp2026,operator,shape3+loggain+offset,direct_ridge,nrmse,1.0088741681783575,,,BASELINE,,domain=function_coordinate; positive_delta_metrics=0.0/4.0,analysis_workspace/results/manuscript\fig5_exact_operator_replication_20261003\FIG5_ALL_DATASET_OPERATOR_CONTRACTS_MULTIMETRIC_20261003.csv
5,warp2026,operator,shape3+loggain+offset,direct_ridge,auroc,0.4962014571135987,,0.0,BASELINE,,domain=function_coordinate; positive_delta_metrics=0.0/4.0,analysis_workspace/results/manuscript\fig5_exact_operator_replication_20261003\FIG5_ALL_DATASET_OPERATOR_CONTRACTS_MULTIMETRIC_20261003.csv
5,warp2026,operator,shape3+loggain+offset,direct_ridge,auprc,0.5072656746788007,,0.0,BASELINE,,domain=function_coordinate; positive_delta_metrics=0.0/4.0,analysis_workspace/results/manuscript\fig5_exact_operator_replication_20261003\FIG5_ALL_DATASET_OPERATOR_CONTRACTS_MULTIMETRIC_20261003.csv
5,warp2026,operator,shape3+loggain+offset,direct_ridge,geometry_spearman,,,,BASELINE,,domain=function_coordinate; positive_delta_metrics=0.0/4.0,analysis_workspace/results/manuscript\fig5_exact_operator_replication_20261003\FIG5_ALL_DATASET_OPERATOR_CONTRACTS_MULTIMETRIC_20261003.csv
5,warp2026,operator,shape3+loggain+offset,direct_ridge,heldunit_r2_win_fraction,,,,BASELINE,,,analysis_workspace/results/manuscript\fig5_exact_operator_replication_20261003\FIG5_ALL_DATASET_OPERATOR_CONTRACTS_MULTIMETRIC_20261003.csv
5,warp2026,operator,shape3+loggain+offset,direct_ridge,heldunit_spearman_win_fraction,,,,BASELINE,,,analysis_workspace/results/manuscript\fig5_exact_operator_replication_20261003\FIG5_ALL_DATASET_OPERATOR_CONTRACTS_MULTIMETRIC_20261003.csv
5,warp2026,operator,shape3+loggain+offset,direct_ridge,relation_index,,,,BASELINE,,,analysis_workspace/results/manuscript\fig5_exact_operator_replication_20261003\FIG5_ALL_DATASET_OPERATOR_CONTRACTS_MULTIMETRIC_20261003.csv
5,warp2026,operator,shape3+loggain+offset,shared_operator,r2,-0.0336277518361962,,3.147933229859928e-05,MIXED_POSITIVE,,domain=function_coordinate; positive_delta_metrics=4.0/4.0,analysis_workspace/results/manuscript\fig5_exact_operator_replication_20261003\FIG5_ALL_DATASET_OPERATOR_CONTRACTS_MULTIMETRIC_20261003.csv
5,warp2026,operator,shape3+loggain+offset,shared_operator,spearman,-0.0022811682985578,,0.0006475269469791,MIXED_POSITIVE,,domain=function_coordinate; positive_delta_metrics=4.0/4.0,analysis_workspace/results/manuscript\fig5_exact_operator_replication_20261003\FIG5_ALL_DATASET_OPERATOR_CONTRACTS_MULTIMETRIC_20261003.csv
5,warp2026,operator,shape3+loggain+offset,shared_operator,pearson,0.0061062856789388,,,MIXED_POSITIVE,,domain=function_coordinate; positive_delta_metrics=4.0/4.0,analysis_workspace/results/manuscript\fig5_exact_operator_replication_20261003\FIG5_ALL_DATASET_OPERATOR_CONTRACTS_MULTIMETRIC_20261003.csv
5,warp2026,operator,shape3+loggain+offset,shared_operator,nrmse,1.0088648002187508,,,MIXED_POSITIVE,,domain=function_coordinate; positive_delta_metrics=4.0/4.0,analysis_workspace/results/manuscript\fig5_exact_operator_replication_20261003\FIG5_ALL_DATASET_OPERATOR_CONTRACTS_MULTIMETRIC_20261003.csv
5,warp2026,operator,shape3+loggain+offset,shared_operator,auroc,0.4966244519158483,,0.0004229948022496,MIXED_POSITIVE,,domain=function_coordinate; positive_delta_metrics=4.0/4.0,analysis_workspace/results/manuscript\fig5_exact_operator_replication_20261003\FIG5_ALL_DATASET_OPERATOR_CONTRACTS_MULTIMETRIC_20261003.csv
5,warp2026,operator,shape3+loggain+offset,shared_operator,auprc,0.5075084313835629,,0.0002427567047622,MIXED_POSITIVE,,domain=function_coordinate; positive_delta_metrics=4.0/4.0,analysis_workspace/results/manuscript\fig5_exact_operator_replication_20261003\FIG5_ALL_DATASET_OPERATOR_CONTRACTS_MULTIMETRIC_20261003.csv
5,warp2026,operator,shape3+loggain+offset,shared_operator,geometry_spearman,,,,MIXED_POSITIVE,,domain=function_coordinate; positive_delta_metrics=4.0/4.0,analysis_workspace/results/manuscript\fig5_exact_operator_replication_20261003\FIG5_ALL_DATASET_OPERATOR_CONTRACTS_MULTIMETRIC_20261003.csv
5,warp2026,operator,shape3+loggain+offset,shared_operator,heldunit_r2_win_fraction,0.3333333333333333,,,MIXED_POSITIVE,,,analysis_workspace/results/manuscript\fig5_exact_operator_replication_20261003\FIG5_ALL_DATASET_OPERATOR_CONTRACTS_MULTIMETRIC_20261003.csv
5,warp2026,operator,shape3+loggain+offset,shared_operator,heldunit_spearman_win_fraction,,,,MIXED_POSITIVE,,,analysis_workspace/results/manuscript\fig5_exact_operator_replication_20261003\FIG5_ALL_DATASET_OPERATOR_CONTRACTS_MULTIMETRIC_20261003.csv
5,warp2026,operator,shape3+loggain+offset,shared_operator,relation_index,,,,MIXED_POSITIVE,,,analysis_workspace/results/manuscript\fig5_exact_operator_replication_20261003\FIG5_ALL_DATASET_OPERATOR_CONTRACTS_MULTIMETRIC_20261003.csv
5,warp2026,operator,shape3+loggain+offset,lowrank_operator,r2,-0.0340218469910892,,-0.0003626158225943,BOUNDARY_OR_MIXED,,domain=function_coordinate; positive_delta_metrics=0.0/4.0,analysis_workspace/results/manuscript\fig5_exact_operator_replication_20261003\FIG5_ALL_DATASET_OPERATOR_CONTRACTS_MULTIMETRIC_20261003.csv
5,warp2026,operator,shape3+loggain+offset,lowrank_operator,spearman,-0.0075048897512043,,-0.0045761945056673,BOUNDARY_OR_MIXED,,domain=function_coordinate; positive_delta_metrics=0.0/4.0,analysis_workspace/results/manuscript\fig5_exact_operator_replication_20261003\FIG5_ALL_DATASET_OPERATOR_CONTRACTS_MULTIMETRIC_20261003.csv
5,warp2026,operator,shape3+loggain+offset,lowrank_operator,pearson,0.0017770410932203,,,BOUNDARY_OR_MIXED,,domain=function_coordinate; positive_delta_metrics=0.0/4.0,analysis_workspace/results/manuscript\fig5_exact_operator_replication_20261003\FIG5_ALL_DATASET_OPERATOR_CONTRACTS_MULTIMETRIC_20261003.csv
5,warp2026,operator,shape3+loggain+offset,lowrank_operator,nrmse,1.009023428238452,,,BOUNDARY_OR_MIXED,,domain=function_coordinate; positive_delta_metrics=0.0/4.0,analysis_workspace/results/manuscript\fig5_exact_operator_replication_20261003\FIG5_ALL_DATASET_OPERATOR_CONTRACTS_MULTIMETRIC_20261003.csv
5,warp2026,operator,shape3+loggain+offset,lowrank_operator,auroc,0.4932463968507259,,-0.0029550602628727,BOUNDARY_OR_MIXED,,domain=function_coordinate; positive_delta_metrics=0.0/4.0,analysis_workspace/results/manuscript\fig5_exact_operator_replication_20261003\FIG5_ALL_DATASET_OPERATOR_CONTRACTS_MULTIMETRIC_20261003.csv
5,warp2026,operator,shape3+loggain+offset,lowrank_operator,auprc,0.5057391361974475,,-0.0015265384813532,BOUNDARY_OR_MIXED,,domain=function_coordinate; positive_delta_metrics=0.0/4.0,analysis_workspace/results/manuscript\fig5_exact_operator_replication_20261003\FIG5_ALL_DATASET_OPERATOR_CONTRACTS_MULTIMETRIC_20261003.csv
5,warp2026,operator,shape3+loggain+offset,lowrank_operator,geometry_spearman,,,,BOUNDARY_OR_MIXED,,domain=function_coordinate; positive_delta_metrics=0.0/4.0,analysis_workspace/results/manuscript\fig5_exact_operator_replication_20261003\FIG5_ALL_DATASET_OPERATOR_CONTRACTS_MULTIMETRIC_20261003.csv
5,warp2026,operator,shape3+loggain+offset,lowrank_operator,heldunit_r2_win_fraction,0.0,,,BOUNDARY_OR_MIXED,,,analysis_workspace/results/manuscript\fig5_exact_operator_replication_20261003\FIG5_ALL_DATASET_OPERATOR_CONTRACTS_MULTIMETRIC_20261003.csv
5,warp2026,operator,shape3+loggain+offset,lowrank_operator,heldunit_spearman_win_fraction,,,,BOUNDARY_OR_MIXED,,,analysis_workspace/results/manuscript\fig5_exact_operator_replication_20261003\FIG5_ALL_DATASET_OPERATOR_CONTRACTS_MULTIMETRIC_20261003.csv
5,warp2026,operator,shape3+loggain+offset,lowrank_operator,relation_index,,,,BOUNDARY_OR_MIXED,,,analysis_workspace/results/manuscript\fig5_exact_operator_replication_20261003\FIG5_ALL_DATASET_OPERATOR_CONTRACTS_MULTIMETRIC_20261003.csv
5,xu2020,operator,shape3+loggain+offset,direct_ridge,r2,0.0935272508111439,,0.0,BASELINE,,domain=function_coordinate; positive_delta_metrics=0.0/4.0,analysis_workspace/results/manuscript\fig5_exact_operator_replication_20261003\FIG5_ALL_DATASET_OPERATOR_CONTRACTS_MULTIMETRIC_20261003.csv
5,xu2020,operator,shape3+loggain+offset,direct_ridge,spearman,0.23930658773494,,0.0,BASELINE,,domain=function_coordinate; positive_delta_metrics=0.0/4.0,analysis_workspace/results/manuscript\fig5_exact_operator_replication_20261003\FIG5_ALL_DATASET_OPERATOR_CONTRACTS_MULTIMETRIC_20261003.csv
5,xu2020,operator,shape3+loggain+offset,direct_ridge,pearson,0.2447924927800595,,,BASELINE,,domain=function_coordinate; positive_delta_metrics=0.0/4.0,analysis_workspace/results/manuscript\fig5_exact_operator_replication_20261003\FIG5_ALL_DATASET_OPERATOR_CONTRACTS_MULTIMETRIC_20261003.csv
5,xu2020,operator,shape3+loggain+offset,direct_ridge,nrmse,0.967090513483224,,,BASELINE,,domain=function_coordinate; positive_delta_metrics=0.0/4.0,analysis_workspace/results/manuscript\fig5_exact_operator_replication_20261003\FIG5_ALL_DATASET_OPERATOR_CONTRACTS_MULTIMETRIC_20261003.csv
5,xu2020,operator,shape3+loggain+offset,direct_ridge,auroc,0.6576398097491643,,0.0,BASELINE,,domain=function_coordinate; positive_delta_metrics=0.0/4.0,analysis_workspace/results/manuscript\fig5_exact_operator_replication_20261003\FIG5_ALL_DATASET_OPERATOR_CONTRACTS_MULTIMETRIC_20261003.csv
5,xu2020,operator,shape3+loggain+offset,direct_ridge,auprc,0.6788688108454513,,0.0,BASELINE,,domain=function_coordinate; positive_delta_metrics=0.0/4.0,analysis_workspace/results/manuscript\fig5_exact_operator_replication_20261003\FIG5_ALL_DATASET_OPERATOR_CONTRACTS_MULTIMETRIC_20261003.csv
5,xu2020,operator,shape3+loggain+offset,direct_ridge,geometry_spearman,,,,BASELINE,,domain=function_coordinate; positive_delta_metrics=0.0/4.0,analysis_workspace/results/manuscript\fig5_exact_operator_replication_20261003\FIG5_ALL_DATASET_OPERATOR_CONTRACTS_MULTIMETRIC_20261003.csv
5,xu2020,operator,shape3+loggain+offset,direct_ridge,heldunit_r2_win_fraction,,,,BASELINE,,,analysis_workspace/results/manuscript\fig5_exact_operator_replication_20261003\FIG5_ALL_DATASET_OPERATOR_CONTRACTS_MULTIMETRIC_20261003.csv
5,xu2020,operator,shape3+loggain+offset,direct_ridge,heldunit_spearman_win_fraction,,,,BASELINE,,,analysis_workspace/results/manuscript\fig5_exact_operator_replication_20261003\FIG5_ALL_DATASET_OPERATOR_CONTRACTS_MULTIMETRIC_20261003.csv
5,xu2020,operator,shape3+loggain+offset,direct_ridge,relation_index,,,,BASELINE,,,analysis_workspace/results/manuscript\fig5_exact_operator_replication_20261003\FIG5_ALL_DATASET_OPERATOR_CONTRACTS_MULTIMETRIC_20261003.csv
5,xu2020,operator,shape3+loggain+offset,shared_operator,r2,0.0952108182242583,,0.0016835674131144,BOUNDARY_OR_MIXED,,domain=function_coordinate; positive_delta_metrics=1.0/4.0,analysis_workspace/results/manuscript\fig5_exact_operator_replication_20261003\FIG5_ALL_DATASET_OPERATOR_CONTRACTS_MULTIMETRIC_20261003.csv
5,xu2020,operator,shape3+loggain+offset,shared_operator,spearman,0.2285210607796377,,-0.0107855269553023,BOUNDARY_OR_MIXED,,domain=function_coordinate; positive_delta_metrics=1.0/4.0,analysis_workspace/results/manuscript\fig5_exact_operator_replication_20261003\FIG5_ALL_DATASET_OPERATOR_CONTRACTS_MULTIMETRIC_20261003.csv
5,xu2020,operator,shape3+loggain+offset,shared_operator,pearson,0.2368082010642762,,,BOUNDARY_OR_MIXED,,domain=function_coordinate; positive_delta_metrics=1.0/4.0,analysis_workspace/results/manuscript\fig5_exact_operator_replication_20261003\FIG5_ALL_DATASET_OPERATOR_CONTRACTS_MULTIMETRIC_20261003.csv
5,xu2020,operator,shape3+loggain+offset,shared_operator,nrmse,0.9671102525896568,,,BOUNDARY_OR_MIXED,,domain=function_coordinate; positive_delta_metrics=1.0/4.0,analysis_workspace/results/manuscript\fig5_exact_operator_replication_20261003\FIG5_ALL_DATASET_OPERATOR_CONTRACTS_MULTIMETRIC_20261003.csv
5,xu2020,operator,shape3+loggain+offset,shared_operator,auroc,0.651271647384845,,-0.0063681623643192,BOUNDARY_OR_MIXED,,domain=function_coordinate; positive_delta_metrics=1.0/4.0,analysis_workspace/results/manuscript\fig5_exact_operator_replication_20261003\FIG5_ALL_DATASET_OPERATOR_CONTRACTS_MULTIMETRIC_20261003.csv
5,xu2020,operator,shape3+loggain+offset,shared_operator,auprc,0.6753988554586803,,-0.0034699553867709,BOUNDARY_OR_MIXED,,domain=function_coordinate; positive_delta_metrics=1.0/4.0,analysis_workspace/results/manuscript\fig5_exact_operator_replication_20261003\FIG5_ALL_DATASET_OPERATOR_CONTRACTS_MULTIMETRIC_20261003.csv
5,xu2020,operator,shape3+loggain+offset,shared_operator,geometry_spearman,,,,BOUNDARY_OR_MIXED,,domain=function_coordinate; positive_delta_metrics=1.0/4.0,analysis_workspace/results/manuscript\fig5_exact_operator_replication_20261003\FIG5_ALL_DATASET_OPERATOR_CONTRACTS_MULTIMETRIC_20261003.csv
5,xu2020,operator,shape3+loggain+offset,shared_operator,heldunit_r2_win_fraction,0.6666666666666666,,,BOUNDARY_OR_MIXED,,,analysis_workspace/results/manuscript\fig5_exact_operator_replication_20261003\FIG5_ALL_DATASET_OPERATOR_CONTRACTS_MULTIMETRIC_20261003.csv
5,xu2020,operator,shape3+loggain+offset,shared_operator,heldunit_spearman_win_fraction,,,,BOUNDARY_OR_MIXED,,,analysis_workspace/results/manuscript\fig5_exact_operator_replication_20261003\FIG5_ALL_DATASET_OPERATOR_CONTRACTS_MULTIMETRIC_20261003.csv
5,xu2020,operator,shape3+loggain+offset,shared_operator,relation_index,,,,BOUNDARY_OR_MIXED,,,analysis_workspace/results/manuscript\fig5_exact_operator_replication_20261003\FIG5_ALL_DATASET_OPERATOR_CONTRACTS_MULTIMETRIC_20261003.csv
5,xu2020,operator,shape3+loggain+offset,lowrank_operator,r2,0.0883161803193757,,-0.0052110704917681,BOUNDARY_OR_MIXED,,domain=function_coordinate; positive_delta_metrics=0.0/4.0,analysis_workspace/results/manuscript\fig5_exact_operator_replication_20261003\FIG5_ALL_DATASET_OPERATOR_CONTRACTS_MULTIMETRIC_20261003.csv
5,xu2020,operator,shape3+loggain+offset,lowrank_operator,spearman,0.2234228046220789,,-0.0158837831128611,BOUNDARY_OR_MIXED,,domain=function_coordinate; positive_delta_metrics=0.0/4.0,analysis_workspace/results/manuscript\fig5_exact_operator_replication_20261003\FIG5_ALL_DATASET_OPERATOR_CONTRACTS_MULTIMETRIC_20261003.csv
5,xu2020,operator,shape3+loggain+offset,lowrank_operator,pearson,0.2302882355553987,,,BOUNDARY_OR_MIXED,,domain=function_coordinate; positive_delta_metrics=0.0/4.0,analysis_workspace/results/manuscript\fig5_exact_operator_replication_20261003\FIG5_ALL_DATASET_OPERATOR_CONTRACTS_MULTIMETRIC_20261003.csv
5,xu2020,operator,shape3+loggain+offset,lowrank_operator,nrmse,0.9690725552935944,,,BOUNDARY_OR_MIXED,,domain=function_coordinate; positive_delta_metrics=0.0/4.0,analysis_workspace/results/manuscript\fig5_exact_operator_replication_20261003\FIG5_ALL_DATASET_OPERATOR_CONTRACTS_MULTIMETRIC_20261003.csv
5,xu2020,operator,shape3+loggain+offset,lowrank_operator,auroc,0.6437521339696202,,-0.013887675779544,BOUNDARY_OR_MIXED,,domain=function_coordinate; positive_delta_metrics=0.0/4.0,analysis_workspace/results/manuscript\fig5_exact_operator_replication_20261003\FIG5_ALL_DATASET_OPERATOR_CONTRACTS_MULTIMETRIC_20261003.csv
5,xu2020,operator,shape3+loggain+offset,lowrank_operator,auprc,0.6687688711333579,,-0.0100999397120933,BOUNDARY_OR_MIXED,,domain=function_coordinate; positive_delta_metrics=0.0/4.0,analysis_workspace/results/manuscript\fig5_exact_operator_replication_20261003\FIG5_ALL_DATASET_OPERATOR_CONTRACTS_MULTIMETRIC_20261003.csv
5,xu2020,operator,shape3+loggain+offset,lowrank_operator,geometry_spearman,,,,BOUNDARY_OR_MIXED,,domain=function_coordinate; positive_delta_metrics=0.0/4.0,analysis_workspace/results/manuscript\fig5_exact_operator_replication_20261003\FIG5_ALL_DATASET_OPERATOR_CONTRACTS_MULTIMETRIC_20261003.csv
5,xu2020,operator,shape3+loggain+offset,lowrank_operator,heldunit_r2_win_fraction,0.3333333333333333,,,BOUNDARY_OR_MIXED,,,analysis_workspace/results/manuscript\fig5_exact_operator_replication_20261003\FIG5_ALL_DATASET_OPERATOR_CONTRACTS_MULTIMETRIC_20261003.csv
5,xu2020,operator,shape3+loggain+offset,lowrank_operator,heldunit_spearman_win_fraction,,,,BOUNDARY_OR_MIXED,,,analysis_workspace/results/manuscript\fig5_exact_operator_replication_20261003\FIG5_ALL_DATASET_OPERATOR_CONTRACTS_MULTIMETRIC_20261003.csv
5,xu2020,operator,shape3+loggain+offset,lowrank_operator,relation_index,,,,BOUNDARY_OR_MIXED,,,analysis_workspace/results/manuscript\fig5_exact_operator_replication_20261003\FIG5_ALL_DATASET_OPERATOR_CONTRACTS_MULTIMETRIC_20261003.csv
5,zhao2026,operator,shape3+loggain+offset,direct_ridge,r2,-0.0409089955044659,,0.0,BASELINE,,domain=function_coordinate; positive_delta_metrics=0.0/4.0,analysis_workspace/results/manuscript\fig5_exact_operator_replication_20261003\FIG5_ALL_DATASET_OPERATOR_CONTRACTS_MULTIMETRIC_20261003.csv
5,zhao2026,operator,shape3+loggain+offset,direct_ridge,spearman,-0.1483556659103557,,0.0,BASELINE,,domain=function_coordinate; positive_delta_metrics=0.0/4.0,analysis_workspace/results/manuscript\fig5_exact_operator_replication_20261003\FIG5_ALL_DATASET_OPERATOR_CONTRACTS_MULTIMETRIC_20261003.csv
5,zhao2026,operator,shape3+loggain+offset,direct_ridge,pearson,-0.1005083004346336,,,BASELINE,,domain=function_coordinate; positive_delta_metrics=0.0/4.0,analysis_workspace/results/manuscript\fig5_exact_operator_replication_20261003\FIG5_ALL_DATASET_OPERATOR_CONTRACTS_MULTIMETRIC_20261003.csv
5,zhao2026,operator,shape3+loggain+offset,direct_ridge,nrmse,1.021267771018564,,,BASELINE,,domain=function_coordinate; positive_delta_metrics=0.0/4.0,analysis_workspace/results/manuscript\fig5_exact_operator_replication_20261003\FIG5_ALL_DATASET_OPERATOR_CONTRACTS_MULTIMETRIC_20261003.csv
5,zhao2026,operator,shape3+loggain+offset,direct_ridge,auroc,0.3910366681756451,,0.0,BASELINE,,domain=function_coordinate; positive_delta_metrics=0.0/4.0,analysis_workspace/results/manuscript\fig5_exact_operator_replication_20261003\FIG5_ALL_DATASET_OPERATOR_CONTRACTS_MULTIMETRIC_20261003.csv
5,zhao2026,operator,shape3+loggain+offset,direct_ridge,auprc,0.4467489141158626,,0.0,BASELINE,,domain=function_coordinate; positive_delta_metrics=0.0/4.0,analysis_workspace/results/manuscript\fig5_exact_operator_replication_20261003\FIG5_ALL_DATASET_OPERATOR_CONTRACTS_MULTIMETRIC_20261003.csv
5,zhao2026,operator,shape3+loggain+offset,direct_ridge,geometry_spearman,,,,BASELINE,,domain=function_coordinate; positive_delta_metrics=0.0/4.0,analysis_workspace/results/manuscript\fig5_exact_operator_replication_20261003\FIG5_ALL_DATASET_OPERATOR_CONTRACTS_MULTIMETRIC_20261003.csv
5,zhao2026,operator,shape3+loggain+offset,direct_ridge,heldunit_r2_win_fraction,,,,BASELINE,,,analysis_workspace/results/manuscript\fig5_exact_operator_replication_20261003\FIG5_ALL_DATASET_OPERATOR_CONTRACTS_MULTIMETRIC_20261003.csv
5,zhao2026,operator,shape3+loggain+offset,direct_ridge,heldunit_spearman_win_fraction,,,,BASELINE,,,analysis_workspace/results/manuscript\fig5_exact_operator_replication_20261003\FIG5_ALL_DATASET_OPERATOR_CONTRACTS_MULTIMETRIC_20261003.csv
5,zhao2026,operator,shape3+loggain+offset,direct_ridge,relation_index,,,,BASELINE,,,analysis_workspace/results/manuscript\fig5_exact_operator_replication_20261003\FIG5_ALL_DATASET_OPERATOR_CONTRACTS_MULTIMETRIC_20261003.csv
5,zhao2026,operator,shape3+loggain+offset,shared_operator,r2,-0.029258085120917,,0.0116509103835489,BOUNDARY_OR_MIXED,,domain=function_coordinate; positive_delta_metrics=1.0/4.0,analysis_workspace/results/manuscript\fig5_exact_operator_replication_20261003\FIG5_ALL_DATASET_OPERATOR_CONTRACTS_MULTIMETRIC_20261003.csv
5,zhao2026,operator,shape3+loggain+offset,shared_operator,spearman,-0.2213913266835052,,-0.0730356607731494,BOUNDARY_OR_MIXED,,domain=function_coordinate; positive_delta_metrics=1.0/4.0,analysis_workspace/results/manuscript\fig5_exact_operator_replication_20261003\FIG5_ALL_DATASET_OPERATOR_CONTRACTS_MULTIMETRIC_20261003.csv
5,zhao2026,operator,shape3+loggain+offset,shared_operator,pearson,-0.2296180182133471,,,BOUNDARY_OR_MIXED,,domain=function_coordinate; positive_delta_metrics=1.0/4.0,analysis_workspace/results/manuscript\fig5_exact_operator_replication_20261003\FIG5_ALL_DATASET_OPERATOR_CONTRACTS_MULTIMETRIC_20261003.csv
5,zhao2026,operator,shape3+loggain+offset,shared_operator,nrmse,1.0144456145296383,,,BOUNDARY_OR_MIXED,,domain=function_coordinate; positive_delta_metrics=1.0/4.0,analysis_workspace/results/manuscript\fig5_exact_operator_replication_20261003\FIG5_ALL_DATASET_OPERATOR_CONTRACTS_MULTIMETRIC_20261003.csv
5,zhao2026,operator,shape3+loggain+offset,shared_operator,auroc,0.3486645540968764,,-0.0423721140787686,BOUNDARY_OR_MIXED,,domain=function_coordinate; positive_delta_metrics=1.0/4.0,analysis_workspace/results/manuscript\fig5_exact_operator_replication_20261003\FIG5_ALL_DATASET_OPERATOR_CONTRACTS_MULTIMETRIC_20261003.csv
5,zhao2026,operator,shape3+loggain+offset,shared_operator,auprc,0.4260103623865964,,-0.0207385517292661,BOUNDARY_OR_MIXED,,domain=function_coordinate; positive_delta_metrics=1.0/4.0,analysis_workspace/results/manuscript\fig5_exact_operator_replication_20261003\FIG5_ALL_DATASET_OPERATOR_CONTRACTS_MULTIMETRIC_20261003.csv
5,zhao2026,operator,shape3+loggain+offset,shared_operator,geometry_spearman,,,,BOUNDARY_OR_MIXED,,domain=function_coordinate; positive_delta_metrics=1.0/4.0,analysis_workspace/results/manuscript\fig5_exact_operator_replication_20261003\FIG5_ALL_DATASET_OPERATOR_CONTRACTS_MULTIMETRIC_20261003.csv
5,zhao2026,operator,shape3+loggain+offset,shared_operator,heldunit_r2_win_fraction,0.4444444444444444,,,BOUNDARY_OR_MIXED,,,analysis_workspace/results/manuscript\fig5_exact_operator_replication_20261003\FIG5_ALL_DATASET_OPERATOR_CONTRACTS_MULTIMETRIC_20261003.csv
5,zhao2026,operator,shape3+loggain+offset,shared_operator,heldunit_spearman_win_fraction,,,,BOUNDARY_OR_MIXED,,,analysis_workspace/results/manuscript\fig5_exact_operator_replication_20261003\FIG5_ALL_DATASET_OPERATOR_CONTRACTS_MULTIMETRIC_20261003.csv
5,zhao2026,operator,shape3+loggain+offset,shared_operator,relation_index,,,,BOUNDARY_OR_MIXED,,,analysis_workspace/results/manuscript\fig5_exact_operator_replication_20261003\FIG5_ALL_DATASET_OPERATOR_CONTRACTS_MULTIMETRIC_20261003.csv
5,zhao2026,operator,shape3+loggain+offset,lowrank_operator,r2,-0.0306741568507399,,0.010234838653726,BOUNDARY_OR_MIXED,,domain=function_coordinate; positive_delta_metrics=1.0/4.0,analysis_workspace/results/manuscript\fig5_exact_operator_replication_20261003\FIG5_ALL_DATASET_OPERATOR_CONTRACTS_MULTIMETRIC_20261003.csv
5,zhao2026,operator,shape3+loggain+offset,lowrank_operator,spearman,-0.2343824650027826,,-0.0860267990924268,BOUNDARY_OR_MIXED,,domain=function_coordinate; positive_delta_metrics=1.0/4.0,analysis_workspace/results/manuscript\fig5_exact_operator_replication_20261003\FIG5_ALL_DATASET_OPERATOR_CONTRACTS_MULTIMETRIC_20261003.csv
5,zhao2026,operator,shape3+loggain+offset,lowrank_operator,pearson,-0.2355753567272003,,,BOUNDARY_OR_MIXED,,domain=function_coordinate; positive_delta_metrics=1.0/4.0,analysis_workspace/results/manuscript\fig5_exact_operator_replication_20261003\FIG5_ALL_DATASET_OPERATOR_CONTRACTS_MULTIMETRIC_20261003.csv
5,zhao2026,operator,shape3+loggain+offset,lowrank_operator,nrmse,1.0152101322145692,,,BOUNDARY_OR_MIXED,,domain=function_coordinate; positive_delta_metrics=1.0/4.0,analysis_workspace/results/manuscript\fig5_exact_operator_replication_20261003\FIG5_ALL_DATASET_OPERATOR_CONTRACTS_MULTIMETRIC_20261003.csv
5,zhao2026,operator,shape3+loggain+offset,lowrank_operator,auroc,0.3408782254413762,,-0.0501584427342688,BOUNDARY_OR_MIXED,,domain=function_coordinate; positive_delta_metrics=1.0/4.0,analysis_workspace/results/manuscript\fig5_exact_operator_replication_20261003\FIG5_ALL_DATASET_OPERATOR_CONTRACTS_MULTIMETRIC_20261003.csv
5,zhao2026,operator,shape3+loggain+offset,lowrank_operator,auprc,0.4253663174362462,,-0.0213825966796163,BOUNDARY_OR_MIXED,,domain=function_coordinate; positive_delta_metrics=1.0/4.0,analysis_workspace/results/manuscript\fig5_exact_operator_replication_20261003\FIG5_ALL_DATASET_OPERATOR_CONTRACTS_MULTIMETRIC_20261003.csv
5,zhao2026,operator,shape3+loggain+offset,lowrank_operator,geometry_spearman,,,,BOUNDARY_OR_MIXED,,domain=function_coordinate; positive_delta_metrics=1.0/4.0,analysis_workspace/results/manuscript\fig5_exact_operator_replication_20261003\FIG5_ALL_DATASET_OPERATOR_CONTRACTS_MULTIMETRIC_20261003.csv
5,zhao2026,operator,shape3+loggain+offset,lowrank_operator,heldunit_r2_win_fraction,0.4444444444444444,,,BOUNDARY_OR_MIXED,,,analysis_workspace/results/manuscript\fig5_exact_operator_replication_20261003\FIG5_ALL_DATASET_OPERATOR_CONTRACTS_MULTIMETRIC_20261003.csv
5,zhao2026,operator,shape3+loggain+offset,lowrank_operator,heldunit_spearman_win_fraction,,,,BOUNDARY_OR_MIXED,,,analysis_workspace/results/manuscript\fig5_exact_operator_replication_20261003\FIG5_ALL_DATASET_OPERATOR_CONTRACTS_MULTIMETRIC_20261003.csv
5,zhao2026,operator,shape3+loggain+offset,lowrank_operator,relation_index,,,,BOUNDARY_OR_MIXED,,,analysis_workspace/results/manuscript\fig5_exact_operator_replication_20261003\FIG5_ALL_DATASET_OPERATOR_CONTRACTS_MULTIMETRIC_20261003.csv
5,sorensen2026,operator,ephys_latent_sameXY_sameFolds,direct_ridge,r2,0.043257796566013,,0.0,BASELINE,,domain=function; positive_delta_metrics=0.0/4.0,analysis_workspace/results/manuscript\fig5_exact_operator_replication_20261003\FIG5_ALL_DATASET_OPERATOR_CONTRACTS_MULTIMETRIC_20261003.csv
5,sorensen2026,operator,ephys_latent_sameXY_sameFolds,direct_ridge,spearman,0.0452519178934273,,0.0,BASELINE,,domain=function; positive_delta_metrics=0.0/4.0,analysis_workspace/results/manuscript\fig5_exact_operator_replication_20261003\FIG5_ALL_DATASET_OPERATOR_CONTRACTS_MULTIMETRIC_20261003.csv
5,sorensen2026,operator,ephys_latent_sameXY_sameFolds,direct_ridge,pearson,,,,BASELINE,,domain=function; positive_delta_metrics=0.0/4.0,analysis_workspace/results/manuscript\fig5_exact_operator_replication_20261003\FIG5_ALL_DATASET_OPERATOR_CONTRACTS_MULTIMETRIC_20261003.csv
5,sorensen2026,operator,ephys_latent_sameXY_sameFolds,direct_ridge,nrmse,1.0028293505209225,,,BASELINE,,domain=function; positive_delta_metrics=0.0/4.0,analysis_workspace/results/manuscript\fig5_exact_operator_replication_20261003\FIG5_ALL_DATASET_OPERATOR_CONTRACTS_MULTIMETRIC_20261003.csv
5,sorensen2026,operator,ephys_latent_sameXY_sameFolds,direct_ridge,auroc,0.5510204081632653,,0.0,BASELINE,,domain=function; positive_delta_metrics=0.0/4.0,analysis_workspace/results/manuscript\fig5_exact_operator_replication_20261003\FIG5_ALL_DATASET_OPERATOR_CONTRACTS_MULTIMETRIC_20261003.csv
5,sorensen2026,operator,ephys_latent_sameXY_sameFolds,direct_ridge,auprc,0.6055404912547769,,0.0,BASELINE,,domain=function; positive_delta_metrics=0.0/4.0,analysis_workspace/results/manuscript\fig5_exact_operator_replication_20261003\FIG5_ALL_DATASET_OPERATOR_CONTRACTS_MULTIMETRIC_20261003.csv
5,sorensen2026,operator,ephys_latent_sameXY_sameFolds,direct_ridge,geometry_spearman,,,,BASELINE,,domain=function; positive_delta_metrics=0.0/4.0,analysis_workspace/results/manuscript\fig5_exact_operator_replication_20261003\FIG5_ALL_DATASET_OPERATOR_CONTRACTS_MULTIMETRIC_20261003.csv
5,sorensen2026,operator,ephys_latent_sameXY_sameFolds,direct_ridge,heldunit_r2_win_fraction,,,,BASELINE,,,analysis_workspace/results/manuscript\fig5_exact_operator_replication_20261003\FIG5_ALL_DATASET_OPERATOR_CONTRACTS_MULTIMETRIC_20261003.csv
5,sorensen2026,operator,ephys_latent_sameXY_sameFolds,direct_ridge,heldunit_spearman_win_fraction,,,,BASELINE,,,analysis_workspace/results/manuscript\fig5_exact_operator_replication_20261003\FIG5_ALL_DATASET_OPERATOR_CONTRACTS_MULTIMETRIC_20261003.csv
5,sorensen2026,operator,ephys_latent_sameXY_sameFolds,direct_ridge,relation_index,,,,BASELINE,,,analysis_workspace/results/manuscript\fig5_exact_operator_replication_20261003\FIG5_ALL_DATASET_OPERATOR_CONTRACTS_MULTIMETRIC_20261003.csv
5,sorensen2026,operator,ephys_latent_sameXY_sameFolds,shared_operator,r2,0.0348802255233752,,-0.0083775710426378,BOUNDARY_OR_MIXED,,domain=function; positive_delta_metrics=1.0/4.0,analysis_workspace/results/manuscript\fig5_exact_operator_replication_20261003\FIG5_ALL_DATASET_OPERATOR_CONTRACTS_MULTIMETRIC_20261003.csv
5,sorensen2026,operator,ephys_latent_sameXY_sameFolds,shared_operator,spearman,0.0812201948994401,,0.0359682770060128,BOUNDARY_OR_MIXED,,domain=function; positive_delta_metrics=1.0/4.0,analysis_workspace/results/manuscript\fig5_exact_operator_replication_20261003\FIG5_ALL_DATASET_OPERATOR_CONTRACTS_MULTIMETRIC_20261003.csv
5,sorensen2026,operator,ephys_latent_sameXY_sameFolds,shared_operator,pearson,,,,BOUNDARY_OR_MIXED,,domain=function; positive_delta_metrics=1.0/4.0,analysis_workspace/results/manuscript\fig5_exact_operator_replication_20261003\FIG5_ALL_DATASET_OPERATOR_CONTRACTS_MULTIMETRIC_20261003.csv
5,sorensen2026,operator,ephys_latent_sameXY_sameFolds,shared_operator,nrmse,1.0081430860111666,,,BOUNDARY_OR_MIXED,,domain=function; positive_delta_metrics=1.0/4.0,analysis_workspace/results/manuscript\fig5_exact_operator_replication_20261003\FIG5_ALL_DATASET_OPERATOR_CONTRACTS_MULTIMETRIC_20261003.csv
5,sorensen2026,operator,ephys_latent_sameXY_sameFolds,shared_operator,auroc,0.5306122448979592,,-0.020408163265306,BOUNDARY_OR_MIXED,,domain=function; positive_delta_metrics=1.0/4.0,analysis_workspace/results/manuscript\fig5_exact_operator_replication_20261003\FIG5_ALL_DATASET_OPERATOR_CONTRACTS_MULTIMETRIC_20261003.csv
5,sorensen2026,operator,ephys_latent_sameXY_sameFolds,shared_operator,auprc,0.587683348397634,,-0.0178571428571429,BOUNDARY_OR_MIXED,,domain=function; positive_delta_metrics=1.0/4.0,analysis_workspace/results/manuscript\fig5_exact_operator_replication_20261003\FIG5_ALL_DATASET_OPERATOR_CONTRACTS_MULTIMETRIC_20261003.csv
5,sorensen2026,operator,ephys_latent_sameXY_sameFolds,shared_operator,geometry_spearman,,,,BOUNDARY_OR_MIXED,,domain=function; positive_delta_metrics=1.0/4.0,analysis_workspace/results/manuscript\fig5_exact_operator_replication_20261003\FIG5_ALL_DATASET_OPERATOR_CONTRACTS_MULTIMETRIC_20261003.csv
5,sorensen2026,operator,ephys_latent_sameXY_sameFolds,shared_operator,heldunit_r2_win_fraction,0.4,,,BOUNDARY_OR_MIXED,,,analysis_workspace/results/manuscript\fig5_exact_operator_replication_20261003\FIG5_ALL_DATASET_OPERATOR_CONTRACTS_MULTIMETRIC_20261003.csv
5,sorensen2026,operator,ephys_latent_sameXY_sameFolds,shared_operator,heldunit_spearman_win_fraction,0.4,,,BOUNDARY_OR_MIXED,,,analysis_workspace/results/manuscript\fig5_exact_operator_replication_20261003\FIG5_ALL_DATASET_OPERATOR_CONTRACTS_MULTIMETRIC_20261003.csv
5,sorensen2026,operator,ephys_latent_sameXY_sameFolds,shared_operator,relation_index,,,,BOUNDARY_OR_MIXED,,,analysis_workspace/results/manuscript\fig5_exact_operator_replication_20261003\FIG5_ALL_DATASET_OPERATOR_CONTRACTS_MULTIMETRIC_20261003.csv
5,sorensen2026,operator,ephys_latent_sameXY_sameFolds,lowrank_operator,r2,0.0548276394318078,,0.0115698428657948,MULTIMETRIC_REPLICATION,,domain=function; positive_delta_metrics=4.0/4.0,analysis_workspace/results/manuscript\fig5_exact_operator_replication_20261003\FIG5_ALL_DATASET_OPERATOR_CONTRACTS_MULTIMETRIC_20261003.csv
5,sorensen2026,operator,ephys_latent_sameXY_sameFolds,lowrank_operator,spearman,0.1484345842836409,,0.1031826663902135,MULTIMETRIC_REPLICATION,,domain=function; positive_delta_metrics=4.0/4.0,analysis_workspace/results/manuscript\fig5_exact_operator_replication_20261003\FIG5_ALL_DATASET_OPERATOR_CONTRACTS_MULTIMETRIC_20261003.csv
5,sorensen2026,operator,ephys_latent_sameXY_sameFolds,lowrank_operator,pearson,,,,MULTIMETRIC_REPLICATION,,domain=function; positive_delta_metrics=4.0/4.0,analysis_workspace/results/manuscript\fig5_exact_operator_replication_20261003\FIG5_ALL_DATASET_OPERATOR_CONTRACTS_MULTIMETRIC_20261003.csv
5,sorensen2026,operator,ephys_latent_sameXY_sameFolds,lowrank_operator,nrmse,0.9901142169001534,,,MULTIMETRIC_REPLICATION,,domain=function; positive_delta_metrics=4.0/4.0,analysis_workspace/results/manuscript\fig5_exact_operator_replication_20261003\FIG5_ALL_DATASET_OPERATOR_CONTRACTS_MULTIMETRIC_20261003.csv
5,sorensen2026,operator,ephys_latent_sameXY_sameFolds,lowrank_operator,auroc,0.6020408163265306,,0.0510204081632653,MULTIMETRIC_REPLICATION,,domain=function; positive_delta_metrics=4.0/4.0,analysis_workspace/results/manuscript\fig5_exact_operator_replication_20261003\FIG5_ALL_DATASET_OPERATOR_CONTRACTS_MULTIMETRIC_20261003.csv
5,sorensen2026,operator,ephys_latent_sameXY_sameFolds,lowrank_operator,auprc,0.7026209901209901,,0.0970804988662131,MULTIMETRIC_REPLICATION,,domain=function; positive_delta_metrics=4.0/4.0,analysis_workspace/results/manuscript\fig5_exact_operator_replication_20261003\FIG5_ALL_DATASET_OPERATOR_CONTRACTS_MULTIMETRIC_20261003.csv
5,sorensen2026,operator,ephys_latent_sameXY_sameFolds,lowrank_operator,geometry_spearman,,,,MULTIMETRIC_REPLICATION,,domain=function; positive_delta_metrics=4.0/4.0,analysis_workspace/results/manuscript\fig5_exact_operator_replication_20261003\FIG5_ALL_DATASET_OPERATOR_CONTRACTS_MULTIMETRIC_20261003.csv
5,sorensen2026,operator,ephys_latent_sameXY_sameFolds,lowrank_operator,heldunit_r2_win_fraction,0.8,,,MULTIMETRIC_REPLICATION,,,analysis_workspace/results/manuscript\fig5_exact_operator_replication_20261003\FIG5_ALL_DATASET_OPERATOR_CONTRACTS_MULTIMETRIC_20261003.csv
5,sorensen2026,operator,ephys_latent_sameXY_sameFolds,lowrank_operator,heldunit_spearman_win_fraction,1.0,,,MULTIMETRIC_REPLICATION,,,analysis_workspace/results/manuscript\fig5_exact_operator_replication_20261003\FIG5_ALL_DATASET_OPERATOR_CONTRACTS_MULTIMETRIC_20261003.csv
5,sorensen2026,operator,ephys_latent_sameXY_sameFolds,lowrank_operator,relation_index,,,,MULTIMETRIC_REPLICATION,,,analysis_workspace/results/manuscript\fig5_exact_operator_replication_20261003\FIG5_ALL_DATASET_OPERATOR_CONTRACTS_MULTIMETRIC_20261003.csv
5,mergeseq2024,operator,projection5_sameXY_sameFolds,direct_ridge,r2,0.2218145443362541,,0.0,BASELINE,,domain=projection; positive_delta_metrics=0.0/4.0,analysis_workspace/results/manuscript\fig5_exact_operator_replication_20261003\FIG5_ALL_DATASET_OPERATOR_CONTRACTS_MULTIMETRIC_20261003.csv
5,mergeseq2024,operator,projection5_sameXY_sameFolds,direct_ridge,spearman,0.5058612999607315,,0.0,BASELINE,,domain=projection; positive_delta_metrics=0.0/4.0,analysis_workspace/results/manuscript\fig5_exact_operator_replication_20261003\FIG5_ALL_DATASET_OPERATOR_CONTRACTS_MULTIMETRIC_20261003.csv
5,mergeseq2024,operator,projection5_sameXY_sameFolds,direct_ridge,pearson,,,,BASELINE,,domain=projection; positive_delta_metrics=0.0/4.0,analysis_workspace/results/manuscript\fig5_exact_operator_replication_20261003\FIG5_ALL_DATASET_OPERATOR_CONTRACTS_MULTIMETRIC_20261003.csv
5,mergeseq2024,operator,projection5_sameXY_sameFolds,direct_ridge,nrmse,0.9102964603863046,,,BASELINE,,domain=projection; positive_delta_metrics=0.0/4.0,analysis_workspace/results/manuscript\fig5_exact_operator_replication_20261003\FIG5_ALL_DATASET_OPERATOR_CONTRACTS_MULTIMETRIC_20261003.csv
5,mergeseq2024,operator,projection5_sameXY_sameFolds,direct_ridge,auroc,0.785041547153229,,0.0,BASELINE,,domain=projection; positive_delta_metrics=0.0/4.0,analysis_workspace/results/manuscript\fig5_exact_operator_replication_20261003\FIG5_ALL_DATASET_OPERATOR_CONTRACTS_MULTIMETRIC_20261003.csv
5,mergeseq2024,operator,projection5_sameXY_sameFolds,direct_ridge,auprc,0.778364164000456,,0.0,BASELINE,,domain=projection; positive_delta_metrics=0.0/4.0,analysis_workspace/results/manuscript\fig5_exact_operator_replication_20261003\FIG5_ALL_DATASET_OPERATOR_CONTRACTS_MULTIMETRIC_20261003.csv
5,mergeseq2024,operator,projection5_sameXY_sameFolds,direct_ridge,geometry_spearman,,,,BASELINE,,domain=projection; positive_delta_metrics=0.0/4.0,analysis_workspace/results/manuscript\fig5_exact_operator_replication_20261003\FIG5_ALL_DATASET_OPERATOR_CONTRACTS_MULTIMETRIC_20261003.csv
5,mergeseq2024,operator,projection5_sameXY_sameFolds,direct_ridge,heldunit_r2_win_fraction,,,,BASELINE,,,analysis_workspace/results/manuscript\fig5_exact_operator_replication_20261003\FIG5_ALL_DATASET_OPERATOR_CONTRACTS_MULTIMETRIC_20261003.csv
5,mergeseq2024,operator,projection5_sameXY_sameFolds,direct_ridge,heldunit_spearman_win_fraction,,,,BASELINE,,,analysis_workspace/results/manuscript\fig5_exact_operator_replication_20261003\FIG5_ALL_DATASET_OPERATOR_CONTRACTS_MULTIMETRIC_20261003.csv
5,mergeseq2024,operator,projection5_sameXY_sameFolds,direct_ridge,relation_index,0.2142857142857143,,,BASELINE,,,analysis_workspace/results/manuscript\fig5_exact_operator_replication_20261003\FIG5_ALL_DATASET_OPERATOR_CONTRACTS_MULTIMETRIC_20261003.csv
5,mergeseq2024,operator,projection5_sameXY_sameFolds,shared_operator,r2,0.223289950108442,,0.0014754057721878,BOUNDARY_OR_MIXED,,domain=projection; positive_delta_metrics=1.0/4.0,analysis_workspace/results/manuscript\fig5_exact_operator_replication_20261003\FIG5_ALL_DATASET_OPERATOR_CONTRACTS_MULTIMETRIC_20261003.csv
5,mergeseq2024,operator,projection5_sameXY_sameFolds,shared_operator,spearman,0.4862819549076078,,-0.0195793450531236,BOUNDARY_OR_MIXED,,domain=projection; positive_delta_metrics=1.0/4.0,analysis_workspace/results/manuscript\fig5_exact_operator_replication_20261003\FIG5_ALL_DATASET_OPERATOR_CONTRACTS_MULTIMETRIC_20261003.csv
5,mergeseq2024,operator,projection5_sameXY_sameFolds,shared_operator,pearson,,,,BOUNDARY_OR_MIXED,,domain=projection; positive_delta_metrics=1.0/4.0,analysis_workspace/results/manuscript\fig5_exact_operator_replication_20261003\FIG5_ALL_DATASET_OPERATOR_CONTRACTS_MULTIMETRIC_20261003.csv
5,mergeseq2024,operator,projection5_sameXY_sameFolds,shared_operator,nrmse,0.9091595218172808,,,BOUNDARY_OR_MIXED,,domain=projection; positive_delta_metrics=1.0/4.0,analysis_workspace/results/manuscript\fig5_exact_operator_replication_20261003\FIG5_ALL_DATASET_OPERATOR_CONTRACTS_MULTIMETRIC_20261003.csv
5,mergeseq2024,operator,projection5_sameXY_sameFolds,shared_operator,auroc,0.7835632746592316,,-0.0014782724939974,BOUNDARY_OR_MIXED,,domain=projection; positive_delta_metrics=1.0/4.0,analysis_workspace/results/manuscript\fig5_exact_operator_replication_20261003\FIG5_ALL_DATASET_OPERATOR_CONTRACTS_MULTIMETRIC_20261003.csv
5,mergeseq2024,operator,projection5_sameXY_sameFolds,shared_operator,auprc,0.778364164000456,,0.0,BOUNDARY_OR_MIXED,,domain=projection; positive_delta_metrics=1.0/4.0,analysis_workspace/results/manuscript\fig5_exact_operator_replication_20261003\FIG5_ALL_DATASET_OPERATOR_CONTRACTS_MULTIMETRIC_20261003.csv
5,mergeseq2024,operator,projection5_sameXY_sameFolds,shared_operator,geometry_spearman,,,,BOUNDARY_OR_MIXED,,domain=projection; positive_delta_metrics=1.0/4.0,analysis_workspace/results/manuscript\fig5_exact_operator_replication_20261003\FIG5_ALL_DATASET_OPERATOR_CONTRACTS_MULTIMETRIC_20261003.csv
5,mergeseq2024,operator,projection5_sameXY_sameFolds,shared_operator,heldunit_r2_win_fraction,0.75,,,BOUNDARY_OR_MIXED,,,analysis_workspace/results/manuscript\fig5_exact_operator_replication_20261003\FIG5_ALL_DATASET_OPERATOR_CONTRACTS_MULTIMETRIC_20261003.csv
5,mergeseq2024,operator,projection5_sameXY_sameFolds,shared_operator,heldunit_spearman_win_fraction,0.0,,,BOUNDARY_OR_MIXED,,,analysis_workspace/results/manuscript\fig5_exact_operator_replication_20261003\FIG5_ALL_DATASET_OPERATOR_CONTRACTS_MULTIMETRIC_20261003.csv
5,mergeseq2024,operator,projection5_sameXY_sameFolds,shared_operator,relation_index,0.2142857142857143,,,BOUNDARY_OR_MIXED,,,analysis_workspace/results/manuscript\fig5_exact_operator_replication_20261003\FIG5_ALL_DATASET_OPERATOR_CONTRACTS_MULTIMETRIC_20261003.csv
5,mergeseq2024,operator,projection5_sameXY_sameFolds,lowrank_operator,r2,0.2143097159401353,,-0.0075048283961188,BOUNDARY_OR_MIXED,,domain=projection; positive_delta_metrics=2.0/4.0,analysis_workspace/results/manuscript\fig5_exact_operator_replication_20261003\FIG5_ALL_DATASET_OPERATOR_CONTRACTS_MULTIMETRIC_20261003.csv
5,mergeseq2024,operator,projection5_sameXY_sameFolds,lowrank_operator,spearman,0.4850881419883658,,-0.0207731579723656,BOUNDARY_OR_MIXED,,domain=projection; positive_delta_metrics=2.0/4.0,analysis_workspace/results/manuscript\fig5_exact_operator_replication_20261003\FIG5_ALL_DATASET_OPERATOR_CONTRACTS_MULTIMETRIC_20261003.csv
5,mergeseq2024,operator,projection5_sameXY_sameFolds,lowrank_operator,pearson,,,,BOUNDARY_OR_MIXED,,domain=projection; positive_delta_metrics=2.0/4.0,analysis_workspace/results/manuscript\fig5_exact_operator_replication_20261003\FIG5_ALL_DATASET_OPERATOR_CONTRACTS_MULTIMETRIC_20261003.csv
5,mergeseq2024,operator,projection5_sameXY_sameFolds,lowrank_operator,nrmse,0.9123527137625608,,,BOUNDARY_OR_MIXED,,domain=projection; positive_delta_metrics=2.0/4.0,analysis_workspace/results/manuscript\fig5_exact_operator_replication_20261003\FIG5_ALL_DATASET_OPERATOR_CONTRACTS_MULTIMETRIC_20261003.csv
5,mergeseq2024,operator,projection5_sameXY_sameFolds,lowrank_operator,auroc,0.7858347857955627,,0.0007932386423336,BOUNDARY_OR_MIXED,,domain=projection; positive_delta_metrics=2.0/4.0,analysis_workspace/results/manuscript\fig5_exact_operator_replication_20261003\FIG5_ALL_DATASET_OPERATOR_CONTRACTS_MULTIMETRIC_20261003.csv
5,mergeseq2024,operator,projection5_sameXY_sameFolds,lowrank_operator,auprc,0.784117790582111,,0.0057536265816549,BOUNDARY_OR_MIXED,,domain=projection; positive_delta_metrics=2.0/4.0,analysis_workspace/results/manuscript\fig5_exact_operator_replication_20261003\FIG5_ALL_DATASET_OPERATOR_CONTRACTS_MULTIMETRIC_20261003.csv
5,mergeseq2024,operator,projection5_sameXY_sameFolds,lowrank_operator,geometry_spearman,,,,BOUNDARY_OR_MIXED,,domain=projection; positive_delta_metrics=2.0/4.0,analysis_workspace/results/manuscript\fig5_exact_operator_replication_20261003\FIG5_ALL_DATASET_OPERATOR_CONTRACTS_MULTIMETRIC_20261003.csv
5,mergeseq2024,operator,projection5_sameXY_sameFolds,lowrank_operator,heldunit_r2_win_fraction,0.0,,,BOUNDARY_OR_MIXED,,,analysis_workspace/results/manuscript\fig5_exact_operator_replication_20261003\FIG5_ALL_DATASET_OPERATOR_CONTRACTS_MULTIMETRIC_20261003.csv
5,mergeseq2024,operator,projection5_sameXY_sameFolds,lowrank_operator,heldunit_spearman_win_fraction,0.25,,,BOUNDARY_OR_MIXED,,,analysis_workspace/results/manuscript\fig5_exact_operator_replication_20261003\FIG5_ALL_DATASET_OPERATOR_CONTRACTS_MULTIMETRIC_20261003.csv
5,mergeseq2024,operator,projection5_sameXY_sameFolds,lowrank_operator,relation_index,0.2142857142857143,,,BOUNDARY_OR_MIXED,,,analysis_workspace/results/manuscript\fig5_exact_operator_replication_20261003\FIG5_ALL_DATASET_OPERATOR_CONTRACTS_MULTIMETRIC_20261003.csv
6,zhao2026,foundation_eval,frozen Compact/Large -> held-group readout,GAP,spearman,0.0848057750878345,0.0827160124101169,0.0020897626777175993,EXECUTED,9.0,,analysis_workspace/results/fig6_tool_runtime_authority_20261002\FIG6_TOOL_CAPABILITY_LEDGER.csv
6,bugeon2022,foundation_eval,frozen Compact/Large -> held-group readout,GAP,spearman,0.337770469249059,0.4042392928177836,-0.06646882356872458,EXECUTED,4.0,,analysis_workspace/results/fig6_tool_runtime_authority_20261002\FIG6_TOOL_CAPABILITY_LEDGER.csv
6,xu2020,foundation_eval,frozen Compact/Large -> held-group readout,GAP,spearman,,,,BLOCKED,3.0,only 9 measured genes overlap foundation vocab (<16),analysis_workspace/results/fig6_tool_runtime_authority_20261002\FIG6_TOOL_CAPABILITY_LEDGER.csv
6,condylis2022,foundation_eval,frozen Compact/Large -> held-group readout,GAP,spearman,,,,BLOCKED,9.0,only 6 measured genes overlap foundation vocab (<16),analysis_workspace/results/fig6_tool_runtime_authority_20261002\FIG6_TOOL_CAPABILITY_LEDGER.csv
6,shainer2025,foundation_eval,frozen Compact/Large -> held-group readout,GAP,spearman,,,,BLOCKED,6.0,only 9 measured genes overlap foundation vocab (<16),analysis_workspace/results/fig6_tool_runtime_authority_20261002\FIG6_TOOL_CAPABILITY_LEDGER.csv
6,warp2026,foundation_eval,frozen Compact/Large -> held-group readout,GAP,spearman,0.1073254993947347,0.057716536217416,0.04960896317731869,EXECUTED,3.0,,analysis_workspace/results/fig6_tool_runtime_authority_20261002\FIG6_TOOL_CAPABILITY_LEDGER.csv
6,warp2026_d2,foundation_eval,frozen Compact/Large -> held-group readout,GAP,spearman,0.1635665625398098,0.0424478916769825,0.12111867086282731,EXECUTED,3.0,,analysis_workspace/results/fig6_tool_runtime_authority_20261002\FIG6_TOOL_CAPABILITY_LEDGER.csv
6,worm split smoke,generic_generalize,shared_gene,GAP,target_macro_spearman,0.4350630985503991,,,EXECUTED,20.0,source OOF rho=0.38927249865471064; global perm p=0.047619047619047616,analysis_workspace/results/fig6_tool_runtime_authority_20261002\FIG6_TOOL_CAPABILITY_LEDGER.csv
6,WARP D1 -> D2 same-name endpoints,generic_generalize,foundation,GAP,target_macro_spearman,0.0065034473043815,,,EXECUTED,3.0,source OOF rho=0.0950003670949699; global perm p=0.47619047619047616,analysis_workspace/results/fig6_tool_runtime_authority_20261002\FIG6_TOOL_CAPABILITY_LEDGER.csv
6,Bugeon running -> WARP swim,generic_generalize,foundation,GAP,target_macro_spearman,0.0244512105156947,,,EXECUTED,3.0,source OOF rho=0.381471081567656; global perm p=0.42857142857142855,analysis_workspace/results/fig6_tool_runtime_authority_20261002\FIG6_TOOL_CAPABILITY_LEDGER.csv
6,mouse->fish,frozen_semantic_recipe,context_gated_full_champion,GAP,spearman,0.1402383979429434,,,VALIDATED_MANUSCRIPT,,AUROC=0.6035863372294163; exact-v62 authority; generic router not numerically equivalent,analysis_workspace/results/fig6_tool_runtime_authority_20261002\FIG6_TOOL_CAPABILITY_LEDGER.csv
6,mouse->fish,frozen_semantic_recipe,context_gated_full_champion,GAP,auroc,0.6035863372294163,,,VALIDATED_MANUSCRIPT,,AUROC=0.6035863372294163; exact-v62 authority; generic router not numerically equivalent,analysis_workspace/results/fig6_tool_runtime_authority_20261002\FIG6_TOOL_CAPABILITY_LEDGER.csv
6,fish->mouse,frozen_semantic_recipe,TF_structural_fallback,GAP,spearman,0.155074492321701,,,VALIDATED_MANUSCRIPT,,AUROC=0.5977599448463132; exact-v62 authority; generic router not numerically equivalent,analysis_workspace/results/fig6_tool_runtime_authority_20261002\FIG6_TOOL_CAPABILITY_LEDGER.csv
6,fish->mouse,frozen_semantic_recipe,TF_structural_fallback,GAP,auroc,0.5977599448463132,,,VALIDATED_MANUSCRIPT,,AUROC=0.5977599448463132; exact-v62 authority; generic router not numerically equivalent,analysis_workspace/results/fig6_tool_runtime_authority_20261002\FIG6_TOOL_CAPABILITY_LEDGER.csv
6,mouse->worm,frozen_semantic_recipe,TF_context_fallback,GAP,spearman,0.0946156043948136,,,VALIDATED_MANUSCRIPT,,AUROC=0.550497330620857; exact-v62 authority; generic router not numerically equivalent,analysis_workspace/results/fig6_tool_runtime_authority_20261002\FIG6_TOOL_CAPABILITY_LEDGER.csv
6,mouse->worm,frozen_semantic_recipe,TF_context_fallback,GAP,auroc,0.550497330620857,,,VALIDATED_MANUSCRIPT,,AUROC=0.550497330620857; exact-v62 authority; generic router not numerically equivalent,analysis_workspace/results/fig6_tool_runtime_authority_20261002\FIG6_TOOL_CAPABILITY_LEDGER.csv
6,worm->mouse,frozen_semantic_recipe,TF_structural_fallback,GAP,spearman,0.3698409789463656,,,VALIDATED_MANUSCRIPT,,AUROC=0.7594048936925365; exact-v62 authority; generic router not numerically equivalent,analysis_workspace/results/fig6_tool_runtime_authority_20261002\FIG6_TOOL_CAPABILITY_LEDGER.csv
6,worm->mouse,frozen_semantic_recipe,TF_structural_fallback,GAP,auroc,0.7594048936925365,,,VALIDATED_MANUSCRIPT,,AUROC=0.7594048936925365; exact-v62 authority; generic router not numerically equivalent,analysis_workspace/results/fig6_tool_runtime_authority_20261002\FIG6_TOOL_CAPABILITY_LEDGER.csv
6,fish->worm,frozen_semantic_recipe,TF_structural_fallback,GAP,spearman,0.0857279201348057,,,VALIDATED_MANUSCRIPT,,AUROC=0.560961087987326; exact-v62 authority; generic router not numerically equivalent,analysis_workspace/results/fig6_tool_runtime_authority_20261002\FIG6_TOOL_CAPABILITY_LEDGER.csv
6,fish->worm,frozen_semantic_recipe,TF_structural_fallback,GAP,auroc,0.560961087987326,,,VALIDATED_MANUSCRIPT,,AUROC=0.560961087987326; exact-v62 authority; generic router not numerically equivalent,analysis_workspace/results/fig6_tool_runtime_authority_20261002\FIG6_TOOL_CAPABILITY_LEDGER.csv
6,worm->fish,frozen_semantic_recipe,TF_structural_fallback,GAP,spearman,0.1815778067199473,,,VALIDATED_MANUSCRIPT,,AUROC=0.6565525605061762; exact-v62 authority; generic router not numerically equivalent,analysis_workspace/results/fig6_tool_runtime_authority_20261002\FIG6_TOOL_CAPABILITY_LEDGER.csv
6,worm->fish,frozen_semantic_recipe,TF_structural_fallback,GAP,auroc,0.6565525605061762,,,VALIDATED_MANUSCRIPT,,AUROC=0.6565525605061762; exact-v62 authority; generic router not numerically equivalent,analysis_workspace/results/fig6_tool_runtime_authority_20261002\FIG6_TOOL_CAPABILITY_LEDGER.csv
6,mouse -> human intrinsic ephys,frozen_human_recipe,cell-context TF backbone + endpoint-selective BB context,GAP,macro_spearman,0.0650496212908344,,,VALIDATED_MANUSCRIPT,,"15/18 positive; target donor CI=[0.024956834253645577, 0.0973403088145715]; strict source donor CI=[-0.019084106326906568, 0.10976215742850914]",analysis_workspace/results/fig6_tool_runtime_authority_20261002\FIG6_TOOL_CAPABILITY_LEDGER.csv
6,photseq2019,foundation_eval,wrong VISp token diagnostic,GAP,,,,,INVALID_EXCLUDED,17.0,GEO metadata declares vomeronasal sensory epithelium; VISp token used in this diagnostic run is anatomically incorrect. Do not use as external foundation validation.,analysis_workspace/results/fig6_tool_runtime_authority_20261002\FIG6_TOOL_CAPABILITY_LEDGER.csv
7,wholebrain_crispr_perturbseq,nominate,"observed long-format perturbation DE -> empirical per-gene scaling -> frozen standardized operator beta; all conditions retained separately; experiment nomination applies min_pert; prospective ranking only, not causal validation",frozen_GAP_operator,n_operator_genes,72.0,,,PROSPECTIVE_ONLY,,,analysis_workspace/results/release_fig7_nominate_smoke\stage_report.json
7,wholebrain_crispr_perturbseq,nominate,"observed long-format perturbation DE -> empirical per-gene scaling -> frozen standardized operator beta; all conditions retained separately; experiment nomination applies min_pert; prospective ranking only, not causal validation",frozen_GAP_operator,n_conditions_all,44133.0,,,PROSPECTIVE_ONLY,,,analysis_workspace/results/release_fig7_nominate_smoke\stage_report.json
7,wholebrain_crispr_perturbseq,nominate,"observed long-format perturbation DE -> empirical per-gene scaling -> frozen standardized operator beta; all conditions retained separately; experiment nomination applies min_pert; prospective ranking only, not causal validation",frozen_GAP_operator,n_conditions_eligible,7781.0,,,PROSPECTIVE_ONLY,,,analysis_workspace/results/release_fig7_nominate_smoke\stage_report.json
7,wholebrain_crispr_perturbseq,nominate,"observed long-format perturbation DE -> empirical per-gene scaling -> frozen standardized operator beta; all conditions retained separately; experiment nomination applies min_pert; prospective ranking only, not causal validation",frozen_GAP_operator,n_perturbations_all,2046.0,,,PROSPECTIVE_ONLY,,,analysis_workspace/results/release_fig7_nominate_smoke\stage_report.json
7,wholebrain_crispr_perturbseq,nominate,"observed long-format perturbation DE -> empirical per-gene scaling -> frozen standardized operator beta; all conditions retained separately; experiment nomination applies min_pert; prospective ranking only, not causal validation",frozen_GAP_operator,n_contexts_all,23.0,,,PROSPECTIVE_ONLY,,,analysis_workspace/results/release_fig7_nominate_smoke\stage_report.json
7,wholebrain_crispr_perturbseq,falsification,direct_target_vs_network,frozen_GAP_operator,cosine_median,-0.1479034114963707,,,PROSPECTIVE_ONLY,,,
7,wholebrain_crispr_perturbseq,falsification,direct_target_vs_network,frozen_GAP_operator,cosine_min,-0.9677165690089662,,,PROSPECTIVE_ONLY,,,
7,wholebrain_crispr_perturbseq,falsification,direct_target_vs_network,frozen_GAP_operator,sign_disagreement_fraction,0.06493506493506493,,,PROSPECTIVE_ONLY,,,
7,wholebrain_crispr_perturbseq,context_dependence,same_perturbation_cross_context,frozen_GAP_operator,cosine_median,-0.1676801656524057,,,PROSPECTIVE_ONLY,,,
7,wholebrain_crispr_perturbseq,context_dependence,same_perturbation_cross_context,frozen_GAP_operator,cosine_min,-0.9736346660527908,,,PROSPECTIVE_ONLY,,,
7,wholebrain_crispr_perturbseq,context_dependence,same_perturbation_cross_context,frozen_GAP_operator,sign_flip_fraction,0.9880239520958084,,,PROSPECTIVE_ONLY,,,
7,wholebrain_crispr_perturbseq,interaction_structure,balanced_439x23,frozen_GAP_operator,molecular_perturb_x_context_variance_fraction,0.7581,,,VALIDATED_AUTHORITY,,,analysis_workspace/results/manuscript\FIG7_PERTURBGAP_AUTHORITY_20261001.md
7,wholebrain_crispr_perturbseq,interaction_structure,balanced_439x23,frozen_GAP_operator,functional_perturb_x_context_variance_fraction,0.8548,,,VALIDATED_AUTHORITY,,,analysis_workspace/results/manuscript\FIG7_PERTURBGAP_AUTHORITY_20261001.md
7,wholebrain_crispr_perturbseq,interaction_structure,balanced_439x23,frozen_GAP_operator,held_edge_context_mean_r2,0.0776,,,VALIDATED_AUTHORITY,,,analysis_workspace/results/manuscript\FIG7_PERTURBGAP_AUTHORITY_20261001.md
7,wholebrain_crispr_perturbseq,interaction_structure,balanced_439x23,frozen_GAP_operator,held_edge_two_way_additive_r2,0.0723,,,VALIDATED_AUTHORITY,,,analysis_workspace/results/manuscript\FIG7_PERTURBGAP_AUTHORITY_20261001.md
7,wholebrain_crispr_perturbseq,interaction_structure,balanced_439x23,frozen_GAP_operator,held_edge_perturb_mean_r2,-0.0133,,,VALIDATED_AUTHORITY,,,analysis_workspace/results/manuscript\FIG7_PERTURBGAP_AUTHORITY_20261001.md
