model,target,fold,heldout,n,r2,pearson,spearman,rmse,nrmse,calibration_slope,calibration_intercept,auroc,auprc,brier
independent_Ridge,feat__p95_dff,0,782149,124,-0.3197017966012159,0.4680321799136736,0.5247710464201416,0.46639439889804435,1.1487827456056328,1.4448589044030882,-0.027005567579585398,0.8140589569160996,0.7755789485560258,0.2638016763632698
independent_Ridge,feat__omission_reliability,0,782149,124,0.3203900266098362,0.5909669676955026,0.5569486502920229,0.15522028936623478,0.8243846028342375,1.0906886614775542,-0.08361841007650828,0.8793942671714441,0.8251507387278163,0.25543838976811545
independent_Ridge,feat__mean_dff,0,782149,124,0.08642977679830055,0.5140987260565125,0.581878835562549,0.15672841737743848,0.9558086749981397,1.460679359978208,-0.031538844049869445,0.873015873015873,0.8236279901928423,0.24384523876956984
independent_Ridge,resp__omission__b18,0,782149,124,0.28737113381069623,0.5603072106871798,0.5216994492525571,0.1322064013655952,0.8441734810981115,1.3994144206224126,-0.02982558062268215,0.8514739229024944,0.8378125674614167,0.24106524701932427
independent_Ridge,resp__omission__b17,0,782149,124,0.31183162067458725,0.579586621813586,0.5497025963808024,0.12733453927718064,0.8295591475750315,1.3631153865306271,-0.019388874781810346,0.8577097505668935,0.8399383360662401,0.24040755531149804
independent_Ridge,feat__std_dff,0,782149,124,-0.6772330383921787,0.4538600132789906,0.4731077891424074,0.15808462815774296,1.2950803212126185,2.0696100458629547,-0.17820670007528364,0.8197278911564625,0.8103179827514292,0.2507696389838328
independent_Ridge,resp__omission__b16,0,782149,124,0.31277009096842734,0.5779355967889767,0.5494948859166011,0.11354156080179345,0.8289933106072526,1.3371812093488553,-0.01675670249251309,0.8560090702947847,0.8268355807246929,0.2412763066879185
independent_Ridge,resp__omission__b15,0,782149,124,0.3071292918656303,0.5694231683720753,0.5342250196695515,0.10024992188248778,0.8323885559847455,1.2863240068748047,-0.014271295122203032,0.8293650793650793,0.7877540150184531,0.2424078008870001
independent_Ridge,resp__omission__b19,0,782149,124,0.19317136685088865,0.4875279155189574,0.39369944925255695,0.1085430741167104,0.8982364015943194,1.4054050653269075,-0.01976136086497003,0.7448979591836735,0.7422642609383886,0.24584996763195727
independent_Ridge,resp__omission__b14,0,782149,124,0.29945857926455866,0.5646712830440369,0.51854602675059,0.0866185863117084,0.8369835247694195,1.255335126152956,-0.01512954541032094,0.8327664399092971,0.7619280416544736,0.2434460527832966
independent_Ridge,feat__omission_amp,0,782149,124,0.30558617884476413,0.5697843463100334,0.5359118804091266,0.08167713977810195,0.8333149591572419,1.3193293833535655,-0.01271467518147558,0.8605442176870749,0.8319906824937063,0.24364168582771123
independent_Ridge,resp__omission__b20,0,782149,124,0.050395477055357185,0.3329629615510312,0.2700047206923682,0.08929748307762989,0.9744765379138909,0.9900833212221919,0.023450067457692195,0.6298185941043084,0.634935101571936,0.24839807498541097
independent_Ridge,resp__omission__b25,0,782149,124,0.32640647733304085,0.6120467195086275,0.56522423288749,0.07439092106418516,0.8207274350641381,1.3580749138302874,0.003904366181435493,0.8781179138321995,0.8842681990950128,0.2437119300429117
independent_Ridge,resp__omission__b13,0,782149,124,0.33214507479068134,0.6049930450099553,0.576786782061369,0.07084636670949802,0.8172239137527234,1.3263168934347382,-0.015114636093983247,0.8888888888888888,0.8576065943772815,0.24345044443089323
independent_Ridge,resp__omission__b21,0,782149,124,0.04089415143441999,0.30625788107321505,0.26337686860739573,0.07847067847728031,0.9793394960715002,0.9369448032981187,0.02342217615550468,0.6570294784580499,0.6500399393688779,0.24842914614305447
independent_Ridge,feat__change_reliability,0,782149,124,0.2694300546088574,0.5499805501645699,0.5335161074098368,0.07419577598509702,0.8547338447675643,1.2913215172034682,-0.14474454684505556,0.844407530454042,0.8644570387211236,0.26347518303282197
independent_Ridge,resp__omission__b24,0,782149,124,0.3122971334373651,0.6318341827796439,0.5897088906372934,0.06482904417586391,0.8292785217058469,1.4068827709432012,0.0069953857525863455,0.8582766439909297,0.8292920652558086,0.24472574857685186
independent_Ridge,resp__omission__b22,0,782149,124,0.14253088908758105,0.4254612708808934,0.35954051927616043,0.06982191887900438,0.9259962801828197,1.2320738435719052,0.0024781538993763116,0.7222222222222222,0.6970483152744097,0.24749105900354684
independent_Ridge,resp__omission__b23,0,782149,124,0.21773265140175624,0.5493860382665694,0.4753548387096774,0.06451179013316627,0.8844587885245099,1.32684523129617,0.006074493099288507,0.786281179138322,0.768492218769947,0.2464272079828584
independent_Ridge,resp__omission__b12,0,782149,124,0.3197927429531583,0.5921924134661054,0.5693784421715185,0.05684365170726623,0.8247467835929049,1.2056666460254408,-0.011529601758231301,0.8803854875283448,0.8067725528730381,0.2443655293295548
independent_Ridge,feat__omission_trial_sd,0,782149,124,-0.268458786908496,0.3651262600408779,0.3845035405192761,0.06277717316332453,1.1262587566400963,1.0337574531640763,0.030745860547607536,0.7397959183673469,0.708823782137023,0.24915731589728762
independent_Ridge,resp__change__b13,0,782149,124,0.12964014312717798,0.5420376067485506,0.513963808025177,0.07821349392296362,0.932930788897452,1.7491035642031756,-0.007984048485345034,0.8435374149659863,0.8915047307332822,0.24598549590876018
independent_Ridge,feat__change_trial_sd,0,782149,124,-0.5674233601041878,0.25620951277195086,0.2910023603461841,0.061223261172109224,1.2519677951545671,0.8065149333068274,0.06219262713596039,0.685374149659864,0.7208948458413897,0.24963378896321164
independent_Ridge,resp__change__b14,0,782149,124,0.0982707328409218,0.5184804444159559,0.5347915027537372,0.07308626630661907,0.9495942644935669,1.8752971981525977,0.01119356187332931,0.8633786848072563,0.8873599353947761,0.246683458946288
independent_Ridge,resp__change__b20,0,782149,124,0.35891831539844443,0.6484306048775047,0.6097623918174666,0.042077710891622995,0.8006757674624326,1.344337380708599,-0.012531781398861989,0.9121315192743764,0.9343306874034336,0.24559814887618875
independent_Ridge,resp__omission__b11,0,782149,124,0.3364827226317251,0.6012405526381163,0.5253312352478363,0.04016089305716195,0.8145656986199915,1.179806956516384,-0.005945379420704446,0.8435374149659864,0.78772233574501,0.24640291512406634
independent_Ridge,resp__change__b21,0,782149,124,0.36552506945810936,0.6568601645365377,0.63828166797797,0.04301159628235105,0.7965393465120794,1.4065606689184558,-0.010056576669050576,0.9047619047619048,0.9276701985322098,0.24566769950498452
independent_Ridge,resp__change__b12,0,782149,124,0.05875761845835825,0.5443175171518152,0.5325192761605034,0.06002964735540975,0.9701764692784719,1.6456777051278286,-0.0021676307747205193,0.8486394557823129,0.8596976308341202,0.24691717484655898
independent_Ridge,resp__change__b22,0,782149,124,0.27590615983606404,0.5931997061453773,0.5910118017309204,0.03866983883486567,0.8509370365449702,1.3851078971542095,-0.002607525557594993,0.8877551020408163,0.8986472024322121,0.24673060342515876
independent_Ridge,resp__change__b15,0,782149,124,0.09285348445717345,0.467784588330826,0.4916129032258065,0.05908271712377964,0.9524423948684911,1.905786546635036,0.015674660730265445,0.8452380952380952,0.8571025772592736,0.24782885939309382
independent_Ridge,resp__change__b11,0,782149,124,0.09572600539497766,0.4257403057152078,0.3069960660896931,0.0359583522685,0.9509332229999234,1.1055527480657286,0.006690269277282372,0.6780045351473922,0.6468863957960092,0.2487228364440473
independent_Ridge,resp__omission__b03,0,782149,124,0.24236527873814107,0.5527992196688146,0.5404311565696301,0.03582476306716748,0.8704221511782998,1.4331977674402643,-0.012267041332208085,0.8577097505668934,0.8285212954902483,0.24770171419562295
shared_fullrank,feat__p95_dff,0,782149,124,-0.3197017966012161,0.4680321799136735,0.5247710464201416,0.4663943988980444,1.1487827456056328,1.4448589044030882,-0.02700556757958537,0.8140589569160996,0.7755789485560258,0.26380167636326973
shared_fullrank,feat__omission_reliability,0,782149,124,0.3203900266098362,0.5909669676955026,0.5569486502920229,0.15522028936623478,0.8243846028342375,1.0906886614775544,-0.08361841007650793,0.8793942671714441,0.8251507387278163,0.25543838976811545
shared_fullrank,feat__mean_dff,0,782149,124,0.0864297767983001,0.5140987260565124,0.581878835562549,0.1567284173774385,0.9558086749981398,1.460679359978209,-0.03153884404986953,0.873015873015873,0.8236279901928423,0.24384523876956984
shared_fullrank,resp__omission__b18,0,782149,124,0.28737113381069623,0.5603072106871796,0.5216994492525571,0.1322064013655952,0.8441734810981115,1.3994144206224117,-0.02982558062268215,0.8514739229024944,0.8378125674614167,0.24106524701932427
shared_fullrank,resp__omission__b17,0,782149,124,0.31183162067458736,0.5795866218135862,0.5497025963808024,0.1273345392771806,0.8295591475750312,1.3631153865306276,-0.019388874781810346,0.8577097505668935,0.8399383360662401,0.24040755531149804
shared_fullrank,feat__std_dff,0,782149,124,-0.6185341288958324,0.4211082438951887,0.4498630999213218,0.1552937110756535,1.2722162272569206,1.3691608985586574,0.007029766505433779,0.7879818594104308,0.7772812559940862,0.24997210359834668
shared_fullrank,resp__omission__b16,0,782149,124,0.31277009096842723,0.5779355967889764,0.5494948859166011,0.11354156080179346,0.8289933106072527,1.3371812093488562,-0.016756702492513178,0.8560090702947847,0.8268355807246929,0.24127630668791844
shared_fullrank,resp__omission__b15,0,782149,124,0.3071292918656302,0.5694231683720753,0.5342250196695515,0.1002499218824878,0.8323885559847456,1.2863240068748043,-0.014271295122203086,0.8293650793650793,0.7877540150184531,0.2424078008870001
shared_fullrank,resp__omission__b19,0,782149,124,0.19317136685088854,0.4875279155189569,0.39369944925255695,0.1085430741167104,0.8982364015943194,1.4054050653269055,-0.019761360864969976,0.7448979591836735,0.7422642609383886,0.24584996763195727
shared_fullrank,resp__omission__b14,0,782149,124,0.29945857926455877,0.5646712830440368,0.51854602675059,0.0866185863117084,0.8369835247694195,1.2553351261529562,-0.015129545410320947,0.8327664399092971,0.7619280416544736,0.2434460527832966
shared_fullrank,feat__omission_amp,0,782149,124,0.30558617884476436,0.5697843463100337,0.5359118804091266,0.08167713977810195,0.8333149591572419,1.3193293833535666,-0.012714675181475576,0.8605442176870749,0.8319906824937063,0.24364168582771123
shared_fullrank,resp__omission__b20,0,782149,124,0.050395477055357074,0.3329629615510307,0.2700047206923682,0.0892974830776299,0.974476537913891,0.9900833212221917,0.023450067457692254,0.6298185941043084,0.634935101571936,0.248398074985411
shared_fullrank,resp__omission__b25,0,782149,124,0.32640647733304107,0.6120467195086279,0.56522423288749,0.07439092106418514,0.820727435064138,1.358074913830289,0.0039043661814355366,0.8781179138321995,0.8842681990950128,0.2437119300429117
shared_fullrank,resp__omission__b13,0,782149,124,0.33214507479068156,0.6049930450099555,0.576786782061369,0.07084636670949801,0.8172239137527233,1.3263168934347382,-0.015114636093983221,0.8888888888888888,0.8576065943772815,0.24345044443089323
shared_fullrank,resp__omission__b21,0,782149,124,0.04089415143442032,0.306257881073215,0.26337686860739573,0.07847067847728031,0.9793394960715002,0.9369448032981189,0.023422176155504668,0.6570294784580499,0.6500399393688779,0.24842914614305447
shared_fullrank,feat__change_reliability,0,782149,124,0.2694300546088575,0.5499805501645698,0.5335161074098368,0.07419577598509701,0.8547338447675642,1.2913215172034676,-0.14474454684505517,0.844407530454042,0.8644570387211236,0.26347518303282197
shared_fullrank,resp__omission__b24,0,782149,124,0.3122971334373651,0.6318341827796439,0.5897088906372934,0.06482904417586391,0.8292785217058469,1.4068827709432012,0.006995385752586292,0.8582766439909297,0.8292920652558086,0.24472574857685186
shared_fullrank,resp__omission__b22,0,782149,124,0.14253088908758116,0.4254612708808933,0.35954051927616043,0.06982191887900438,0.9259962801828197,1.2320738435719052,0.002478153899376268,0.7222222222222222,0.6970483152744097,0.24749105900354684
shared_fullrank,resp__omission__b23,0,782149,124,0.2177326514017559,0.5493860382665691,0.4753548387096774,0.0645117901331663,0.8844587885245102,1.3268452312961692,0.00607449309928852,0.786281179138322,0.768492218769947,0.2464272079828584
shared_fullrank,resp__omission__b12,0,782149,124,0.31979274295315807,0.5921924134661052,0.5693784421715185,0.056843651707266234,0.8247467835929049,1.2056666460254415,-0.011529601758231294,0.8803854875283448,0.8067725528730381,0.2443655293295548
shared_fullrank,feat__omission_trial_sd,0,782149,124,-0.2684587869084958,0.36512626004087784,0.3845035405192761,0.06277717316332453,1.1262587566400963,1.0337574531640765,0.03074586054760761,0.7397959183673469,0.708823782137023,0.24915731589728762
shared_fullrank,resp__change__b13,0,782149,124,0.12964014312717775,0.5420376067485507,0.513963808025177,0.07821349392296362,0.932930788897452,1.7491035642031754,-0.007984048485345003,0.8435374149659863,0.8915047307332822,0.24598549590876018
shared_fullrank,feat__change_trial_sd,0,782149,124,-0.5674233601041876,0.2562095127719509,0.2910023603461841,0.06122326117210922,1.251967795154567,0.8065149333068278,0.06219262713596037,0.685374149659864,0.7208948458413897,0.24963378896321164
shared_fullrank,resp__change__b14,0,782149,124,0.0982707328409218,0.518480444415956,0.5347915027537372,0.07308626630661907,0.9495942644935669,1.875297198152598,0.011193561873329283,0.8633786848072563,0.8873599353947761,0.246683458946288
shared_fullrank,resp__change__b20,0,782149,124,0.35891831539844454,0.6484306048775048,0.6097623918174666,0.042077710891622995,0.8006757674624326,1.3443373807085992,-0.012531781398861998,0.9121315192743764,0.9343306874034336,0.24559814887618875
shared_fullrank,resp__omission__b11,0,782149,124,0.3364827226317253,0.6012405526381164,0.5253312352478363,0.040160893057161945,0.8145656986199914,1.179806956516384,-0.005945379420704448,0.8435374149659864,0.78772233574501,0.24640291512406634
shared_fullrank,resp__change__b21,0,782149,124,0.36552506945810936,0.656860164536538,0.63828166797797,0.04301159628235106,0.7965393465120795,1.4065606689184567,-0.01005657666905058,0.9047619047619048,0.9276701985322098,0.24566769950498452
shared_fullrank,resp__change__b12,0,782149,124,0.05875761845835792,0.5443175171518152,0.5325192761605034,0.06002964735540976,0.9701764692784721,1.6456777051278297,-0.0021676307747205193,0.8486394557823129,0.8596976308341202,0.24691717484655903
shared_fullrank,resp__change__b22,0,782149,124,0.27590615983606404,0.5931997061453771,0.5910118017309204,0.03866983883486567,0.8509370365449702,1.385107897154209,-0.0026075255575950204,0.8877551020408163,0.8986472024322121,0.24673060342515876
shared_fullrank,resp__change__b15,0,782149,124,0.09285348445717345,0.4677845883308258,0.4916129032258065,0.05908271712377964,0.9524423948684911,1.9057865466350354,0.01567466073026545,0.8452380952380952,0.8571025772592736,0.24782885939309382
shared_fullrank,resp__change__b11,0,782149,124,0.09572600539497766,0.42574030571520766,0.3069960660896931,0.0359583522685,0.9509332229999234,1.1055527480657286,0.0066902692772823884,0.6780045351473922,0.6468863957960092,0.2487228364440473
shared_fullrank,resp__omission__b03,0,782149,124,0.2423652787381414,0.5527992196688146,0.5404311565696301,0.035824763067167475,0.8704221511782996,1.4331977674402638,-0.012267041332208082,0.8577097505668934,0.8285212954902483,0.24770171419562295
shared_RRR_selected,feat__p95_dff,0,782149,124,-0.32169434189573165,0.4674385602487393,0.5260550747442958,0.46674635774684914,1.1496496605034647,1.4378565741809053,-0.021194749060050495,0.814625850340136,0.776116616635393,0.26369751689698173
shared_RRR_selected,feat__omission_reliability,0,782149,124,0.32757315955008914,0.5982156369396345,0.5653627514282252,0.15439781040607134,0.8200163659646744,1.1159754874604555,-0.09838879464144501,0.8858842617631152,0.8305479413107839,0.2553679641409395
shared_RRR_selected,feat__mean_dff,0,782149,124,0.07891346074170646,0.5076639654635104,0.5738473642800943,0.15737183109266256,0.9597325352713085,1.4517811314702047,-0.0290041941387309,0.8673469387755102,0.8175220695349683,0.2440335493835488
shared_RRR_selected,resp__omission__b18,0,782149,124,0.28756875957830275,0.5608708478412957,0.520377655389457,0.1321880683984288,0.8440564201649657,1.403714219012364,-0.030240865299896006,0.8514739229024944,0.8352108765276149,0.24107162001822435
shared_RRR_selected,resp__omission__b17,0,782149,124,0.3076522427971726,0.5745361752709937,0.5426215578284814,0.1277206174597693,0.8320743699951509,1.349845240344437,-0.01849263042125321,0.8520408163265306,0.8222732731040828,0.2405166774341181
shared_RRR_selected,feat__std_dff,0,782149,124,-0.6008751989131198,0.43084134913854133,0.45737844217151846,0.15444422579359154,1.2652569695177025,1.3895510204388901,0.00038805254536059225,0.7936507936507936,0.7808667898764559,0.24986623566165583
shared_RRR_selected,resp__omission__b16,0,782149,124,0.3100752496002208,0.5745972110984713,0.546347757671125,0.11376395880904044,0.8306170901202186,1.3273443551599002,-0.015562824187583724,0.8520408163265306,0.8114768345552225,0.24131036857666974
shared_RRR_selected,resp__omission__b15,0,782149,124,0.30759251743765514,0.5703501961512076,0.537164437450826,0.10021640474057318,0.8321102586570753,1.2884320648218093,-0.015139126792057762,0.8316326530612246,0.7898774938143249,0.24239907910817293
shared_RRR_selected,resp__omission__b19,0,782149,124,0.19037204284453269,0.48243144548046596,0.3915216365066876,0.10873120832782227,0.8997932857915019,1.3838348253920385,-0.01784381357156182,0.7414965986394558,0.7374247344848138,0.2458702186501457
shared_RRR_selected,resp__omission__b14,0,782149,124,0.3037596054404571,0.5677462359132447,0.5253249409913454,0.08635227629711041,0.8344102076074711,1.2552612628766202,-0.014305456159704527,0.8361678004535147,0.7712177077047525,0.24336112277187644
shared_RRR_selected,feat__omission_amp,0,782149,124,0.30514122282352996,0.5691644530393599,0.5356286388670337,0.08170330351081537,0.8335818959025382,1.3168808474161262,-0.01260594784134804,0.8599773242630385,0.8296758676788915,0.24364532444529402
shared_RRR_selected,resp__omission__b20,0,782149,124,0.05042113084324518,0.33299621549413894,0.2696963021243115,0.08929627687330671,0.9744633749694007,1.0006681402691466,0.022471224370468074,0.6298185941043084,0.6458565775322581,0.24841347345191928
shared_RRR_selected,resp__omission__b25,0,782149,124,0.3246635426837684,0.6098521917328688,0.5613217938630998,0.07448710277057802,0.8217885721499365,1.3583111552282137,0.0035736987259326527,0.8752834467120181,0.8820696280839952,0.24375872379328312
shared_RRR_selected,resp__omission__b13,0,782149,124,0.3333503784285299,0.6051248036927634,0.577051140833989,0.07078240824906926,0.8164861429145446,1.3210255081507452,-0.014746360350791727,0.8877551020408163,0.8659378479153219,0.24340418323441004
shared_RRR_selected,resp__omission__b21,0,782149,124,0.04306566300549619,0.30566114986203313,0.2546970889063729,0.07838179540636932,0.9782302065436868,0.9364253809368226,0.023042359510289528,0.6536281179138321,0.6491426210884391,0.24844679409486914
shared_RRR_selected,feat__change_reliability,0,782149,124,0.2710470484428623,0.5521787284743287,0.5335381403934291,0.07411362055820175,0.8537874159046488,1.3023255173514547,-0.15074609922652066,0.844407530454042,0.8639251027569458,0.2634735057494286
shared_RRR_selected,resp__omission__b24,0,782149,124,0.3135177713540571,0.6332237362312843,0.5913516915814319,0.06477148448064617,0.8285422310576226,1.4084820367856696,0.006999993682257123,0.8588435374149659,0.8308869233347957,0.2446986015449406
shared_RRR_selected,resp__omission__b22,0,782149,124,0.1428041521327421,0.4255823754961379,0.35872856018882765,0.06981079237294041,0.9258487175922738,1.228295282754063,0.0026564424401311765,0.7210884353741497,0.6869033725180833,0.24747984780190674
shared_RRR_selected,resp__omission__b23,0,782149,124,0.21393087843873726,0.5508306153555873,0.47467505900865464,0.06466836187018109,0.8866053922468906,1.3433066482122442,0.006170315687062606,0.7868480725623583,0.761006843976532,0.24644280447665276
shared_RRR_selected,resp__omission__b12,0,782149,124,0.31938259907513045,0.5937215517758294,0.5677419354838709,0.056860786604133316,0.8249953944870659,1.2185225474326775,-0.011945031171489585,0.8826530612244898,0.808464477478865,0.24439041046692184
shared_RRR_selected,feat__omission_trial_sd,0,782149,124,-0.269821554249392,0.36171126295540496,0.38278520849724623,0.06281088640522783,1.1268635916779777,1.0449109281101492,0.029176951066637865,0.7386621315192744,0.7055127524436836,0.24922094642539283
shared_RRR_selected,resp__change__b13,0,782149,124,0.13165542023188737,0.5441857665884887,0.5159653815892997,0.0781228916223082,0.9318500843848825,1.7554492945269227,-0.008428518851850919,0.844671201814059,0.8925690914603335,0.24597336913700577
shared_RRR_selected,feat__change_trial_sd,0,782149,124,-0.5779006755822498,0.25211262627618863,0.28715656963021235,0.061427541351491685,1.2561451650116917,0.7946458167843503,0.06382165183822484,0.6825396825396826,0.7202774276736881,0.24965516928342152
shared_RRR_selected,resp__change__b14,0,782149,124,0.09033061543306975,0.5117117533621824,0.5283273013375294,0.07340733920064857,0.9537658961018318,1.8804684059138599,0.011565360745913482,0.8599773242630385,0.8869424227721799,0.24677430932342861
shared_RRR_selected,resp__change__b20,0,782149,124,0.35416271466736393,0.6476445979037787,0.6117199055861526,0.042233490622021794,0.8036400222317428,1.3509610098022415,-0.013154901621077238,0.915532879818594,0.9361633516565737,0.24562997508480888
shared_RRR_selected,resp__omission__b11,0,782149,124,0.3402918464803878,0.6057234344458335,0.5225995279307631,0.04004544918914584,0.8122242015106496,1.1810429544559322,-0.006247304526123926,0.8424036281179138,0.7852164760287308,0.24634622682729784
shared_RRR_selected,resp__change__b21,0,782149,124,0.3617557209693403,0.6542569118471041,0.6334728560188827,0.043139170759581826,0.7989019207829329,1.4019429297263921,-0.010312482600969515,0.9047619047619048,0.9277985479305795,0.2456910765845556
shared_RRR_selected,resp__change__b12,0,782149,124,0.05787442428889156,0.5456833071174246,0.5296490952006294,0.06005780450407815,0.9706315344718142,1.614224488913254,-0.0001901842746513883,0.8486394557823129,0.8643084460629318,0.24687018478067832
shared_RRR_selected,resp__change__b22,0,782149,124,0.2844314527367725,0.5984121894161143,0.593819040125885,0.038441520482863575,0.8459128485034539,1.3919294552789336,-0.0019649152801335117,0.8883219954648527,0.8999172920688148,0.24668830983373463
shared_RRR_selected,resp__change__b15,0,782149,124,0.09729097039187262,0.46864390965515473,0.49631471282454753,0.05893803259208948,0.950110009213737,1.9010150928839469,0.014919095801748349,0.8458049886621315,0.8601169121628661,0.247812397632382
shared_RRR_selected,resp__change__b11,0,782149,124,0.09393724926302993,0.42538640127223576,0.3054162077104642,0.03599389953985007,0.9518732850211575,1.1041940717110919,0.006854804466559122,0.677437641723356,0.6464375929319361,0.24872056835110218
shared_RRR_selected,resp__omission__b03,0,782149,124,0.24459626531682332,0.5569201362737352,0.5429677419354837,0.03577197807193089,0.8691396520025862,1.4390822997835664,-0.012545106140519758,0.8565759637188208,0.8287267287723048,0.24769071972648757
independent_Ridge,feat__p95_dff,1,788406,257,0.023427856473157704,0.4254181638603027,0.36888559293276624,0.2987532381085006,0.9882166480720926,0.7310833936258279,0.09440337854560457,0.7263385613845321,0.7150673715445792,0.2695004725576089
independent_Ridge,feat__omission_reliability,1,788406,257,0.34809039183391854,0.5998336879090996,0.5374606922978871,0.15356107274132877,0.807409194997234,1.0019276623717939,0.019632688114698687,0.8335586803677664,0.8483091804164762,0.24790441713952865
independent_Ridge,feat__mean_dff,1,788406,257,0.07628967880526061,0.409154947542762,0.37841456655506284,0.11212165841728966,0.9610984971347836,0.6890260196436293,0.036894900427830425,0.7289075175770686,0.7040077925478785,0.2463065370674152
independent_Ridge,resp__omission__b18,1,788406,257,0.3331345759905888,0.583481353664451,0.5512524319066148,0.0933515196617054,0.8166182853753712,0.874323248313907,0.006829230670182755,0.8446457544618713,0.8569185158247665,0.23797901166586527
independent_Ridge,resp__omission__b17,1,788406,257,0.35319331844780644,0.5970412675568656,0.5878801974934394,0.09445159021476482,0.8042429244651105,0.9192228926845585,0.00337219843075115,0.8508653326122227,0.8580508720380826,0.23745688670410303
independent_Ridge,feat__std_dff,1,788406,257,-0.11613180098380504,0.36307928536501144,0.3139365215817573,0.10401448825695254,1.056471391464911,0.6740387601138513,0.052172928474847204,0.7026771227690644,0.7049866023934489,0.25105997578042955
independent_Ridge,resp__omission__b16,1,788406,257,0.35236274752531405,0.5972622670347274,0.5872248552167224,0.08526316826532297,0.8047591269906084,0.9248498229936967,0.004819177427260542,0.8477555435370471,0.8517327738957307,0.2389563988708903
independent_Ridge,resp__omission__b15,1,788406,257,0.34776685902378135,0.5950702399850685,0.5738514896841914,0.07583277844276695,0.8076095225888678,0.9155172839890995,0.004909812490148231,0.8626284478096269,0.8797616468226476,0.2398059360325773
independent_Ridge,resp__omission__b19,1,788406,257,0.24044973577862117,0.49747799809981014,0.47451446701655947,0.07299496548829282,0.8715218093779288,0.8611436876348593,0.01131364569809105,0.7928610059491618,0.8009140425226181,0.24363518160932926
independent_Ridge,resp__omission__b14,1,788406,257,0.3645222104696697,0.608235491477507,0.5832093815039362,0.06528564828908366,0.7971686079684337,0.9268734632749054,0.0038207897438591806,0.8564088696592753,0.8775276545180652,0.24099596603848564
independent_Ridge,feat__omission_amp,1,788406,257,0.35157040105021875,0.5974611989333014,0.5761943206497149,0.06052572330186322,0.8052512644819512,0.9047636700591328,0.0037476398662596535,0.855868036776636,0.8746843740589898,0.24165438291514296
independent_Ridge,resp__omission__b20,1,788406,257,0.15743719048583316,0.4014449180257022,0.4000599493258528,0.06269312739322348,0.9179122014191591,0.881858207409992,0.007280006957668239,0.7344510546241212,0.7320433310942275,0.24696157458455423
independent_Ridge,resp__omission__b25,1,788406,257,0.3858644297581888,0.6435438315272354,0.6065698239978282,0.05177369872831485,0.783668022980274,0.8715888452101405,-0.008225652261351732,0.8802055164954029,0.8962203015614763,0.2414486934395896
independent_Ridge,resp__omission__b13,1,788406,257,0.3716433074009917,0.6125305225330736,0.5895641514342592,0.05512775207070875,0.7926895310264973,0.9426716067466174,0.002423523064270004,0.873580313683072,0.8933636365649762,0.24212810808615226
independent_Ridge,resp__omission__b21,1,788406,257,0.16936307900821834,0.41889564372384264,0.43947733802370825,0.0548817704639626,0.9113928466867521,0.8684595430519602,0.011011467539039371,0.7865062195781504,0.7727079286376011,0.24659469371086754
independent_Ridge,feat__change_reliability,1,788406,257,0.10519584916447378,0.413857842081878,0.4304751036131182,0.05628099138136713,0.9459408812581926,0.7435852851867164,0.15152683737838638,0.7658530285419087,0.7810170308303697,0.26576641991326244
independent_Ridge,resp__omission__b24,1,788406,257,0.390597349411239,0.6428020335863427,0.6138556465478237,0.04615517797051806,0.7806424601498185,0.8730037686216767,-0.00573841841886033,0.8654678204434829,0.863115330180198,0.24264059528004614
independent_Ridge,resp__omission__b22,1,788406,257,0.2754063402755993,0.5267711271318051,0.5827314835761469,0.04687103936842073,0.8512306736275431,0.9207040211278341,0.001926556281715241,0.853704705246079,0.8418673957915774,0.24495706692561106
independent_Ridge,resp__omission__b23,1,788406,257,0.3726027593449789,0.6121416423922644,0.6153395337526015,0.04309326618842808,0.7920841121086959,0.9412492717628037,-0.0001628293105227286,0.8843969713358573,0.8692385768600444,0.24378972660218895
independent_Ridge,resp__omission__b12,1,788406,257,0.36833547425122504,0.6188149427524933,0.5844988575694506,0.044395080765324016,0.7947732542988439,0.9156434793965341,0.0043409590249629025,0.8550567874526771,0.8675873115643977,0.24366261108838497
independent_Ridge,feat__omission_trial_sd,1,788406,257,-0.07324774944294421,0.29759090658489745,0.29160044905438415,0.05244485872156097,1.0359767127898891,0.5893497607728164,0.040867636126515006,0.6880746349378042,0.6955465639265695,0.24908331424820565
independent_Ridge,resp__change__b13,1,788406,257,0.21751314811697464,0.47921280762574503,0.48924729662473976,0.03915614390215235,0.8845828688613776,0.8403094662043215,0.007471372819575973,0.7755543537047053,0.7629133329980371,0.24729145432342442
independent_Ridge,feat__change_trial_sd,1,788406,257,-0.1391887363153126,0.4070794586045481,0.31538435435707174,0.04951680414123113,1.067327848561684,0.8798797584335755,-0.008815920505586211,0.697809626825311,0.7286509334594684,0.24911198254432554
independent_Ridge,resp__change__b14,1,788406,257,0.1690209446231875,0.43479864097255755,0.3938430345670075,0.03277589998235503,0.9115805259969151,0.7671529619419435,0.004241179753722733,0.7516224986479179,0.7760673097234339,0.24777532774752703
independent_Ridge,resp__change__b20,1,788406,257,0.4066372138943428,0.6457622996446581,0.54536000701294,0.031822695161466984,0.7703004518404861,0.8914306694449313,0.004615856402573229,0.8416711736073553,0.8584486346288462,0.2453757637153112
independent_Ridge,resp__omission__b11,1,788406,257,0.367989479677414,0.6082295272318368,0.5652054961089493,0.03387304099061196,0.794990893232486,1.0004619130566317,0.0018924846941091628,0.8405895078420768,0.8665452016803257,0.24576233469467956
independent_Ridge,resp__change__b21,1,788406,257,0.3542781339636445,0.646810313470763,0.5041950389105058,0.030937885126093367,0.8035682087018846,0.8393101631692378,0.009428476907266845,0.8222011898323418,0.8500362718627856,0.24551466935223
independent_Ridge,resp__change__b12,1,788406,257,0.070875240227811,0.36923453289475267,0.40799828635417607,0.03671226154556837,0.9639111783625031,0.718920976315945,0.009085989081778528,0.7495943753380206,0.7124434363784892,0.24825635065776003
independent_Ridge,resp__change__b22,1,788406,257,0.2763940590684333,0.6159853708406132,0.4602800368744909,0.025403062619576634,0.8506503047266643,0.8161728018851352,0.005052908763570285,0.7828555976203352,0.8352525151139948,0.24682971910626886
independent_Ridge,resp__change__b15,1,788406,257,-0.019875267196034052,0.2719143619933787,0.2524191815220342,0.025301919744766893,1.0098887400085388,0.4711741724346827,0.004129036066643747,0.6319632233639805,0.6641577349466219,0.24917255499991778
independent_Ridge,resp__change__b11,1,788406,257,0.0076307158192161495,0.3634852904353653,0.3221116867251832,0.029829562939662043,0.996177335709252,0.5575738532330277,0.01338358158030068,0.686046511627907,0.6721687364368956,0.24834603894283636
independent_Ridge,resp__omission__b03,1,788406,257,0.2657232085503727,0.5459275550316149,0.40174814496425654,0.02212994152750476,0.8568995223768229,0.7559331245656982,-0.000663621856258909,0.7686587344510546,0.7675877648520919,0.24754777521919502
shared_fullrank,feat__p95_dff,1,788406,257,0.030951990261269824,0.42631336238898726,0.3718766966790335,0.2976001201113505,0.9844023617092402,0.7413481039560093,0.08795287579657934,0.7276906435911304,0.713455137995175,0.26939439190512704
shared_fullrank,feat__omission_reliability,1,788406,257,0.34809039183391854,0.5998336879090997,0.5374606922978871,0.15356107274132877,0.807409194997234,1.001927662371794,0.019632688114698576,0.8335586803677664,0.8483091804164762,0.2479044171395287
shared_fullrank,feat__mean_dff,1,788406,257,0.08224197714065373,0.4096971464307075,0.3808910109944801,0.11175982410693813,0.9579968804016776,0.6998883573775164,0.035025368856533526,0.7310708491076257,0.7053188242403582,0.24635790893888415
shared_fullrank,resp__omission__b18,1,788406,257,0.3331345759905886,0.5834813536644508,0.5512524319066148,0.09335151966170542,0.8166182853753713,0.8743232483139067,0.006829230670182714,0.8446457544618713,0.8569185158247665,0.23797901166586527
shared_fullrank,resp__omission__b17,1,788406,257,0.35319331844780644,0.5970412675568658,0.5878801974934394,0.09445159021476482,0.8042429244651105,0.9192228926845583,0.0033721984307512015,0.8508653326122227,0.8580508720380826,0.23745688670410303
shared_fullrank,feat__std_dff,1,788406,257,-0.1161318009838046,0.3630792853650115,0.3139365215817573,0.10401448825695252,1.0564713914649106,0.6740387601138514,0.052172928474847155,0.7026771227690644,0.7049866023934489,0.25105997578042955
shared_fullrank,resp__omission__b16,1,788406,257,0.3523627475253138,0.5972622670347274,0.5872248552167224,0.08526316826532299,0.8047591269906085,0.9248498229936971,0.00481917742726054,0.8477555435370471,0.8517327738957307,0.2389563988708903
shared_fullrank,resp__omission__b15,1,788406,257,0.34776685902378146,0.5950702399850687,0.5738514896841914,0.07583277844276694,0.8076095225888675,0.9155172839890995,0.004909812490148238,0.8626284478096269,0.8797616468226476,0.23980593603257724
shared_fullrank,resp__omission__b19,1,788406,257,0.2259737909398959,0.4952388406739195,0.4657058750339335,0.07368727243306476,0.8797875931496784,0.7828122682208922,0.01625780367841348,0.7862358031368307,0.7973371660086512,0.24308893819790522
shared_fullrank,resp__omission__b14,1,788406,257,0.3645222104696697,0.608235491477507,0.5832093815039362,0.06528564828908366,0.7971686079684337,0.9268734632749058,0.0038207897438591962,0.8564088696592753,0.8775276545180652,0.24099596603848564
shared_fullrank,feat__omission_amp,1,788406,257,0.351570401050219,0.5974611989333015,0.5761943206497149,0.06052572330186321,0.8052512644819511,0.9047636700591329,0.0037476398662596123,0.855868036776636,0.8746843740589898,0.24165438291514296
shared_fullrank,resp__omission__b20,1,788406,257,0.15111852029341033,0.4040875830976306,0.39810099199167487,0.06292776703684563,0.9213476432414582,0.793251835289557,0.013996394455835661,0.7283666846944294,0.7311896986828823,0.2465912983930165
shared_fullrank,resp__omission__b25,1,788406,257,0.3858644297581887,0.6435438315272354,0.6065698239978282,0.05177369872831485,0.783668022980274,0.8715888452101404,-0.008225652261351744,0.8802055164954029,0.8962203015614763,0.2414486934395896
shared_fullrank,resp__omission__b13,1,788406,257,0.3716433074009917,0.6125305225330737,0.5895641514342592,0.05512775207070875,0.7926895310264973,0.9426716067466173,0.0024235230642699786,0.873580313683072,0.8933636365649762,0.24212810808615226
shared_fullrank,resp__omission__b21,1,788406,257,0.16468636015696347,0.42224492873509856,0.4413139930775495,0.055036053485381285,0.9139549440990166,0.796514417368787,0.015468141979699564,0.7858301784748514,0.7754185546446574,0.24620947914286395
shared_fullrank,feat__change_reliability,1,788406,257,0.08365969426151965,0.4078639729848188,0.4284653251472911,0.05695425018815984,0.9572566561473889,0.6665490689461234,0.19278579982736396,0.7659821774506005,0.774037843826547,0.2655469008036786
shared_fullrank,resp__omission__b24,1,788406,257,0.39059734941123914,0.6428020335863427,0.6138556465478237,0.04615517797051806,0.7806424601498185,0.8730037686216772,-0.005738418418860358,0.8654678204434829,0.863115330180198,0.24264059528004614
shared_fullrank,resp__omission__b22,1,788406,257,0.2718584270671406,0.5289704007462597,0.5784084867885259,0.046985649338158034,0.8533121192933213,0.8564868848546602,0.004388777052352215,0.8510005408328826,0.8426410010632306,0.2445855060331993
shared_fullrank,resp__omission__b23,1,788406,257,0.3645012469787594,0.6110542224931592,0.6115516978101528,0.04337060308573961,0.7971817565782854,0.8692645600860242,0.0015612324112991205,0.883044889129259,0.8674929379814971,0.2433391075099126
shared_fullrank,resp__omission__b12,1,788406,257,0.36833547425122515,0.6188149427524934,0.5844988575694506,0.044395080765324016,0.7947732542988439,0.9156434793965338,0.004340959024962936,0.8550567874526771,0.8675873115643977,0.24366261108838497
shared_fullrank,feat__omission_trial_sd,1,788406,257,-0.07324774944294443,0.29759090658489734,0.29160044905438415,0.052444858721560975,1.0359767127898891,0.5893497607728164,0.040867636126515006,0.6880746349378042,0.6955465639265695,0.24908331424820565
shared_fullrank,resp__change__b13,1,788406,257,0.17020277077869395,0.4563861421082063,0.472132046873586,0.040322493600749125,0.9109320661944589,0.7199773027794735,0.014557441589136048,0.76473769605192,0.7398612188100493,0.2471088946918557
shared_fullrank,feat__change_trial_sd,1,788406,257,-0.1391887363153128,0.40707945860454825,0.31538435435707174,0.049516804141231135,1.067327848561684,0.8798797584335755,-0.008815920505586211,0.697809626825311,0.7286509334594684,0.24911198254432554
shared_fullrank,resp__change__b14,1,788406,257,0.12399317067342275,0.4182690713820244,0.38772014410460587,0.03365219004217335,0.9359523648811285,0.6540386523407637,0.007343304451148187,0.7474310438074635,0.7727480158205047,0.2475718328753528
shared_fullrank,resp__change__b20,1,788406,257,0.4066372138943428,0.6457622996446581,0.54536000701294,0.031822695161466984,0.7703004518404861,0.8914306694449319,0.004615856402573244,0.8416711736073553,0.8584486346288462,0.2453757637153112
shared_fullrank,resp__omission__b11,1,788406,257,0.36068684311097043,0.605847176198943,0.5617520473260338,0.03406817386729736,0.7995706078196158,0.9236482136792122,0.001062384628149198,0.837479718766901,0.8658687023471519,0.24543868763113996
shared_fullrank,resp__change__b21,1,788406,257,0.36102690409883853,0.6492713628319171,0.5054102852683015,0.030775786623875607,0.7993579272773627,0.852106914670011,0.009285718442981542,0.8235532720389399,0.8511568811510287,0.2455568542465166
shared_fullrank,resp__change__b12,1,788406,257,0.013225801526769665,0.35110630187744496,0.38977736743281144,0.03783406578034767,0.9933650882093805,0.6142036951947996,0.014612455519856876,0.738236884802596,0.6918745605383614,0.24815480376911125
shared_fullrank,resp__change__b22,1,788406,257,0.2843132353593908,0.6181412338406113,0.4603330580942901,0.025263674066048434,0.8459827212423485,0.8295705792484822,0.005222635093700942,0.7821795565170363,0.8351106179963569,0.24686568212792961
shared_fullrank,resp__change__b15,1,788406,257,-0.10881583869586908,0.2554544051189742,0.23770897430096818,0.026382117749322292,1.0530032472389954,0.3801692529556345,0.004964742043683807,0.6238507301243915,0.6466954730284694,0.24908097071638793
shared_fullrank,resp__change__b11,1,788406,257,0.01669546298343727,0.36414476097211446,0.32155602434168845,0.029693012076121256,0.9916171322726139,0.5656716154548473,0.013179437351707747,0.6864521362898864,0.6728462823375685,0.2483638083713117
shared_fullrank,resp__omission__b03,1,788406,257,0.22972712219278246,0.5403792294972974,0.39889843113745355,0.022665884361477148,0.8776519115271255,0.6895272437115394,-0.0009561292368795238,0.7648729042725797,0.7689458995230363,0.24734203488483955
shared_RRR_selected,feat__p95_dff,1,788406,257,0.02628497574009281,0.4248911974821876,0.36918109786444664,0.2983158926086893,0.9867699956220329,0.7354535056122321,0.09174332379166922,0.7268793942671714,0.7123533437918916,0.26954301697315974
shared_RRR_selected,feat__omission_reliability,1,788406,257,0.34832536089045296,0.601164561857145,0.5385490966045566,0.15353339608815325,0.807263673844889,1.0128142160898186,0.015415997244050676,0.8349107625743645,0.8493023601747121,0.2479554866386712
shared_RRR_selected,feat__mean_dff,1,788406,257,0.0828344325748478,0.4115410416761214,0.3814042564021355,0.11172374520445864,0.9576876147393534,0.7018457054563896,0.03440671204266538,0.7313412655489453,0.7074695797681556,0.2463261121559376
shared_RRR_selected,resp__omission__b18,1,788406,257,0.3306181347934667,0.5818814997743582,0.5478484695955116,0.09352748650959196,0.8181576041365951,0.8685239113938403,0.00682521634940869,0.8415359653866955,0.8550421637341565,0.2379792340140451
shared_RRR_selected,resp__omission__b17,1,788406,257,0.3520407313213547,0.5964106169502909,0.58816509818116,0.094535707490753,0.8049591720569717,0.9130461556334286,0.0032457039552880977,0.8512709572742022,0.8599649387281192,0.23738074321303126
shared_RRR_selected,feat__std_dff,1,788406,257,-0.10172753311503557,0.3662470138845582,0.31726130553796034,0.10334112784819066,1.049632094171589,0.6857531083993494,0.049340156750948216,0.704434829637642,0.7017112745089626,0.2509907069413359
shared_RRR_selected,resp__omission__b16,1,788406,257,0.3502886614716554,0.5956756556075756,0.5843850386842818,0.08539958860467263,0.8060467347048462,0.9158349085969634,0.004297249205745684,0.8465386695511087,0.8546709012879434,0.23889180577111893
shared_RRR_selected,resp__omission__b15,1,788406,257,0.34404313792636065,0.5924765744631677,0.5706150744276535,0.07604894211602906,0.8099116384357243,0.91098930746836,0.005105902234426915,0.8608707409410492,0.8793159654104405,0.23986655438593435
shared_RRR_selected,resp__omission__b19,1,788406,257,0.22856510539991726,0.4978604566618379,0.4729217095737942,0.07356382249348882,0.8783136652700347,0.7830749196095808,0.016010460608529523,0.7916441319632234,0.8013400110441695,0.24299309713329845
shared_RRR_selected,resp__omission__b14,1,788406,257,0.36381923331813926,0.6075635375645115,0.5826911874490995,0.06532174839718942,0.7976094073428803,0.9284078632368372,0.00383246163585904,0.8565440778799351,0.8772673810226354,0.2410330511063877
shared_RRR_selected,feat__omission_amp,1,788406,257,0.3510386819407252,0.5970962303370808,0.57509501402588,0.060550534082336745,0.8055813540911153,0.9031067826626462,0.003715289558221669,0.8549215792320174,0.8738267760472846,0.24164907874712444
shared_RRR_selected,resp__omission__b20,1,788406,257,0.15259358605042095,0.4043645356257817,0.4011670323952583,0.06287306979400543,0.920546801607381,0.8028274456205692,0.013262665083389438,0.7294483504597079,0.7324049663628693,0.246618726953138
shared_RRR_selected,resp__omission__b25,1,788406,257,0.38082583108081913,0.6410983667942313,0.6012408379332186,0.051985650310197695,0.7868762093996622,0.8685239764570244,-0.008500630303453476,0.8766901027582475,0.8925695918566747,0.24148977405672223
shared_RRR_selected,resp__omission__b13,1,788406,257,0.3705396203917848,0.6117141426042672,0.5893683263958012,0.05517614583372299,0.7933853916024765,0.9376042516609139,0.0022336749971725526,0.8731746890210924,0.8940230585351446,0.2421058354315731
shared_RRR_selected,resp__omission__b21,1,788406,257,0.16677726332068055,0.4252227002532238,0.443514020224414,0.05496712897891937,0.9128103508830953,0.8005295411588886,0.015632711381098046,0.7881287182260682,0.7771117067454056,0.24621424874331851
shared_RRR_selected,feat__change_reliability,1,788406,257,0.08273509031682447,0.40755271587317465,0.42888601756142203,0.05698297687790843,0.9577394790250506,0.6660465998999818,0.19311135051525216,0.7658530285419087,0.7723466225956968,0.2655508480491427
shared_RRR_selected,resp__omission__b24,1,788406,257,0.3909114714301053,0.6422377035898836,0.6128984367930503,0.04614328088861353,0.7804412396650338,0.8779495625552456,-0.00572683927907245,0.8645213628988643,0.859984824218128,0.24270528643562803
shared_RRR_selected,resp__omission__b22,1,788406,257,0.2734188928953927,0.5300437528785125,0.5814483700570083,0.046935275326097856,0.8523972707045743,0.8602047723272519,0.004317888762557808,0.8526230394808004,0.8431180017729027,0.2445920393637109
shared_RRR_selected,resp__omission__b23,1,788406,257,0.3609494931875534,0.608882931462268,0.60884973644919,0.04349163170361839,0.7994063464924748,0.8649938037326681,0.001341518422896299,0.8835857220118983,0.8684771908847437,0.24332357726336823
shared_RRR_selected,resp__omission__b12,1,788406,257,0.37335106119717976,0.6228853649611058,0.5882124638041806,0.04421847502616012,0.7916116085573911,0.9239151171826779,0.004655811445401215,0.8574905354245538,0.8694563099425057,0.24365368312349506
shared_RRR_selected,feat__omission_trial_sd,1,788406,257,-0.06911862848219275,0.29987694188384134,0.29321229413627725,0.052343875583113,1.0339819285085172,0.5934564855731763,0.04037052796035221,0.6899675500270416,0.69682051531361,0.2490531107045759
shared_RRR_selected,resp__change__b13,1,788406,257,0.17369928271572266,0.4579230868796868,0.4740054633064881,0.04023745058714145,0.9090108455262111,0.7260577982855256,0.014251020476724505,0.7662249864791779,0.739604571810597,0.24711874511326798
shared_RRR_selected,feat__change_trial_sd,1,788406,257,-0.1481695720184204,0.40488873220246246,0.315743484752511,0.04971160472589501,1.0715267481581692,0.8752830806626395,-0.008433789242913334,0.6945646295294754,0.7263275587764583,0.24912859379902544
shared_RRR_selected,resp__change__b14,1,788406,257,0.1228527654876177,0.41647709767344054,0.38515674486471807,0.03367408750280128,0.9365613885444896,0.6560590300506928,0.007070790077079274,0.7458085451595455,0.7723116833382121,0.24759841087362047
shared_RRR_selected,resp__change__b20,1,788406,257,0.4098205226573258,0.6487218090416955,0.5472277678490634,0.03173721819906776,0.7682313957022807,0.8925159076485135,0.004796074313474696,0.8431584640346134,0.860208037455142,0.2453423092477848
shared_RRR_selected,resp__omission__b11,1,788406,257,0.3643770139808956,0.608575147129364,0.5661351348294271,0.03396970935127315,0.7972596728915269,0.9324411214704372,0.0013037309254656044,0.8392374256354787,0.8661234702873566,0.2454343120063042
shared_RRR_selected,resp__change__b21,1,788406,257,0.36371986138818224,0.6514684050297451,0.5056987207040087,0.030710865748234797,0.7976716985150081,0.8552710747413047,0.009320476798236433,0.8238236884802594,0.8515564967211944,0.24555058355589926
shared_RRR_selected,resp__change__b12,1,788406,257,0.013504838298580513,0.35422796212681207,0.39281937155008595,0.03782871610560601,0.9932246280179623,0.6168740674372016,0.01434452982227849,0.7405354245538128,0.6943010545514124,0.24812625664978757
shared_RRR_selected,resp__change__b22,1,788406,257,0.2852873287733322,0.616355737538375,0.4591093283413265,0.025246475509998343,0.8454068081265185,0.8280984778935646,0.005044403797671873,0.7819091400757165,0.834132274606987,0.24687995763355977
shared_RRR_selected,resp__change__b15,1,788406,257,-0.10518068567655958,0.2588094068809188,0.24489511695774135,0.0263388365464743,1.0512757419804566,0.38423911901339375,0.005050104109414663,0.6280421849648459,0.6506279868471646,0.24906221551458496
shared_RRR_selected,resp__change__b11,1,788406,257,0.017599642220839207,0.3665331673025181,0.3242290007691611,0.02967935711029312,0.991161115953991,0.5665232470264194,0.013126531382235912,0.6888858842617631,0.6776759698351369,0.24834004421671171
shared_RRR_selected,resp__omission__b03,1,788406,257,0.22803735790892676,0.5364659753329081,0.3935348045425753,0.022690732062260237,0.8786140461494303,0.6912247308276851,-0.0008296266052868301,0.7618983234180638,0.7643057001534045,0.2473974239958517
independent_Ridge,feat__p95_dff,2,790322,237,0.14194815479198164,0.41254411571789357,0.41009701456210035,0.3725859515650378,0.9263108793531566,1.4267473099048087,-0.25137484155599504,0.7884954334241308,0.7639700341261704,0.2666820001789578
independent_Ridge,feat__omission_reliability,2,790322,237,0.4248186286307505,0.6741859156052458,0.6441239506087013,0.1631724659216085,0.7584071277152197,1.1839922473753843,-0.12481760197248616,0.8894720592775548,0.8989950995800932,0.24832709247534812
independent_Ridge,feat__mean_dff,2,790322,237,0.10444829116929488,0.36154345056055026,0.36561202468543735,0.17019258942186566,0.9463359386764857,1.1527418945613384,-0.0023975397501255114,0.7298509854190033,0.7393673302647457,0.24709606660514627
independent_Ridge,resp__omission__b18,2,790322,237,0.43220751269158364,0.678344259404186,0.6379676521971158,0.1137337117460672,0.7535200643038089,1.2343642588533943,-0.027389072688618833,0.8687710302836085,0.8845082970216477,0.23629313572530014
independent_Ridge,resp__omission__b17,2,790322,237,0.44734078053083093,0.6819118964802303,0.6508791888349419,0.11058807114723243,0.7434105322560133,1.1707547984108506,-0.01736500432239672,0.8915237942637398,0.9069030299747274,0.23458558834037072
independent_Ridge,feat__std_dff,2,790322,237,0.1473957253985534,0.4058890007619643,0.41583116833946626,0.11298886867063038,0.9233657317669128,1.4511611128630377,-0.12022854972986752,0.7971478929658707,0.7767901498485054,0.2504160002057093
independent_Ridge,resp__omission__b16,2,790322,237,0.4449904959144765,0.6807962440898352,0.6597945764875356,0.10051123141897327,0.7449895999848075,1.1951735936602694,-0.01385811045092109,0.9014580996635154,0.9192996624522974,0.23639218836566364
independent_Ridge,resp__omission__b15,2,790322,237,0.4600645605942312,0.7008721668439094,0.6704452645679598,0.08741451357434347,0.7348029936015291,1.3301963136904509,-0.00510115662282331,0.8984137157506811,0.90899942065562,0.238828531561283
independent_Ridge,resp__omission__b19,2,790322,237,0.3324007808051578,0.607166858201937,0.5805368704014539,0.09279956831094756,0.8170674508232735,1.1749793439122334,-0.032327472519021266,0.8655664156385194,0.8789695683980628,0.24068868964517817
independent_Ridge,resp__omission__b14,2,790322,237,0.46009853111791343,0.699786798398287,0.6803170957290876,0.07696285949581011,0.7347798778423962,1.3257931515580716,0.0013684556104614296,0.8969716391603909,0.9132965524805201,0.2402370891153641
independent_Ridge,feat__omission_amp,2,790322,237,0.4505864322821861,0.685727324535979,0.6525549932481038,0.07216405924477853,0.7412243706987878,1.2160317547263162,-0.010863678964505505,0.8777439512898574,0.8853303941041617,0.240455702186051
independent_Ridge,resp__omission__b20,2,790322,237,0.2077096381167144,0.4775485053034207,0.42710115584530317,0.08148703738796038,0.8901069384536252,1.2437067667961745,-0.03026188144168724,0.7545265181861881,0.7769458125814288,0.24642778983283678
independent_Ridge,resp__omission__b25,2,790322,237,0.46604995058159726,0.7007404290372652,0.686726439127464,0.06823499166311485,0.730718857987395,1.2909433548453995,-0.0031090860791689627,0.9101105592052555,0.911338405214854,0.24054237074484947
independent_Ridge,resp__omission__b13,2,790322,237,0.46073874942005444,0.6989398213601432,0.6634905410351225,0.06440523943993812,0.7343440954892642,1.3119862086131648,0.003623797989290444,0.9097900977407467,0.9212254111962818,0.2413873917008082
independent_Ridge,resp__omission__b21,2,790322,237,0.1899163149200247,0.4449005478747078,0.4031215575696058,0.07408226799387523,0.9000464905103376,1.0679341958041124,-0.011587814712444378,0.7510014420765903,0.7750989834436031,0.24641685297525143
independent_Ridge,feat__change_reliability,2,790322,237,0.31978432574519544,0.5790326327643431,0.5551809619932933,0.06083234242782474,0.8247518864815069,1.2350291117348746,-0.13016928476535133,0.8405864197530863,0.8375972080398466,0.261621471603343
independent_Ridge,resp__omission__b24,2,790322,237,0.4639127920497734,0.695873927347495,0.6741592582109008,0.060978706953949094,0.7321797647779038,1.2551846958866517,-0.004416313162094641,0.9093094055439833,0.9098849943925902,0.2412708303535199
independent_Ridge,resp__omission__b22,2,790322,237,0.32329192995476597,0.5836633308913219,0.5965818638118194,0.06141640958730218,0.8226226778087472,1.1934680046049024,-0.013646518190775121,0.8767825668963306,0.8920118556334127,0.24382202284416374
independent_Ridge,resp__omission__b23,2,790322,237,0.3990269369692462,0.6478043453292388,0.645787772306949,0.058427151181773024,0.7752245242707133,1.1706612804097043,-0.01276176759353449,0.8863964108315975,0.8983927657991709,0.24276245849393924
independent_Ridge,resp__omission__b12,2,790322,237,0.46747822711127873,0.7079347847490532,0.6722752177463991,0.05234983274844276,0.729740894351359,1.3444557949659304,0.006625408622902895,0.8886396410831597,0.9021258295752039,0.2433565707377822
independent_Ridge,feat__omission_trial_sd,2,790322,237,0.14023151154344304,0.4679777423038363,0.5193118654885255,0.05967261587128259,0.9272370184891008,2.326137759754919,-0.18518864864739176,0.8716551834641884,0.8780211325856899,0.24907257053001228
independent_Ridge,resp__change__b13,2,790322,237,0.32212367915080153,0.5760527000219364,0.6131082340681392,0.04667609827129724,0.823332448558417,1.1789915813749712,-0.012737544702123516,0.8734177215189873,0.8362580260829966,0.24570505192569497
independent_Ridge,feat__change_trial_sd,2,790322,237,0.03279349040085544,0.36141669776313035,0.3488143165440388,0.050302963989100856,0.9834665777743261,5.156469092228265,-0.5418957530002053,0.741227367409069,0.7401519428466024,0.2506847773430608
independent_Ridge,resp__change__b14,2,790322,237,0.2662271216165578,0.5278194841790075,0.5509655482016879,0.041871019329376834,0.8566054391512128,1.197359592348105,-0.008308525817207937,0.8464989585002404,0.8375607736185764,0.24687397183879278
independent_Ridge,resp__change__b20,2,790322,237,0.4344901338214696,0.6660046947130168,0.6548771407297096,0.039678934133803016,0.7520039003745461,1.094099874468548,-0.005927897303676561,0.8924851786572665,0.8888952175519009,0.2446024178011814
independent_Ridge,resp__omission__b11,2,790322,237,0.44964526445271036,0.6894958944137306,0.6633066442625108,0.038679278545490546,0.7418589728157837,1.2760331226031147,0.0075883856116570805,0.9012978689312611,0.9120778663067132,0.24507108406627068
independent_Ridge,resp__change__b21,2,790322,237,0.44158329170690946,0.6956787901327502,0.6494125219278873,0.03944630014993888,0.7472728472874486,1.2426394967815673,-0.010844676682843063,0.8883191796186509,0.9027621479862423,0.2448933155746157
independent_Ridge,resp__change__b12,2,790322,237,0.211426649085791,0.4609883848423054,0.5011493548288227,0.03926950742068305,0.8880165262618759,0.9580427318905185,0.0009725949507309616,0.7867328953693319,0.7352639000980832,0.2474219438618168
independent_Ridge,resp__change__b22,2,790322,237,0.3211932717380275,0.6233491842599085,0.560586774937394,0.03608761085764013,0.8238972801642038,1.2422899476350924,-0.0070292179041651715,0.8336804999198847,0.8611137939369775,0.24664604139036544
independent_Ridge,resp__change__b15,2,790322,237,0.12667254790960691,0.5225685794498883,0.5053997140585477,0.035308697949208705,0.9345199045982877,2.6009025096006124,-0.024172315091999876,0.8211825028040378,0.8343215144917655,0.24891114755792113
independent_Ridge,resp__change__b11,2,790322,237,0.25214043475640324,0.5151958274850201,0.42033393490414833,0.0301587836027752,0.8647887402386764,1.2594588126976511,-0.009626896008297449,0.7372215991027079,0.6945165376931836,0.2484568656880507
independent_Ridge,resp__omission__b03,2,790322,237,0.40814809564496124,0.6877274818326784,0.6440705009744726,0.030285976485789377,0.7693191173726536,1.5693079848459779,0.003152376230635196,0.8783848742188752,0.8770525960979919,0.24696066311050674
shared_fullrank,feat__p95_dff,2,790322,237,0.1552917255275026,0.4006038846571503,0.40340010709282637,0.36967755666724317,0.9190801240765124,1.0207223048652236,0.014007425648289438,0.7758372055760295,0.7495114798711142,0.2647414828121874
shared_fullrank,feat__omission_reliability,2,790322,237,0.4248186286307505,0.6741859156052458,0.6441239506087013,0.1631724659216085,0.7584071277152197,1.1839922473753846,-0.12481760197248612,0.8894720592775548,0.8989950995800932,0.24832709247534812
shared_fullrank,feat__mean_dff,2,790322,237,0.10444829116929488,0.36154345056055043,0.36561202468543735,0.17019258942186566,0.9463359386764857,1.1527418945613392,-0.002397539750125578,0.7298509854190033,0.7393673302647457,0.24709606660514627
shared_fullrank,resp__omission__b18,2,790322,237,0.4309826619301126,0.685314389327845,0.6441651537250817,0.11385631972236529,0.7543323790411541,1.3470605665565147,-0.028764198639837254,0.8755007210382951,0.8900409091293913,0.2371219224521128
shared_fullrank,resp__omission__b17,2,790322,237,0.44883268064169035,0.6901164115416445,0.6551953542627091,0.1104387043717958,0.7424064381174975,1.2866588563923758,-0.015157594676502177,0.8958500240346099,0.9107521091636055,0.23569012603108921
shared_fullrank,feat__std_dff,2,790322,237,0.1541179352448584,0.3933688042649075,0.4116970967747751,0.11254256670829942,0.9197184703783771,1.0594548817359464,-0.015228339968822873,0.7841692036532607,0.7608140704315713,0.24933337560332092
shared_fullrank,resp__omission__b16,2,790322,237,0.44678771225594094,0.6905604218178423,0.6654457964262727,0.1003483631259732,0.7437824196255644,1.315702634323892,-0.011092176953734953,0.9040217913795866,0.9193647656873146,0.23735941528786414
shared_fullrank,resp__omission__b15,2,790322,237,0.4600645605942313,0.7008721668439094,0.6704452645679598,0.08741451357434346,0.734802993601529,1.330196313690451,-0.005101156622823347,0.8984137157506811,0.90899942065562,0.238828531561283
shared_fullrank,resp__omission__b19,2,790322,237,0.33641466993155034,0.6141781539799134,0.5849395754869208,0.09252017257126231,0.8146074699316536,1.2996088174558356,-0.038329579393925395,0.8678096458900817,0.879267253744316,0.24138621536595148
shared_fullrank,resp__omission__b14,2,790322,237,0.46009853111791343,0.699786798398287,0.6803170957290876,0.07696285949581011,0.7347798778423962,1.325793151558072,0.0013684556104614455,0.8969716391603909,0.9132965524805201,0.2402370891153641
shared_fullrank,feat__omission_amp,2,790322,237,0.4497113016076276,0.6941588344341544,0.6592528021721454,0.0722215094583656,0.7418144635907098,1.3343300279487387,-0.009778905859441068,0.8839929498477808,0.8938538417345762,0.24109510796712352
shared_fullrank,resp__omission__b20,2,790322,237,0.20770963811671428,0.4775485053034207,0.42710115584530317,0.08148703738796038,0.8901069384536252,1.243706766796174,-0.030261881441687125,0.7545265181861881,0.7769458125814288,0.24642778983283678
shared_fullrank,resp__omission__b25,2,790322,237,0.4593102662758026,0.7066164419636879,0.688694314885362,0.06866428293810901,0.7353160774280659,1.3938421324969312,-0.0016051663441062451,0.91027078993751,0.9163958152143714,0.24113822340070293
shared_fullrank,resp__omission__b13,2,790322,237,0.46073874942005444,0.6989398213601431,0.6634905410351225,0.06440523943993812,0.7343440954892642,1.311986208613165,0.0036237979892904367,0.9097900977407467,0.9212254111962818,0.2413873917008082
shared_fullrank,resp__omission__b21,2,790322,237,0.1899163149200246,0.4449005478747078,0.4031215575696058,0.07408226799387523,0.9000464905103376,1.0679341958041129,-0.01158781471244435,0.7510014420765903,0.7750989834436031,0.24641685297525145
shared_fullrank,feat__change_reliability,2,790322,237,0.31978432574519544,0.5790326327643432,0.5551809619932933,0.06083234242782474,0.8247518864815069,1.235029111734875,-0.13016928476535156,0.8405864197530863,0.8375972080398466,0.261621471603343
shared_fullrank,resp__omission__b24,2,790322,237,0.4568024517677375,0.699347012160283,0.677790318015213,0.06138176742771426,0.7370193676100123,1.3457517897208864,-0.00349057113721687,0.9133151738503444,0.9177632681226678,0.24179674627383904
shared_fullrank,resp__omission__b22,2,790322,237,0.32329192995476597,0.5836633308913219,0.5965818638118194,0.06141640958730218,0.8226226778087472,1.1934680046049022,-0.013646518190775097,0.8767825668963306,0.8920118556334127,0.24382202284416374
shared_fullrank,resp__omission__b23,2,790322,237,0.3990212577617993,0.6515011041735356,0.6531310228446667,0.05842742724999353,0.7752281872056773,1.2582166992199642,-0.013109069700263756,0.8931261015862842,0.903746354385648,0.24314861558869966
shared_fullrank,resp__omission__b12,2,790322,237,0.46747822711127873,0.7079347847490532,0.6722752177463991,0.05234983274844276,0.729740894351359,1.3444557949659302,0.006625408622902897,0.8886396410831597,0.9021258295752039,0.2433565707377822
shared_fullrank,feat__omission_trial_sd,2,790322,237,0.17358343401231824,0.46174419998120286,0.5240706452072355,0.05850376578501082,0.9090745656917709,1.5721183997357147,-0.08506320835296426,0.8538695721839448,0.8369868652950723,0.2482852896342915
shared_fullrank,resp__change__b13,2,790322,237,0.32212367915080153,0.5760527000219365,0.6131082340681392,0.04667609827129724,0.823332448558417,1.1789915813749714,-0.012737544702123514,0.8734177215189873,0.8362580260829966,0.24570505192569495
shared_fullrank,feat__change_trial_sd,2,790322,237,0.104215172181508,0.35465161829247477,0.3317984563488558,0.04841008235185884,0.9464590999184762,0.9328516035575327,0.0013696533485024632,0.7050152219195642,0.7010996478674703,0.24923230628200552
shared_fullrank,resp__change__b14,2,790322,237,0.2662271216165578,0.5278194841790074,0.5509655482016879,0.041871019329376834,0.8566054391512128,1.1973595923481053,-0.008308525817207934,0.8464989585002404,0.8375607736185764,0.24687397183879278
shared_fullrank,resp__change__b20,2,790322,237,0.4344901338214696,0.6660046947130168,0.6548771407297096,0.039678934133803016,0.7520039003745461,1.0940998744685477,-0.005927897303676533,0.8924851786572665,0.8888952175519009,0.2446024178011814
shared_fullrank,resp__omission__b11,2,790322,237,0.44964526445271036,0.6894958944137305,0.6633066442625108,0.038679278545490546,0.7418589728157837,1.276033122603114,0.007588385611657079,0.9012978689312611,0.9120778663067132,0.24507108406627068
shared_fullrank,resp__change__b21,2,790322,237,0.44158329170690924,0.6956787901327502,0.6494125219278873,0.039446300149938884,0.7472728472874487,1.2426394967815677,-0.010844676682843094,0.8883191796186509,0.9027621479862423,0.2448933155746157
shared_fullrank,resp__change__b12,2,790322,237,0.211426649085791,0.46098838484230553,0.5011493548288227,0.03926950742068305,0.8880165262618759,0.9580427318905189,0.0009725949507309462,0.7867328953693319,0.7352639000980832,0.24742194386181682
shared_fullrank,resp__change__b22,2,790322,237,0.3211932717380277,0.6233491842599086,0.560586774937394,0.036087610857640125,0.8238972801642036,1.2422899476350926,-0.007029217904165171,0.8336804999198847,0.8611137939369775,0.24664604139036544
shared_fullrank,resp__change__b15,2,790322,237,0.23851961314229697,0.5270426419698527,0.5013449705134145,0.032970270304291664,0.8726284357375153,1.332602842119523,-0.008250655896531373,0.8120493510655343,0.8207105994320327,0.2478863264956905
shared_fullrank,resp__change__b11,2,790322,237,0.252140434756403,0.5151958274850199,0.42033393490414833,0.030158783602775203,0.8647887402386765,1.2594588126976525,-0.009626896008297463,0.7372215991027079,0.6945165376931836,0.2484568656880507
shared_fullrank,resp__omission__b03,2,790322,237,0.40814809564496146,0.6877274818326782,0.6440705009744726,0.030285976485789373,0.7693191173726535,1.5693079848459783,0.0031523762306351812,0.8783848742188752,0.8770525960979919,0.24696066311050674
shared_RRR_selected,feat__p95_dff,2,790322,237,0.15400968903042833,0.3977051770660038,0.40513991479449535,0.3699579850959259,0.9197773159681487,1.0304915692586043,0.003644662125560796,0.7737542060567216,0.7487710621276662,0.26536902093839326
shared_RRR_selected,feat__omission_reliability,2,790322,237,0.42537100337925404,0.6762932202491042,0.6447302122784648,0.16309409585928153,0.7580428725479489,1.2060463714918719,-0.1361734902826882,0.8896264279098487,0.903468606914666,0.2485906549015375
shared_RRR_selected,feat__mean_dff,2,790322,237,0.10327142620778018,0.370680880207478,0.3577783827540886,0.1703043796924867,0.9469575353690469,1.1774538628392803,-0.0027844660671471214,0.7272872937029322,0.7372435995572529,0.24700665301333866
shared_RRR_selected,resp__omission__b18,2,790322,237,0.42826655013786163,0.6846501395221163,0.647481605815465,0.11412773354021385,0.7561305772564275,1.345545728828811,-0.030973491047997726,0.877263259093094,0.89170998326132,0.2371260383812715
shared_RRR_selected,resp__omission__b17,2,790322,237,0.44889344403987275,0.691471305838676,0.6590094093848652,0.11043261655082363,0.7423655137195742,1.294511171749893,-0.016375300962080203,0.8985739464829354,0.9131000001281792,0.2357418070163803
shared_RRR_selected,feat__std_dff,2,790322,237,0.14531761155708156,0.3815268628114383,0.41042424264277694,0.11312648282352195,0.9244903398321251,1.0373252282325867,-0.011457093902358545,0.781765742669444,0.7578119047492236,0.2496262574908685
shared_RRR_selected,resp__omission__b16,2,790322,237,0.4497498112859736,0.6930867969697576,0.66834848077828,0.10007935179928872,0.7417885067281822,1.3174348909990996,-0.01128913007328157,0.9064252523634033,0.9203574382611103,0.23729720765551915
shared_RRR_selected,resp__omission__b15,2,790322,237,0.4605585180009888,0.7019740124953959,0.6710285058026644,0.08737451904597666,0.734466801155104,1.3358104697123956,-0.005581937121141349,0.8979330235539177,0.9074128456135585,0.23884886633822092
shared_RRR_selected,resp__omission__b19,2,790322,237,0.3387318994965237,0.6156826588868344,0.588747320425703,0.09235849180538205,0.8131839278438036,1.3358821320067453,-0.0385447042065362,0.8706937990706618,0.881539411742531,0.24151219730080337
shared_RRR_selected,resp__omission__b14,2,790322,237,0.46130484475130373,0.7022774356231748,0.6837561456678788,0.07687683151718205,0.7339585514514402,1.3405071968004116,0.0017514168863798326,0.8977727928216631,0.912943871409144,0.24028344387269338
shared_RRR_selected,feat__omission_amp,2,790322,237,0.45095790371094346,0.6954973105939369,0.6621131181500706,0.07213965921127743,0.7409737487178992,1.3394761459832174,-0.009547801599228526,0.8852747957058164,0.8941007049307496,0.2410900938419871
shared_RRR_selected,resp__omission__b20,2,790322,237,0.21365567390730023,0.4816493912526473,0.4337583993047981,0.08118068673333602,0.8867605799158531,1.2468627117223166,-0.02920988406276714,0.7596539016183305,0.7773912792618504,0.24633473904088843
shared_RRR_selected,resp__omission__b25,2,790322,237,0.46106208367140733,0.705466810154963,0.6869337737240359,0.06855295765514746,0.7341239107457218,1.3721899442889458,-0.0032643182027576757,0.9101105592052555,0.9128506937643464,0.24105193055636914
shared_RRR_selected,resp__omission__b13,2,790322,237,0.46377760843030014,0.7035391698423775,0.6686225230276621,0.06422351402296556,0.7322720748258121,1.3334304483654855,0.004162495480136873,0.9113924050632911,0.9221687543317185,0.24144508070428158
shared_RRR_selected,resp__omission__b21,2,790322,237,0.18670171693950088,0.44128076627349117,0.3979967872152079,0.07422911018305049,0.9018305179247923,1.0561387189213993,-0.0109207165303605,0.7477968274315013,0.7762949081066172,0.2464709555147726
shared_RRR_selected,feat__change_reliability,2,790322,237,0.3178514861929478,0.579815570700704,0.5599776991073092,0.06091870896921914,0.825922825575763,1.2499027858042357,-0.13924933776023257,0.8410493827160493,0.837063052593019,0.2617226105754114
shared_RRR_selected,resp__omission__b24,2,790322,237,0.4545062964475325,0.6968336423655396,0.6766238355458037,0.06151136433209443,0.7385754555578378,1.33794772937963,-0.004463319707718717,0.9097900977407467,0.9129669525607547,0.24180779616861284
shared_RRR_selected,resp__omission__b22,2,790322,237,0.3225284556444983,0.5845905748066828,0.5987336363423292,0.061451045374123874,0.8230865959031902,1.193019928390677,-0.014485519860224201,0.8785451049511296,0.8942984691091479,0.24380649485916162
shared_RRR_selected,resp__omission__b23,2,790322,237,0.403242012900375,0.6521852317965751,0.6552476386392361,0.05822189387274719,0.7725011243355085,1.2431623792949018,-0.011736558103134136,0.8929658708540298,0.9033379804946563,0.2429814004334538
shared_RRR_selected,resp__omission__b12,2,790322,237,0.4687181096207119,0.7080621438250079,0.6705363114994979,0.05228885358211171,0.7288908631470751,1.3372055733461812,0.006453542389213921,0.8883191796186508,0.9019763265673598,0.24330976271586438
shared_RRR_selected,feat__omission_trial_sd,2,790322,237,0.16221751789073557,0.43996466843304716,0.5053122729460803,0.058904700499765816,0.9153045843375114,1.4782239298124453,-0.07209726895908021,0.8436148053196603,0.8257565277430139,0.24832754509797283
shared_RRR_selected,resp__change__b13,2,790322,237,0.3142197429570679,0.5687128370840606,0.605193461207697,0.04694742779936733,0.8281185042268601,1.175625466856769,-0.01249598705783547,0.8679698766223362,0.8327932206657813,0.24580945191975279
shared_RRR_selected,feat__change_trial_sd,2,790322,237,0.11038135017221651,0.3626628415327741,0.34553752846343433,0.04824317806614016,0.9431959763632283,0.9614626891581958,-0.0023689848795775737,0.7165518346418844,0.7154006499109582,0.24920498331600477
shared_RRR_selected,resp__change__b14,2,790322,237,0.26785005700781406,0.5286005060573186,0.541627378263041,0.04182468920642611,0.8556576085048189,1.1879893188299424,-0.007979080484319064,0.8404101906745713,0.838137335273626,0.24685390218034556
shared_RRR_selected,resp__change__b20,2,790322,237,0.43391097772045595,0.6643477278040341,0.6532391974167913,0.03969924714464733,0.7523888770307174,1.0869281566762263,-0.0053176280116665085,0.8913635635314853,0.889055748051054,0.24460945787475835
shared_RRR_selected,resp__omission__b11,2,790322,237,0.4505440263387539,0.694768079586947,0.6645659765729934,0.03864768286420664,0.7412529754822211,1.2892229463085478,0.009780675790464533,0.9020990225925333,0.9130818934672157,0.24504926400667387
shared_RRR_selected,resp__change__b21,2,790322,237,0.439050545033156,0.6937467826538327,0.6505808073068318,0.039535654977132954,0.7489655899751629,1.2421916438150458,-0.010840836158625534,0.8889601025476687,0.9008893624834855,0.2449210967832715
shared_RRR_selected,resp__change__b12,2,790322,237,0.21890420261164056,0.4697076568516026,0.5103973792906993,0.039082879718490726,0.8837962420085069,0.9748777975733044,-0.00046875121403464607,0.7925012017304919,0.7513018913496088,0.2473547129247454
shared_RRR_selected,resp__change__b22,2,790322,237,0.321694027544812,0.6280511433760292,0.5662325861475249,0.03607429748438757,0.8235933295353892,1.264406187929756,-0.007101187252760034,0.8336804999198847,0.8589655297792302,0.24665578429169127
shared_RRR_selected,resp__change__b15,2,790322,237,0.23285962631296075,0.5144072458004554,0.48970268218851587,0.033092575367668645,0.8758654997698213,1.297407937919228,-0.007256609592599653,0.8093254286172087,0.8203165764855014,0.24790672012458737
shared_RRR_selected,resp__change__b11,2,790322,237,0.2502079426367674,0.512031161682392,0.4163612237428762,0.030197724075394772,0.8659053397244023,1.2566588181717457,-0.008977022144372609,0.7357795225124178,0.6898277672699876,0.2484678636972218
shared_RRR_selected,resp__omission__b03,2,790322,237,0.4127009041308668,0.690149519576176,0.6406792281383696,0.03016926447865007,0.7663544192272485,1.5686593371543551,0.0019812325044099074,0.8785451049511296,0.8800426916904017,0.24694069769750118
independent_Ridge,feat__p95_dff,3,800792,229,-0.07567618825133482,0.16300350650995488,0.10637934307955194,0.3223749774187243,1.0371481033349745,0.4226865662602989,0.3456379686250829,0.5748018215550682,0.6036924659575353,0.27756138975974165
independent_Ridge,feat__omission_reliability,3,800792,229,0.2717110365422064,0.5282420274536849,0.5498277365683686,0.1357594502646132,0.8533984787060458,0.8654729685889125,0.07221408994558973,0.8826237054085155,0.8932806511767012,0.25327825569754125
independent_Ridge,feat__mean_dff,3,800792,229,-0.09257725903032021,0.18942901319448333,0.16120132303418508,0.13324833699156982,1.0452642053712162,0.5540380288098695,0.05381791355625383,0.5827289593523359,0.5725187456175954,0.2511731175817577
independent_Ridge,resp__omission__b18,3,800792,229,0.1553205951069352,0.4620016271569296,0.4871913503142706,0.0869837731977694,0.9190644182499205,0.6628685606043255,0.010141928574872998,0.8407825940293473,0.8522054823921427,0.2406736422701402
independent_Ridge,resp__omission__b17,3,800792,229,0.196783743787333,0.4848071685487039,0.5253035284242503,0.0895176224989107,0.8962233294289247,0.7217398856949401,0.00019812008084870241,0.8502276943835385,0.8628649557470851,0.24067483154919397
independent_Ridge,feat__std_dff,3,800792,229,-0.04717377383057353,0.11612765115891786,0.04545381871234,0.1085743747176794,1.023315090199775,0.3518983284925177,0.1659505365162369,0.515769944341373,0.5657006517920831,0.25445038719842705
independent_Ridge,resp__omission__b16,3,800792,229,0.16095997419225283,0.46193276111544246,0.5045027130194959,0.08226546517690247,0.9159912804212424,0.684556864320953,-0.0027557767991703156,0.8222297183336145,0.8434548659532556,0.24235498131132296
independent_Ridge,resp__omission__b15,3,800792,229,0.15419182574538481,0.46054795852398844,0.5255593416805733,0.07290681297809244,0.9196782993278765,0.6778414248960906,-0.004961395784749054,0.8409512565356722,0.8525699932712217,0.2429433241791447
independent_Ridge,resp__omission__b19,3,800792,229,0.06175706658237423,0.36894244684535393,0.3643540215642581,0.06969202003520586,0.9686294097422531,0.5941781368114097,0.018365291655631253,0.7535840782594029,0.7369367358545877,0.24545076818679898
independent_Ridge,resp__omission__b14,3,800792,229,0.1294489182578692,0.44780520814228714,0.5053990586871584,0.0646879194423669,0.9330332693651018,0.6591404938000245,-0.007892692680936337,0.8482037443076403,0.8599098057460038,0.24378509602760487
independent_Ridge,feat__omission_amp,3,800792,229,0.1485926174790343,0.45754343308488377,0.5096909256242944,0.05805262096873537,0.9227173903861168,0.6661054298547769,0.0003404547682161084,0.8343734187890032,0.8467179460437115,0.2444478569316629
independent_Ridge,resp__omission__b20,3,800792,229,-0.01934072156761335,0.28271346224524907,0.28169935946758873,0.056664982304565854,1.0096240496182791,0.5278185409760465,0.022135697348618116,0.6684095125653567,0.6554017276830412,0.24807908714202775
independent_Ridge,resp__omission__b25,3,800792,229,0.1170032421778926,0.4896561991302129,0.4859162811147863,0.05343376913297529,0.9396790717165662,0.5981586799252622,0.0003316779935215406,0.8207117557766909,0.8276581966347507,0.2438357120362379
independent_Ridge,resp__omission__b13,3,800792,229,0.1284455309852457,0.43893275443103746,0.4976277317558183,0.055641733938588414,0.9335708162827039,0.6518599646896284,-0.006150659129660678,0.8360600438522515,0.8471504467524165,0.24492578703107087
independent_Ridge,resp__omission__b21,3,800792,229,-0.02575771333188559,0.26924312901728836,0.27937505620896746,0.05226128233770194,1.012796975376549,0.49400523428472976,0.020828135014138334,0.6667228875021083,0.6417862824650653,0.24817218949696065
independent_Ridge,feat__change_reliability,3,800792,229,0.11306868121775326,0.40016099665067695,0.4262905837811461,0.06999472779242413,0.9417703110537338,1.0652613744969357,-0.01868225730469465,0.7867575462512171,0.7951362457290617,0.26474316792517355
independent_Ridge,resp__omission__b24,3,800792,229,0.1323313979689429,0.48719239651446955,0.47401297053151203,0.0467272600660871,0.9314873064250834,0.6009647140707213,0.00567779473072126,0.8158205430932703,0.8138336732246847,0.24458637366872815
independent_Ridge,resp__omission__b22,3,800792,229,0.04332477919963029,0.37121034304107836,0.3610424390195158,0.045490401563856836,0.9780977562597563,0.5503456248183851,0.015358843395563704,0.7382357901838421,0.7377061403832393,0.2466824127160594
independent_Ridge,resp__omission__b23,3,800792,229,0.08070611301426278,0.426425641696061,0.3625433433593477,0.04356714826488074,0.9587981471538924,0.5755159447089456,0.012481563778469911,0.7250801146905043,0.7207319987457144,0.24644612601456697
independent_Ridge,resp__omission__b12,3,800792,229,0.18640571947209983,0.4683062206596271,0.5437760434882537,0.04592537674975721,0.9019946122499292,0.7311289642768396,-0.004621934153548096,0.860684769775679,0.8709101394111114,0.245563527827098
independent_Ridge,feat__omission_trial_sd,3,800792,229,0.008678780043688716,0.18242408615507727,0.13913842894686884,0.06077211338053231,0.9956511537462864,0.5556286337709607,0.0627980243518365,0.5715972339348963,0.5822824216496447,0.2504789814862989
independent_Ridge,resp__change__b13,3,800792,229,0.11505935621974905,0.3663945505975467,0.3891319336884075,0.0484857506442528,0.9407128381074912,0.7468444927312207,0.014966055156326393,0.7490301905886321,0.7263805782510013,0.24761171085835548
independent_Ridge,feat__change_trial_sd,3,800792,229,-0.0037130628109633967,0.16329730947803198,0.01684870044867247,0.05352678084098573,1.0018548112431078,0.861491893060074,0.026406564755007012,0.4882779558104233,0.5497134006222782,0.25089989035482085
independent_Ridge,resp__change__b14,3,800792,229,0.048205295358337286,0.3161957436127362,0.3551397479839718,0.049173227246922406,0.9755996641254356,0.8084564054742119,0.013931901274068377,0.7448136279305111,0.7535930460705215,0.24799576011937946
independent_Ridge,resp__change__b20,3,800792,229,0.2331159609501211,0.5135580317759852,0.5240984081620418,0.03820450870799403,0.8757191553516908,0.8225381143136772,0.007799169706119461,0.8375780064091752,0.8522145270882238,0.24624774053888887
independent_Ridge,resp__omission__b11,3,800792,229,0.13621668940944798,0.42324859513815566,0.4911794390095232,0.03565496649433667,0.9293994354369666,0.6728828016076505,-0.004091862342056365,0.82695226851071,0.8227858525404004,0.24718607189948408
independent_Ridge,resp__change__b21,3,800792,229,0.12066011256343134,0.4661511439031375,0.5022083878768501,0.03969976930311802,0.9377312447799574,0.7437182961568033,0.01129594084064759,0.8286388935739586,0.8528854746656092,0.2464467217449179
independent_Ridge,resp__change__b12,3,800792,229,0.1542213029278351,0.3929947124453733,0.435071397879548,0.04069305806281884,0.919662273376572,0.9665074198934278,0.0012739926355949723,0.7832686793725755,0.802474936984172,0.24797279773749617
independent_Ridge,resp__change__b22,3,800792,229,-0.011953891889605828,0.4329783789161481,0.4658299441407773,0.03606780265832538,1.0059591899722402,0.8749048316233586,0.013313872716141583,0.8190251307134424,0.8155385592749933,0.24783551380005464
independent_Ridge,resp__change__b15,3,800792,229,-0.026061216346424,0.31906372375183484,0.37633727379013326,0.0388165795315824,1.0129467983790776,0.9009648326780433,0.01410818516736867,0.7567886658795749,0.7594620003340293,0.24853158405723494
independent_Ridge,resp__change__b11,3,800792,229,0.01949907118341887,0.18941481205093932,0.16393832502273342,0.03710433320754699,0.9902024685974993,0.6104719712452811,0.015217258399397974,0.6132568729971327,0.617216873021866,0.24934894196024665
independent_Ridge,resp__omission__b03,3,800792,229,0.06655104792788613,0.3913182047641359,0.40119612682741607,0.02552875592103325,0.9661516196084929,0.6220881725304848,-0.00248125430301803,0.7741609040310339,0.7782491159274467,0.24817935914972986
shared_fullrank,feat__p95_dff,3,800792,229,-0.055807578602343755,0.15897473284734737,0.09964126187882848,0.3193838374968917,1.0275249771184853,0.4438922227182528,0.33391133812175855,0.5699106088716478,0.5979862712210295,0.2773697590644895
shared_fullrank,feat__omission_reliability,3,800792,229,0.2717110365422064,0.5282420274536849,0.5498277365683686,0.1357594502646132,0.8533984787060458,0.8654729685889132,0.07221408994558971,0.8826237054085155,0.8932806511767012,0.25327825569754125
shared_fullrank,feat__mean_dff,3,800792,229,-0.06850458468677201,0.17742973681950144,0.14307055849230066,0.1317722355956272,1.0336849542712576,0.5666756909231546,0.05391994284494694,0.5709225839095968,0.5572701396620192,0.25138176352091585
shared_fullrank,resp__omission__b18,3,800792,229,0.15532059510693497,0.46200162715692944,0.4871913503142706,0.08698377319776941,0.9190644182499206,0.6628685606043255,0.010141928574872977,0.8407825940293473,0.8522054823921427,0.2406736422701402
shared_fullrank,resp__omission__b17,3,800792,229,0.1967837437873331,0.484807168548704,0.5253035284242503,0.0895176224989107,0.8962233294289247,0.7217398856949397,0.0001981200808487316,0.8502276943835385,0.8628649557470851,0.24067483154919397
shared_fullrank,feat__std_dff,3,800792,229,-0.04717377383057331,0.11612765115891792,0.04545381871234,0.1085743747176794,1.023315090199775,0.35189832849251745,0.16595053651623698,0.515769944341373,0.5657006517920831,0.25445038719842705
shared_fullrank,resp__omission__b16,3,800792,229,0.16095997419225294,0.46193276111544246,0.5045027130194959,0.08226546517690247,0.9159912804212424,0.6845568643209533,-0.002755776799170289,0.8222297183336145,0.8434548659532556,0.24235498131132308
shared_fullrank,resp__omission__b15,3,800792,229,0.1541918257453846,0.4605479585239884,0.5255593416805733,0.07290681297809244,0.9196782993278765,0.6778414248960904,-0.004961395784749081,0.8409512565356722,0.8525699932712217,0.2429433241791447
shared_fullrank,resp__omission__b19,3,800792,229,0.06175706658237423,0.36894244684535393,0.3643540215642581,0.06969202003520586,0.9686294097422531,0.5941781368114101,0.018365291655631243,0.7535840782594029,0.7369367358545877,0.24545076818679898
shared_fullrank,resp__omission__b14,3,800792,229,0.1294489182578692,0.4478052081422871,0.5053990586871584,0.0646879194423669,0.9330332693651018,0.6591404938000243,-0.00789269268093633,0.8482037443076403,0.8599098057460038,0.24378509602760487
shared_fullrank,feat__omission_amp,3,800792,229,0.14859261747903452,0.45754343308488377,0.5096909256242944,0.05805262096873536,0.9227173903861167,0.6661054298547775,0.000340454768216133,0.8343734187890032,0.8467179460437115,0.2444478569316629
shared_fullrank,resp__omission__b20,3,800792,229,-0.01934072156761335,0.28271346224524907,0.28169935946758873,0.056664982304565854,1.0096240496182791,0.5278185409760465,0.022135697348618096,0.6684095125653567,0.6554017276830412,0.24807908714202775
shared_fullrank,resp__omission__b25,3,800792,229,0.13085402982960004,0.4733463181988264,0.46316888671269985,0.05301302857293388,0.9322799848599133,0.6251549807790454,0.00013880099346501545,0.8038455051442064,0.8070995307058186,0.24455898838394752
shared_fullrank,resp__omission__b13,3,800792,229,0.1284455309852457,0.43893275443103746,0.4976277317558183,0.055641733938588414,0.9335708162827039,0.6518599646896284,-0.006150659129660674,0.8360600438522515,0.8471504467524165,0.24492578703107087
shared_fullrank,resp__omission__b21,3,800792,229,-0.02575771333188559,0.2692431290172884,0.27937505620896746,0.05226128233770194,1.012796975376549,0.49400523428472953,0.020828135014138348,0.6667228875021083,0.6417862824650653,0.24817218949696065
shared_fullrank,feat__change_reliability,3,800792,229,0.11306868121775349,0.40016099665067695,0.4262905837811461,0.06999472779242413,0.9417703110537338,1.065261374496935,-0.018682257304694357,0.7867575462512171,0.7951362457290617,0.26474316792517355
shared_fullrank,resp__omission__b24,3,800792,229,0.146378792952234,0.47510369022037907,0.4529483477061746,0.046347463714719164,0.9239162337830015,0.6281858637310495,0.005321582397824698,0.8046888176758307,0.802224962089843,0.24508416389885535
shared_fullrank,resp__omission__b22,3,800792,229,0.043324779199630514,0.3712103430410785,0.3610424390195158,0.04549040156385683,0.9780977562597561,0.5503456248183853,0.015358843395563695,0.7382357901838421,0.7377061403832393,0.2466824127160594
shared_fullrank,resp__omission__b23,3,800792,229,0.08070611301426256,0.4264256416960611,0.3625433433593477,0.04356714826488075,0.9587981471538926,0.5755159447089453,0.012481563778469913,0.7250801146905043,0.7207319987457144,0.24644612601456697
shared_fullrank,resp__omission__b12,3,800792,229,0.18640571947209994,0.46830622065962696,0.5437760434882537,0.04592537674975721,0.9019946122499292,0.7311289642768395,-0.004621934153548073,0.860684769775679,0.8709101394111114,0.245563527827098
shared_fullrank,feat__omission_trial_sd,3,800792,229,0.012778086938670552,0.177576799256858,0.1304467738550858,0.06064633093187224,0.9935904151416364,0.6032050630941455,0.05696325163575854,0.5680553213020745,0.5823478943325762,0.25054716604664856
shared_fullrank,resp__change__b13,3,800792,229,0.11505935621974905,0.36639455059754666,0.3891319336884075,0.0484857506442528,0.9407128381074912,0.7468444927312207,0.014966055156326381,0.7490301905886321,0.7263805782510013,0.24761171085835548
shared_fullrank,feat__change_trial_sd,3,800792,229,0.010423705906634773,0.20117580212602418,0.09278926383739872,0.053148495903637856,0.9947744940906784,0.6718087450969713,0.04890289681542158,0.5444425704165964,0.5695123147623082,0.2505739588275672
shared_fullrank,resp__change__b14,3,800792,229,0.048205295358337175,0.3161957436127362,0.3551397479839718,0.049173227246922406,0.9755996641254356,0.8084564054742119,0.01393190127406838,0.7448136279305111,0.7535930460705215,0.24799576011937946
shared_fullrank,resp__change__b20,3,800792,229,0.22750812548838484,0.5014813145187194,0.5070048864329041,0.038343939409204233,0.8789151691213521,0.8554601797765816,0.007229923937164882,0.8262776184854107,0.8491358691006108,0.2465827294935579
shared_fullrank,resp__omission__b11,3,800792,229,0.13621668940944776,0.4232485951381556,0.4911794390095232,0.03565496649433667,0.9293994354369666,0.6728828016076506,-0.004091862342056375,0.82695226851071,0.8227858525404004,0.24718607189948408
shared_fullrank,resp__change__b21,3,800792,229,0.1159744497689077,0.4501946434731578,0.4792691335325214,0.03980540114459191,0.9402263292585952,0.7735289181840507,0.011199496988894242,0.8117726429414741,0.8451355879834995,0.24683190600662439
shared_fullrank,resp__change__b12,3,800792,229,0.15422130292783498,0.3929947124453732,0.435071397879548,0.04069305806281884,0.919662273376572,0.9665074198934275,0.0012739926355949801,0.7832686793725755,0.802474936984172,0.24797279773749617
shared_fullrank,resp__change__b22,3,800792,229,-0.01195389188960605,0.43297837891614815,0.4658299441407773,0.03606780265832539,1.0059591899722404,0.874904831623359,0.013313872716141602,0.8190251307134424,0.8155385592749933,0.2478355138000547
shared_fullrank,resp__change__b15,3,800792,229,-0.026061216346424,0.31906372375183484,0.37633727379013326,0.0388165795315824,1.0129467983790776,0.900964832678044,0.014108185167368673,0.7567886658795749,0.7594620003340293,0.24853158405723494
shared_fullrank,resp__change__b11,3,800792,229,0.01949907118341887,0.18941481205093924,0.16393832502273342,0.03710433320754699,0.9902024685974993,0.6104719712452807,0.01521725839939799,0.6132568729971327,0.617216873021866,0.24934894196024665
shared_fullrank,resp__omission__b03,3,800792,229,0.06655104792788591,0.3913182047641359,0.40119612682741607,0.025528755921033253,0.966151619608493,0.6220881725304851,-0.0024812543030180356,0.7741609040310339,0.7782491159274467,0.24817935914972986
shared_RRR_selected,feat__p95_dff,3,800792,229,-0.05536315845839579,0.16099762180145616,0.10130404804492721,0.3193166114446307,1.0273086967695717,0.4525821732345202,0.32703960438398116,0.5695732838589982,0.5973141881663441,0.27744113506984136
shared_RRR_selected,feat__omission_reliability,3,800792,229,0.25768549205442304,0.5166216541080341,0.5376719250614052,0.13706045861270527,0.86157675685082,0.8434372009732736,0.07962377494542586,0.8740752917968108,0.8782583001094808,0.2538373761449318
shared_RRR_selected,feat__mean_dff,3,800792,229,-0.07543275226083157,0.16291125204215395,0.128025541354811,0.13219874992638347,1.037030738339434,0.5104867961573346,0.06609544243928137,0.561140158542756,0.5521775973026672,0.2514873634216719
shared_RRR_selected,resp__omission__b18,3,800792,229,0.1490738242564048,0.45688415709006447,0.4797867556683621,0.08730482209716392,0.922456598298042,0.6581740535096164,0.010102940735270082,0.8380839939281498,0.8481653320343433,0.24078610694080171
shared_RRR_selected,resp__omission__b17,3,800792,229,0.18994313752263636,0.4792495680308693,0.519142026320786,0.08989800358819612,0.9000315897108075,0.7169676322410294,-7.233474668988733e-05,0.847529094282341,0.8596048137778882,0.24077048480460314
shared_RRR_selected,feat__std_dff,3,800792,229,-0.04017142111724836,0.1254967624407131,0.05648276757966686,0.10821075249594841,1.0198879453730436,0.3934867905724453,0.15389009854990243,0.526564344746163,0.5675654456673954,0.25436624970555555
shared_RRR_selected,resp__omission__b16,3,800792,229,0.15815481335356263,0.45823041723169605,0.5021354411279767,0.08240286940943276,0.9175212186355352,0.6844661275768397,-0.0027850198399261084,0.8212177432956653,0.8423511053109499,0.24243565759672284
shared_RRR_selected,resp__omission__b15,3,800792,229,0.15300380279384485,0.45969400802898186,0.5263977296573502,0.07295799749974453,0.9203239631815283,0.6777288730179575,-0.0051010051812246295,0.842131894079946,0.8538394280789292,0.24295243978005598
shared_RRR_selected,resp__omission__b19,3,800792,229,0.05265689219799652,0.36640841588201917,0.3638893607666404,0.07002918171259959,0.9733155232513265,0.5903434015319198,0.017507142817029125,0.7524034407151289,0.7316064614560305,0.24546365517523422
shared_RRR_selected,resp__omission__b14,3,800792,229,0.12756325075727526,0.4470469706195349,0.5043907947198546,0.06475794056310627,0.9340432266457076,0.6552784226544862,-0.007796003027666928,0.8476977567886659,0.8601113101444208,0.24377078554757642
shared_RRR_selected,feat__omission_amp,3,800792,229,0.14572051284089316,0.455696006672855,0.5070648426648547,0.05815045476087868,0.9242724096061218,0.6634513540498169,0.0003080091936435809,0.8342047562826783,0.8467326883169823,0.24445385545740958
shared_RRR_selected,resp__omission__b20,3,800792,229,-0.02848803452531068,0.27703272638618825,0.2797327950596066,0.056918663266044785,1.0141439910216452,0.51691290203369,0.022670959236574587,0.6685781750716816,0.6554059919833626,0.24810106834810158
shared_RRR_selected,resp__omission__b25,3,800792,229,0.15023357630116851,0.47748970663569096,0.4709552027020276,0.05241867497519289,0.9218277624908199,0.6378471456317958,0.0016282723286323577,0.8094113678529263,0.8133196384733978,0.24454477407149589
shared_RRR_selected,resp__omission__b13,3,800792,229,0.12993432268513938,0.440400055643732,0.5020704885433634,0.05559418994605587,0.9327731113807155,0.6536928859605627,-0.006212890900674718,0.8382526564344746,0.8512524411807926,0.2448997922788765
shared_RRR_selected,resp__omission__b21,3,800792,229,-0.020073474000424918,0.2760759975208472,0.2857244211725441,0.05211627814982619,1.009986868231674,0.5048661328508537,0.020147815285605827,0.6697588126159555,0.6466680786043183,0.24814292095182675
shared_RRR_selected,feat__change_reliability,3,800792,229,0.12419528361649801,0.4008836213308497,0.4323340620096892,0.06955429826597052,0.9358443868419053,1.0675714950634732,-0.021985805573607273,0.7929243752028562,0.8019296867382806,0.2648431440738945
shared_RRR_selected,resp__omission__b24,3,800792,229,0.16799528008658526,0.48794305617464956,0.46957620936716205,0.04575686591723012,0.9121429273493353,0.6485985053693863,0.005984045004998631,0.8104233428908753,0.8080103685272217,0.24500454894807336
shared_RRR_selected,resp__omission__b22,3,800792,229,0.04855861340781231,0.37428105963209257,0.36398029438509893,0.045365795142285587,0.9754185699443022,0.5555232948524994,0.015031647584690555,0.7400910777534153,0.7385700945018836,0.2466517802448211
shared_RRR_selected,resp__omission__b23,3,800792,229,0.0989926566406828,0.4375456031629653,0.37587061445145054,0.043131654016456446,0.9492140661406768,0.5939315948718183,0.012233226716414254,0.7335132400067464,0.7316173835786268,0.24636594991165747
shared_RRR_selected,resp__omission__b12,3,800792,229,0.18612861237022305,0.46823516923251646,0.5416226154906918,0.045933197087802184,0.902148207131055,0.7276566691080217,-0.004349779923905121,0.858323494687131,0.8696222923132305,0.24555485088857318
shared_RRR_selected,feat__omission_trial_sd,3,800792,229,0.015822726366615636,0.18210534474451373,0.13457476042488986,0.060552740629503526,0.992057091922327,0.6219679650355341,0.054470259293134836,0.571934558947546,0.585323915103458,0.2505266519142179
shared_RRR_selected,resp__change__b13,3,800792,229,0.11135727191960332,0.365857659225492,0.38681562459404645,0.048587063087986486,0.9426784860600123,0.7435377458919287,0.015876311795583152,0.747006240512734,0.7258405401748759,0.2476005618427293
shared_RRR_selected,feat__change_trial_sd,3,800792,229,0.007028931413480932,0.19937079846695,0.09198185324712962,0.05323958169653017,0.9964793367584291,0.6676964963335938,0.04972154547450027,0.5403946702648001,0.5657046499428251,0.2506040199791716
shared_RRR_selected,resp__change__b14,3,800792,229,0.04188436763278114,0.31328308453135356,0.3560101126177891,0.04933623828070409,0.9788338124356039,0.7945470353255313,0.014480788563814805,0.743801652892562,0.7482506352057914,0.24797849796719212
shared_RRR_selected,resp__change__b20,3,800792,229,0.2262632749972523,0.5020463743685706,0.5068030337853368,0.03837482210127543,0.8796230584760427,0.863037433504254,0.007517251964877292,0.825940293472761,0.8499023928597,0.24660637966007493
shared_RRR_selected,resp__omission__b11,3,800792,229,0.13681609280073537,0.42520691475534783,0.49707213733974204,0.03564259335835208,0.9290769113476369,0.6697032965519931,-0.0035633940589481056,0.825771630966436,0.8304893354449838,0.24714341113818333
shared_RRR_selected,resp__change__b21,3,800792,229,0.10715926434658796,0.45028805527738375,0.47446564008273967,0.04000337143169495,0.9449025006070267,0.7736973869976198,0.011737828765195168,0.8058694552201046,0.8411020998613195,0.2468556220446947
shared_RRR_selected,resp__change__b12,3,800792,229,0.15734487569740763,0.3967024901217376,0.4416455987129396,0.04061784612963617,0.9179624852370559,0.9881242529806747,0.0006455620441343612,0.7896778546129195,0.8074476779554262,0.24798487614531833
shared_RRR_selected,resp__change__b22,3,800792,229,0.002281169819279838,0.4324734432853949,0.46794739839916877,0.03581322297992225,0.9988587638804197,0.8696724373642225,0.012666717275689536,0.8200371057513915,0.8164351941808923,0.24782223938717968
shared_RRR_selected,resp__change__b15,3,800792,229,-0.031097487644012434,0.3268173592485341,0.385497586761664,0.03891172567132943,1.015429705909775,0.9342204020733432,0.014479271519983955,0.7633665036262439,0.7719183980913975,0.24851812569797319
shared_RRR_selected,resp__change__b11,3,800792,229,0.016502314016571207,0.18535137324203838,0.15796168796778357,0.037160991922373154,0.9917145183889511,0.5957525100184603,0.015800084735071374,0.608534322820037,0.6119955117873297,0.24935915220681862
shared_RRR_selected,resp__omission__b03,3,800792,229,0.0577800816919134,0.3831932573064761,0.39307905229182705,0.025648413416358314,0.9706801318189667,0.60989257939245,-0.0023625465915810846,0.7709563164108619,0.7689508887292025,0.24820884535309695
independent_Ridge,feat__p95_dff,4,800995,190,-0.2825901640533992,0.33918497802230974,0.2676140613313388,0.2796527082070742,1.1325149729930282,0.6572066923353914,0.09121661385558538,0.67431640625,0.7024118919397506,0.2710801343566096
independent_Ridge,feat__omission_reliability,4,800995,190,0.2894956904173255,0.5509579086308133,0.48644754537627327,0.13979044580192235,0.8429141768784497,0.8805414700315415,0.047124009151925245,0.796831955922865,0.8106352351517687,0.25354769425100326
independent_Ridge,feat__mean_dff,4,800995,190,-0.10080565361887839,0.31488499385368474,0.2553530422915929,0.10233635148668647,1.0491928581623486,0.6783225292625585,0.018938031888140038,0.656494140625,0.67699773280616,0.249103342325915
independent_Ridge,resp__omission__b18,4,800995,190,0.18710354227934478,0.5477497153338768,0.4366054752938192,0.08811796232023991,0.9016077072211922,0.7046275384224482,-0.004996147342436013,0.753662109375,0.7690238824482766,0.24111615977517933
independent_Ridge,resp__omission__b17,4,800995,190,0.23834712472691266,0.576407987062555,0.503773395093318,0.08505747851963368,0.8727272628221758,0.7254109586899825,-0.010773592555527527,0.77978515625,0.7993906202031877,0.24040911283908584
independent_Ridge,feat__std_dff,4,800995,190,-0.24781836384954836,0.26708900943257213,0.20769637881789996,0.09733927460062651,1.1170579053252112,0.8445316913667267,-0.005852858698848749,0.606689453125,0.6101174529284557,0.2535034741846323
independent_Ridge,resp__omission__b16,4,800995,190,0.23685291164527666,0.572087616929142,0.49883609547428787,0.07657734824912955,0.8735829029661257,0.7188476932613034,-0.009942185987082533,0.798583984375,0.8183300872860009,0.24075989245124355
independent_Ridge,resp__omission__b15,4,800995,190,0.27142718137781396,0.5853869911565862,0.5135815104952609,0.06709227900068232,0.8535647711932505,0.7438648932555717,-0.009174758436131667,0.7861328125,0.8001348540902662,0.2419440971957775
independent_Ridge,resp__omission__b19,4,800995,190,0.06020004551219482,0.4817219708993355,0.3683965585866937,0.07291603772689628,0.9694328003981529,0.7802939394474646,-0.010851744607951148,0.726318359375,0.7453621052098486,0.24509217035598385
independent_Ridge,resp__omission__b14,4,800995,190,0.3154083572348694,0.5917896101440944,0.5404777213539959,0.056952281827818016,0.8274005334571223,0.8115546136269528,-0.007561328221187702,0.817626953125,0.8324125125544752,0.24294364437642224
independent_Ridge,feat__omission_amp,4,800995,190,0.22049398559492528,0.5835494284521279,0.5004177109440268,0.05541107428287726,0.8828963780677065,0.7304468441868948,-0.00939213278350454,0.7900390625,0.8001645644683334,0.24351651545551573
independent_Ridge,resp__omission__b20,4,800995,190,-0.11296546650967199,0.37843649827416737,0.2650701798125331,0.06813005534422868,1.0549717846983737,0.8215225684077015,-0.016176613049639976,0.666259765625,0.7267700595151844,0.24816394403721956
independent_Ridge,resp__omission__b25,4,800995,190,0.20888311896268275,0.5442389321806415,0.45649638931534775,0.05475291198530033,0.8894475144927424,0.6622483162194803,1.3360476712287334e-05,0.75390625,0.7376505808795235,0.2438012875711335
independent_Ridge,resp__omission__b13,4,800995,190,0.3068294318892012,0.6079395166202916,0.5714154496188115,0.04917554186309221,0.8325686566949291,0.7692295496282688,-0.009408256801085329,0.877197265625,0.8746751043240959,0.24250102944409033
independent_Ridge,resp__omission__b21,4,800995,190,-0.19679642651507923,0.37968365051856406,0.2794306884138794,0.06482236309214776,1.0939819132486055,0.8212745516402251,-0.020942403697465042,0.661376953125,0.7186181437783523,0.24804316229928264
independent_Ridge,feat__change_reliability,4,800995,190,0.24832045390896595,0.5045123978324589,0.5216180169790321,0.0540417378028983,0.8669945479015622,1.1303361897077286,-0.07507214520104062,0.812744140625,0.7793534386776977,0.2647349486541516
independent_Ridge,resp__omission__b24,4,800995,190,0.112567052558885,0.528806519799018,0.44003114242849706,0.05023954259615894,0.9420365955954763,0.6241813363165056,-0.005665054710016802,0.759521484375,0.7617320347753176,0.24447829211283362
independent_Ridge,resp__omission__b22,4,800995,190,-0.03515150295878855,0.48471789962045403,0.38192077051266915,0.05226348628470406,1.0174239543861685,0.778986197214649,-0.01617961295476541,0.708251953125,0.7399135184532462,0.24679709057246013
independent_Ridge,resp__omission__b23,4,800995,190,0.03209995834018642,0.5235939241844779,0.4087469983860174,0.04852597887528435,0.9838191102330822,0.6451639523123389,-0.007552677477666,0.731201171875,0.7324079289348391,0.2454952461493879
independent_Ridge,resp__omission__b12,4,800995,190,0.3042090934567444,0.5929478271441772,0.5595795772152896,0.04018624619293738,0.8341408193723979,0.7958633754493095,-0.008660826358815061,0.860595703125,0.8654631958151513,0.24448005137828727
independent_Ridge,feat__omission_trial_sd,4,800995,190,0.002945657190838946,0.35742965064884596,0.23438264072047488,0.058114994307647064,0.99852608519215,0.9712530748272312,-0.01655548335338366,0.634033203125,0.6934761855607412,0.24970509610674213
independent_Ridge,resp__change__b13,4,800995,190,0.09788341837652381,0.4967540012966919,0.4708341534464434,0.04172990802006535,0.9497981794168044,0.8235791358859946,-0.0054573412670561984,0.8125,0.7729220155103547,0.24682920364988567
independent_Ridge,feat__change_trial_sd,4,800995,190,0.008388064907431714,0.3207649034768911,0.2561998364147717,0.04680093507456265,0.995797135511329,1.1789137421334515,-0.037466834998845434,0.64453125,0.6936590947929495,0.25009773220967907
independent_Ridge,resp__change__b14,4,800995,190,-0.02734012770151084,0.4223430812696791,0.4137805246099543,0.03736986088974583,1.0135778843786554,0.7998614255815606,-0.010321234013170014,0.76708984375,0.7600887306116879,0.24786980392195657
independent_Ridge,resp__change__b20,4,800995,190,0.3338900487634313,0.5974994386830085,0.5685164044491684,0.032407557592756576,0.8161555925413785,0.8150409709435479,0.0006195193263644178,0.87060546875,0.8673103521021541,0.24554085824387073
independent_Ridge,resp__omission__b11,4,800995,190,0.28340936082570967,0.5670225228625749,0.5593363863410709,0.03223712859799974,0.8465167683952223,0.8021389190672221,-0.00755239827469317,0.849853515625,0.8506271318895058,0.2459902038721571
independent_Ridge,resp__change__b21,4,800995,190,0.23197319290913998,0.5575854360479756,0.5624436308922395,0.03333135121798435,0.8763713865085166,0.7739217928320752,-0.00658624675358719,0.861572265625,0.8669243562605765,0.24593404347381564
independent_Ridge,resp__change__b12,4,800995,190,0.15352869439830286,0.4596211008625862,0.46617678576896004,0.034173501880765754,0.92003875222824,0.9117774113545263,-0.0036737478005589488,0.80615234375,0.768605647621819,0.2476970592472495
independent_Ridge,resp__change__b22,4,800995,190,0.19100985400953463,0.4678800648877777,0.4223114505285903,0.027387311817833774,0.8994387950219099,0.7701535934780785,-0.0058821382931281046,0.7578125,0.758211750764866,0.24809184136838502
independent_Ridge,resp__change__b15,4,800995,190,0.11110956643268244,0.42683962133434084,0.41456083489701573,0.025424663755293446,0.9428098607711511,0.9387074017851426,-0.006412597881929003,0.75927734375,0.7531379186261618,0.2486531111465973
independent_Ridge,resp__change__b11,4,800995,190,0.21309369615060803,0.46705941388924244,0.3722753655517503,0.02665614230804676,0.8870773945092908,1.1759974005490514,-0.0074134533131396665,0.728271484375,0.7348383257659905,0.2487737500708445
independent_Ridge,resp__omission__b03,4,800995,190,0.10951057568597711,0.4888925302571364,0.38595354004557647,0.02534585604646668,0.9436574719218953,0.7276067336297137,0.00868362236804839,0.704833984375,0.6925293787179161,0.2481865691324861
shared_fullrank,feat__p95_dff,4,800995,190,-0.28259016405339943,0.3391849780223096,0.2676140613313388,0.2796527082070742,1.1325149729930282,0.6572066923353914,0.09121661385558523,0.67431640625,0.7024118919397506,0.27108013435660966
shared_fullrank,feat__omission_reliability,4,800995,190,0.28949569041732537,0.5509579086308132,0.48644754537627327,0.13979044580192238,0.8429141768784498,0.8805414700315408,0.047124009151925446,0.796831955922865,0.8106352351517687,0.25354769425100326
shared_fullrank,feat__mean_dff,4,800995,190,-0.10080565361887839,0.3148849938536848,0.2553530422915929,0.10233635148668647,1.0491928581623486,0.6783225292625583,0.018938031888140094,0.656494140625,0.67699773280616,0.249103342325915
shared_fullrank,resp__omission__b18,4,800995,190,0.23116083495672934,0.547130569384835,0.44244555542433756,0.08569679490439037,0.8768347421511482,0.7685312484418059,-0.0058892273177933215,0.761962890625,0.7786480238234336,0.24180128160331893
shared_fullrank,resp__omission__b17,4,800995,190,0.2799930685226161,0.5754092091258115,0.5049263647775635,0.08269938880769079,0.848532221826245,0.7931233720492877,-0.009723324111699608,0.778564453125,0.8019223675178465,0.24124890358991302
shared_fullrank,feat__std_dff,4,800995,190,-0.27645672556455825,0.29745070561758014,0.24877464166524518,0.09844994254684793,1.1298038438439473,0.6366146222433626,0.05096524943677166,0.6318359375,0.6472844397635373,0.25266764561541255
shared_fullrank,resp__omission__b16,4,800995,190,0.2737403062087893,0.5683892070601668,0.4964654218443142,0.0747037096559967,0.8522087149232932,0.7813229520211828,-0.00850057697568684,0.7958984375,0.8215716091823702,0.24156764535349406
shared_fullrank,resp__omission__b15,4,800995,190,0.30370729323296897,0.5827027674174164,0.5155287870636451,0.06558914733724891,0.8344415538352766,0.8090367585734994,-0.00748343621541568,0.783203125,0.7958886411338453,0.24268110801105522
shared_fullrank,resp__omission__b19,4,800995,190,0.06020004551219438,0.48172197089933555,0.3683965585866937,0.07291603772689631,0.9694328003981534,0.7802939394474651,-0.0108517446079512,0.726318359375,0.7453621052098486,0.24509217035598385
shared_fullrank,resp__omission__b14,4,800995,190,0.3154083572348695,0.5917896101440944,0.5404777213539959,0.05695228182781801,0.8274005334571222,0.8115546136269524,-0.007561328221187701,0.817626953125,0.8324125125544752,0.24294364437642224
shared_fullrank,feat__omission_amp,4,800995,190,0.2644203251370554,0.5807182113625061,0.4998840906804534,0.053827188357035816,0.8576594165885107,0.795544575832995,-0.008910951287951985,0.785888671875,0.79941633584609,0.2441253728662967
shared_fullrank,resp__omission__b20,4,800995,190,-0.11296546650967176,0.3784364982741674,0.2650701798125331,0.06813005534422868,1.0549717846983737,0.8215225684077014,-0.01617661304963997,0.666259765625,0.7267700595151844,0.24816394403721959
shared_fullrank,resp__omission__b25,4,800995,190,0.2405939949768312,0.5388510480985716,0.4542131944171074,0.053644340362218275,0.8714390426318808,0.7160991133670822,0.00065142725905345,0.751953125,0.7334891839919859,0.24439705587144714
shared_fullrank,resp__omission__b13,4,800995,190,0.33044863620803844,0.6013739815933626,0.562067472345786,0.048330473098671174,0.8182611831145125,0.8301143929465816,-0.007394121151430128,0.8701171875,0.8660424899593067,0.24322557966856115
shared_fullrank,resp__omission__b21,4,800995,190,-0.196796426515079,0.37968365051856406,0.2794306884138794,0.06482236309214774,1.0939819132486053,0.8212745516402253,-0.020942403697465042,0.661376953125,0.7186181437783523,0.24804316229928264
shared_fullrank,feat__change_reliability,4,800995,190,0.24832045390896607,0.5045123978324589,0.5216180169790321,0.054041737802898296,0.866994547901562,1.130336189707729,-0.07507214520104082,0.812744140625,0.7793534386776977,0.26473494865415154
shared_fullrank,resp__omission__b24,4,800995,190,0.1633713671792999,0.5257484148150757,0.44098641017902523,0.04878027724771968,0.9146740582418964,0.6732253798621555,-0.005366457297208933,0.76025390625,0.7655929758624408,0.24486653778207543
shared_fullrank,resp__omission__b22,4,800995,190,-0.03515150295878855,0.4847178996204539,0.38192077051266915,0.05226348628470406,1.0174239543861685,0.778986197214649,-0.01617961295476541,0.708251953125,0.7399135184532462,0.24679709057246013
shared_fullrank,resp__omission__b23,4,800995,190,0.09493179436741161,0.5241167598942428,0.4181649586444296,0.046924505529389676,0.9513507269312346,0.7022372912213846,-0.00819248833122028,0.73583984375,0.7429845882360053,0.24583047332155433
shared_fullrank,resp__omission__b12,4,800995,190,0.30420909345674474,0.592947827144177,0.5595795772152896,0.04018624619293738,0.8341408193723979,0.7958633754493096,-0.008660826358815042,0.860595703125,0.8654631958151513,0.2444800513782873
shared_fullrank,feat__omission_trial_sd,4,800995,190,0.002945657190838946,0.3574296506488459,0.23438264072047488,0.058114994307647064,0.99852608519215,0.9712530748272312,-0.01655548335338366,0.634033203125,0.6934761855607412,0.24970509610674213
shared_fullrank,resp__change__b13,4,800995,190,0.09788341837652348,0.4967540012966918,0.4708341534464434,0.041729908020065355,0.9497981794168046,0.8235791358859939,-0.005457341267056182,0.8125,0.7729220155103547,0.2468292036498857
shared_fullrank,feat__change_trial_sd,4,800995,190,-0.029191087869127275,0.3306385893056672,0.2745406273099853,0.047679497102386066,1.0144905558304262,0.7273733348477677,0.019467753845006146,0.647705078125,0.6925734203100039,0.24953331073252616
shared_fullrank,resp__change__b14,4,800995,190,-0.02734012770151084,0.422343081269679,0.4137805246099543,0.03736986088974583,1.0135778843786554,0.7998614255815606,-0.010321234013170017,0.76708984375,0.7600887306116879,0.24786980392195657
shared_fullrank,resp__change__b20,4,800995,190,0.333890048763431,0.5974994386830085,0.5685164044491684,0.03240755759275658,0.8161555925413787,0.8150409709435474,0.0006195193263644101,0.87060546875,0.8673103521021541,0.24554085824387073
shared_fullrank,resp__omission__b11,4,800995,190,0.28340936082570967,0.5670225228625749,0.5593363863410709,0.03223712859799974,0.8465167683952223,0.8021389190672218,-0.007552398274693162,0.849853515625,0.8506271318895058,0.2459902038721571
shared_fullrank,resp__change__b21,4,800995,190,0.23197319290913998,0.5575854360479756,0.5624436308922395,0.03333135121798435,0.8763713865085166,0.7739217928320753,-0.00658624675358719,0.861572265625,0.8669243562605765,0.24593404347381564
shared_fullrank,resp__change__b12,4,800995,190,0.15352869439830263,0.4596211008625859,0.46617678576896004,0.03417350188076576,0.9200387522282402,0.9117774113545261,-0.0036737478005589483,0.80615234375,0.768605647621819,0.2476970592472495
shared_fullrank,resp__change__b22,4,800995,190,0.1910098540095343,0.4678800648877778,0.4223114505285903,0.02738731181783378,0.8994387950219102,0.7701535934780784,-0.005882138293128114,0.7578125,0.758211750764866,0.24809184136838502
shared_fullrank,resp__change__b15,4,800995,190,0.11110956643268244,0.4268396213343408,0.41456083489701573,0.02542466375529345,0.9428098607711513,0.9387074017851426,-0.006412597881929003,0.75927734375,0.7531379186261618,0.2486531111465973
shared_fullrank,resp__change__b11,4,800995,190,0.21309369615060803,0.46705941388924244,0.3722753655517503,0.02665614230804676,0.8870773945092908,1.175997400549051,-0.007413453313139646,0.728271484375,0.7348383257659905,0.2487737500708445
shared_fullrank,resp__omission__b03,4,800995,190,0.10951057568597711,0.4888925302571365,0.38595354004557647,0.02534585604646668,0.9436574719218953,0.7276067336297132,0.008683622368048385,0.704833984375,0.6925293787179161,0.2481865691324861
shared_RRR_selected,feat__p95_dff,4,800995,190,-0.2831359567430698,0.33901268002586576,0.2679587275343682,0.27971220350562737,1.1327559122525337,0.656983129131811,0.09132016891493801,0.6748046875,0.7036774439701898,0.2710982983008202
shared_RRR_selected,feat__omission_reliability,4,800995,190,0.2888688556456652,0.5507983343247894,0.4868648671183692,0.13985209651455538,0.8432859208799437,0.8789699133868063,0.04772028909662192,0.796831955922865,0.810756833890472,0.2535573109999528
shared_RRR_selected,feat__mean_dff,4,800995,190,-0.10311334734193456,0.31365322352992053,0.2515774602299816,0.10244356265274832,1.0502920295527023,0.6732365165691024,0.01983640850243587,0.65380859375,0.6742045895510831,0.2491249017788453
shared_RRR_selected,resp__omission__b18,4,800995,190,0.23502035549068123,0.5487915038591358,0.4424805469170308,0.08548142822978032,0.874631147689881,0.7707904856287945,-0.005740287882544624,0.760986328125,0.7780782561248563,0.2417712764885782
shared_RRR_selected,resp__omission__b17,4,800995,190,0.2768797665928975,0.5740777880464417,0.5034497237859047,0.08287799156362165,0.8503647649139178,0.7934443425479819,-0.010133582743642186,0.778076171875,0.800798145647679,0.2413060936564786
shared_RRR_selected,feat__std_dff,4,800995,190,-0.27379259136182377,0.2986752632956209,0.2511750580640082,0.09834714985038177,1.1286242028956421,0.6419124666806205,0.04952754220728059,0.633544921875,0.6480886791058751,0.25264513897047397
shared_RRR_selected,resp__omission__b16,4,800995,190,0.2746290485167514,0.568530640147798,0.4962799669330395,0.07465798725680829,0.8516871206512685,0.7837000438087667,-0.00854631159217104,0.7958984375,0.8209982753390991,0.24159448738692607
shared_RRR_selected,resp__omission__b15,4,800995,190,0.3080662149710184,0.5842407208423935,0.5170911572124028,0.06538352489789309,0.8318255736805533,0.8101317759404612,-0.006890274161906993,0.78466796875,0.7978471949341854,0.24263590889290937
shared_RRR_selected,resp__omission__b19,4,800995,190,0.05993482387463256,0.4819498828093596,0.36931508526989376,0.07292632584545734,0.9695695829208791,0.7803726016527966,-0.010894665117605928,0.7275390625,0.7465858925074953,0.2450792154796405
shared_RRR_selected,resp__omission__b14,4,800995,190,0.314785204787707,0.5913730664080706,0.5398023855450145,0.056978196460008484,0.8277770202248266,0.8107372740293607,-0.007546402643307267,0.817138671875,0.8321208563695637,0.24294460055376088
shared_RRR_selected,feat__omission_amp,4,800995,190,0.2648122970238177,0.5807339721918303,0.4998998368521654,0.05381284486930968,0.857430873584677,0.7956718930271658,-0.008876360000653635,0.785888671875,0.7996451414831773,0.2441244125887253
shared_RRR_selected,resp__omission__b20,4,800995,190,-0.11510385754827879,0.3790717311593147,0.2655040743219305,0.06819547461902184,1.0559847809264482,0.8205846874935865,-0.016224956030226362,0.66552734375,0.7267687472451747,0.24815139626072963
shared_RRR_selected,resp__omission__b25,4,800995,190,0.24176907689547522,0.5391621156450467,0.45510547748078756,0.05360282047821895,0.8707645623844167,0.7183267170279549,0.0005809863461684846,0.75341796875,0.735371144224997,0.244399607000187
shared_RRR_selected,resp__omission__b13,4,800995,190,0.3331954456123537,0.601968208534628,0.5629370109392154,0.048231234234855036,0.816581015201582,0.8311023822770544,-0.00702531027104369,0.871337890625,0.8678073754116287,0.24321275532124648
shared_RRR_selected,resp__omission__b21,4,800995,190,-0.2009775557062794,0.37747321508360865,0.2789513049639807,0.06493549610412362,1.095891215270147,0.8190834591583049,-0.020879121348129182,0.6611328125,0.7178451474622557,0.2480666637178119
shared_RRR_selected,feat__change_reliability,4,800995,190,0.24821027279726726,0.5043153799777687,0.5221097231615487,0.05404569837399416,0.8670580875597279,1.1297368299878088,-0.07470325660809386,0.813232421875,0.7803816635074633,0.26473431195542024
shared_RRR_selected,resp__omission__b24,4,800995,190,0.16169233832294205,0.5261952172988636,0.4401186211602304,0.048829201249415116,0.91559142726276,0.6717291060333628,-0.005430788965467594,0.759521484375,0.7623083236713961,0.2448503740929722
shared_RRR_selected,resp__omission__b22,4,800995,190,-0.03581114004588004,0.48508863406829705,0.38162159325014106,0.05228013575259686,1.0177480729757638,0.7769639415744395,-0.016113636071733592,0.70751953125,0.7382872131124268,0.2467862018401031
shared_RRR_selected,resp__omission__b23,4,800995,190,0.09466706388506174,0.5227320863923477,0.41582927650714924,0.04693136768555701,0.9514898507682246,0.7018341219233443,-0.008125954202574014,0.735595703125,0.7432792139081768,0.24585468379845832
shared_RRR_selected,resp__omission__b12,4,800995,190,0.30236997534776855,0.5920024619526949,0.5598542604329324,0.04023932139041452,0.8352424945201432,0.7938728463410979,-0.008699416083825627,0.861083984375,0.8655890355449467,0.24448758133126955
shared_RRR_selected,feat__omission_trial_sd,4,800995,190,0.001392541964720495,0.3572909034261203,0.23094122741408493,0.05816023966524511,0.9993034864520784,0.9671857090028381,-0.016102760697066638,0.633544921875,0.6924629386246726,0.24970918440868733
shared_RRR_selected,resp__change__b13,4,800995,190,0.09865083635049954,0.4967862159470805,0.47011157912232593,0.041712154718734865,0.9493941034415058,0.8244679750964937,-0.005482666073260501,0.8125,0.7728919344980165,0.24683586000565266
shared_RRR_selected,feat__change_trial_sd,4,800995,190,-0.02826650977298928,0.33017586662898757,0.27304299142271043,0.04765807575300996,1.0140347675365915,0.7274650913799413,0.01951293812171863,0.647705078125,0.692884639281335,0.2495313182191125
shared_RRR_selected,resp__change__b14,4,800995,190,-0.024464231335785236,0.42254325670416737,0.4134463558547329,0.037317518358379466,1.0121582046971636,0.7988736090314548,-0.01019620402124257,0.766357421875,0.7593544012890778,0.2478661201110271
shared_RRR_selected,resp__change__b20,4,800995,190,0.333245016032397,0.5971623068906726,0.5675488896761975,0.03242324485066966,0.8165506622173562,0.8149870169219793,0.0005624696942529639,0.869873046875,0.8664098572890757,0.24554395813471463
shared_RRR_selected,resp__omission__b11,4,800995,190,0.28234141598448537,0.567586619475075,0.5605313458165485,0.03226114137176172,0.8471473213175585,0.8034677991313005,-0.007754954379368386,0.84814453125,0.8489464650292374,0.24599033716041502
shared_RRR_selected,resp__change__b21,4,800995,190,0.2323515421009028,0.5579286192021669,0.5632029462836848,0.033323140278489954,0.8761554986982032,0.7748222658979235,-0.00661039109342305,0.862060546875,0.8672391745886743,0.245936115187198
shared_RRR_selected,resp__change__b12,4,800995,190,0.15470893878902592,0.4608799099006121,0.4665774383602987,0.034149669322788644,0.9193971183394986,0.9137181283095633,-0.0037903215270734536,0.806396484375,0.7687418349159144,0.24768837611645078
shared_RRR_selected,resp__change__b22,4,800995,190,0.19203375463026418,0.4685792058225771,0.4225458935296356,0.027369974916913925,0.8988694262070193,0.7699808903344655,-0.00582406242962044,0.7587890625,0.757889137877456,0.24808480591273233
shared_RRR_selected,resp__change__b15,4,800995,190,0.10773644155461126,0.42567571235159174,0.4137892724831276,0.025472858311356,0.9445970349547942,0.9361166342466813,-0.0064906654504423445,0.759521484375,0.7531473302727805,0.24865240060745855
shared_RRR_selected,resp__change__b11,4,800995,190,0.21185086421967603,0.4654367970341513,0.37054678581269934,0.026677184225000303,0.8877776387025774,1.1706583598758613,-0.007216207083277878,0.72705078125,0.7356466159209569,0.24877522022905846
shared_RRR_selected,resp__omission__b03,4,800995,190,0.10938629627324004,0.4890269177263784,0.38739693911917666,0.025347624657143943,0.9437233194780978,0.7292980777154404,0.008706789414772896,0.70556640625,0.6935676328641899,0.24818838117507686
independent_Ridge,feat__p95_dff,5,804363,267,0.0867303890756449,0.3904620635055226,0.4334234042258085,0.3196873221099882,0.9556514065936152,0.8818094215511756,0.15379897799873024,0.7914404746875394,0.7429379509753293,0.25533726106486027
independent_Ridge,feat__omission_reliability,5,804363,267,0.28646398303168097,0.5553246387857721,0.5080530071054492,0.1702192762977483,0.8447106113742854,1.1287849569490083,-0.03594854361902045,0.813912384799899,0.7807877313788917,0.25091595448831056
independent_Ridge,feat__mean_dff,5,804363,267,0.08850257354698599,0.32887830900150977,0.4193573401893128,0.13455344446256848,0.9547237435263742,0.8872617643868487,0.03624322866389125,0.7634137103901022,0.6922060366657579,0.24574736988100365
independent_Ridge,resp__omission__b18,5,804363,267,0.24222777197218825,0.5302380917490581,0.509105650256784,0.11762404012985649,0.8705011361438948,1.0011065650567301,0.02663225925970308,0.8395404620628708,0.8371644927586526,0.23930750057537442
independent_Ridge,resp__omission__b17,5,804363,267,0.2756695142509845,0.5467236635710072,0.5339329373240245,0.11331388003148106,0.8510760751830682,1.0022496191652388,0.02029713110379658,0.8298194672389848,0.8312076928872696,0.23936170291288544
independent_Ridge,feat__std_dff,5,804363,267,0.08378249477933686,0.3147799662758775,0.3545914089264751,0.105657684655777,0.9571925121001853,1.1367589887982643,-0.023043034308030164,0.7695997980053022,0.7201520592019137,0.2510486757915934
independent_Ridge,resp__omission__b16,5,804363,267,0.27084627412042805,0.5395527761093313,0.5247005657696144,0.10402358826025322,0.8539049864473048,1.0191028820341874,0.017428857799398484,0.8102512309051887,0.8147468708577839,0.24094654717848624
independent_Ridge,resp__omission__b15,5,804363,267,0.2892299722524059,0.5470545885239302,0.535070276731574,0.0913583285426726,0.8430717808986338,1.1340652881254247,0.009042661350080526,0.8432016159575811,0.8227793249203015,0.2419207926847637
independent_Ridge,resp__omission__b19,5,804363,267,0.08615282852916395,0.439505988847431,0.4219321152117254,0.09934417284624755,0.9559535404353269,0.9573115941161674,0.03596841569809834,0.7795732862012371,0.7725185083962407,0.24434588462550164
independent_Ridge,resp__omission__b14,5,804363,267,0.28833420610675453,0.5482876549439654,0.5308519075653245,0.08140214210289479,0.8436028650338058,1.1644612388287159,0.00945748551808777,0.8267895467743972,0.8219348973363714,0.24336838212821452
independent_Ridge,feat__omission_amp,5,804363,267,0.25723988279276344,0.5370324945165919,0.5197546524368947,0.07587821383520348,0.8618353190762355,1.0260539644968665,0.015449582904990225,0.8217396793334175,0.8248050726269465,0.2433494859599865
independent_Ridge,resp__omission__b20,5,804363,267,-0.07280150512311678,0.3409830665620022,0.3300629571581141,0.08347175958478724,1.0357613166763455,0.8026786644330786,0.04632215264759374,0.7100113622017421,0.6532302314414964,0.24730635927619604
independent_Ridge,resp__omission__b25,5,804363,267,0.32859587974772153,0.5869631529081433,0.5318499165909071,0.06796787378739055,0.8193925312402344,1.0963663087780264,0.009748255369417933,0.8334806211336953,0.7942352135375024,0.24356923038581182
independent_Ridge,resp__omission__b13,5,804363,267,0.28842645151861235,0.5482468842163688,0.5488381359234074,0.06893356568309776,0.8435481897801618,1.1643854115216057,0.008857888078326616,0.8491352102007321,0.8286450816570428,0.24408652308122764
independent_Ridge,resp__omission__b21,5,804363,267,0.025390993195420264,0.3985201000580114,0.41734808259958966,0.07246662771379696,0.9872228759528315,1.0461833447490785,0.024313813342239463,0.7684635778310819,0.7068473467742629,0.24697692528633505
independent_Ridge,feat__change_reliability,5,804363,267,0.036681546055513436,0.5073717010900319,0.5078464557092484,0.05893169178591971,0.9814878776350152,0.9245188246246278,0.013833565733966281,0.8177278401997502,0.8281670958223388,0.26352630478773076
independent_Ridge,resp__omission__b24,5,804363,267,0.34457492342295004,0.6006518704183693,0.5764205079191355,0.058343592138969724,0.8095832734049352,1.0991556869411552,0.008163487654132651,0.8644110592096957,0.8330272120123665,0.24379416304360582
independent_Ridge,resp__omission__b22,5,804363,267,0.1755964485454239,0.5060223864831654,0.523300326953557,0.06311357866225367,0.9079667127458892,1.1008863577700563,0.017026733583124162,0.835753061482136,0.811227261226552,0.24538075277727325
independent_Ridge,resp__omission__b23,5,804363,267,0.30289821490160707,0.5749167274082124,0.5543426316924291,0.058590312051438914,0.8349262153618086,1.160884146730275,0.007946012877073489,0.8257795732862012,0.7816148178001374,0.2449741275682091
independent_Ridge,resp__omission__b12,5,804363,267,0.31297985658278815,0.569815727895824,0.5563001920363546,0.05606785464406761,0.8288667826721081,1.2243186841798155,0.0058739277321075214,0.8613811387451079,0.8451414138448683,0.24500351101690623
independent_Ridge,feat__omission_trial_sd,5,804363,267,-0.0468948381493417,0.27634643230262246,0.34459366595257224,0.052137051938348215,1.0231787909008578,0.6302426651104883,0.05935775757245665,0.737659386441106,0.7136434304373227,0.2486075717208984
independent_Ridge,resp__change__b13,5,804363,267,0.32640059605059457,0.5797458718575942,0.6390296553054614,0.04285654117965419,0.8207310180256413,1.204338723724105,-0.012078514187360242,0.9300593359424315,0.9174014165589233,0.245739112304516
independent_Ridge,feat__change_trial_sd,5,804363,267,0.07997291288823616,0.39793287334898897,0.3143583426115179,0.046935416471865055,0.9591804246917073,1.8433614843177155,-0.09293045046392927,0.6906956192399949,0.7485330180850628,0.24987770481726893
independent_Ridge,resp__change__b14,5,804363,267,0.21439856804079427,0.47658286974354913,0.47635481458971934,0.039231334452320674,0.8863416000387242,1.0551234274860328,-0.006582468219460825,0.8386567352606995,0.8313324093805299,0.24725510769530198
independent_Ridge,resp__change__b20,5,804363,267,0.48159829265060383,0.701493618922601,0.6462452038195438,0.03438251854412576,0.7200011856583266,1.1437054419627288,-0.0005310147896416942,0.8862517358919328,0.9018970396940399,0.2450979030894297
independent_Ridge,resp__omission__b11,5,804363,267,0.3034238418352868,0.5673234420389123,0.5416326746767977,0.04470204868482613,0.8346113815211923,1.3143497224952496,0.005788498486441901,0.8700921600807979,0.8646815197392239,0.24638168083273723
independent_Ridge,resp__change__b21,5,804363,267,0.3987931610602534,0.6410455944245425,0.5571935456619076,0.035622179848947784,0.7753752890953817,1.1680254526068259,0.0007952308611384864,0.8669359929301856,0.8985360426219737,0.2459701937287523
independent_Ridge,resp__change__b12,5,804363,267,0.2920063161750228,0.5502894454752294,0.6060714002009888,0.03511376374233212,0.8414236054598047,1.1980366497325046,-0.008373271883168408,0.8953414972856962,0.8539283525349199,0.2470311038433286
independent_Ridge,resp__change__b22,5,804363,267,0.29027777444562575,0.5529592766934899,0.4233638767386351,0.029579698788635565,0.8424501323843294,1.035510421004983,-0.004012854882830576,0.759752556495392,0.8013979388444115,0.2477050110207019
independent_Ridge,resp__change__b15,5,804363,267,0.08283687595865752,0.4049633984883957,0.39896214626790016,0.030229730855077786,0.9576863390700225,0.920518767296398,-0.007743131988572951,0.7418255270799142,0.7318503538080336,0.24849017933198245
independent_Ridge,resp__change__b11,5,804363,267,0.11349765630116082,0.3373152782693576,0.2667748105800305,0.02998858431029638,0.9415425341952637,1.010703331991147,-0.0008790842764730859,0.6532003534907209,0.6275574611353387,0.24927787134564777
independent_Ridge,resp__omission__b03,5,804363,267,0.28777394127494593,0.5577368652455169,0.4847493124896764,0.032060959859886086,0.8439348663996851,1.3738606043690973,-1.661008403530494e-05,0.7906829945713926,0.779997550298729,0.2480175766449827
shared_fullrank,feat__p95_dff,5,804363,267,0.08673038907564501,0.3904620635055226,0.4334234042258085,0.3196873221099881,0.9556514065936151,0.8818094215511756,0.15379897799873038,0.7914404746875394,0.7429379509753293,0.25533726106486027
shared_fullrank,feat__omission_reliability,5,804363,267,0.28646398303168097,0.5553246387857721,0.5080530071054492,0.1702192762977483,0.8447106113742854,1.1287849569490083,-0.0359485436190203,0.813912384799899,0.7807877313788917,0.25091595448831056
shared_fullrank,feat__mean_dff,5,804363,267,0.08850257354698599,0.3288783090015097,0.4193573401893128,0.13455344446256848,0.9547237435263742,0.8872617643868481,0.03624322866389134,0.7634137103901022,0.6922060366657579,0.24574736988100365
shared_fullrank,resp__omission__b18,5,804363,267,0.2598349823850332,0.5349936182618608,0.5124779498637588,0.11624948235818684,0.8603284358981554,1.1046585817351717,0.01775321440804181,0.8438328493877035,0.8339589024096534,0.24010430263223045
shared_fullrank,resp__omission__b17,5,804363,267,0.28939048025875347,0.5509833149560923,0.536017218965576,0.11223549832721409,0.842976583151185,1.1047303697390336,0.013713370075065038,0.8341118545638178,0.8335982824561748,0.2401145966325571
shared_fullrank,feat__std_dff,5,804363,267,-0.011986776054538684,0.3338284854336052,0.37399426791025864,0.11104249610626643,1.0059755345208645,0.7976730358937805,0.0859754557993586,0.7877793207928291,0.7498214959931113,0.24805081435572976
shared_fullrank,resp__omission__b16,5,804363,267,0.28389437520011795,0.544708020706875,0.5311444383220334,0.10308864312444851,0.8462302433734463,1.1238642694425756,0.011826836014786625,0.8182047721247317,0.8194838496554369,0.24155104066006014
shared_fullrank,resp__omission__b15,5,804363,267,0.2892299722524059,0.5470545885239302,0.535070276731574,0.0913583285426726,0.8430717808986338,1.134065288125425,0.009042661350080503,0.8432016159575811,0.8227793249203015,0.2419207926847637
shared_fullrank,resp__omission__b19,5,804363,267,0.11816756160910236,0.4421576679527613,0.4179577318274725,0.09758850105255361,0.9390593369914904,1.0585393064072937,0.025697628091558348,0.7810882464335311,0.7664066132827901,0.244828737523928
shared_fullrank,resp__omission__b14,5,804363,267,0.2883342061067544,0.5482876549439655,0.5308519075653245,0.08140214210289479,0.8436028650338058,1.1644612388287163,0.00945748551808775,0.8267895467743972,0.8219348973363714,0.24336838212821452
shared_fullrank,feat__omission_amp,5,804363,267,0.27148106444437603,0.5405778283872414,0.5239931961380897,0.07514727438906836,0.853533207060876,1.1278186783198405,0.010734326207553695,0.8271682868324706,0.8284059321579305,0.24384240167885105
shared_fullrank,resp__omission__b20,5,804363,267,-0.030999635540082338,0.34107446768535493,0.32965000964594954,0.08182935676376486,1.0153815221580913,0.9034057417730949,0.036983957808067146,0.7106425956318647,0.6511533569419603,0.24764193598048434
shared_fullrank,resp__omission__b25,5,804363,267,0.3335813191578161,0.5912980853100646,0.5317906538945049,0.0677150595167455,0.8163447071195991,1.2091578194395054,0.0059210075164994585,0.8366367882843075,0.8032394129137879,0.24402329656127764
shared_fullrank,resp__omission__b13,5,804363,267,0.28842645151861235,0.5482468842163688,0.5488381359234074,0.06893356568309776,0.8435481897801618,1.1643854115216057,0.008857888078326631,0.8491352102007321,0.8286450816570428,0.24408652308122764
shared_fullrank,resp__omission__b21,5,804363,267,0.02539099319541993,0.39852010005801136,0.41734808259958966,0.07246662771379697,0.9872228759528318,1.0461833447490791,0.0243138133422395,0.7684635778310819,0.7068473467742629,0.24697692528633505
shared_fullrank,feat__change_reliability,5,804363,267,0.036681546055513325,0.5073717010900318,0.5078464557092484,0.05893169178591971,0.9814878776350152,0.9245188246246273,0.0138335657339665,0.8177278401997502,0.8281670958223388,0.26352630478773076
shared_fullrank,resp__omission__b24,5,804363,267,0.3508122060358324,0.6052656381379484,0.5791850496608787,0.05806531823941483,0.8057219085789883,1.2024029845515976,0.004257058378929706,0.869082186592602,0.8423895711426781,0.24417794663213443
shared_fullrank,resp__omission__b22,5,804363,267,0.19189414410444539,0.5101691377641371,0.5229397071414071,0.06248661604506069,0.898947081810467,1.211316926685903,0.011512357625503598,0.836258048226234,0.8090395383065017,0.24573409708608066
shared_fullrank,resp__omission__b23,5,804363,267,0.3081563045108596,0.5787254170242792,0.5540564054778906,0.05836892670191314,0.8317714202166004,1.27198724399374,0.0028943796766593287,0.8291882338088625,0.7890560591239523,0.24532049882824788
shared_fullrank,resp__omission__b12,5,804363,267,0.31297985658278826,0.569815727895824,0.5563001920363546,0.056067854644067605,0.828866782672108,1.2243186841798148,0.005873927732107516,0.8613811387451079,0.8451414138448683,0.24500351101690623
shared_fullrank,feat__omission_trial_sd,5,804363,267,-0.04689483814934148,0.27634643230262246,0.34459366595257224,0.05213705193834821,1.0231787909008578,0.6302426651104885,0.05935775757245658,0.737659386441106,0.7136434304373227,0.2486075717208984
shared_fullrank,resp__change__b13,5,804363,267,0.32640059605059457,0.5797458718575942,0.6390296553054614,0.04285654117965419,0.8207310180256413,1.2043387237241048,-0.012078514187360206,0.9300593359424315,0.9174014165589233,0.245739112304516
shared_fullrank,feat__change_trial_sd,5,804363,267,0.009310603204431778,0.3917761038812545,0.3207309738374109,0.04870450415793724,0.9953338117413516,1.0327949142111155,0.014819537397850486,0.6932205529604848,0.7502076725618394,0.24896166017473295
shared_fullrank,resp__change__b14,5,804363,267,0.21439856804079427,0.47658286974354913,0.47635481458971934,0.039231334452320674,0.8863416000387242,1.0551234274860333,-0.006582468219460818,0.8386567352606995,0.8313324093805299,0.24725510769530198
shared_fullrank,resp__change__b20,5,804363,267,0.46976903101773193,0.702111517253453,0.6451986498192488,0.0347725883453754,0.7281696017977323,1.2318919623905533,-0.0010077327673008241,0.8857467491478349,0.8995124345624068,0.2454434688635418
shared_fullrank,resp__omission__b11,5,804363,267,0.3034238418352868,0.5673234420389125,0.5416326746767977,0.04470204868482613,0.8346113815211923,1.31434972249525,0.005788498486441945,0.8700921600807979,0.8646815197392239,0.24638168083273723
shared_fullrank,resp__change__b21,5,804363,267,0.39879316106025364,0.6410455944245426,0.5571935456619076,0.03562217984894778,0.7753752890953814,1.1680254526068248,0.000795230861138485,0.8669359929301856,0.8985360426219737,0.2459701937287523
shared_fullrank,resp__change__b12,5,804363,267,0.2920063161750228,0.5502894454752294,0.6060714002009888,0.03511376374233212,0.8414236054598047,1.1980366497325048,-0.008373271883168389,0.8953414972856962,0.8539283525349199,0.2470311038433286
shared_fullrank,resp__change__b22,5,804363,267,0.29027777444562575,0.5529592766934898,0.4233638767386351,0.029579698788635565,0.8424501323843294,1.0355104210049833,-0.004012854882830581,0.759752556495392,0.8013979388444115,0.2477050110207019
shared_fullrank,resp__change__b15,5,804363,267,0.08283687595865752,0.40496339848839585,0.39896214626790016,0.030229730855077786,0.9576863390700225,0.9205187672963983,-0.007743131988572945,0.7418255270799142,0.7318503538080336,0.24849017933198245
shared_fullrank,resp__change__b11,5,804363,267,0.11349765630116093,0.3373152782693576,0.2667748105800305,0.02998858431029638,0.9415425341952637,1.0107033319911465,-0.0008790842764730862,0.6532003534907209,0.6275574611353387,0.24927787134564777
shared_fullrank,resp__omission__b03,5,804363,267,0.28777394127494593,0.5577368652455169,0.4847493124896764,0.032060959859886086,0.8439348663996851,1.373860604369097,-1.6610084035307076e-05,0.7906829945713926,0.779997550298729,0.2480175766449827
shared_RRR_selected,feat__p95_dff,5,804363,267,0.08631447101431478,0.39034633585776196,0.43372160907047097,0.3197601092665025,0.955868991538948,0.8803744319616695,0.1547941408670421,0.791566721373564,0.7436614476649501,0.2553234397950285
shared_RRR_selected,feat__omission_reliability,5,804363,267,0.2866691959108938,0.5553017992396629,0.508278726756927,0.17019479701508528,0.8445891333003913,1.1273701623519201,-0.03538702459241698,0.8137861381138746,0.7814715129514997,0.2509043766879404
shared_RRR_selected,feat__mean_dff,5,804363,267,0.08877508034110448,0.3294700880511672,0.42050287550168397,0.13453332950247074,0.9545810178601373,0.8913683370576656,0.035727549879500255,0.7640449438202248,0.6926886013481028,0.24574845141803417
shared_RRR_selected,resp__omission__b18,5,804363,267,0.25958923203729023,0.5354987689622769,0.5120252837359204,0.11626877939270278,0.860471247609535,1.107326449558081,0.017992857062482864,0.8430753692715566,0.8335087757779018,0.24012760295865967
shared_RRR_selected,resp__omission__b17,5,804363,267,0.28748446790985693,0.5489502849844818,0.5327861411032193,0.11238591778064477,0.8441063511727318,1.102728880874212,0.013574215004080393,0.8318394142153769,0.8298244098989906,0.24020095743527253
shared_RRR_selected,feat__std_dff,5,804363,267,-0.010913740154395946,0.33347665645889807,0.37353844951133497,0.11098360986907134,1.005442062057479,0.7960455330088557,0.08617841474151022,0.7875268274207801,0.7495211087131277,0.24805517820311745
shared_RRR_selected,resp__omission__b16,5,804363,267,0.28487710465518157,0.5452406580781265,0.531151373318421,0.10301788329280259,0.8456493926828178,1.1249106204225656,0.011492637988787153,0.8185835121828052,0.8204373902477037,0.24152604000618827
shared_RRR_selected,resp__omission__b15,5,804363,267,0.2916285657532429,0.5497099702139907,0.5391858818604452,0.09120404750264333,0.8416480465412827,1.139263711862461,0.009216367324239897,0.8458527963640954,0.8269715092423093,0.24186105354559673
shared_RRR_selected,resp__omission__b19,5,804363,267,0.11798408688739981,0.4420831058791856,0.41730016807909426,0.09759865269307864,0.9391570226072955,1.0602919083287288,0.025621712510460488,0.7796995328872617,0.7649037230616482,0.2448527672597611
shared_RRR_selected,resp__omission__b14,5,804363,267,0.2892121071696132,0.5488273210078843,0.5317358043776219,0.08135191833196292,0.8430823760643955,1.1632234106230952,0.009286719163743243,0.8284307536927156,0.8253635708491801,0.24334145938397544
shared_RRR_selected,feat__omission_amp,5,804363,267,0.2714732393251682,0.5406624226173984,0.5238267562247897,0.0751476779714411,0.853537791005666,1.128382988312894,0.01075719828477508,0.8271682868324706,0.8284555722671386,0.24384425890380196
shared_RRR_selected,resp__omission__b20,5,804363,267,-0.02864529480318634,0.341542541105377,0.33099981212464336,0.08173587259017578,1.0142215215637984,0.903754228779787,0.03676768119496436,0.7116525691200606,0.6519161304819738,0.24763350957815478
shared_RRR_selected,resp__omission__b25,5,804363,267,0.33350806649640363,0.5908375892841031,0.531208114197955,0.06771878103008859,0.8163895721428567,1.20708304746397,0.005731259794770314,0.8363842949122586,0.8020149880028216,0.24402119020406524
shared_RRR_selected,resp__omission__b13,5,804363,267,0.28826986248728925,0.5477095010686623,0.5467715069999332,0.06894115003366742,0.8436410003743954,1.1598993816211731,0.008704530535068391,0.8481252367125363,0.8277244331445313,0.24407839995469555
shared_RRR_selected,resp__omission__b21,5,804363,267,0.02674149610654042,0.3989976941251534,0.4169710709777966,0.07241640228105595,0.9865386479471848,1.0471594232397634,0.02415791109208239,0.7679585910869839,0.7074871807471851,0.24698270028806701
shared_RRR_selected,feat__change_reliability,5,804363,267,0.03573882784768323,0.506790560548342,0.5071910149704681,0.05896052046313483,0.9819680097397863,0.9229199382315078,0.014705397256331432,0.8167290886392009,0.8272248661162489,0.2635326088668653
shared_RRR_selected,resp__omission__b24,5,804363,267,0.34945026086606845,0.6039126737275631,0.5756683760382005,0.058126194573694966,0.8065666365117836,1.200730150579856,0.004212646606704719,0.8674409796742835,0.8412218602154222,0.24420914490058887
shared_RRR_selected,resp__omission__b22,5,804363,267,0.1894703948663019,0.5081671983828614,0.5223817551593221,0.06258025383683431,0.9002941769964404,1.2047346721165835,0.011830088753593792,0.8360055548541852,0.8085728261013646,0.24573826972256502
shared_RRR_selected,resp__omission__b23,5,804363,267,0.30949453659242865,0.5810855783902615,0.5587457239442729,0.058312447919248334,0.8309665838092236,1.280393112197981,0.002967454289742729,0.8331018810756218,0.7952228241628762,0.24530144295008324
shared_RRR_selected,resp__omission__b12,5,804363,267,0.3121272335008559,0.5693943798798403,0.5563140620291295,0.056102635228534314,0.8293809537836904,1.225817198918195,0.0062650165564488445,0.860623658628961,0.8431868888897228,0.24502092497909672
shared_RRR_selected,feat__omission_trial_sd,5,804363,267,-0.046826089478514854,0.276598957234736,0.3450759634286118,0.05213534001288147,1.0231451947199453,0.628928334227677,0.05949814865800653,0.7385431132432775,0.7084925929584235,0.24859533573644046
shared_RRR_selected,resp__change__b13,5,804363,267,0.3275861727258317,0.5809334797671609,0.639469712348959,0.04281880948625886,0.8200084312213921,1.205988685735373,-0.012064968066196906,0.929680595884358,0.9170184173332493,0.2457271637950252
shared_RRR_selected,feat__change_trial_sd,5,804363,267,0.008211115162290117,0.3913773269752932,0.3200853887191566,0.048731523307731374,0.9958859798379078,1.0332463560505123,0.014820018164371004,0.6925893195303623,0.750429433004419,0.24896529410677243
shared_RRR_selected,resp__change__b14,5,804363,267,0.21411111392651216,0.4757535595209313,0.47386704224925885,0.0392385112321961,0.8865037428423456,1.0529712724846243,-0.006418355670688883,0.8366367882843075,0.8296909656285674,0.24725804024425682
shared_RRR_selected,resp__change__b20,5,804363,267,0.4690162765811261,0.7014103213503879,0.6441420085514811,0.03479726243856032,0.7286862997332074,1.23253807946034,-0.0011290638896279243,0.8854942557757859,0.8993182410363221,0.24545700010185786
shared_RRR_selected,resp__omission__b11,5,804363,267,0.30346312714905976,0.5675335473940443,0.5422713247986645,0.0447007881200268,0.834587846095868,1.316388744028276,0.005802080805577276,0.8711021335689938,0.8664774159585505,0.24638446998694846
shared_RRR_selected,resp__change__b21,5,804363,267,0.39913685466102233,0.6414593888730363,0.5574413141692063,0.03561199627756206,0.7751536269275774,1.1673026192516687,0.0009080930387078854,0.8669359929301856,0.8985531656793595,0.24596238792356256
shared_RRR_selected,resp__change__b12,5,804363,267,0.2928703354094151,0.5514930369568908,0.6094821575152034,0.03509233118590137,0.8409100216970807,1.2006314990987723,-0.008392233062257152,0.8972351975760635,0.854680672358984,0.24702877807806134
shared_RRR_selected,resp__change__b22,5,804363,267,0.29057850704337307,0.5531963381860835,0.4242320121955063,0.02957343118007413,0.8422716265888498,1.0357629389934468,-0.004004206007887959,0.7596263098093674,0.80140647610445,0.24770344917910783
shared_RRR_selected,resp__change__b15,5,804363,267,0.08088152224202316,0.4055661118132558,0.400548999532203,0.03026193796396152,0.9587066692987884,0.9232786789334961,-0.007913569605327193,0.7428355005681101,0.7366160767190981,0.2484909090592306
shared_RRR_selected,resp__change__b11,5,804363,267,0.11359307104864924,0.3375337818400413,0.2664854320944067,0.02998697042274366,0.9414918634546722,1.010861397630575,-0.0009326126377817015,0.6535790935487944,0.6286626038817674,0.24927788212782043
shared_RRR_selected,resp__omission__b03,5,804363,267,0.2878022549545912,0.5578486517056124,0.48494727511382846,0.0320603225813441,0.8439180914315138,1.3754783299220827,8.571882854535123e-05,0.791314228001515,0.7802830378360051,0.2480182078105228
