model,target,fold,heldout,n,r2,pearson,spearman,rmse,nrmse,calibration_slope,calibration_intercept,auroc,auprc,brier
independent_Ridge,resp__passive_CW__b02,0,bb001L,49,-0.012913704188409092,0.014848123329080441,0.03623264403334392,0.543839027247398,1.0064361401442263,2.3532978576937547,0.0992695593675798,0.5103806228373702,0.4931779163278214,0.25085930047292476
independent_Ridge,resp__passive_CW__b01,0,bb001L,49,-0.015802067181762913,0.028867458550332632,0.0012058407681461525,0.558578823000545,1.0078700646322238,4.840930700448598,0.354361562035156,0.5242214532871973,0.5131191519989531,0.2507225245782307
independent_Ridge,resp__passive_CW__b00,0,bb001L,49,-0.018416393189749414,0.04703764554008562,-0.012919722515851636,0.5756096145532577,1.0091661871018813,7.838492860088308,0.5977455549421236,0.5259515570934257,0.514131169709263,0.250495386149856
independent_Ridge,resp__passive_CW__b11,0,bb001L,49,-0.0048683355601844,0.0481874091643202,0.055870622257438406,0.6175822278995863,1.002431212383266,3.2340283760898894,0.010222763488250623,0.5726643598615917,0.556710615280595,0.2496673802204463
independent_Ridge,resp__passive_CW__b17,0,bb001L,49,0.0009995248463551265,0.09613749593019175,0.055640938301601044,0.5704357302310548,0.9995001126331325,7.774841537758802,-0.08165601723499048,0.4930795847750865,0.5,0.2500926642547231
independent_Ridge,resp__passive_CCW__b00,0,bb001L,49,-0.007669022833467043,0.04696749004575281,-0.06482829653509553,0.5757250509940374,1.0038271877337586,7.0204997907373405,0.6007754307335877,0.49826989619377166,0.5010141987829615,0.25073054670623596
independent_Ridge,resp__passive_CW__b16,0,bb001L,49,-0.018317448955732507,0.04324308657405827,0.06212951005400653,0.5829989641374889,1.0091171631459512,3.5179357960402307,-0.09596799935502288,0.5224913494809688,0.5150446998722861,0.24992660773851708
independent_Ridge,resp__passive_CW__b03,0,bb001L,49,-0.012549902961658699,0.018207320301416783,-0.02750465371152415,0.5564010216686202,1.006255386550382,2.5444271771767175,0.12844329222101167,0.49826989619377166,0.5010141987829615,0.25096750761543196
independent_Ridge,resp__passive_CW__b25,0,bb001L,49,-0.009286502275656527,0.023972513605350704,0.019580557235135146,0.5773403110629239,1.0046325210123632,2.0525782700102155,-0.010379212505193592,0.49653979238754326,0.5,0.250124866928132
independent_Ridge,resp__passive_CCW__b01,0,bb001L,49,-0.010981670924963494,0.03251969410154168,-0.028767915468629644,0.5699663227942053,1.005475843034015,5.221903919645572,0.4385356090301432,0.5259515570934256,0.517271364317841,0.25089611078200447
independent_Ridge,resp__passive_CCW__b11,0,bb001L,49,-0.020267574053827175,0.05732014640142436,0.06471345455717685,0.5454810794088056,1.010082954045769,4.62639798661734,0.023765491249642664,0.5363321799307957,0.5317932190797465,0.24995044488905388
independent_Ridge,resp__passive_CW__b04,0,bb001L,49,-0.015399313411528892,0.02899614427823798,-0.03347643656329557,0.5825779667168172,1.0076702404117772,2.6937282900558115,0.07265047378702147,0.5346020761245674,0.5194989032997732,0.2503581054449339
independent_Ridge,resp__passive_CCW__b02,0,bb001L,49,-0.0196705690198693,0.038670425617305874,0.053860887643861474,0.5456015384771528,1.009787388027732,5.376943429611211,0.475855679798685,0.5432525951557093,0.5247734956051386,0.2509940877481957
independent_Ridge,resp__passive_CW__b06,0,bb001L,49,-0.005188018032097563,0.13755791414005636,0.08791153409675047,0.6407024101964693,1.0025906532738562,13.156484683227392,0.313541516156806,0.5709342560553633,0.5465201465201465,0.2497470596555814
independent_Ridge,resp__passive_CW__b18,0,bb001L,49,0.0025811032409277512,0.09702880486348602,0.09147163541222958,0.554337780401422,0.9987086145413349,6.474124172365532,0.03139459528161464,0.5743944636678201,0.5580631832513008,0.2496493384823139
independent_Ridge,resp__passive_CCW__b16,0,bb001L,49,-0.01578098361736835,0.05101091143037617,0.0021241648119411007,0.5472900753304191,1.0078596051124225,3.27648552279038,-0.07764960029621842,0.5086505190311418,0.5056295833983461,0.24992453299331358
independent_Ridge,resp__passive_CW__b12,0,bb001L,49,-0.046074325336308064,0.03846780483927256,0.04151537501760326,0.5677967720153575,1.0227777497268444,2.7536670837269175,-0.06277766948521578,0.5761245674740484,0.5576593818840105,0.24974953477312437
independent_Ridge,resp__passive_CCW__b17,0,bb001L,49,0.0025693239727634376,0.1290077076333315,0.08705021926236035,0.5570435248364518,0.9987145117736282,10.372727589280316,-0.07323636951360266,0.5657439446366781,0.5579858763428743,0.2498072256346833
independent_Ridge,resp__passive_CW__b07,0,bb001L,49,-0.0038926305610029743,0.14785506270737078,0.09141421442327023,0.5370105808371483,1.001944424886432,9.580313970557432,0.18801270901088,0.546712802768166,0.5315152881075802,0.24979006965779996
independent_Ridge,resp__passive_CCW__b04,0,bb001L,49,-0.018594744970345634,0.01245908348459371,-0.011599039769786802,0.5754633760494714,1.009254549145232,0.9913709342967395,-0.07875519146417918,0.5346020761245676,0.5195085969560023,0.2502795484277439
independent_Ridge,resp__passive_CCW__b03,0,bb001L,49,-0.021417527269447234,0.025197273435212,-0.03784043172420545,0.5370258780220301,1.0106520307551197,2.939292718324841,0.15682245023418429,0.5259515570934256,0.517259344184117,0.250904849193315
independent_Ridge,resp__passive_CCW__b18,0,bb001L,49,0.0014560062806834306,0.08549160909798807,0.07964291168660541,0.49861591564720353,0.9992717316722797,5.226976711318561,0.045322360519010375,0.5415224913494809,0.5392156862745098,0.24979345529382596
independent_Ridge,resp__passive_CW__b15,0,bb001L,49,-0.04569991724201983,0.02000024613463278,0.00688918317386303,0.5875064143609033,1.0225946984226055,2.126558525964315,-0.09271733961865754,0.4757785467128028,0.4870085965420651,0.25006784027741064
independent_Ridge,resp__passive_CCW__b25,0,bb001L,49,-0.0013707355762517803,0.03019537435469072,0.007235044608876915,0.5729503575683301,1.0006851330844544,3.270169622619852,0.09061958690030317,0.527681660899654,0.5238771370617212,0.25007748484951364
independent_Ridge,resp__passive_CW__b05,0,bb001L,49,-0.001132814411010985,0.04968051255563824,0.0013781037350241744,0.584986748816066,1.0005662468877365,3.8219775092502037,0.09987501365875713,0.5363321799307958,0.5204989008763592,0.24991220902012123
independent_Ridge,resp__passive_CCW__b12,0,bb001L,49,-0.05848547475373822,0.039113664703013744,0.05678935808078785,0.5467718864645955,1.0288272327041788,3.9116302230334443,-0.04240929982344947,0.5415224913494809,0.5336383442265795,0.24995991169741577
independent_Ridge,resp__passive_CW__b08,0,bb001L,49,0.0029449757651339725,0.10800787817156336,0.09443921934170568,0.5004761408216467,0.9985264264078674,5.709002348283031,0.1450925361246479,0.5570934256055364,0.5493653574282377,0.24968098446966056
independent_Ridge,resp__passive_CCW__b15,0,bb001L,49,-0.04804332365826047,0.0166026131414225,-0.005282730984259335,0.5775822038996716,1.023739871089458,1.3515309225161052,-0.11429459495658079,0.5346020761245676,0.5194868831660493,0.24993468675327843
independent_Ridge,resp__passive_CW__b13,0,bb001L,49,-0.06407586036662694,0.031712847761589905,0.011599039769786802,0.5520649549358164,1.0315405277383078,2.827079832840814,-0.04205998285599763,0.5536332179930796,0.5366635543106131,0.24995334262292257
independent_Ridge,resp__passive_CCW__b05,0,bb001L,49,-0.00549693241632121,0.0041145425999438955,5.74209889593406e-05,0.5385870563070221,1.0027446995204319,0.281646605490081,-0.06979753068252781,0.49653979238754326,0.5,0.2501736355686931
independent_Ridge,resp__passive_CCW__b07,0,bb001L,49,0.0020436132254895156,0.09472083029918706,0.1002570467230087,0.5383235148593516,0.9989776708087675,7.371789301094488,0.18040970780849158,0.5397923875432526,0.5374727668845316,0.2499557666528394
independent_Ridge,resp__passive_CCW__b08,0,bb001L,49,0.002534586165174435,0.10986739753206742,0.13884395130368557,0.5401135242303674,0.9987319028822629,7.525541753323111,0.23266710834701268,0.5449826989619377,0.5384869656674931,0.24994588511293192
shared_fullrank,resp__passive_CW__b02,0,bb001L,49,-0.012913704188409092,0.014848123329080646,0.03623264403334392,0.543839027247398,1.0064361401442263,2.3532978576934047,0.09926955936753812,0.5103806228373702,0.4931779163278214,0.25085930047292476
shared_fullrank,resp__passive_CW__b01,0,bb001L,49,-0.015802067181762913,0.02886745855033285,0.0012058407681461525,0.558578823000545,1.0078700646322238,4.840930700449112,0.3543615620352125,0.5242214532871973,0.5131191519989531,0.2507225245782307
shared_fullrank,resp__passive_CW__b00,0,bb001L,49,-0.018416393189749414,0.04703764554008575,-0.012919722515851636,0.5756096145532577,1.0091661871018813,7.838492860087888,0.5977455549420816,0.5259515570934257,0.514131169709263,0.250495386149856
shared_fullrank,resp__passive_CW__b11,0,bb001L,49,-0.0048683355601844,0.048187409164320176,0.055870622257438406,0.6175822278995863,1.002431212383266,3.2340283760898885,0.010222763488250674,0.5726643598615917,0.556710615280595,0.2496673802204463
shared_fullrank,resp__passive_CW__b17,0,bb001L,49,0.0009995248463552375,0.0961374959301918,0.055640938301601044,0.5704357302310548,0.9995001126331325,7.7748415377588,-0.0816560172349904,0.4930795847750865,0.5,0.2500926642547231
shared_fullrank,resp__passive_CCW__b00,0,bb001L,49,-0.007669022833467043,0.046967490045752645,-0.06482829653509553,0.5757250509940374,1.0038271877337586,7.020499790737351,0.6007754307335889,0.49826989619377166,0.5010141987829615,0.25073054670623596
shared_fullrank,resp__passive_CW__b16,0,bb001L,49,-0.01831744895573273,0.043243086574058315,0.06212951005400653,0.582998964137489,1.0091171631459515,3.51793579604024,-0.09596799935502281,0.5224913494809688,0.5150446998722861,0.24992660773851708
shared_fullrank,resp__passive_CW__b03,0,bb001L,49,-0.012549902961658699,0.018207320301416925,-0.02750465371152415,0.5564010216686202,1.006255386550382,2.544427177177325,0.12844329222108664,0.49826989619377166,0.5010141987829615,0.25096750761543196
shared_fullrank,resp__passive_CW__b25,0,bb001L,49,-0.009286502275656527,0.023972513605350673,0.019580557235135146,0.5773403110629239,1.0046325210123632,2.052578270010179,-0.010379212505195148,0.49653979238754326,0.5,0.250124866928132
shared_fullrank,resp__passive_CCW__b01,0,bb001L,49,-0.010981670924963494,0.032519694101541596,-0.028767915468629644,0.5699663227942053,1.005475843034015,5.221903919645005,0.43853560903007627,0.5259515570934256,0.517271364317841,0.25089611078200447
shared_fullrank,resp__passive_CCW__b11,0,bb001L,49,-0.020267574053827175,0.05732014640142437,0.06471345455717685,0.5454810794088056,1.010082954045769,4.626397986617332,0.023765491249642504,0.5363321799307957,0.5317932190797465,0.24995044488905388
shared_fullrank,resp__passive_CW__b04,0,bb001L,49,-0.015399313411528892,0.02899614427823791,-0.03347643656329557,0.5825779667168172,1.0076702404117772,2.6937282900559025,0.07265047378702927,0.5346020761245674,0.5194989032997732,0.2503581054449339
shared_fullrank,resp__passive_CCW__b02,0,bb001L,49,-0.0196705690198693,0.03867042561730559,0.053860887643861474,0.5456015384771528,1.009787388027732,5.376943429611118,0.4758556797986729,0.5432525951557093,0.5247734956051386,0.2509940877481957
shared_fullrank,resp__passive_CW__b06,0,bb001L,49,-0.005188018032097785,0.13755791414005628,0.08791153409675047,0.6407024101964693,1.0025906532738562,13.156484683227367,0.3135415161568065,0.5709342560553633,0.5465201465201465,0.2497470596555814
shared_fullrank,resp__passive_CW__b18,0,bb001L,49,0.00258110324092764,0.09702880486348602,0.09147163541222958,0.554337780401422,0.9987086145413349,6.474124172365526,0.03139459528161475,0.5743944636678201,0.5580631832513008,0.2496493384823139
shared_fullrank,resp__passive_CCW__b16,0,bb001L,49,-0.01578098361736835,0.0510109114303761,-0.002124576591495602,0.5472900753304191,1.0078596051124225,3.2764855227903755,-0.07764960029621826,0.5069204152249135,0.5044564645781684,0.24992453299331358
shared_fullrank,resp__passive_CW__b12,0,bb001L,49,-0.046074325336308064,0.03846780483927262,0.04151537501760326,0.5677967720153575,1.0227777497268444,2.7536670837269117,-0.06277766948521593,0.5761245674740484,0.5576593818840105,0.24974953477312437
shared_fullrank,resp__passive_CCW__b17,0,bb001L,49,0.0025693239727634376,0.12900770763333153,0.08705021926236035,0.5570435248364518,0.9987145117736282,10.372727589280311,-0.0732363695136025,0.5657439446366781,0.5579858763428743,0.2498072256346833
shared_fullrank,resp__passive_CW__b07,0,bb001L,49,-0.0038926305610029743,0.1478550627073708,0.09141421442327023,0.5370105808371483,1.001944424886432,9.58031397055743,0.18801270901087988,0.546712802768166,0.5315152881075802,0.24979006965779996
shared_fullrank,resp__passive_CCW__b04,0,bb001L,49,-0.018594744970345634,0.012459083484593738,-0.011599039769786802,0.5754633760494714,1.009254549145232,0.9913709342966529,-0.07875519146418604,0.5346020761245676,0.5195085969560023,0.2502795484277439
shared_fullrank,resp__passive_CCW__b03,0,bb001L,49,-0.021417527269447234,0.025197273435211977,-0.03784043172420545,0.5370258780220301,1.0106520307551197,2.9392927183250572,0.1568224502342106,0.5259515570934256,0.517259344184117,0.250904849193315
shared_fullrank,resp__passive_CCW__b18,0,bb001L,49,0.0014560062806834306,0.08549160909798811,0.07964291168660541,0.49861591564720353,0.9992717316722797,5.226976711318568,0.045322360519010674,0.5415224913494809,0.5392156862745098,0.24979345529382596
shared_fullrank,resp__passive_CW__b15,0,bb001L,49,-0.04569991724201983,0.02000024613463268,0.00384720626027582,0.5875064143609033,1.0225946984226055,2.1265585259643274,-0.09271733961865732,0.4740484429065744,0.48599439775910364,0.25006784027741064
shared_fullrank,resp__passive_CCW__b25,0,bb001L,49,-0.0013707355762517803,0.030195374354690784,0.007235044608876915,0.5729503575683301,1.0006851330844544,3.2701696226197594,0.0906195869002984,0.527681660899654,0.5238771370617212,0.25007748484951364
shared_fullrank,resp__passive_CW__b05,0,bb001L,49,-0.001132814411011207,0.04968051255563825,0.0013781037350241744,0.584986748816066,1.0005662468877365,3.8219775092501873,0.09987501365875655,0.5363321799307958,0.5204989008763592,0.24991220902012123
shared_fullrank,resp__passive_CCW__b12,0,bb001L,49,-0.05848547475373822,0.03911366470301368,0.05678935808078785,0.5467718864645955,1.0288272327041788,3.9116302230334385,-0.04240929982344938,0.5415224913494809,0.5336383442265795,0.24995991169741577
shared_fullrank,resp__passive_CW__b08,0,bb001L,49,0.0029449757651339725,0.1080078781715633,0.08957674277657134,0.5004761408216467,0.9985264264078674,5.709002348283033,0.14509253612464776,0.5553633217993079,0.5483511586452763,0.24968098446966056
shared_fullrank,resp__passive_CCW__b15,0,bb001L,49,-0.04804332365826047,0.016602613141422515,-0.005282730984259335,0.5775822038996716,1.023739871089458,1.3515309225161476,-0.1142945949565794,0.5346020761245676,0.5194868831660493,0.24993468675327843
shared_fullrank,resp__passive_CW__b13,0,bb001L,49,-0.06407586036662694,0.031712847761589925,0.011599039769786802,0.5520649549358164,1.0315405277383078,2.8270798328407887,-0.04205998285599887,0.5536332179930796,0.5366635543106131,0.24995334262292257
shared_fullrank,resp__passive_CCW__b05,0,bb001L,49,-0.00549693241632121,0.00411454259994388,5.74209889593406e-05,0.5385870563070221,1.0027446995204319,0.2816466054900679,-0.06979753068252839,0.49653979238754326,0.5,0.25017363556869315
shared_fullrank,resp__passive_CCW__b07,0,bb001L,49,0.0020436132254895156,0.09472083029918711,0.1002570467230087,0.5383235148593516,0.9989776708087675,7.371789301094487,0.18040970780849166,0.5397923875432526,0.5374727668845316,0.2499557666528394
shared_fullrank,resp__passive_CCW__b08,0,bb001L,49,0.002534586165174435,0.10986739753206735,0.13884395130368557,0.5401135242303674,0.9987319028822629,7.525541753323117,0.2326671083470132,0.5449826989619377,0.5384869656674931,0.24994588511293192
shared_RRR_selected,resp__passive_CW__b02,0,bb001L,49,-0.012913704188409092,0.01484812332908084,0.03623264403334392,0.543839027247398,1.0064361401442263,2.3532978576934056,0.09926955936753826,0.5103806228373702,0.4931779163278214,0.25085930047292476
shared_RRR_selected,resp__passive_CW__b01,0,bb001L,49,-0.015802067181762913,0.028867458550332865,0.0012058407681461525,0.558578823000545,1.0078700646322238,4.840930700449086,0.35436156203520963,0.5242214532871973,0.5131191519989531,0.2507225245782307
shared_RRR_selected,resp__passive_CW__b00,0,bb001L,49,-0.018416393189749414,0.04703764554008607,-0.012919722515851636,0.5756096145532577,1.0091661871018813,7.838492860087575,0.5977455549420506,0.5259515570934257,0.514131169709263,0.250495386149856
shared_RRR_selected,resp__passive_CW__b11,0,bb001L,49,-0.0048683355601844,0.04818740916432,0.052070742822448064,0.6175822278995863,1.002431212383266,3.234028376089879,0.010222763488250368,0.5709342560553633,0.556710615280595,0.2496673802204463
shared_RRR_selected,resp__passive_CW__b17,0,bb001L,49,0.0009995248463551265,0.09613749593019183,0.055640938301601044,0.5704357302310548,0.9995001126331325,7.774841537758822,-0.08165601723499062,0.4930795847750865,0.5,0.2500926642547231
shared_RRR_selected,resp__passive_CCW__b00,0,bb001L,49,-0.007669022833467043,0.04696749004575269,-0.06482829653509553,0.5757250509940374,1.0038271877337586,7.020499790737347,0.6007754307335884,0.49826989619377166,0.5010141987829615,0.25073054670623596
shared_RRR_selected,resp__passive_CW__b16,0,bb001L,49,-0.01831744895573295,0.043243086574058426,0.057926548520231644,0.5829989641374891,1.0091171631459517,3.5179357960402484,-0.0959679993550228,0.5207612456747404,0.5150446998722861,0.24992660773851708
shared_RRR_selected,resp__passive_CW__b03,0,bb001L,49,-0.012549902961658699,0.018207320301417397,-0.02750465371152415,0.5564010216686202,1.006255386550382,2.5444271771770337,0.12844329222105072,0.49826989619377166,0.5010141987829615,0.25096750761543196
shared_RRR_selected,resp__passive_CW__b25,0,bb001L,49,-0.009286502275656527,0.02397251360535071,0.019580557235135146,0.5773403110629239,1.0046325210123632,2.0525782700101827,-0.010379212505194987,0.49653979238754326,0.5,0.250124866928132
shared_RRR_selected,resp__passive_CCW__b01,0,bb001L,49,-0.010981670924963494,0.03251969410154155,-0.028767915468629644,0.5699663227942053,1.005475843034015,5.221903919644896,0.4385356090300633,0.5259515570934256,0.517271364317841,0.25089611078200447
shared_RRR_selected,resp__passive_CCW__b11,0,bb001L,49,-0.020267574053827175,0.057320146401424396,0.06471345455717685,0.5454810794088056,1.010082954045769,4.626397986617344,0.02376549124964291,0.5363321799307957,0.5317932190797465,0.24995044488905388
shared_RRR_selected,resp__passive_CW__b04,0,bb001L,49,-0.015399313411528892,0.02899614427823805,-0.03347643656329557,0.5825779667168172,1.0076702404117772,2.693728290055822,0.07265047378702237,0.5346020761245674,0.5194989032997732,0.2503581054449339
shared_RRR_selected,resp__passive_CCW__b02,0,bb001L,49,-0.0196705690198693,0.03867042561730559,0.053860887643861474,0.5456015384771528,1.009787388027732,5.376943429611118,0.4758556797986729,0.5432525951557093,0.5247734956051386,0.2509940877481957
shared_RRR_selected,resp__passive_CW__b06,0,bb001L,49,-0.005188018032097785,0.1375579141400563,0.08791153409675047,0.6407024101964693,1.0025906532738562,13.15648468322735,0.31354151615680625,0.5709342560553633,0.5465201465201465,0.2497470596555814
shared_RRR_selected,resp__passive_CW__b18,0,bb001L,49,0.00258110324092764,0.097028804863486,0.09147163541222958,0.554337780401422,0.9987086145413349,6.474124172365528,0.03139459528161471,0.5743944636678201,0.5580631832513008,0.2496493384823139
shared_RRR_selected,resp__passive_CCW__b16,0,bb001L,49,-0.01578098361736835,0.05101091143037638,-0.006372494435823302,0.5472900753304191,1.0078596051124225,3.2764855227903977,-0.07764960029621833,0.5051903114186851,0.5044564645781684,0.24992453299331358
shared_RRR_selected,resp__passive_CW__b12,0,bb001L,49,-0.046074325336308064,0.0384678048392726,0.04151537501760326,0.5677967720153575,1.0227777497268444,2.7536670837269135,-0.06277766948521588,0.5761245674740484,0.5576593818840105,0.24974953477312437
shared_RRR_selected,resp__passive_CCW__b17,0,bb001L,49,0.0025693239727634376,0.12900770763333175,0.08705021926236035,0.5570435248364518,0.9987145117736282,10.372727589280322,-0.07323636951360261,0.5657439446366781,0.5579858763428743,0.2498072256346833
shared_RRR_selected,resp__passive_CW__b07,0,bb001L,49,-0.0038926305610029743,0.147855062707371,0.09141421442327023,0.5370105808371483,1.001944424886432,9.580313970557437,0.18801270901088002,0.546712802768166,0.5315152881075802,0.24979006965779996
shared_RRR_selected,resp__passive_CCW__b04,0,bb001L,49,-0.018594744970345634,0.01245908348459378,-0.011599039769786802,0.5754633760494714,1.009254549145232,0.9913709342966652,-0.07875519146418505,0.5346020761245676,0.5195085969560023,0.2502795484277439
shared_RRR_selected,resp__passive_CCW__b03,0,bb001L,49,-0.021417527269447234,0.025197273435212084,-0.03784043172420545,0.5370258780220301,1.0106520307551197,2.939292718325068,0.15682245023421193,0.5259515570934256,0.517259344184117,0.250904849193315
shared_RRR_selected,resp__passive_CCW__b18,0,bb001L,49,0.0014560062806834306,0.08549160909798814,0.07509209659510703,0.49861591564720353,0.9992717316722797,5.226976711318566,0.045322360519010695,0.5397923875432525,0.5392156862745098,0.24979345529382596
shared_RRR_selected,resp__passive_CW__b15,0,bb001L,49,-0.04569991724201983,0.020000246134632717,0.00384720626027582,0.5875064143609033,1.0225946984226055,2.126558525964349,-0.09271733961865668,0.4740484429065744,0.48599439775910364,0.25006784027741064
shared_RRR_selected,resp__passive_CCW__b25,0,bb001L,49,-0.0013707355762517803,0.03019537435469089,0.007235044608876915,0.5729503575683301,1.0006851330844544,3.270169622619898,0.09061958690030551,0.527681660899654,0.5238771370617212,0.25007748484951364
shared_RRR_selected,resp__passive_CW__b05,0,bb001L,49,-0.001132814411011207,0.04968051255563803,0.0013781037350241744,0.584986748816066,1.0005662468877365,3.821977509250178,0.09987501365875612,0.5363321799307958,0.5204989008763592,0.24991220902012123
shared_RRR_selected,resp__passive_CCW__b12,0,bb001L,49,-0.05848547475373822,0.03911366470301341,0.05678935808078785,0.5467718864645955,1.0288272327041788,3.911630223033431,-0.042409299823449695,0.5415224913494809,0.5336383442265795,0.24995991169741577
shared_RRR_selected,resp__passive_CW__b08,0,bb001L,49,0.0029449757651339725,0.10800787817156338,0.08957674277657134,0.5004761408216467,0.9985264264078674,5.709002348283014,0.14509253612464718,0.5553633217993079,0.5483511586452763,0.24968098446966056
shared_RRR_selected,resp__passive_CCW__b15,0,bb001L,49,-0.04804332365826025,0.016602613141422494,-0.005282730984259335,0.5775822038996715,1.0237398710894579,1.3515309225161318,-0.11429459495658,0.5346020761245676,0.5194868831660493,0.24993468675327843
shared_RRR_selected,resp__passive_CW__b13,0,bb001L,49,-0.06407586036662694,0.031712847761589766,0.011599039769786802,0.5520649549358164,1.0315405277383078,2.8270798328407705,-0.0420599828559998,0.5536332179930796,0.5366635543106131,0.24995334262292251
shared_RRR_selected,resp__passive_CCW__b05,0,bb001L,49,-0.00549693241632121,0.004114542599943391,5.74209889593406e-05,0.5385870563070221,1.0027446995204319,0.2816466054900615,-0.06979753068252866,0.49653979238754326,0.5,0.2501736355686931
shared_RRR_selected,resp__passive_CCW__b07,0,bb001L,49,0.0020436132254895156,0.09472083029918674,0.10419889550467833,0.5383235148593516,0.9989776708087675,7.371789301094482,0.18040970780849153,0.5415224913494809,0.5462962962962963,0.2499557666528394
shared_RRR_selected,resp__passive_CCW__b08,0,bb001L,49,0.002534586165174435,0.10986739753206737,0.13884395130368557,0.5401135242303674,0.9987319028822629,7.525541753323165,0.23266710834701484,0.5449826989619377,0.5384869656674931,0.24994588511293192
independent_Ridge,resp__passive_CW__b02,1,cc028,185,-0.004859172272388967,0.10497066561128894,0.08784860727378115,0.6909668143870384,1.0024266418408825,24.31714710302027,3.0389415782279885,0.5698491155046826,0.5374466269620441,0.2509017760111551
independent_Ridge,resp__passive_CW__b01,1,cc028,185,-0.004048802335783863,0.09209484272444382,0.07366317455787996,0.6805724182414248,1.0020223562055808,18.5376906119983,2.1476784381078953,0.5668574401664933,0.5351612548945972,0.2507723990035206
independent_Ridge,resp__passive_CW__b00,1,cc028,185,-0.005423028044388989,0.06662802668447892,0.050580836903309445,0.6852799475467604,1.0027078478023341,11.509595121286461,1.1966879673653708,0.5368106139438085,0.5176201917100489,0.2506550411487222
independent_Ridge,resp__passive_CW__b11,1,cc028,185,-0.01701236979296561,0.08578834911392565,0.15709664534464085,0.5971399319434147,1.008470311805442,5.987438495440009,0.28152300689970544,0.6048387096774193,0.5682358207088335,0.24979289067821606
independent_Ridge,resp__passive_CW__b17,1,cc028,185,-0.04314989799372393,-0.030617555319763103,0.03579039280422961,0.6086173288879491,1.0213470996648124,-2.4442430856723925,0.0682510793119378,0.5401925078043704,0.514488132401764,0.2500616926267516
independent_Ridge,resp__passive_CCW__b00,1,cc028,185,-0.008390058498715103,0.1309099215311163,0.08296397171291475,0.6750422882930943,1.0041862668343533,25.921259958473275,3.0763124848935477,0.5345993756503642,0.5161448829889314,0.25080375364528373
independent_Ridge,resp__passive_CW__b16,1,cc028,185,-0.020062636629747388,-0.037094587554224005,0.012042958776297664,0.6041520545153493,1.0099815031126795,-3.2651280017782947,0.013245538044444331,0.5470863683662851,0.5188001498299428,0.25001120832998247
independent_Ridge,resp__passive_CW__b03,1,cc028,185,-0.0013614850432217551,0.14175448128502377,0.1295274137026806,0.6831374872621127,1.000680510974018,25.557499887153416,3.243418920192142,0.568678459937565,0.5374063754657921,0.25091874696283034
independent_Ridge,resp__passive_CW__b25,1,cc028,185,-0.04273593393202724,0.1339574086812641,0.18325737976506273,0.5889876544500268,1.0211444236404696,13.251134833942023,0.9161714268815713,0.590270551508845,0.558063109356657,0.2500581175544155
independent_Ridge,resp__passive_CCW__b01,1,cc028,185,-0.006470649954386509,0.13446297879215707,0.08657747441009295,0.667906883944805,1.0032301081777732,26.40769576993211,3.3412712637535695,0.5183402705515089,0.5083659262754158,0.2509608232816531
independent_Ridge,resp__passive_CCW__b11,1,cc028,185,-0.026976534277078024,0.012809848723153106,0.0692019082491936,0.5791117105951066,1.0133985071417255,1.0047141069416499,0.09436349761118838,0.5684183142559833,0.5402438977411169,0.2499881940508102
independent_Ridge,resp__passive_CW__b04,1,cc028,185,0.0020234694555730792,0.17037913359018073,0.11410992957459154,0.6521186014717577,0.9989877529501684,21.12874615468184,1.887724718893944,0.5876690946930281,0.5521146287489467,0.25025464417370735
independent_Ridge,resp__passive_CCW__b02,1,cc028,185,-0.00453541713450889,0.14278286961771822,0.09863375957931636,0.6570147872865224,1.0022651431305534,25.330223573853516,3.3840104352948916,0.5508584807492196,0.5267473060607707,0.25104259717192035
independent_Ridge,resp__passive_CW__b06,1,cc028,185,-0.011322724579406751,0.03574520729518862,0.14305370252233052,0.604668480589715,1.0056454268674455,3.6201585566764702,0.1534588235837717,0.6005463059313216,0.5512688707815975,0.24997983866828324
independent_Ridge,resp__passive_CW__b18,1,cc028,185,-0.05464696009998815,-0.013991778943415138,0.047169280314313985,0.5843098977601313,1.0269600576945475,-0.9896209183127976,0.07594693117475959,0.5404526534859522,0.5164500337746774,0.2500532696128423
independent_Ridge,resp__passive_CCW__b16,1,cc028,185,-0.013403507120423264,0.010912908916777198,0.05065771993941962,0.554633364800468,1.0066794460603747,0.8199388151450879,0.06072932253738648,0.534729448491155,0.5201881808252583,0.2499529494225215
independent_Ridge,resp__passive_CW__b12,1,cc028,185,-0.03451904177676757,0.04569472654273603,0.1266929924380855,0.647037185782273,1.0171130919306701,4.25438193592426,0.29955886045358454,0.6079604578563995,0.5681004951673488,0.24999117497708642
independent_Ridge,resp__passive_CCW__b17,1,cc028,185,-0.03812717392451037,-0.00806199540453174,0.09869731622250076,0.5546001832698115,1.0188852604314729,-0.5950923462113563,0.07905892734949577,0.5680280957336108,0.5333782383375,0.24992899708219796
independent_Ridge,resp__passive_CW__b07,1,cc028,185,-0.018101271562131593,0.005800687907109402,0.08220846774473878,0.5802408318442625,1.0090100453227073,0.4419916381426659,0.060921012301399693,0.5669875130072842,0.535007835945255,0.24998271603753425
independent_Ridge,resp__passive_CCW__b04,1,cc028,185,0.0023992007573613305,0.16184012575277942,0.15680243959312593,0.6191206377767569,0.9987996792363516,18.263266468139896,1.5139197662269364,0.5871488033298647,0.5518923489277126,0.2502543301856064
independent_Ridge,resp__passive_CCW__b03,1,cc028,185,-0.0013216369911892567,0.16039490137892376,0.11051782674765301,0.6414105313495936,1.0006606002992169,25.716821778579625,3.2618719785348045,0.554630593132154,0.5349266579294387,0.2509134711843521
independent_Ridge,resp__passive_CCW__b18,1,cc028,185,-0.038633476138603795,0.008094868003114335,0.06525729594316759,0.5537968294628767,1.0191336890411402,0.551602282661399,0.09434889733821548,0.5534599375650364,0.5329305663232249,0.24992518183450887
independent_Ridge,resp__passive_CW__b15,1,cc028,185,-0.010784288792270447,-0.014459363894615405,-0.019569295457909638,0.6256894044430773,1.0053776846500375,-1.6881338145260911,-0.05574173977248942,0.5137877211238293,0.510826593665523,0.25005223016215133
independent_Ridge,resp__passive_CCW__b25,1,cc028,185,-0.02190649466080652,0.11483380234244904,0.15811252652844326,0.5560168908479205,1.0108939087069455,13.131915786445273,0.8632287689727844,0.5961238293444329,0.5657043528228903,0.25009928375320356
independent_Ridge,resp__passive_CW__b05,1,cc028,185,-0.0004642494353341853,0.12896933858318377,0.11709593931723951,0.612238877332243,1.0002320977829766,14.631342371751648,0.7879527805302134,0.5569719042663891,0.5348549598032062,0.2500428843267847
independent_Ridge,resp__passive_CCW__b12,1,cc028,185,-0.0342324820736255,-0.009572369894253183,-0.004444864594316196,0.5894795784969156,1.0169722130292576,-0.9646188268934233,0.0019709830166387923,0.5162591050988554,0.5062598768429054,0.25016509430175915
independent_Ridge,resp__passive_CW__b08,1,cc028,185,-0.01307788320222425,0.035029499319469706,0.06471193894035944,0.5739435597591879,1.0065177013854372,2.558102306745529,0.1285838826885156,0.5543704474505723,0.5432452580546422,0.2499200097453024
independent_Ridge,resp__passive_CCW__b15,1,cc028,185,-0.00856502684536986,0.027694349514556703,0.044332808835422635,0.5558426034732901,1.0042733825235886,2.5149007845878444,0.12221875490163141,0.5312174817898023,0.5274941831739164,0.25006835449847314
independent_Ridge,resp__passive_CW__b13,1,cc028,185,-0.034876811862665,0.029183283294658257,0.07713623757576356,0.6303333464374937,1.0172889520006914,3.261109184774009,0.2833929716122679,0.5642559833506764,0.5422416096877779,0.2502731642702429
independent_Ridge,resp__passive_CCW__b05,1,cc028,185,0.00030419295019090686,0.0783789002355526,0.08616025580080174,0.5800272158304982,0.999847891956476,8.35616643099427,0.4057359023009079,0.5615244536940686,0.5418845264273876,0.2500744841945659
independent_Ridge,resp__passive_CCW__b07,1,cc028,185,-0.024062825274141053,-0.00020479745635989708,0.07581999999755737,0.5496067398588111,1.0119598931154046,-0.016986759062528854,0.0399992545923939,0.5590530697190427,0.5316984858459513,0.25004370800087433
independent_Ridge,resp__passive_CCW__b08,1,cc028,185,-0.030251562475795524,0.041066985442969405,0.10570289847285985,0.5513697832972352,1.0150130848791041,3.0575591385375653,0.20150826142657471,0.5443548387096775,0.5283289683334764,0.2500392064899485
shared_fullrank,resp__passive_CW__b02,1,cc028,185,-0.0048591722723891895,0.10497066561128894,0.08784860727378115,0.6909668143870386,1.0024266418408825,24.31714710302023,3.0389415782279836,0.5698491155046826,0.5374466269620441,0.2509017760111551
shared_fullrank,resp__passive_CW__b01,1,cc028,185,-0.004048802335783641,0.09209484272444392,0.07366317455787996,0.6805724182414248,1.0020223562055808,18.537690611998304,2.1476784381078957,0.5668574401664933,0.5351612548945972,0.2507723990035206
shared_fullrank,resp__passive_CW__b00,1,cc028,185,-0.005423028044388989,0.0666280266844789,0.050580836903309445,0.6852799475467604,1.0027078478023341,11.509595121286491,1.1966879673653739,0.5368106139438085,0.5176201917100489,0.2506550411487222
shared_fullrank,resp__passive_CW__b11,1,cc028,185,-0.01701236979296561,0.08578834911392559,0.15709664534464085,0.5971399319434147,1.008470311805442,5.987438495440011,0.2815230068997055,0.6048387096774193,0.5682358207088335,0.24979289067821606
shared_fullrank,resp__passive_CW__b17,1,cc028,185,-0.04314989799372393,-0.030617555319763144,0.03645896083059267,0.6086173288879491,1.0213470996648124,-2.444243085672396,0.06825107931193766,0.5412330905306972,0.514488132401764,0.2500616926267516
shared_fullrank,resp__passive_CCW__b00,1,cc028,185,-0.008390058498715103,0.1309099215311163,0.08296397171291475,0.6750422882930943,1.0041862668343533,25.921259958473204,3.076312484893537,0.5345993756503642,0.5161448829889314,0.25080375364528373
shared_fullrank,resp__passive_CW__b16,1,cc028,185,-0.020062636629747388,-0.037094587554224005,0.012042958776297664,0.6041520545153493,1.0099815031126795,-3.2651280017782964,0.013245538044444227,0.5470863683662851,0.5188001498299428,0.25001120832998247
shared_fullrank,resp__passive_CW__b03,1,cc028,185,-0.0013614850432217551,0.14175448128502371,0.1295274137026806,0.6831374872621125,1.000680510974018,25.55749988715339,3.243418920192139,0.568678459937565,0.5374063754657921,0.25091874696283034
shared_fullrank,resp__passive_CW__b25,1,cc028,185,-0.04273593393202724,0.13395740868126402,0.18325737976506273,0.5889876544500268,1.0211444236404696,13.251134833942002,0.9161714268815703,0.590270551508845,0.558063109356657,0.2500581175544155
shared_fullrank,resp__passive_CCW__b01,1,cc028,185,-0.006470649954386287,0.13446297879215707,0.08657747441009295,0.667906883944805,1.0032301081777732,26.407695769932026,3.3412712637535598,0.5183402705515089,0.5083659262754158,0.2509608232816531
shared_fullrank,resp__passive_CCW__b11,1,cc028,185,-0.026976534277078024,0.012809848723153005,0.0692019082491936,0.5791117105951066,1.0133985071417255,1.0047141069416432,0.09436349761118809,0.5684183142559833,0.5402438977411169,0.2499881940508102
shared_fullrank,resp__passive_CW__b04,1,cc028,185,0.0020234694555730792,0.1703791335901807,0.1130877703680291,0.6521186014717577,0.9989877529501684,21.128746154681814,1.8877247188939426,0.5870187304890738,0.5517868028900429,0.25025464417370735
shared_fullrank,resp__passive_CCW__b02,1,cc028,185,-0.00453541713450889,0.14278286961771822,0.09863375957931636,0.6570147872865224,1.0022651431305534,25.33022357385355,3.384010435294896,0.5508584807492196,0.5267473060607707,0.25104259717192035
shared_fullrank,resp__passive_CW__b06,1,cc028,185,-0.011322724579406973,0.035745207295188416,0.14305370252233052,0.6046684805897151,1.0056454268674457,3.62015855667646,0.1534588235837712,0.6005463059313216,0.5512688707815975,0.24997983866828324
shared_fullrank,resp__passive_CW__b18,1,cc028,185,-0.05464696009998815,-0.01399177894341515,0.047169280314313985,0.5843098977601313,1.0269600576945475,-0.989620918312799,0.07594693117475951,0.5404526534859522,0.5164500337746774,0.2500532696128423
shared_fullrank,resp__passive_CCW__b16,1,cc028,185,-0.013403507120423264,0.01091290891677721,0.05065771993941962,0.554633364800468,1.0066794460603747,0.8199388151450866,0.060729322537386485,0.534729448491155,0.5201881808252583,0.2499529494225215
shared_fullrank,resp__passive_CW__b12,1,cc028,185,-0.03451904177676757,0.04569472654273611,0.1266929924380855,0.647037185782273,1.0171130919306701,4.2543819359242745,0.29955886045358515,0.6079604578563995,0.5681004951673488,0.24999117497708642
shared_fullrank,resp__passive_CCW__b17,1,cc028,185,-0.03812717392451037,-0.008061995404531775,0.09869731622250076,0.5546001832698115,1.0188852604314729,-0.5950923462113591,0.07905892734949581,0.5680280957336108,0.5333782383375,0.24992899708219796
shared_fullrank,resp__passive_CW__b07,1,cc028,185,-0.018101271562131593,0.005800687907109371,0.08220846774473878,0.5802408318442625,1.0090100453227073,0.4419916381426616,0.060921012301399576,0.5669875130072842,0.535007835945255,0.24998271603753425
shared_fullrank,resp__passive_CCW__b04,1,cc028,185,0.0023992007573615526,0.16184012575277942,0.15680243959312593,0.6191206377767567,0.9987996792363514,18.26326646813991,1.513919766226938,0.5871488033298647,0.5518923489277126,0.2502543301856064
shared_fullrank,resp__passive_CCW__b03,1,cc028,185,-0.0013216369911892567,0.16039490137892382,0.11051782674765301,0.6414105313495936,1.0006606002992169,25.71682177857967,3.2618719785348107,0.554630593132154,0.5349266579294387,0.2509134711843521
shared_fullrank,resp__passive_CCW__b18,1,cc028,185,-0.038633476138603795,0.008094868003114302,0.06525729594316759,0.5537968294628767,1.0191336890411402,0.5516022826613947,0.09434889733821536,0.5534599375650364,0.5329305663232249,0.24992518183450887
shared_fullrank,resp__passive_CW__b15,1,cc028,185,-0.010784288792270447,-0.014459363894615442,-0.019569295457909638,0.6256894044430773,1.0053776846500375,-1.688133814526109,-0.055741739772490084,0.5137877211238293,0.510826593665523,0.25005223016215133
shared_fullrank,resp__passive_CCW__b25,1,cc028,185,-0.02190649466080652,0.11483380234244914,0.15811252652844326,0.5560168908479205,1.0108939087069455,13.131915786445298,0.8632287689727862,0.5961238293444329,0.5657043528228903,0.25009928375320356
shared_fullrank,resp__passive_CW__b05,1,cc028,185,-0.0004642494353341853,0.1289693385831841,0.11709593931723951,0.612238877332243,1.0002320977829766,14.631342371751659,0.7879527805302144,0.5569719042663891,0.5348549598032062,0.2500428843267847
shared_fullrank,resp__passive_CCW__b12,1,cc028,185,-0.03423248207362528,-0.00957236989425318,-0.004444864594316196,0.5894795784969155,1.0169722130292573,-0.9646188268934283,0.0019709830166385056,0.5162591050988554,0.5062598768429054,0.2501650943017591
shared_fullrank,resp__passive_CW__b08,1,cc028,185,-0.01307788320222425,0.03502949931946989,0.06471193894035944,0.5739435597591879,1.0065177013854372,2.558102306745551,0.1285838826885166,0.5543704474505723,0.5432452580546422,0.2499200097453024
shared_fullrank,resp__passive_CCW__b15,1,cc028,185,-0.008565026845369639,0.027694349514556765,0.044332808835422635,0.55584260347329,1.0042733825235883,2.514900784587857,0.12221875490163212,0.5312174817898023,0.5274941831739164,0.25006835449847314
shared_fullrank,resp__passive_CW__b13,1,cc028,185,-0.034876811862665,0.029183283294658146,0.07713623757576356,0.6303333464374937,1.0172889520006914,3.2611091847739906,0.2833929716122665,0.5642559833506764,0.5422416096877779,0.2502731642702429
shared_fullrank,resp__passive_CCW__b05,1,cc028,185,0.00030419295019079584,0.07837890023555258,0.08616025580080174,0.5800272158304982,0.999847891956476,8.356166430994321,0.4057359023009101,0.5615244536940686,0.5418845264273876,0.2500744841945659
shared_fullrank,resp__passive_CCW__b07,1,cc028,185,-0.02406282527414083,-0.00020479745635979376,0.07581999999755737,0.5496067398588111,1.0119598931154046,-0.016986759062509134,0.0399992545923948,0.5590530697190427,0.5316984858459513,0.25004370800087433
shared_fullrank,resp__passive_CCW__b08,1,cc028,185,-0.030251562475795524,0.04106698544296923,0.10570289847285985,0.5513697832972352,1.0150130848791041,3.057559138537546,0.201508261426574,0.5443548387096775,0.5283289683334764,0.2500392064899485
shared_RRR_selected,resp__passive_CW__b02,1,cc028,185,-0.005727748731894744,0.06125589112541278,0.10363525735507023,0.6912653775545802,1.0028597851803085,38.200596804710614,4.847405064658809,0.5641259105098855,0.532745001668499,0.2510100590725464
shared_RRR_selected,resp__passive_CW__b01,1,cc028,185,-0.004866399583203451,0.04752020886305422,0.09296799237157059,0.6808494570190742,1.002430246741988,20.76331666866959,2.4280718631248623,0.5699791883454733,0.5359378226629129,0.25086736181774005
shared_RRR_selected,resp__passive_CW__b00,1,cc028,185,-0.006260270418142477,0.024898225887734632,0.05886780308883807,0.6855652135494414,1.0031252516102576,9.945066242428295,1.0358724400196553,0.5386316337148803,0.5180734544780101,0.2507282068243179
shared_RRR_selected,resp__passive_CW__b11,1,cc028,185,-0.01895001893586845,0.047999130337288295,0.10626773251148258,0.5977085076675978,1.0094305419075986,4.2647485550568565,0.21843081686183333,0.5793444328824141,0.5449948471240854,0.24993820287259522
shared_RRR_selected,resp__passive_CW__b17,1,cc028,185,-0.042446279896638295,-0.01531052287983704,0.02799567621558471,0.6084120341338756,1.021002585646402,-1.225860946078392,0.08799027617346511,0.5329084287200833,0.511938812220479,0.2499855037767641
shared_RRR_selected,resp__passive_CCW__b00,1,cc028,185,-0.00944514932249807,0.05060992559259815,0.09346311912412011,0.6753953484564051,1.0047114756598026,15.828841269304343,1.8611557980647098,0.5398022892819979,0.5154635218373727,0.2508998435272109
shared_RRR_selected,resp__passive_CW__b16,1,cc028,185,-0.01936517280406691,-0.023929588599414568,0.012042958776297664,0.6039454758990096,1.0096361586255056,-2.012306205227887,0.0355427114209925,0.5470863683662851,0.5188001498299428,0.24998063913711024
shared_RRR_selected,resp__passive_CW__b03,1,cc028,185,-0.002754156197145141,0.06320395382976939,0.10891250895367256,0.6836123683740589,1.0013761312299916,31.889854357076576,4.089822720329454,0.5671175858480749,0.5369231422469394,0.251038033665561
shared_RRR_selected,resp__passive_CW__b25,1,cc028,185,-0.044543067798845204,0.08287216538014358,0.10628618444014902,0.5894978117876224,1.022028897731784,9.944694412079853,0.7089410817728145,0.5580124869927159,0.5337535178454499,0.2501786096999204
shared_RRR_selected,resp__passive_CCW__b01,1,cc028,185,-0.00770600389002718,0.036317473137323926,0.07653757500125234,0.6683166566332721,1.003845607596122,14.945248127863822,1.863951474646414,0.5238033298647242,0.5062453821837986,0.25104690049751494
shared_RRR_selected,resp__passive_CCW__b11,1,cc028,185,-0.027882088478586642,-0.010257040551680625,0.030130974405151282,0.579366975186204,1.0138451994651778,-1.020269542687593,-0.0007496686910249621,0.5494276795005203,0.523845916657538,0.25006843033358067
shared_RRR_selected,resp__passive_CW__b04,1,cc028,185,-0.00017570233407537827,0.05163134407495806,0.10145075402239313,0.6528367203799219,1.000087847308463,10.585086230720407,0.9071908815571905,0.581035379812695,0.5402148815440775,0.2504647677109212
shared_RRR_selected,resp__passive_CCW__b02,1,cc028,185,-0.00597350620767001,0.036705395200259436,0.08369999864527615,0.6574849090228109,1.002982306029209,14.179434326384236,1.8591556586778943,0.5459157127991675,0.5209479452344061,0.25115483571282854
shared_RRR_selected,resp__passive_CW__b06,1,cc028,185,-0.010735203479351973,0.05857082436041102,0.1060985898320402,0.6044928160401798,1.0053532729739094,5.620828751118953,0.21918682287589084,0.5708896982310094,0.5373046433249102,0.24992480873412093
shared_RRR_selected,resp__passive_CW__b18,1,cc028,185,-0.054282907650143875,0.0014718912380192232,0.045674674092332196,0.5842090404030892,1.0267827947770376,0.10966145327184587,0.10708345230332025,0.5388917793964622,0.5160074213082145,0.24998454914720708
shared_RRR_selected,resp__passive_CCW__b16,1,cc028,185,-0.012603503711819064,0.014943239095686183,0.04440866676438467,0.5544144015828552,1.0062820199684672,1.1142207520686747,0.06431250520296379,0.5316077003121747,0.5124625099117316,0.2499637763156535
shared_RRR_selected,resp__passive_CW__b12,1,cc028,185,-0.03562456172259698,0.03620002359763319,0.08411004150453041,0.6473828157254217,1.0176564065157734,4.240995298757079,0.3044132883097398,0.578563995837669,0.5431696328224704,0.25007437403823696
shared_RRR_selected,resp__passive_CCW__b17,1,cc028,185,-0.03687076336046968,0.015215858837191315,0.04542659816248337,0.554264474647417,1.0182685124074442,1.1181676382292183,0.10671446130259242,0.5461758584807493,0.5226089521275753,0.2499074590755932
shared_RRR_selected,resp__passive_CW__b07,1,cc028,185,-0.017552705216897113,0.036080385829417354,0.08220846774473878,0.5800844900887498,1.008738174759386,2.779486226125442,0.13106238778012763,0.5669875130072842,0.535007835945255,0.24990385266042558
shared_RRR_selected,resp__passive_CCW__b04,1,cc028,185,-2.773552414625513e-05,0.0303278826028133,0.08871687302825204,0.6198732702920862,1.0000138676659172,5.403530513147864,0.39056070547641375,0.5470863683662851,0.5233462209748992,0.2504479299342601
shared_RRR_selected,resp__passive_CCW__b03,1,cc028,185,-0.002986995378608359,0.045891418564110595,0.09034371807234333,0.6419436940216521,1.001492384084177,13.14158672888236,1.6218769449548156,0.5364203954214359,0.516536444485947,0.25106331461203957
shared_RRR_selected,resp__passive_CCW__b18,1,cc028,185,-0.03770794052105164,0.02905776553810742,0.06678675580818601,0.5535500278049045,1.0186795082463629,2.0566542861110406,0.1353396806354447,0.5531997918834548,0.5331017821162386,0.24987517139556417
shared_RRR_selected,resp__passive_CW__b15,1,cc028,185,-0.01100083658551032,-0.034401112570790475,0.009486341548847343,0.6257564238878888,1.0054853736308202,-4.485568600015196,-0.17933010865846738,0.5408428720083247,0.5193348835256586,0.25012922932504994
shared_RRR_selected,resp__passive_CCW__b25,1,cc028,185,-0.023380070296125988,0.05639809334563458,0.06605175398297274,0.5564176309319745,1.0116224939650789,8.236395255326341,0.5530717940396155,0.5357700312174817,0.5285962764426841,0.2502123922980734
shared_RRR_selected,resp__passive_CW__b05,1,cc028,185,-0.0016517112610705542,0.059487250859280735,0.10775106255483487,0.6126021060529636,1.0008255148931158,7.128492912359379,0.36799500183568157,0.5528095733610822,0.5254463576526687,0.2501301992453141
shared_RRR_selected,resp__passive_CCW__b12,1,cc028,185,-0.034363475271156796,-0.012069751574700737,0.011497601773489494,0.5895169082904137,1.0170366145184533,-1.3736554021301468,-0.020133994085923486,0.5329084287200833,0.5113381079917901,0.25017933973454587
shared_RRR_selected,resp__passive_CW__b08,1,cc028,185,-0.012947876958718796,0.06049001282016331,0.10698530751517754,0.5739067320673502,1.0064531171190831,4.75668240451292,0.22075829454929793,0.583506763787721,0.5526761027634554,0.24987953727522808
shared_RRR_selected,resp__passive_CCW__b15,1,cc028,185,-0.008965275339861689,-0.006021722177641996,0.03351997863688775,0.5559528854538189,1.004472635436059,-0.5933098120717878,-0.019944949278672994,0.5252341311134235,0.5067827796121838,0.25015843415844574
shared_RRR_selected,resp__passive_CW__b13,1,cc028,185,-0.03578516978170776,0.024938971786756164,0.06694257209470263,0.6306099217231644,1.0177353142058634,3.7208558586167655,0.32194729859606996,0.5525494276795004,0.5243654457592397,0.2503117421696069
shared_RRR_selected,resp__passive_CCW__b05,1,cc028,185,-0.0003354050325035107,0.03834267330958027,0.0777297746145341,0.5802127347229799,1.0001676884565425,4.2177418930291175,0.1832627269786552,0.5560613943808532,0.5294057488382534,0.25012373677573835
shared_RRR_selected,resp__passive_CCW__b07,1,cc028,185,-0.023795071125763734,0.011305486859478218,0.039920747669846775,0.5495348843527939,1.0118275896247164,0.942290430060089,0.08150530174968956,0.5520291363163371,0.5318912252036454,0.2500074053664727
shared_RRR_selected,resp__passive_CCW__b08,1,cc028,185,-0.030742341087895086,0.026704047847211664,0.0682126798512427,0.5515010950506902,1.0152548158407797,2.143838008352003,0.15487221855433683,0.5323881373569199,0.5267152058444156,0.25007293804929387
independent_Ridge,resp__passive_CW__b02,2,cc028L,170,-0.08971653877207375,0.10234651483131728,0.029753050722006624,0.6977483235604179,1.0438948887565616,23.268714649784567,3.5277600092939183,0.523084025854109,0.5012090965206513,0.2513013089569793
independent_Ridge,resp__passive_CW__b01,2,cc028L,170,-0.07954994775397806,0.08542637026339693,0.05561601791576228,0.6997395592310796,1.0390139304908177,19.550755442818918,2.79002224377857,0.5418590335487843,0.5151427540332834,0.2511317675510476
independent_Ridge,resp__passive_CW__b00,2,cc028L,170,-0.08372340113505072,0.09814631070792071,0.05657347834264976,0.7051947087925381,1.041020365379588,22.631289614338648,2.9914417095503345,0.5487842413050169,0.5177375397776453,0.25092410318596775
independent_Ridge,resp__passive_CW__b11,2,cc028L,170,0.0035280972287726753,0.13447632747994775,0.24233361856747965,0.5443648364997363,0.9982343927010466,9.144849618405146,0.20744546396781222,0.6934441366574331,0.650107087857337,0.24961913705545458
independent_Ridge,resp__passive_CW__b17,2,cc028L,170,-0.007137007475148005,0.015576970807142229,0.02432231467284702,0.5655348675163367,1.0035621592483188,1.2188415128700725,0.048979617721089205,0.5067713142505387,0.5132198571038123,0.2500195079655164
independent_Ridge,resp__passive_CCW__b00,2,cc028L,170,-0.08267035801964595,0.08827852596851418,0.01530654942153979,0.7009013929558815,1.0405144679530631,14.90472861290732,2.122211005811092,0.48799630655586335,0.4868889990457336,0.2511541923165741
independent_Ridge,resp__passive_CW__b16,2,cc028L,170,-0.02401861621427126,-0.02624307527155823,0.028420814401801966,0.5758803188419424,1.011938049593092,-2.020370081725131,0.0413903260128144,0.5340104647583872,0.5269634961452546,0.25001777763802013
independent_Ridge,resp__passive_CW__b03,2,cc028L,170,-0.07705117120534122,0.12349470264606775,0.07598031679446134,0.6879146535383184,1.0378107588598902,21.456968670785244,3.2954541244997433,0.5330871037242229,0.5170760565824313,0.2513010696941282
independent_Ridge,resp__passive_CW__b25,2,cc028L,170,-0.005961838189314728,0.11909905672058348,0.02594756209091036,0.5729371628292611,1.0029764893502315,11.562230865388951,0.6147495314135851,0.5158510310864881,0.5371095109002344,0.24993383344525816
independent_Ridge,resp__passive_CCW__b01,2,cc028L,170,-0.08668666244859136,0.10114712656656007,0.00953615204289533,0.6984654921009661,1.0424426422823423,18.489371583834057,2.7976509477569826,0.4992305324715298,0.49654354294852954,0.25130075922211004
independent_Ridge,resp__passive_CCW__b11,2,cc028L,170,-0.023009302337167137,0.1011276330409554,0.03158209493776088,0.6066904406230424,1.0114392232542533,10.709773368354147,0.5336621678501043,0.492305324715297,0.5179446505022018,0.24999685588155773
independent_Ridge,resp__passive_CW__b04,2,cc028L,170,-0.04202260519834833,0.08091847777303614,0.04920987706759146,0.6716866895011274,1.020795084822781,8.603947980599628,0.9757877646470243,0.5447830101569713,0.5202629972366815,0.2505964163571981
independent_Ridge,resp__passive_CCW__b02,2,cc028L,170,-0.08275642067627365,0.10743337229180068,0.029708189791697308,0.6971000835887196,1.040555822950539,18.241104318452305,2.899945087994343,0.5238534933825794,0.5103885886067243,0.2514230004476101
independent_Ridge,resp__passive_CW__b06,2,cc028L,170,-0.025479221315549694,0.041092783577004986,0.06118774546017976,0.5771233894489349,1.0126594794478299,3.2598845105367484,0.17420434460967515,0.5344721452754694,0.5287441546621473,0.2500164662780392
independent_Ridge,resp__passive_CW__b18,2,cc028L,170,-0.0010832685570416611,0.058620507679514725,0.015894868479024864,0.555463452916047,1.0005414876740704,4.381544107966045,0.06478852600438852,0.515389350569406,0.5210442288829746,0.24991385175937478
independent_Ridge,resp__passive_CCW__b16,2,cc028L,170,-0.07197817238108684,0.01715015183187657,0.06351214680440556,0.5886959074489744,1.0353637874588268,1.1494378233856284,0.1571952253069985,0.5453985841797476,0.5085700130292445,0.25001590406729884
independent_Ridge,resp__passive_CW__b12,2,cc028L,170,-0.007098932527823232,0.07307401674423726,0.012176538226815276,0.5772190677045395,1.0035431891691675,6.243681555118817,0.2887243583087224,0.5310864881502,0.5392683645987278,0.2498265205310765
independent_Ridge,resp__passive_CCW__b17,2,cc028L,170,-0.047878659309676275,0.04150674400646635,0.08292478880634398,0.5853396893392969,1.023659444986308,3.21103972669568,0.16407879194191688,0.5570944906124962,0.5382334316290929,0.24993277319936125
independent_Ridge,resp__passive_CW__b07,2,cc028L,170,-0.00418750737901652,0.035648626000448304,0.021282025338741142,0.5471369560065189,1.0020915663645795,2.4425111313803107,0.07126242062928237,0.5021545090797168,0.5207442175324983,0.24993848643868494
independent_Ridge,resp__passive_CCW__b04,2,cc028L,170,-0.03708786827845034,0.06969003756181794,0.07787601153524658,0.6594650640328399,1.018375111772892,6.70488260493913,0.7146094970564029,0.5617112957833179,0.5347681958758498,0.2504991520020348
independent_Ridge,resp__passive_CCW__b03,2,cc028L,170,-0.0620633174524885,0.10414885335843439,0.019336800736644864,0.6830019862159352,1.030564562486256,15.276085265720145,2.2913439769996202,0.5213911972914743,0.504484443581521,0.25123557310434425
independent_Ridge,resp__passive_CCW__b18,2,cc028L,170,-0.02762158013119298,0.035053230765707356,0.032619096008735804,0.5679885345203463,1.0137167159178115,2.443841717925905,0.12863964885228324,0.5006155740227762,0.5073871439828886,0.2500278554094789
independent_Ridge,resp__passive_CW__b15,2,cc028L,170,-0.03728955561559477,-0.02468604848090623,-0.02188316180488602,0.6008447304569815,1.0184741310487935,-2.5588174914613697,-0.06699601691548074,0.4866112650046168,0.4884848823762736,0.25019338605397445
independent_Ridge,resp__passive_CCW__b25,2,cc028L,170,-0.0051575439581281746,0.10785170286088851,0.030788697341718917,0.5552164073942846,1.0025754554935644,13.566635221149914,0.7688390502715248,0.505078485687904,0.5278281659860607,0.25006965509508733
independent_Ridge,resp__passive_CW__b05,2,cc028L,170,-0.040158549472967486,0.06309706701371927,0.06533287363293588,0.6021424953744622,1.019881635030736,5.06504074301837,0.39566952341108225,0.5661742074484457,0.527225211755324,0.2500865608653094
independent_Ridge,resp__passive_CCW__b12,2,cc028L,170,-0.05051887180668646,0.031443944839176605,0.0340327834735157,0.6099249009195697,1.0249482288421627,3.886015208262142,0.29453057727782683,0.5136965220067713,0.5156875770811389,0.25016967276281943
independent_Ridge,resp__passive_CW__b08,2,cc028L,170,0.002532657440877606,0.06234626339634726,0.004227181376003871,0.5536872958162091,0.998732868468402,0.8227317251709945,0.012700649722090151,0.4910741766697445,0.5199578419333295,0.249472681297592
independent_Ridge,resp__passive_CCW__b15,2,cc028L,170,-0.0662991340511101,0.02311941863298891,0.034855661109475224,0.612821327826638,1.0326176126965443,2.0826062335584745,0.21702880825320575,0.5221606648199446,0.5053634176682082,0.2501754614329191
independent_Ridge,resp__passive_CW__b13,2,cc028L,170,-0.038996571054660256,0.0538776653916507,0.005029551158107698,0.6130500764023983,1.0193118124767613,6.108638694439004,0.4955680527030018,0.5380116959064327,0.5450005833974807,0.2501376924654781
independent_Ridge,resp__passive_CCW__b05,2,cc028L,170,-0.041625548990543715,0.043653012457405646,0.08129697790654869,0.6011694052785065,1.020600582495691,3.5958480467859326,0.2937390715868921,0.5517082179132041,0.5258316934820585,0.2502569674099622
independent_Ridge,resp__passive_CCW__b07,2,cc028L,170,-0.02299435332797728,0.07348637947672707,0.06767591772377332,0.5974871642388251,1.0114318332581673,6.791215672144352,0.3397730758009743,0.5303170206217298,0.5363042160877872,0.25002343868790566
independent_Ridge,resp__passive_CCW__b08,2,cc028L,170,-0.021107338382350793,0.12202591283215425,0.07992936040254743,0.6085939533887408,1.0104985593173057,10.815223964987826,0.5726926392287479,0.5424746075715605,0.5593885838497621,0.24990696499072215
shared_fullrank,resp__passive_CW__b02,2,cc028L,170,-0.08971653877207375,0.10234651483131757,0.029753050722006624,0.6977483235604179,1.0438948887565616,23.26871464978468,3.527760009293934,0.523084025854109,0.5012090965206513,0.2513013089569793
shared_fullrank,resp__passive_CW__b01,2,cc028L,170,-0.07954994775397806,0.08542637026339693,0.05561601791576228,0.6997395592310796,1.0390139304908177,19.550755442818918,2.79002224377857,0.5418590335487843,0.5151427540332834,0.2511317675510476
shared_fullrank,resp__passive_CW__b00,2,cc028L,170,-0.08372340113505072,0.09814631070792071,0.05657347834264976,0.7051947087925381,1.041020365379588,22.631289614338648,2.9914417095503345,0.5487842413050169,0.5177375397776453,0.25092410318596775
shared_fullrank,resp__passive_CW__b11,2,cc028L,170,0.0035280972287726753,0.13447632747994784,0.24233361856747965,0.5443648364997363,0.9982343927010466,9.14484961840516,0.20744546396781235,0.6934441366574331,0.650107087857337,0.2496191370554546
shared_fullrank,resp__passive_CW__b17,2,cc028L,170,-0.007137007475148005,0.015576970807142284,0.02432231467284702,0.5655348675163367,1.0035621592483188,1.2188415128700765,0.048979617721089205,0.5067713142505387,0.5132198571038123,0.2500195079655164
shared_fullrank,resp__passive_CCW__b00,2,cc028L,170,-0.08267035801964595,0.08827852596851476,0.01530654942153979,0.7009013929558816,1.0405144679530631,14.904728612907407,2.122211005811104,0.48799630655586335,0.4868889990457336,0.2511541923165741
shared_fullrank,resp__passive_CW__b16,2,cc028L,170,-0.024018616214271482,-0.02624307527155815,0.029121152475078217,0.5758803188419424,1.011938049593092,-2.0203700817251247,0.04139032601281452,0.5340104647583872,0.5269634961452546,0.25001777763802013
shared_fullrank,resp__passive_CW__b03,2,cc028L,170,-0.07705117120534122,0.12349470264606778,0.07598031679446134,0.6879146535383184,1.0378107588598902,21.456968670785194,3.2954541244997357,0.5330871037242229,0.5170760565824313,0.2513010696941282
shared_fullrank,resp__passive_CW__b25,2,cc028L,170,-0.005961838189314728,0.11909905672058342,0.02594756209091036,0.5729371628292611,1.0029764893502315,11.562230865388937,0.6147495314135843,0.5158510310864881,0.5371095109002344,0.24993383344525816
shared_fullrank,resp__passive_CCW__b01,2,cc028L,170,-0.08668666244859136,0.10114712656656007,0.00953615204289533,0.6984654921009661,1.0424426422823423,18.489371583834057,2.7976509477569826,0.4992305324715298,0.49654354294852954,0.25130075922211004
shared_fullrank,resp__passive_CCW__b11,2,cc028L,170,-0.023009302337167137,0.10112763304095548,0.03158209493776088,0.6066904406230424,1.0114392232542533,10.709773368354163,0.5336621678501045,0.492305324715297,0.5179446505022018,0.24999685588155762
shared_fullrank,resp__passive_CW__b04,2,cc028L,170,-0.04202260519834833,0.08091847777303639,0.04920987706759146,0.6716866895011274,1.020795084822781,8.603947980599663,0.975787764647028,0.5447830101569713,0.5202629972366815,0.2505964163571981
shared_fullrank,resp__passive_CCW__b02,2,cc028L,170,-0.08275642067627365,0.10743337229180068,0.029708189791697308,0.6971000835887196,1.040555822950539,18.241104318452305,2.899945087994343,0.5238534933825794,0.5103885886067243,0.2514230004476101
shared_fullrank,resp__passive_CW__b06,2,cc028L,170,-0.025479221315549694,0.041092783577005014,0.06118774546017976,0.5771233894489349,1.0126594794478299,3.25988451053675,0.17420434460967518,0.5344721452754694,0.5287441546621473,0.2500164662780392
shared_fullrank,resp__passive_CW__b18,2,cc028L,170,-0.0010832685570416611,0.05862050767951472,0.015894868479024864,0.5554634529160469,1.0005414876740701,4.381544107966048,0.06478852600438877,0.515389350569406,0.5210442288829746,0.2499138517593748
shared_fullrank,resp__passive_CCW__b16,2,cc028L,170,-0.07197817238108639,0.017150151831876518,0.06504834894851318,0.5886959074489743,1.0353637874588266,1.1494378233856228,0.15719522530699837,0.5473991997537704,0.5126265971773619,0.25001590406729884
shared_fullrank,resp__passive_CW__b12,2,cc028L,170,-0.007098932527823232,0.07307401674423705,0.012176538226815276,0.5772190677045395,1.0035431891691675,6.2436815551188,0.2887243583087217,0.5310864881502,0.5392683645987278,0.2498265205310765
shared_fullrank,resp__passive_CCW__b17,2,cc028L,170,-0.047878659309676275,0.04150674400646635,0.08292478880634398,0.5853396893392969,1.023659444986308,3.211039726695683,0.16407879194191682,0.5570944906124962,0.5382334316290929,0.2499327731993612
shared_fullrank,resp__passive_CW__b07,2,cc028L,170,-0.00418750737901652,0.03564862600044825,0.021282025338741142,0.5471369560065189,1.0020915663645795,2.442511131380317,0.07126242062928265,0.5021545090797168,0.5207442175324983,0.24993848643868494
shared_fullrank,resp__passive_CCW__b04,2,cc028L,170,-0.03708786827845034,0.06969003756181803,0.07787601153524658,0.6594650640328399,1.018375111772892,6.70488260493913,0.7146094970564031,0.5617112957833179,0.5347681958758498,0.2504991520020348
shared_fullrank,resp__passive_CCW__b03,2,cc028L,170,-0.0620633174524885,0.1041488533584344,0.021858808728432388,0.6830019862159352,1.030564562486256,15.276085265720145,2.2913439769996202,0.5243151738996614,0.5072879567339401,0.25123557310434425
shared_fullrank,resp__passive_CCW__b18,2,cc028L,170,-0.02762158013119298,0.03505323076570736,0.031173219601513088,0.5679885345203463,1.0137167159178115,2.443841717925909,0.12863964885228352,0.5006155740227762,0.5073871439828886,0.2500278554094789
shared_fullrank,resp__passive_CW__b15,2,cc028L,170,-0.03728955561559477,-0.02468604848090632,-0.02188316180488602,0.6008447304569815,1.0184741310487935,-2.558817491461394,-0.06699601691548189,0.4866112650046168,0.4884848823762736,0.25019338605397445
shared_fullrank,resp__passive_CCW__b25,2,cc028L,170,-0.0051575439581281746,0.10785170286088862,0.030788697341718917,0.5552164073942846,1.0025754554935644,13.566635221149918,0.7688390502715251,0.505078485687904,0.5278281659860607,0.25006965509508733
shared_fullrank,resp__passive_CW__b05,2,cc028L,170,-0.040158549472967486,0.06309706701371907,0.06797584508641277,0.6021424953744622,1.019881635030736,5.0650407430183435,0.3956695234110804,0.5689442905509388,0.5302920894759413,0.2500865608653094
shared_fullrank,resp__passive_CCW__b12,2,cc028L,170,-0.05051887180668668,0.03144394483917665,0.0340327834735157,0.6099249009195697,1.0249482288421627,3.8860152082621537,0.29453057727782767,0.5136965220067713,0.5156875770811389,0.25016967276281943
shared_fullrank,resp__passive_CW__b08,2,cc028L,170,0.0006568203034028608,0.05341719354503019,0.004227181376003871,0.5542076834498573,0.9996715359039674,3.642685629594738,0.09686787665489452,0.4910741766697445,0.5199578419333295,0.24994764176112566
shared_fullrank,resp__passive_CCW__b15,2,cc028L,170,-0.0662991340511101,0.02311941863298886,0.034855661109475224,0.612821327826638,1.0326176126965443,2.082606233558457,0.21702880825320459,0.5221606648199446,0.5053634176682082,0.2501754614329191
shared_fullrank,resp__passive_CW__b13,2,cc028L,170,-0.038996571054660256,0.05387766539165046,0.005029551158107698,0.6130500764023983,1.0193118124767613,6.108638694438974,0.49556805270299986,0.5380116959064327,0.5450005833974807,0.2501376924654782
shared_fullrank,resp__passive_CCW__b05,2,cc028L,170,-0.041625548990543715,0.043653012457405514,0.08129697790654869,0.6011694052785064,1.020600582495691,3.595848046785923,0.2937390715868915,0.5517082179132041,0.5258316934820585,0.2502569674099622
shared_fullrank,resp__passive_CCW__b07,2,cc028L,170,-0.02299435332797728,0.07348637947672709,0.06767591772377332,0.5974871642388251,1.0114318332581673,6.791215672144369,0.33977307580097493,0.5303170206217298,0.5363042160877872,0.25002343868790566
shared_fullrank,resp__passive_CCW__b08,2,cc028L,170,-0.021107338382350793,0.12202591283215422,0.07992936040254743,0.6085939533887408,1.0104985593173057,10.815223964987823,0.5726926392287477,0.5424746075715605,0.5593885838497621,0.24990696499072215
shared_RRR_selected,resp__passive_CW__b02,2,cc028L,170,-0.09028630840900198,0.03255626322066314,0.07383724606654185,0.6979307122100675,1.0441677587480864,9.320710766024687,1.4431682704692266,0.5526315789473684,0.5448561277129765,0.2513440212449384
shared_RRR_selected,resp__passive_CW__b01,2,cc028L,170,-0.07995490675030892,0.029834348814156506,0.07187874602332354,0.6998707895003418,1.0392087888149852,7.783594372887047,1.1402827244829863,0.5550938750384734,0.5398745519713262,0.25117072648434513
shared_RRR_selected,resp__passive_CW__b00,2,cc028L,170,-0.08429415079108171,0.031020160276793815,0.07666604815776093,0.7053803819345918,1.0412944592146267,8.755065734908568,1.1982710890533326,0.5678670360110802,0.5496203974750393,0.2509718825270517
shared_RRR_selected,resp__passive_CW__b11,2,cc028L,170,-0.0004471433732660124,-0.006855160908766129,0.03234016908750319,0.5454495772173156,1.0002235467000693,-0.6380076658503954,-0.05155105416841292,0.5427823945829485,0.5478918297049906,0.2500281501245815
shared_RRR_selected,resp__passive_CW__b17,2,cc028L,170,-0.006804844863128379,0.031725487339016804,0.035579815713929756,0.5654416006477038,1.0033966538030352,2.579758203911138,0.053207530740221436,0.5236995998768852,0.5234572227573348,0.2499706110261123
shared_RRR_selected,resp__passive_CCW__b00,2,cc028L,170,-0.08320698669052229,0.032347412177712025,0.057519403101743395,0.70107507333097,1.0407723029993268,6.665815915980022,0.9787795494871695,0.5166204986149585,0.5170284672580718,0.25118533954171657
shared_RRR_selected,resp__passive_CW__b16,2,cc028L,170,-0.022535526075922796,0.02452702961075304,0.039705768546345645,0.5754631428867991,1.01120498716923,1.8618515010009498,0.09896993495331767,0.5509387503847338,0.5373916644681599,0.24989984111481503
shared_RRR_selected,resp__passive_CW__b03,2,cc028L,170,-0.0779647537200081,0.036286722609986784,0.0868187175571929,0.6882063451505271,1.0382508144567035,9.108273268939355,1.4160673741937744,0.5607879347491536,0.5512910986922102,0.25137981230283474
shared_RRR_selected,resp__passive_CW__b25,2,cc028L,170,-0.007904356625667353,0.03621467808185813,0.05349986374602838,0.5734900686173281,1.003944399170426,4.845951932725088,0.2581740343123821,0.5250846414281317,0.5399529807424545,0.25016660625335424
shared_RRR_selected,resp__passive_CCW__b01,2,cc028L,170,-0.08738146739550134,0.029228159857945017,0.06486634174554394,0.6986887486055577,1.0427758471481305,7.578227189065713,1.174638912615553,0.533394890735611,0.5209448084922854,0.25135637565148955
shared_RRR_selected,resp__passive_CCW__b11,2,cc028L,170,-0.024119258038019398,0.06364472620284913,0.0660096545979986,0.6070194781756022,1.0119877756366524,8.667356769371438,0.44409077021467247,0.5095413973530316,0.5230812925056836,0.25013428028641926
shared_RRR_selected,resp__passive_CW__b04,2,cc028L,170,-0.04293740021777315,0.017891000820783553,0.06815400706678407,0.6719814627796149,1.0212430661785534,2.4111479637686966,0.2916247011740085,0.5534010464758388,0.5369714349977508,0.25068956849563584
shared_RRR_selected,resp__passive_CCW__b02,2,cc028L,170,-0.08351345562198165,0.03669741395490545,0.07901163394250534,0.6973437380720793,1.0409195240853069,9.168640804708929,1.4740464359179697,0.5555555555555556,0.5353479073915448,0.2514872562206501
shared_RRR_selected,resp__passive_CW__b06,2,cc028L,170,-0.02509797801249891,0.056435379161840625,0.0740512967911606,0.5770161006437803,1.0124712233009385,4.501077287718463,0.21906353043353463,0.5584795321637427,0.5427522927642666,0.2499640322790848
shared_RRR_selected,resp__passive_CW__b18,2,cc028L,170,-0.002006269284390072,0.0291176406967051,0.041016989452243746,0.5557194631129897,1.0010026320067245,2.4367743229746646,0.044571617018448806,0.5418590335487843,0.5353031212231462,0.24994149849715
shared_RRR_selected,resp__passive_CCW__b16,2,cc028L,170,-0.07024423196645913,0.05911157646131961,0.06656757307784175,0.5882196026316898,1.0345260905199343,3.948012285775677,0.23655043254659583,0.5433979686057249,0.5284143372786032,0.24988953289352975
shared_RRR_selected,resp__passive_CW__b12,2,cc028L,170,-0.009716442853871632,-0.04734450215394605,0.0024763233530744324,0.5779686943699124,1.0048464772560393,-5.437484792102223,-0.23753743347641343,0.5163127116035704,0.5350386772030529,0.25015787879242096
shared_RRR_selected,resp__passive_CCW__b17,2,cc028L,170,-0.04705248788422356,0.07616440168287712,0.08649571885896581,0.5851088962616157,1.0232558271928989,5.957302060540094,0.21140641691937503,0.5518621114188982,0.5375722914636688,0.2498581792011041
shared_RRR_selected,resp__passive_CW__b07,2,cc028L,170,-0.004482292039144298,0.031244938656913634,0.05072887418821515,0.5472172576162591,1.0022386402644554,2.3238257920175505,0.06970785406146042,0.5320098491843644,0.5367113863089095,0.24998916311337463
shared_RRR_selected,resp__passive_CCW__b04,2,cc028L,170,-0.03748001006246504,0.03721217582787578,0.07762479032551439,0.6595897301163678,1.0185676266514978,4.867836953470324,0.5218415988039937,0.562019082794706,0.5408432430205421,0.25055941588992037
shared_RRR_selected,resp__passive_CCW__b03,2,cc028L,170,-0.06283549761553808,0.03868497676843663,0.08023185124691883,0.683250231658898,1.030939133807393,7.6591416154078615,1.1554863971608467,0.5544783010156971,0.5375069618490671,0.25132567542428547
shared_RRR_selected,resp__passive_CCW__b18,2,cc028L,170,-0.027609514425296355,0.04444670061086236,0.053996669403022994,0.5679852000230667,1.013710764678612,3.3474753008026084,0.15109819358003246,0.5169282856263465,0.5183818834375965,0.25002028454910363
shared_RRR_selected,resp__passive_CW__b15,2,cc028L,170,-0.03722539595801555,-0.03496294873329945,-0.0027815923245858485,0.6008261480910047,1.018442632629848,-3.8954122178158914,-0.13339720232340194,0.497383810403201,0.5042604873967299,0.2502093339536729
shared_RRR_selected,resp__passive_CCW__b25,2,cc028L,170,-0.00679480207893679,0.009236564177643949,0.03932252802741745,0.5556684075346502,1.0033916493966535,1.4602465759167356,0.07248763565604484,0.5096952908587258,0.5291846499795496,0.25023294141259367
shared_RRR_selected,resp__passive_CW__b05,2,cc028L,170,-0.040251469536969786,0.04789718174206225,0.08555620280420206,0.6021693902501175,1.0199271883507026,4.190614778654668,0.33426617011130305,0.5809479839950754,0.5554665021157279,0.2501074551428002
shared_RRR_selected,resp__passive_CCW__b12,2,cc028L,170,-0.05046764082810884,0.045512313138364506,0.05882165182157963,0.6099100285401486,1.0249232365538936,6.28604340644019,0.42867515454225746,0.530932594644506,0.5209345957184239,0.2501505836565938
shared_RRR_selected,resp__passive_CW__b08,2,cc028L,170,-0.0001911379551917669,0.029215474598985183,0.051948957298191906,0.5544427605210102,1.0000955644113174,2.3338214628507603,0.05783141264566128,0.528624192059095,0.5386610273288326,0.25003698298810517
shared_RRR_selected,resp__passive_CCW__b15,2,cc028L,170,-0.06552985742924955,0.04041419707935391,0.051843854547181496,0.6126002293730722,1.0322450568684016,3.8267596751064894,0.31793097959008115,0.5381655894121269,0.5288845341254389,0.2501264386798364
shared_RRR_selected,resp__passive_CW__b13,2,cc028L,170,-0.04068982227930773,-0.04293295120842079,-0.0030633606696935265,0.6135494164577776,1.020142059852111,-6.221962291828228,-0.4124039220459888,0.5380116959064327,0.5451583619106444,0.25031425651284467
shared_RRR_selected,resp__passive_CCW__b05,2,cc028L,170,-0.04066639539972794,0.06834511576491131,0.09833900446062614,0.600892555984921,1.020130577622163,6.071680101726883,0.4540304716618719,0.5630963373345645,0.5461012370728362,0.2501686854053759
shared_RRR_selected,resp__passive_CCW__b07,2,cc028L,170,-0.02320839924954332,0.0740021859880995,0.08567155948214031,0.5975496684947073,1.0115376410443377,7.217619493449278,0.3600705852638021,0.5687903970452447,0.5575030392982808,0.2499984787199771
shared_RRR_selected,resp__passive_CCW__b08,2,cc028L,170,-0.02224298882836684,0.09117159572268844,0.09189056616387797,0.6089322909490651,1.0110603289756583,9.221161975266753,0.49860923508084326,0.5704832256078793,0.5751943475135428,0.250010567196746
independent_Ridge,resp__passive_CW__b02,3,cc029,103,-0.015194441486771293,0.031482679221331016,0.06197265388094912,0.5737718021685796,1.0075685790489752,3.9422252180274953,0.26736099586897627,0.5338775510204081,0.5207278597109105,0.25079088623242934
independent_Ridge,resp__passive_CW__b01,3,cc029,103,-0.012473262033484422,0.007373355312644471,0.04896647173848211,0.5748021301879742,1.0062173035848094,0.9091068128826498,-0.07371430775765475,0.5428571428571429,0.5268230963883138,0.25072662655799915
independent_Ridge,resp__passive_CW__b00,3,cc029,103,-0.007339631704000427,0.07286930702478654,0.10093392958117062,0.5873009726872139,1.0036631066767376,9.574416870866596,0.7779547157974999,0.5706122448979591,0.5463891845859059,0.25047329096673904
independent_Ridge,resp__passive_CW__b11,3,cc029,103,-0.06034294268636242,0.1694404945983041,0.19515754041512764,0.6350773638621958,1.0297295483214817,11.900901511489206,0.5971807202483569,0.6138775510204081,0.5963732563732563,0.24965711950222874
independent_Ridge,resp__passive_CW__b17,3,cc029,103,-0.024124204818408712,0.13014759054933955,0.12828642888210517,0.5555687569528945,1.0119902197246813,9.73516449788892,0.10155099773585509,0.5624489795918367,0.577989294078287,0.24982127999148815
independent_Ridge,resp__passive_CCW__b00,3,cc029,103,-0.013354418132351054,0.03976681294303474,0.0372145185212464,0.5489782396964256,1.006655064126909,4.291387563132289,0.28169033227768076,0.5375510204081633,0.5171957671957672,0.25064644476126385
independent_Ridge,resp__passive_CW__b16,3,cc029,103,-0.008343904995827378,0.09727503289757694,0.12602021274775813,0.537824771671112,1.0041632860226606,7.129360133566236,0.08292196609057909,0.5624489795918367,0.563146078727474,0.24988568104825717
independent_Ridge,resp__passive_CW__b03,3,cc029,103,-0.022127656175109367,0.045041363358207805,0.06367359447818059,0.5575965024959663,1.0110032918715495,4.672172519661615,0.3526126867110451,0.5546938775510204,0.5319757518937175,0.25077221262506955
independent_Ridge,resp__passive_CW__b25,3,cc029,103,-0.006667475826759306,0.1254917654172369,0.14342308207565002,0.5350225236293346,1.003328199457565,9.693256273111851,0.4868200174443243,0.566530612244898,0.5541911658725893,0.24999641140716464
independent_Ridge,resp__passive_CCW__b01,3,cc029,103,-0.02927804183350502,0.022730660726955315,-0.004833649373950749,0.5464172370803445,1.0145334109005506,2.5440281003106673,0.08126368803822426,0.5048979591836735,0.49823368721673805,0.2508114010219789
independent_Ridge,resp__passive_CCW__b11,3,cc029,103,-0.014924525803022837,0.03950608829678758,0.13563426317923646,0.5409451730182663,1.0074346260691178,2.8153732142826478,0.13432198065189585,0.5857142857142857,0.563771854825719,0.24995563535182294
independent_Ridge,resp__passive_CW__b04,3,cc029,103,-0.0031022472250334943,0.1015160855692938,0.10423272346671046,0.5526125020559207,1.0015499224826656,7.908834975785279,0.5566983845224307,0.5420408163265307,0.5188107448107449,0.25020092213728473
independent_Ridge,resp__passive_CCW__b02,3,cc029,103,-0.023771931672458058,0.038075751552203295,0.0216540619465732,0.5522698221587274,1.0118161550758409,4.08053521554042,0.2912809292163516,0.5322448979591837,0.5177132472047726,0.25091041975800166
independent_Ridge,resp__passive_CW__b06,3,cc029,103,-0.04115751573282722,0.07641884139549375,0.13448884863564625,0.5730595118964525,1.0203712636745643,5.496610777953263,0.25547532917097526,0.5555102040816327,0.5514432411442378,0.24995300937029075
independent_Ridge,resp__passive_CW__b18,3,cc029,103,-0.020213744971681713,0.18873753259720222,0.09603728240732241,0.5338944425997617,1.010056307822332,11.923251680334525,0.22001955603708948,0.5661224489795917,0.5740591966173361,0.2496317282345864
independent_Ridge,resp__passive_CCW__b16,3,cc029,103,0.0016407454781434128,0.05469666415852297,0.02464359390534369,0.5081871048269525,0.9991792904788692,3.019019254400351,0.009013150391960056,0.4987755102040816,0.49161554683697933,0.24993543551083183
independent_Ridge,resp__passive_CW__b12,3,cc029,103,-0.018384723026981575,0.16376380995645917,0.170494954813405,0.5637510858604043,1.0091504957274617,13.083635081422658,0.6110296252751404,0.623265306122449,0.584037644822215,0.24974684060478672
independent_Ridge,resp__passive_CCW__b17,3,cc029,103,-0.007532111754495752,0.0464585950267841,0.03692816488534885,0.5201936326290163,1.0037589908710634,2.88156572045901,0.04895648172505242,0.5265306122448979,0.5516748279043362,0.24985972190726768
independent_Ridge,resp__passive_CW__b07,3,cc029,103,-0.07326832227104219,0.12133530143747832,0.08330599975531705,0.6299816572203087,1.035986641936585,8.337575278801676,0.3859276702203864,0.569795918367347,0.5679174484052534,0.24968237335062352
independent_Ridge,resp__passive_CCW__b04,3,cc029,103,-0.0029676957798367987,0.06123100047044319,0.06981874350454216,0.562546623983171,1.001482748618186,4.38609735005376,0.23470388904503273,0.4910204081632653,0.4962699937449705,0.2504617912490887
independent_Ridge,resp__passive_CCW__b03,3,cc029,103,-0.017100253848963742,0.004814764121258588,0.029654782533550923,0.5632548351004371,1.0085138838156684,0.44367283471258556,-0.1390097118276515,0.533061224489796,0.5187366263413593,0.25086874679682586
independent_Ridge,resp__passive_CCW__b18,3,cc029,103,-0.019095581547260654,0.08836979547066609,0.025222028249856754,0.5232735822206792,1.0095026406836491,5.011716907678532,0.132453575583984,0.49795918367346936,0.5325782925782926,0.24984375112258564
independent_Ridge,resp__passive_CW__b15,3,cc029,103,0.001482520582685054,0.16097609427485263,0.020376924730470102,0.5269299862837296,0.9992584647714099,18.07796080717345,0.6121097314496691,0.4804081632653061,0.48339697420173044,0.2499148761698009
independent_Ridge,resp__passive_CCW__b25,3,cc029,103,-0.017806773607710324,0.1002946859203772,0.13048562480579842,0.5105983774931363,1.0088641006635684,8.78692544628064,0.5149128555379505,0.6065306122448979,0.5825048515533909,0.2499759413436789
independent_Ridge,resp__passive_CW__b05,3,cc029,103,0.002490073123763259,0.10067882223144807,0.07050599223069628,0.5334479856473133,0.9987541874136181,6.520376768520511,0.2839222216987402,0.530204081632653,0.512958892958893,0.24989091101315872
independent_Ridge,resp__passive_CCW__b12,3,cc029,103,-0.0006499580318051201,-0.012135586160501444,-0.05645175578084423,0.5241934298635275,1.0003249262273761,-1.0584875821585424,-0.06537040629687425,0.47836734693877553,0.48959768759878797,0.25006172613954925
independent_Ridge,resp__passive_CW__b08,3,cc029,103,-0.05533332563045401,0.11133153410056797,0.19605488035362084,0.6101666179308637,1.0272941767723858,6.554681614029265,0.36482878961411613,0.6306122448979592,0.6043650793650794,0.24971523352879746
independent_Ridge,resp__passive_CCW__b15,3,cc029,103,-0.003808020603213391,0.06606963245127749,-0.009211971793585249,0.5095077453569707,1.001902201117062,4.853451618102699,0.08332295392726931,0.4820408163265306,0.485504019789734,0.24997622007869502
independent_Ridge,resp__passive_CW__b13,3,cc029,103,0.0007590013958480579,0.14028778688187993,0.13727793304928843,0.5342052394603298,0.9996204272643453,13.263501448397848,0.7366930357716308,0.6,0.56295204656524,0.2499509412833898
independent_Ridge,resp__passive_CCW__b05,3,cc029,103,-0.00417240460820989,0.04216984675563279,0.06898831796043924,0.5573561996169405,1.0020840307121004,2.8140353879783624,0.130736143688234,0.5387755102040815,0.5166128373553814,0.24991685942054984
independent_Ridge,resp__passive_CCW__b07,3,cc029,103,-0.01007871675963723,-0.03367576701083071,-0.05674322712630416,0.5310371964589448,1.005026724400718,-1.9979626791858547,-0.04658049099960636,0.4726530612244898,0.5043345888261143,0.25006616411670735
independent_Ridge,resp__passive_CCW__b08,3,cc029,103,-0.008665676418732504,-0.05612732952598811,-0.06421471450394788,0.5196076891488781,1.004323491918183,-2.814098435731518,-0.10255176097946891,0.4697959183673469,0.4943101343101343,0.25011222193173444
shared_fullrank,resp__passive_CW__b02,3,cc029,103,-0.015194441486771293,0.0314826792213308,0.06197265388094912,0.5737718021685796,1.0075685790489752,3.942225218027477,0.2673609958689742,0.5338775510204081,0.5207278597109105,0.25079088623242934
shared_fullrank,resp__passive_CW__b01,3,cc029,103,-0.012473262033484422,0.0073733553126442775,0.04896647173848211,0.5748021301879742,1.0062173035848094,0.9091068128826723,-0.07371430775765236,0.5428571428571429,0.5268230963883138,0.25072662655799915
shared_fullrank,resp__passive_CW__b00,3,cc029,103,-0.007339631704000427,0.07286930702478651,0.10093392958117062,0.5873009726872139,1.0036631066767376,9.574416870866601,0.7779547157975004,0.5706122448979591,0.5463891845859059,0.25047329096673904
shared_fullrank,resp__passive_CW__b11,3,cc029,103,-0.06034294268636242,0.1694404945983041,0.1996915715295198,0.6350773638621958,1.0297295483214817,11.900901511489206,0.597180720248357,0.6167346938775509,0.5963732563732563,0.24965711950222874
shared_fullrank,resp__passive_CW__b17,3,cc029,103,-0.024124204818408712,0.13014759054933953,0.12828642888210517,0.5555687569528945,1.0119902197246813,9.735164497888926,0.1015509977358548,0.5624489795918367,0.577989294078287,0.24982127999148815
shared_fullrank,resp__passive_CCW__b00,3,cc029,103,-0.013354418132351054,0.039766812943034774,0.0372145185212464,0.5489782396964256,1.006655064126909,4.291387563132306,0.2816903322776825,0.5375510204081633,0.5171957671957672,0.25064644476126385
shared_fullrank,resp__passive_CW__b16,3,cc029,103,-0.008343904995827156,0.09727503289757695,0.14039346060785388,0.537824771671112,1.0041632860226606,7.129360133566234,0.08292196609057874,0.5730612244897959,0.5674650156045504,0.24988568104825717
shared_fullrank,resp__passive_CW__b03,3,cc029,103,-0.022127656175109367,0.045041363358208,0.06367359447818059,0.5575965024959663,1.0110032918715495,4.672172519661641,0.3526126867110481,0.5546938775510204,0.5319757518937175,0.25077221262506955
shared_fullrank,resp__passive_CW__b25,3,cc029,103,-0.006667475826759306,0.1254917654172369,0.14342308207565002,0.5350225236293346,1.003328199457565,9.693256273111858,0.4868200174443244,0.566530612244898,0.5541911658725893,0.24999641140716464
shared_fullrank,resp__passive_CCW__b01,3,cc029,103,-0.02927804183350502,0.022730660726955332,-0.004833649373950749,0.5464172370803445,1.0145334109005506,2.54402810031066,0.08126368803822338,0.5048979591836735,0.49823368721673805,0.2508114010219789
shared_fullrank,resp__passive_CCW__b11,3,cc029,103,-0.014924525803022837,0.039506088296787575,0.13563426317923646,0.5409451730182663,1.0074346260691178,2.8153732142826553,0.13432198065189602,0.5857142857142857,0.563771854825719,0.24995563535182294
shared_fullrank,resp__passive_CW__b04,3,cc029,103,-0.0031022472250334943,0.1015160855692937,0.10423272346671046,0.5526125020559207,1.0015499224826656,7.908834975785272,0.55669838452243,0.5420408163265307,0.5188107448107449,0.25020092213728473
shared_fullrank,resp__passive_CCW__b02,3,cc029,103,-0.023771931672458058,0.03807575155220317,0.0216540619465732,0.5522698221587274,1.0118161550758409,4.080535215540385,0.2912809292163472,0.5322448979591837,0.5177132472047726,0.25091041975800166
shared_fullrank,resp__passive_CW__b06,3,cc029,103,-0.04115751573282722,0.07641884139549385,0.13448884863564625,0.5730595118964525,1.0203712636745643,5.496610777953266,0.2554753291709754,0.5555102040816327,0.5514432411442378,0.24995300937029075
shared_fullrank,resp__passive_CW__b18,3,cc029,103,-0.020213744971681713,0.18873753259720225,0.09603728240732241,0.5338944425997617,1.010056307822332,11.923251680334516,0.22001955603708923,0.5661224489795917,0.5740591966173361,0.2496317282345864
shared_fullrank,resp__passive_CCW__b16,3,cc029,103,0.0016407454781434128,0.05469666415852295,0.02464359390534369,0.5081871048269525,0.9991792904788692,3.0190192544003516,0.009013150391960224,0.4987755102040816,0.49161554683697933,0.24993543551083178
shared_fullrank,resp__passive_CW__b12,3,cc029,103,-0.018384723026981575,0.16376380995645912,0.170494954813405,0.5637510858604043,1.0091504957274617,13.083635081422665,0.611029625275141,0.623265306122449,0.584037644822215,0.24974684060478672
shared_fullrank,resp__passive_CCW__b17,3,cc029,103,-0.007532111754495974,0.046458595026784115,0.03692816488534885,0.5201936326290164,1.0037589908710636,2.8815657204590104,0.048956481725052514,0.5265306122448979,0.5516748279043362,0.24985972190726768
shared_fullrank,resp__passive_CW__b07,3,cc029,103,-0.07326832227104219,0.12133530143747831,0.08330599975531705,0.6299816572203087,1.035986641936585,8.337575278801674,0.3859276702203863,0.569795918367347,0.5679174484052534,0.24968237335062352
shared_fullrank,resp__passive_CCW__b04,3,cc029,103,-0.0029676957798370207,0.061231000470443296,0.06981874350454216,0.562546623983171,1.001482748618186,4.386097350053752,0.23470388904503225,0.4910204081632653,0.4962699937449705,0.2504617912490887
shared_fullrank,resp__passive_CCW__b03,3,cc029,103,-0.017100253848963742,0.0048147641212587,0.029654782533550923,0.5632548351004371,1.0085138838156684,0.44367283471262114,-0.13900971182764735,0.533061224489796,0.5187366263413593,0.25086874679682586
shared_fullrank,resp__passive_CCW__b18,3,cc029,103,-0.019095581547260654,0.08836979547066616,0.025222028249856754,0.5232735822206792,1.0095026406836491,5.011716907678532,0.13245357558398388,0.49795918367346936,0.5325782925782926,0.24984375112258564
shared_fullrank,resp__passive_CW__b15,3,cc029,103,0.001482520582685054,0.16097609427485254,0.020376924730470102,0.5269299862837296,0.9992584647714099,18.077960807173444,0.6121097314496687,0.4804081632653061,0.48339697420173044,0.2499148761698009
shared_fullrank,resp__passive_CCW__b25,3,cc029,103,-0.017806773607710102,0.1002946859203772,0.13048562480579842,0.5105983774931362,1.0088641006635681,8.786925446280636,0.5149128555379502,0.6065306122448979,0.5825048515533909,0.2499759413436789
shared_fullrank,resp__passive_CW__b05,3,cc029,103,0.002490073123763148,0.10067882223144817,0.07050599223069628,0.5334479856473134,0.9987541874136183,6.52037676852051,0.2839222216987404,0.530204081632653,0.512958892958893,0.24989091101315872
shared_fullrank,resp__passive_CCW__b12,3,cc029,103,-0.0006499580318051201,-0.012135586160501338,-0.05645175578084423,0.5241934298635275,1.0003249262273761,-1.0584875821585291,-0.06537040629687373,0.47836734693877553,0.48959768759878797,0.25006172613954925
shared_fullrank,resp__passive_CW__b08,3,cc029,103,-0.05533332563045401,0.11133153410056805,0.19605488035362084,0.6101666179308637,1.0272941767723858,6.554681614029268,0.36482878961411636,0.6306122448979592,0.6043650793650794,0.24971523352879746
shared_fullrank,resp__passive_CCW__b15,3,cc029,103,-0.003808020603213391,0.06606963245127752,-0.004908101319284114,0.5095077453569707,1.001902201117062,4.85345161810275,0.08332295392727078,0.48489795918367345,0.485504019789734,0.24997622007869502
shared_fullrank,resp__passive_CW__b13,3,cc029,103,0.0007590013958478359,0.14028778688187987,0.13727793304928843,0.5342052394603298,0.9996204272643453,13.263501448397841,0.7366930357716305,0.6,0.56295204656524,0.2499509412833898
shared_fullrank,resp__passive_CCW__b05,3,cc029,103,-0.00417240460820989,0.042169846755632755,0.06898831796043924,0.5573561996169405,1.0020840307121004,2.814035387978347,0.13073614368823339,0.5387755102040815,0.5166128373553814,0.24991685942054984
shared_fullrank,resp__passive_CCW__b07,3,cc029,103,-0.010078716759637452,-0.033675767010830644,-0.05995099721151237,0.5310371964589449,1.0050267244007183,-1.9979626791858487,-0.04658049099960618,0.4706122448979592,0.4944139539054793,0.25006616411670735
shared_fullrank,resp__passive_CCW__b08,3,cc029,103,-0.008665676418732504,-0.0561273295259882,-0.06745346247202834,0.5196076891488781,1.004323491918183,-2.814098435731522,-0.10255176097946886,0.4677551020408164,0.48637362637362636,0.25011222193173444
shared_RRR_selected,resp__passive_CW__b02,3,cc029,103,-0.015289529775451838,0.026555540551067732,0.06197265388094912,0.5737986727359426,1.0076157649498403,3.3427451281037617,0.19826564487183237,0.5338775510204081,0.5207278597109105,0.25080154489831874
shared_RRR_selected,resp__passive_CW__b01,3,cc029,103,-0.012325822500654615,0.015379997512536882,0.04896647173848211,0.5747602764194427,1.0061440366571053,1.8908271868305753,0.03197274668925342,0.5428571428571429,0.5268230963883138,0.25070670830230635
shared_RRR_selected,resp__passive_CW__b00,3,cc029,103,-0.00756242394097173,0.06058293488670384,0.10093392958117062,0.5873659154629122,1.003774090092473,8.106493042064248,0.635045507405955,0.5706122448979591,0.5463891845859059,0.2505028382932026
shared_RRR_selected,resp__passive_CW__b11,3,cc029,103,-0.060131269293295375,0.17722256628630748,0.1996915715295198,0.6350139713102912,1.0296267621295085,12.359862457809092,0.6163455131686311,0.6167346938775509,0.5963732563732563,0.24963409013681068
shared_RRR_selected,resp__passive_CW__b17,3,cc029,103,-0.024113748966357207,0.13058048718881038,0.13410928764476554,0.5555659208908591,1.011985053726762,9.766742187373792,0.10161172984283523,0.570204081632653,0.5870802031691962,0.24982064705962373
shared_RRR_selected,resp__passive_CCW__b00,3,cc029,103,-0.013441283348850863,0.036966775775394645,0.0372145185212464,0.5490017685284388,1.0066982086747007,4.0448779853808485,0.255499533090318,0.5375510204081633,0.5171957671957672,0.2506598936638143
shared_RRR_selected,resp__passive_CW__b16,3,cc029,103,-0.00839664683504382,0.09527092383727939,0.14856914139908528,0.5378388370592109,1.0041895472643818,6.988819443076733,0.08222616818226348,0.5804081632653061,0.5742756468337864,0.2498885864212517
shared_RRR_selected,resp__passive_CW__b03,3,cc029,103,-0.02209223738575994,0.04641209161103721,0.06367359447818059,0.5575868414893216,1.0109857750659799,4.807614377842588,0.3687667996964047,0.5546938775510204,0.5319757518937175,0.2507676843839311
shared_RRR_selected,resp__passive_CW__b25,3,cc029,103,-0.006574955659354176,0.12893689664770264,0.14342308207565002,0.534997936805952,1.0032820917664953,9.927626115219233,0.4986935907002706,0.566530612244898,0.5541911658725893,0.24998809670373834
shared_RRR_selected,resp__passive_CCW__b01,3,cc029,103,-0.02928887784522405,0.022465845697683815,-0.004833649373950749,0.5464201133527219,1.0145387512782467,2.5172310010396424,0.07822205353146595,0.5048979591836735,0.49823368721673805,0.25081235849721567
shared_RRR_selected,resp__passive_CCW__b11,3,cc029,103,-0.014493055442446723,0.056445840594929256,0.13644750750518553,0.5408301759842687,1.0072204601984844,3.9892314426424806,0.17794230245489373,0.5848979591836736,0.5635452173701022,0.24991696725913
shared_RRR_selected,resp__passive_CW__b04,3,cc029,103,-0.0030552930957259417,0.1030900031380301,0.10423272346671046,0.5525995683083391,1.0015264814750164,8.021479757338629,0.5665539008226113,0.5420408163265307,0.5188107448107449,0.2501955837655003
shared_RRR_selected,resp__passive_CCW__b02,3,cc029,103,-0.023841775511752372,0.035643127775505656,0.016236251155391436,0.5522886603323767,1.011850668582945,3.8421118842612056,0.26199357679397195,0.529795918367347,0.515902605016772,0.25091874897652044
shared_RRR_selected,resp__passive_CW__b06,3,cc029,103,-0.041172101355971824,0.07584812466430003,0.13448884863564625,0.5730635258908195,1.0203784108633285,5.455987942895934,0.2542100678351458,0.5555102040816327,0.5514432411442378,0.24995430050222872
shared_RRR_selected,resp__passive_CW__b18,3,cc029,103,-0.020079050517524122,0.19344754117894122,0.09603728240732241,0.5338591975373355,1.0099896289158241,12.204153266926305,0.22393064293719145,0.5661224489795917,0.5740591966173361,0.24962097885963824
shared_RRR_selected,resp__passive_CCW__b16,3,cc029,103,0.001392744667327972,0.04798138077132172,-0.016339338464314557,0.5082502198768037,0.9993033850301278,2.661689404755084,0.007598245953973303,0.48,0.4846705850191362,0.24993739839852508
shared_RRR_selected,resp__passive_CW__b12,3,cc029,103,-0.018505130349895538,0.1594747868878779,0.170494954813405,0.5637844120441169,1.0092101517275258,12.843595801433752,0.6001568140113345,0.623265306122449,0.584037644822215,0.2497527069606831
shared_RRR_selected,resp__passive_CCW__b17,3,cc029,103,-0.00767024723150489,0.041878812435986616,0.04557910440614891,0.5202292914094935,1.0038277975985248,2.60275108319203,0.04881300422327169,0.533469387755102,0.5588176850471933,0.24986481270436442
shared_RRR_selected,resp__passive_CW__b07,3,cc029,103,-0.0731361953098082,0.12645245632775484,0.07328192181219254,0.6299428784162501,1.0359228713132111,8.681549015963208,0.39631796129051694,0.566530612244898,0.5684981684981685,0.24966821091944041
shared_RRR_selected,resp__passive_CCW__b04,3,cc029,103,-0.002921504141673248,0.06260047148695921,0.06981874350454216,0.56253366980259,1.0014596867281644,4.476171043176927,0.24205135528781493,0.4910204081632653,0.4962699937449705,0.2504567924929777
shared_RRR_selected,resp__passive_CCW__b03,3,cc029,103,-0.017146282771710375,0.0032130389342792352,0.029654782533550923,0.5632675800190817,1.0085367037305635,0.2971205435823445,-0.15640459430564643,0.533061224489796,0.5187366263413593,0.25087439110243237
shared_RRR_selected,resp__passive_CCW__b18,3,cc029,103,-0.018808559886398513,0.09777992635557024,0.06613483487159436,0.5231998887262056,1.00936047073699,5.538623544590552,0.1402430817978154,0.5224489795918367,0.5410439010439011,0.2498288122040244
shared_RRR_selected,resp__passive_CW__b15,3,cc029,103,0.0015189376124917775,0.1627238698577595,0.020376924730470102,0.5269203773382787,0.999240242578084,18.2315537375477,0.6175928471501677,0.4804081632653061,0.48339697420173044,0.24991263826258395
shared_RRR_selected,resp__passive_CCW__b25,3,cc029,103,-0.01779583928369033,0.1007871437180411,0.13048562480579842,0.510595634800101,1.008858681522685,8.82526797330554,0.5171185403919648,0.6065306122448979,0.5825048515533909,0.2499751435351552
shared_RRR_selected,resp__passive_CW__b05,3,cc029,103,0.0025491303734621606,0.10255885667791839,0.07050599223069628,0.5334321941066228,0.998724621518133,6.638130289642579,0.28981287764904384,0.530204081632653,0.512958892958893,0.24988547756282137
shared_RRR_selected,resp__passive_CCW__b12,3,cc029,103,-0.0006284073438669324,-0.011131624599397368,-0.05645175578084423,0.5241877851374372,1.0003141543254634,-0.9691490752675676,-0.06218938184274112,0.47836734693877553,0.48959768759878797,0.2500620840741736
shared_RRR_selected,resp__passive_CW__b08,3,cc029,103,-0.05556474797716149,0.10373243695988218,0.19605488035362084,0.6102335154914751,1.0274068074415126,6.127378456348348,0.3475726813082049,0.6306122448979592,0.6043650793650794,0.24973475375341744
shared_RRR_selected,resp__passive_CCW__b15,3,cc029,103,-0.00388402814592248,0.0640083771808573,-0.004094856993335054,0.5095270347518874,1.00194013201684,4.734726067653654,0.07943204501626967,0.48734693877551016,0.4862281804217288,0.24997701217578136
shared_RRR_selected,resp__passive_CW__b13,3,cc029,103,0.0003401967999726585,0.12468994568846652,0.13727793304928843,0.534317176506708,0.9998298871308196,12.332319883706989,0.681332613845914,0.6,0.56295204656524,0.2499721901270669
shared_RRR_selected,resp__passive_CCW__b05,3,cc029,103,-0.003839546895662016,0.05372388746823092,0.06898831796043924,0.5572638172306109,1.0019179342120104,3.574377422904682,0.168935906339964,0.5387755102040815,0.5166128373553814,0.24989962855494216
shared_RRR_selected,resp__passive_CCW__b07,3,cc029,103,-0.010514065073932821,-0.0477535205722968,-0.05995099721151237,0.5311516237997448,1.005243286510252,-2.848700838514674,-0.0735300621461976,0.4706122448979592,0.4944139539054793,0.25009124020565127
shared_RRR_selected,resp__passive_CCW__b08,3,cc029,103,-0.008641781923238945,-0.05547257838312746,-0.06745346247202834,0.5196015345639606,1.0043115960314501,-2.780867129229757,-0.10132479927366025,0.4677551020408164,0.48637362637362636,0.25011108987680736
independent_Ridge,resp__passive_CW__b02,4,cc029L,77,-0.007951106686908904,0.06631605130649068,0.0073826826301146365,0.7318668474499693,1.0039676820928596,16.931592419311567,1.7806773088285106,0.5273668639053254,0.5169803600654664,0.2507477862181583
independent_Ridge,resp__passive_CW__b01,4,cc029L,77,-0.00503464877407489,0.12951232877017502,0.06713800482047858,0.735676590868528,1.0025141638770372,38.95262118731469,4.069330039856561,0.5392011834319526,0.5453603134454199,0.25062446603301053
independent_Ridge,resp__passive_CW__b00,4,cc029L,77,-0.006340015034858704,0.11534094339517141,0.18738414201962017,0.7387592491048702,1.0031649989083844,32.42497302440849,2.9771459764956383,0.5968934911242604,0.570728562217924,0.25049068030028465
independent_Ridge,resp__passive_CW__b11,4,cc029L,77,0.005130127626411629,0.290262686309136,0.31136303843881036,0.8455043219675961,0.9974316379449714,32.061341255621294,0.8083354561102748,0.735207100591716,0.7078622769011158,0.24923503957816956
independent_Ridge,resp__passive_CW__b17,4,cc029L,77,-0.013376349238152452,0.12076367846981817,0.10493956024234374,0.7605402387844569,1.0066659571268677,13.699171004735797,-0.29765169922447443,0.5983727810650887,0.6370093515576709,0.24970164747343404
independent_Ridge,resp__passive_CCW__b00,4,cc029L,77,0.00025877535024099174,0.061512139962512966,0.06835920044350506,0.8012433345598644,0.999870603953211,16.615536030191016,1.7385490470365352,0.5835798816568046,0.5736545682102628,0.25063751810440993
independent_Ridge,resp__passive_CW__b16,4,cc029L,77,-0.035095218683928175,0.013913034925213692,-0.047321330392276144,0.738355565846234,1.0173962938225831,1.5932084097297035,-0.1434644396231212,0.4178994082840237,0.4655525395656974,0.25007983571841386
independent_Ridge,resp__passive_CW__b03,4,cc029L,77,-0.007593189913080112,0.10583944475864496,0.04568381807958154,0.7148216161087119,1.0037894151230526,22.94827198165232,2.5855123512752147,0.5539940828402367,0.5639583820434885,0.25074987480324257
independent_Ridge,resp__passive_CW__b25,4,cc029L,77,0.0013447262440304808,0.22922132533378062,0.2919490172412626,0.7994079024018278,0.9993274106897947,35.22440717443464,1.41223444903431,0.7389053254437871,0.6993430503604923,0.24962011460158776
independent_Ridge,resp__passive_CCW__b01,4,cc029L,77,0.0005490532541394533,0.07773882237553237,0.037843187090831974,0.8187270336789662,0.9997254356801475,21.412522837688076,2.447244868357453,0.525887573964497,0.54281604404354,0.250792493548836
independent_Ridge,resp__passive_CCW__b11,4,cc029L,77,0.0032553900331996344,0.2848020590670915,0.33277580727471606,0.8403125450888509,0.9983709781272693,49.05077477174818,1.4174513190042262,0.7736686390532546,0.7274448760891418,0.24946481612930563
independent_Ridge,resp__passive_CW__b04,4,cc029L,77,-0.02428263443818124,0.06003392148045332,-0.0399386477621615,0.7458220497219267,1.0120684929579526,8.710472885281119,0.5070701150512689,0.47411242603550297,0.48527054326083,0.2503048596930096
independent_Ridge,resp__passive_CCW__b02,4,cc029L,77,0.00042154617984502263,0.05770292764437996,0.046377679229028405,0.8229757383453526,0.9997892046927468,14.217572358920952,1.694049680429017,0.525887573964497,0.54281604404354,0.2509463621821012
independent_Ridge,resp__passive_CW__b06,4,cc029L,77,-0.021743527505502458,0.0699257021112717,0.1781696659549658,0.7544838074869935,1.0108133000240462,8.604962623074972,-0.03618503573035608,0.6346153846153846,0.6469988344988344,0.24983248539677497
independent_Ridge,resp__passive_CW__b18,4,cc029L,77,0.0010148865461435674,0.2191368596446123,0.10314939847677083,0.7928059811717477,0.999492427912216,22.639846340489747,-0.06440682718592658,0.5569526627218935,0.6109658146782208,0.24948575987830385
independent_Ridge,resp__passive_CCW__b16,4,cc029L,77,-0.036697106237716604,-0.020373418362329726,-0.043130409049617076,0.7563188501480677,1.0181832380459408,-0.4199296943008177,-0.09801102974450804,0.47411242603550297,0.4910278823740362,0.25027069654775236
independent_Ridge,resp__passive_CW__b12,4,cc029L,77,0.0025503580232917322,0.2534097801446318,0.30661724194056933,0.7815267242389684,0.9987240069091701,29.143631754460724,0.9099228590000157,0.7300295857988166,0.6929296194002077,0.24940936137360634
independent_Ridge,resp__passive_CCW__b17,4,cc029L,77,-0.008060350248931814,0.08403081747021622,0.1606011016509712,0.7621864719353315,1.004022086534421,9.3765372856968,-0.17326886373082498,0.636094674556213,0.6517504930966469,0.24974437474709651
independent_Ridge,resp__passive_CW__b07,4,cc029L,77,-0.003927620646803742,0.21324308930748853,0.11942738104279427,0.7741921437395977,1.0019618858254058,22.163044736060797,0.08460301037178425,0.6020710059171598,0.6516518737672584,0.2494021189233098
independent_Ridge,resp__passive_CCW__b04,4,cc029L,77,-0.0036675410895052885,0.026627728683427464,-0.0500967749900636,0.8047666381153185,1.0018320922637212,3.3409019984558834,0.13419262877731444,0.4415680473372781,0.47002920723751196,0.2504751751281622
independent_Ridge,resp__passive_CCW__b03,4,cc029L,77,0.000646232611360098,0.08269997750888367,0.08176459785081848,0.8016460765155872,0.9996768314753722,18.690104769172898,2.1789786317401143,0.5554733727810651,0.5529445157104731,0.2508289059742471
independent_Ridge,resp__passive_CCW__b18,4,cc029L,77,0.0035304416826688056,0.21626418628603658,0.20463353019486918,0.7762417643805599,0.9982332184000546,22.36647731400854,0.052370500785601216,0.6301775147928994,0.6372664652197619,0.24950041736609457
independent_Ridge,resp__passive_CW__b15,4,cc029L,77,-0.030824455391762484,0.056007840782170436,0.000291421682767683,0.7423462031601364,1.0152952552788583,9.929025869706061,0.07942442619923495,0.4674556213017752,0.4801671608945236,0.2500183846332487
independent_Ridge,resp__passive_CCW__b25,4,cc029L,77,-0.0002526662822184278,0.22185209447115498,0.289645398225099,0.8015810255050467,1.000126325162086,48.99387087528164,2.561757621360549,0.7285502958579883,0.687681068931069,0.24986244474926778
independent_Ridge,resp__passive_CW__b05,4,cc029L,77,-0.03892832088527087,0.00016291749440163275,-0.07731212379718165,0.7576218656108332,1.0192783333737998,0.018518283893455532,-0.1824943952332666,0.42677514792899407,0.47066636990941413,0.2500961492158725
independent_Ridge,resp__passive_CCW__b12,4,cc029L,77,0.0011339014827620453,0.16263722666453967,0.16022641663026987,0.8077966107925036,0.9994328884508643,33.90347575342739,1.0754990441771541,0.628698224852071,0.6150075414781296,0.2497977662762229
independent_Ridge,resp__passive_CW__b08,4,cc029L,77,0.005527006235974241,0.2532525997128036,0.12263301955323878,0.7567188250088319,0.997232667818311,21.99705797311255,0.4853747117965825,0.5525147928994083,0.6097884206436839,0.2493520543066922
independent_Ridge,resp__passive_CCW__b15,4,cc029L,77,-0.01843603952919337,-0.027915900131908776,-0.016778140559488473,0.7574710875802033,1.009175921001484,-3.4220337931094953,-0.21810863005683237,0.5044378698224853,0.5005063420621931,0.25002745507523144
independent_Ridge,resp__passive_CW__b13,4,cc029L,77,-0.003145851441838987,0.2087167982327733,0.29051966327340206,0.744249495304009,1.0015716906152246,31.92377203707227,1.5411829840058395,0.7167159763313609,0.6849376114081996,0.24982563369839803
independent_Ridge,resp__passive_CCW__b05,4,cc029L,77,-0.011097681903925016,-0.01677864723546011,-0.10553628083086804,0.790318736666291,1.0055335309694675,-1.8870639716470363,-0.19463497939710117,0.41494082840236685,0.46337522800288755,0.2501862992013932
independent_Ridge,resp__passive_CCW__b07,4,cc029L,77,0.0011525920298851577,0.16046772904311576,0.15467552743469498,0.8299012311095136,0.9994235378307411,25.269072420040803,0.6719411039889394,0.5636094674556213,0.6126464347618195,0.24984103727543164
independent_Ridge,resp__passive_CCW__b08,4,cc029L,77,-0.0005047284232870819,0.21161190144936937,0.14360150348952302,0.8259449972847618,1.0002523323758294,26.855921829407226,0.942692794098951,0.6035502958579881,0.6402091050047377,0.24957186859040031
shared_fullrank,resp__passive_CW__b02,4,cc029L,77,-0.007951106686908904,0.0663160513064908,0.0073826826301146365,0.7318668474499693,1.0039676820928596,16.93159241931178,1.7806773088285357,0.5273668639053254,0.5169803600654664,0.2507477862181583
shared_fullrank,resp__passive_CW__b01,4,cc029L,77,-0.00503464877407489,0.1295123287701753,0.06713800482047858,0.735676590868528,1.0025141638770372,38.952621187314755,4.069330039856568,0.5392011834319526,0.5453603134454199,0.25062446603301053
shared_fullrank,resp__passive_CW__b00,4,cc029L,77,-0.006340015034858704,0.1153409433951716,0.18738414201962017,0.7387592491048702,1.0031649989083844,32.42497302440839,2.977145976495629,0.5968934911242604,0.570728562217924,0.25049068030028465
shared_fullrank,resp__passive_CW__b11,4,cc029L,77,0.005130127626411629,0.2902626863091361,0.3285016225941234,0.8455043219675961,0.9974316379449714,32.06134125562128,0.8083354561102741,0.7403846153846154,0.7078622769011158,0.24923503957816956
shared_fullrank,resp__passive_CW__b17,4,cc029L,77,-0.013376349238152452,0.12076367846981817,0.10493956024234374,0.7605402387844569,1.0066659571268677,13.699171004735806,-0.2976516992244753,0.5983727810650887,0.6370093515576709,0.24970164747343404
shared_fullrank,resp__passive_CCW__b00,4,cc029L,77,0.00025877535024099174,0.06151213996251319,0.06835920044350506,0.8012433345598644,0.999870603953211,16.61553603019107,1.7385490470365397,0.5835798816568046,0.5736545682102628,0.25063751810440993
shared_fullrank,resp__passive_CW__b16,4,cc029L,77,-0.035095218683928175,0.01391303492521372,-0.047321330392276144,0.738355565846234,1.0173962938225831,1.5932084097297181,-0.14346443962312133,0.4178994082840237,0.4655525395656974,0.25007983571841386
shared_fullrank,resp__passive_CW__b03,4,cc029L,77,-0.007593189913080112,0.1058394447586448,0.04568381807958154,0.7148216161087119,1.0037894151230526,22.94827198165229,2.585512351275209,0.5539940828402367,0.5639583820434885,0.25074987480324257
shared_fullrank,resp__passive_CW__b25,4,cc029L,77,0.0013447262440302588,0.2292213253337805,0.2919490172412626,0.7994079024018279,0.9993274106897948,35.224407174434624,1.412234449034311,0.7389053254437871,0.6993430503604923,0.24962011460158776
shared_fullrank,resp__passive_CCW__b01,4,cc029L,77,0.0005490532541394533,0.07773882237553217,0.037843187090831974,0.8187270336789662,0.9997254356801475,21.41252283768808,2.447244868357455,0.525887573964497,0.54281604404354,0.250792493548836
shared_fullrank,resp__passive_CCW__b11,4,cc029L,77,0.0032553900331996344,0.28480205906709155,0.33277580727471606,0.8403125450888509,0.9983709781272693,49.050774771748166,1.4174513190042273,0.7736686390532546,0.7274448760891418,0.24946481612930563
shared_fullrank,resp__passive_CW__b04,4,cc029L,77,-0.024282634438181017,0.060033921480453306,-0.0399386477621615,0.7458220497219266,1.0120684929579524,8.71047288528115,0.5070701150512715,0.47411242603550297,0.48527054326083,0.2503048596930096
shared_fullrank,resp__passive_CCW__b02,4,cc029L,77,0.00042154617984502263,0.05770292764438048,0.046377679229028405,0.8229757383453526,0.9997892046927468,14.217572358921009,1.6940496804290235,0.525887573964497,0.54281604404354,0.2509463621821012
shared_fullrank,resp__passive_CW__b06,4,cc029L,77,-0.021743527505502458,0.06992570211127173,0.1781696659549658,0.7544838074869935,1.0108133000240462,8.60496262307497,-0.03618503573035606,0.6346153846153846,0.6469988344988344,0.24983248539677497
shared_fullrank,resp__passive_CW__b18,4,cc029L,77,0.0010148865461435674,0.21913685964461224,0.10314939847677083,0.7928059811717477,0.999492427912216,22.639846340489754,-0.06440682718592719,0.5569526627218935,0.6109658146782208,0.24948575987830385
shared_fullrank,resp__passive_CCW__b16,4,cc029L,77,-0.02498723935578373,-0.033140367636658674,-0.043130409049617076,0.7520352728684291,1.0124165345132328,-3.0922894634413383,-0.08715823688957074,0.47411242603550297,0.4910278823740362,0.250073921169098
shared_fullrank,resp__passive_CW__b12,4,cc029L,77,0.0025503580232917322,0.2534097801446317,0.30661724194056933,0.7815267242389684,0.9987240069091701,29.143631754460742,0.9099228590000157,0.7300295857988166,0.6929296194002077,0.24940936137360634
shared_fullrank,resp__passive_CCW__b17,4,cc029L,77,-0.008060350248931814,0.08403081747021598,0.1606011016509712,0.7621864719353315,1.004022086534421,9.376537285696793,-0.1732688637308249,0.636094674556213,0.6517504930966469,0.24974437474709651
shared_fullrank,resp__passive_CW__b07,4,cc029L,77,-0.003927620646803742,0.21324308930748825,0.11942738104279427,0.7741921437395977,1.0019618858254058,22.163044736060797,0.0846030103717844,0.6020710059171598,0.6516518737672584,0.2494021189233098
shared_fullrank,resp__passive_CCW__b04,4,cc029L,77,-0.0036675410895052885,0.026627728683427318,-0.0500967749900636,0.8047666381153185,1.0018320922637212,3.3409019984558697,0.1341926287773134,0.4415680473372781,0.47002920723751196,0.2504751751281622
shared_fullrank,resp__passive_CCW__b03,4,cc029L,77,0.000646232611360098,0.08269997750888353,0.08176459785081848,0.8016460765155872,0.9996768314753722,18.690104769172798,2.178978631740101,0.5554733727810651,0.5529445157104731,0.2508289059742471
shared_fullrank,resp__passive_CCW__b18,4,cc029L,77,0.0035304416826685836,0.21626418628603664,0.20463353019486918,0.77624176438056,0.9982332184000549,22.36647731400856,0.052370500785601785,0.6301775147928994,0.6372664652197619,0.24950041736609457
shared_fullrank,resp__passive_CW__b15,4,cc029L,77,-0.030824455391762262,0.05600784078217029,0.000291421682767683,0.7423462031601363,1.0152952552788583,9.929025869706003,0.07942442619923307,0.4674556213017752,0.4801671608945236,0.2500183846332487
shared_fullrank,resp__passive_CCW__b25,4,cc029L,77,-0.0002526662822184278,0.22185209447115506,0.289645398225099,0.8015810255050467,1.000126325162086,48.99387087528162,2.561757621360548,0.7285502958579883,0.687681068931069,0.24986244474926778
shared_fullrank,resp__passive_CW__b05,4,cc029L,77,-0.03892832088527087,0.00016291749440155642,-0.09404594019602798,0.7576218656108332,1.0192783333737998,0.018518283893443153,-0.18249439523326708,0.42011834319526625,0.46392311316615736,0.2500961492158725
shared_fullrank,resp__passive_CCW__b12,4,cc029L,77,0.0011339014827620453,0.16263722666453964,0.16022641663026987,0.8077966107925036,0.9994328884508643,33.90347575342728,1.0754990441771513,0.628698224852071,0.6150075414781296,0.2497977662762229
shared_fullrank,resp__passive_CW__b08,4,cc029L,77,0.005527006235974241,0.2532525997128036,0.12263301955323878,0.7567188250088319,0.997232667818311,21.997057973112543,0.48537471179658265,0.5525147928994083,0.6097884206436839,0.2493520543066922
shared_fullrank,resp__passive_CCW__b15,4,cc029L,77,-0.01843603952919337,-0.027915900131908877,-0.0007771244873804879,0.7574710875802033,1.009175921001484,-3.422033793109517,-0.2181086300568332,0.5103550295857988,0.5005063420621931,0.25002745507523144
shared_fullrank,resp__passive_CW__b13,4,cc029L,77,-0.003145851441838987,0.20871679823277334,0.29051966327340206,0.744249495304009,1.0015716906152246,31.92377203707221,1.5411829840058366,0.7167159763313609,0.6849376114081996,0.24982563369839803
shared_fullrank,resp__passive_CCW__b05,4,cc029L,77,-0.011097681903925238,-0.016778647235460152,-0.10553628083086804,0.790318736666291,1.0055335309694675,-1.8870639716470643,-0.1946349793971022,0.41494082840236685,0.46337522800288755,0.2501862992013932
shared_fullrank,resp__passive_CCW__b07,4,cc029L,77,0.0011525920298851577,0.16046772904311585,0.15467552743469498,0.8299012311095136,0.9994235378307411,25.26907242004079,0.6719411039889389,0.5636094674556213,0.6126464347618195,0.24984103727543164
shared_fullrank,resp__passive_CCW__b08,4,cc029L,77,-0.0005047284232870819,0.21161190144936934,0.14360150348952302,0.8259449972847618,1.0002523323758294,26.85592182940724,0.9426927940989512,0.6035502958579881,0.6402091050047377,0.24957186859040031
shared_RRR_selected,resp__passive_CW__b02,4,cc029L,77,-0.007951106686908904,0.06631605130649118,0.0073826826301146365,0.7318668474499693,1.0039676820928596,16.931592419311837,1.7806773088285424,0.5273668639053254,0.5169803600654664,0.2507477862181583
shared_RRR_selected,resp__passive_CW__b01,4,cc029L,77,-0.00503464877407489,0.12951232877017452,0.06713800482047858,0.735676590868528,1.0025141638770372,38.952621187314676,4.069330039856561,0.5392011834319526,0.5453603134454199,0.25062446603301053
shared_RRR_selected,resp__passive_CW__b00,4,cc029L,77,-0.006340015034858704,0.1153409433951719,0.18738414201962017,0.7387592491048702,1.0031649989083844,32.42497302440855,2.977145976495645,0.5968934911242604,0.570728562217924,0.25049068030028465
shared_RRR_selected,resp__passive_CW__b11,4,cc029L,77,0.005130127626411629,0.290262686309136,0.3285016225941234,0.8455043219675961,0.9974316379449714,32.06134125562126,0.8083354561102732,0.7403846153846154,0.7078622769011158,0.24923503957816956
shared_RRR_selected,resp__passive_CW__b17,4,cc029L,77,-0.013376349238152452,0.120763678469818,0.10493956024234374,0.7605402387844569,1.0066659571268677,13.69917100473577,-0.29765169922447493,0.5983727810650887,0.6370093515576709,0.24970164747343404
shared_RRR_selected,resp__passive_CCW__b00,4,cc029L,77,0.00025877535024099174,0.06151213996251319,0.051550629560866555,0.8012433345598644,0.999870603953211,16.61553603019091,1.7385490470365221,0.5754437869822484,0.5736545682102628,0.25063751810440993
shared_RRR_selected,resp__passive_CW__b16,4,cc029L,77,-0.035095218683928175,0.013913034925213421,-0.06304932226720462,0.738355565846234,1.0173962938225831,1.5932084097296861,-0.14346443962312083,0.4127218934911243,0.4655525395656974,0.25007983571841386
shared_RRR_selected,resp__passive_CW__b03,4,cc029L,77,-0.007593189913080112,0.10583944475864485,0.04568381807958154,0.7148216161087119,1.0037894151230526,22.948271981652244,2.585512351275204,0.5539940828402367,0.5639583820434885,0.25074987480324257
shared_RRR_selected,resp__passive_CW__b25,4,cc029L,77,0.0013447262440302588,0.22922132533378067,0.2919490172412626,0.7994079024018279,0.9993274106897948,35.2244071744347,1.4122344490343135,0.7389053254437871,0.6993430503604923,0.24962011460158776
shared_RRR_selected,resp__passive_CCW__b01,4,cc029L,77,0.0005490532541393423,0.07773882237553191,0.020882842162592327,0.8187270336789663,0.9997254356801476,21.412522837687774,2.4472448683574175,0.5177514792899408,0.54281604404354,0.250792493548836
shared_RRR_selected,resp__passive_CCW__b11,4,cc029L,77,0.0032553900331996344,0.2848020590670915,0.33277580727471606,0.8403125450888509,0.9983709781272693,49.05077477174818,1.4174513190042277,0.7736686390532546,0.7274448760891418,0.24946481612930563
shared_RRR_selected,resp__passive_CW__b04,4,cc029L,77,-0.02428263443818124,0.06003392148045309,-0.0399386477621615,0.7458220497219267,1.0120684929579526,8.710472885281087,0.5070701150512665,0.47411242603550297,0.48527054326083,0.2503048596930096
shared_RRR_selected,resp__passive_CCW__b02,4,cc029L,77,0.00042154617984502263,0.05770292764438033,0.046377679229028405,0.8229757383453526,0.9997892046927468,14.217572358921005,1.694049680429024,0.525887573964497,0.54281604404354,0.2509463621821012
shared_RRR_selected,resp__passive_CW__b06,4,cc029L,77,-0.021743527505502458,0.06992570211127164,0.1617141867269972,0.7544838074869935,1.0108133000240462,8.604962623074966,-0.0361850357303561,0.6286982248520709,0.6469988344988344,0.24983248539677497
shared_RRR_selected,resp__passive_CW__b18,4,cc029L,77,0.0010148865461435674,0.2191368596446123,0.0882994563711465,0.7928059811717477,0.999492427912216,22.63984634048977,-0.06440682718592704,0.5510355029585798,0.6109658146782208,0.24948575987830385
shared_RRR_selected,resp__passive_CCW__b16,4,cc029L,77,-0.02498723935578373,-0.03314036763665866,-0.058889338487627986,0.7520352728684291,1.0124165345132328,-3.092289463441337,-0.08715823688957078,0.4681952662721893,0.4910278823740362,0.250073921169098
shared_RRR_selected,resp__passive_CW__b12,4,cc029L,77,0.0025503580232917322,0.2534097801446317,0.30661724194056933,0.7815267242389684,0.9987240069091701,29.14363175446071,0.9099228590000147,0.7300295857988166,0.6929296194002077,0.24940936137360634
shared_RRR_selected,resp__passive_CCW__b17,4,cc029L,77,-0.008060350248931814,0.08403081747021594,0.14457671202043568,0.7621864719353315,1.004022086534421,9.376537285696791,-0.17326886373082487,0.6301775147928994,0.6517504930966469,0.24974437474709651
shared_RRR_selected,resp__passive_CW__b07,4,cc029L,77,-0.003927620646803742,0.21324308930748842,0.10358497816586995,0.7741921437395977,1.0019618858254058,22.16304473606077,0.08460301037178419,0.5968934911242604,0.6516518737672584,0.2494021189233098
shared_RRR_selected,resp__passive_CCW__b04,4,cc029L,77,-0.0036675410895052885,0.026627728683427526,-0.0500967749900636,0.8047666381153185,1.0018320922637212,3.340901998455889,0.13419262877731494,0.4415680473372781,0.47002920723751196,0.2504751751281622
shared_RRR_selected,resp__passive_CCW__b03,4,cc029L,77,0.000646232611360209,0.08269997750888318,0.08176459785081848,0.8016460765155872,0.9996768314753722,18.690104769172795,2.178978631740101,0.5554733727810651,0.5529445157104731,0.2508289059742471
shared_RRR_selected,resp__passive_CCW__b18,4,cc029L,77,0.0035304416826685836,0.21626418628603644,0.18874717102218624,0.77624176438056,0.9982332184000549,22.366477314008574,0.05237050078560182,0.6235207100591715,0.6372664652197619,0.24950041736609457
shared_RRR_selected,resp__passive_CW__b15,4,cc029L,77,-0.030824455391762262,0.056007840782169895,-0.01558957376532372,0.7423462031601363,1.0152952552788583,9.929025869705953,0.079424426199232,0.46153846153846156,0.4801671608945236,0.2500183846332487
shared_RRR_selected,resp__passive_CCW__b25,4,cc029L,77,-0.0002526662822184278,0.22185209447115503,0.289645398225099,0.8015810255050467,1.000126325162086,48.993870875281736,2.5617576213605537,0.7285502958579883,0.687681068931069,0.24986244474926778
shared_RRR_selected,resp__passive_CW__b05,4,cc029L,77,-0.03892832088527087,0.00016291749440139336,-0.09404594019602798,0.7576218656108332,1.0192783333737998,0.018518283893421316,-0.18249439523326785,0.42011834319526625,0.46392311316615736,0.2500961492158725
shared_RRR_selected,resp__passive_CCW__b12,4,cc029L,77,0.0011339014827620453,0.1626372266645396,0.16022641663026987,0.8077966107925036,0.9994328884508643,33.903475753427344,1.0754990441771524,0.628698224852071,0.6150075414781296,0.2497977662762229
shared_RRR_selected,resp__passive_CW__b08,4,cc029L,77,0.005527006235974241,0.2532525997128038,0.12263301955323878,0.7567188250088319,0.997232667818311,21.99705797311258,0.48537471179658365,0.5525147928994083,0.6097884206436839,0.2493520543066922
shared_RRR_selected,resp__passive_CCW__b15,4,cc029L,77,-0.01843603952919315,-0.0279159001319088,-0.016778140559488473,0.7574710875802033,1.009175921001484,-3.422033793109503,-0.21810863005683273,0.5044378698224853,0.5005063420621931,0.25002745507523144
shared_RRR_selected,resp__passive_CW__b13,4,cc029L,77,-0.003145851441838987,0.20871679823277323,0.29051966327340206,0.744249495304009,1.0015716906152246,31.923772037072172,1.5411829840058349,0.7167159763313609,0.6849376114081996,0.24982563369839803
shared_RRR_selected,resp__passive_CCW__b05,4,cc029L,77,-0.011097681903925238,-0.01677864723546022,-0.10553628083086804,0.790318736666291,1.0055335309694675,-1.88706397164703,-0.19463497939710087,0.41494082840236685,0.46337522800288755,0.2501862992013932
shared_RRR_selected,resp__passive_CCW__b07,4,cc029L,77,0.0011525920298851577,0.16046772904311557,0.15467552743469498,0.8299012311095136,0.9994235378307411,25.269072420040683,0.6719411039889355,0.5636094674556213,0.6126464347618195,0.24984103727543164
shared_RRR_selected,resp__passive_CCW__b08,4,cc029L,77,-0.0005047284232870819,0.21161190144936953,0.14360150348952302,0.8259449972847618,1.0002523323758294,26.8559218294072,0.94269279409895,0.6035502958579881,0.6402091050047377,0.24957186859040031
independent_Ridge,resp__passive_CW__b02,5,cc030L,292,-0.11932273272327887,-0.02472150678048411,0.0009325894550828871,0.5346339394011886,1.0579804973265239,-1.3764372235818685,-0.35142901772911356,0.5003644314868805,0.5022331758015413,0.2503826183564714
independent_Ridge,resp__passive_CW__b01,5,cc030L,292,-0.12269672737858217,-0.013130345831133663,0.007894911407242869,0.5392038785504807,1.0595738423435066,-0.7603555060082543,-0.2940897301473072,0.4993231986672221,0.5015845224080139,0.2503018379802899
independent_Ridge,resp__passive_CW__b00,5,cc030L,292,-0.11020562581403692,-0.0010536543676064158,0.007553859947025095,0.5528157390285076,1.0536629564590554,-0.06321067825366622,-0.2324655616332065,0.49104539775093714,0.4981233299631335,0.2502562820207184
independent_Ridge,resp__passive_CW__b11,5,cc030L,292,-0.3170811904987121,0.03259902666971113,-0.0023403581715448238,0.6795717596921719,1.1476415775400926,0.17253400072825006,-0.2457589990705559,0.48136193252811327,0.4895512171040158,0.2517266258826245
independent_Ridge,resp__passive_CW__b17,5,cc030L,292,-0.40710631252980867,-0.007295553667145238,0.0014857233359402851,0.6454243979232936,1.1862151206799754,-0.49350933687415205,-0.20993271910402356,0.4834443981674303,0.4949594189428098,0.2506565747970636
independent_Ridge,resp__passive_CCW__b00,5,cc030L,292,-0.20941464359730766,-0.01698919203369907,9.772987221366457e-05,0.5375817453438831,1.0997338967210692,-0.1770926155192375,-0.26604213582537783,0.5049458558933778,0.506733701100771,0.2504673829919251
independent_Ridge,resp__passive_CW__b16,5,cc030L,292,-0.4225944114593083,0.012414736633312275,0.026008183119195404,0.6177293568910714,1.1927256228736383,0.8455786162324347,-0.3240334531064624,0.506820074968763,0.5078200041750625,0.25048086941324255
independent_Ridge,resp__passive_CW__b03,5,cc030L,292,-0.12463206709232466,-0.015620073869955804,0.01694165963685148,0.5324157388565999,1.0604867123600958,-0.7750367303008364,-0.31623636716478526,0.5232715535193669,0.5169482579169453,0.2503282558999629
independent_Ridge,resp__passive_CW__b25,5,cc030L,292,-0.4320581730844273,-0.013827319677111063,-0.036132825921811614,0.625576832675857,1.196686330282262,-0.10978007928740517,-0.2643466550795328,0.4548104956268222,0.47726821408841236,0.25204047047878153
independent_Ridge,resp__passive_CCW__b01,5,cc030L,292,-0.22162642932442078,-0.01474442867239459,0.00021896076941712534,0.5208651717542708,1.105272106462667,-0.14650156329313602,-0.2725811558384125,0.5039566847147021,0.5046240013639709,0.25039882567170835
independent_Ridge,resp__passive_CCW__b11,5,cc030L,292,-0.4759912502992625,0.017309587659475732,-0.02090186894549786,0.652906835082428,1.2149038028993333,0.09681577929693469,-0.2743205987293608,0.4875052061640983,0.4942142652668969,0.25160477235696493
independent_Ridge,resp__passive_CW__b04,5,cc030L,292,-0.2448049337801066,-0.024554507210764923,0.0007881441307553595,0.5613794728159078,1.1157082655336503,-0.19900817756779804,-0.2558451792175899,0.517076218242399,0.5134493776025142,0.2501067663497341
independent_Ridge,resp__passive_CCW__b02,5,cc030L,292,-0.23536336377524814,-0.011673896953417341,0.006817016834235266,0.5141931955176762,1.111469011612671,-0.11075273378873067,-0.2825096498814488,0.5083298625572679,0.507828322168562,0.2504698079965526
independent_Ridge,resp__passive_CW__b06,5,cc030L,292,-0.2926056896442657,-0.021348027145110315,-0.007792022773446077,0.6406499942614418,1.136928181392416,-0.254628821163532,-0.22526233810356508,0.508225739275302,0.5094158326552036,0.2506584402564484
independent_Ridge,resp__passive_CW__b18,5,cc030L,292,-0.3928653436790881,-0.0056773960414193535,0.010151869599860489,0.64889933895631,1.180197163053313,-0.0677575029911668,-0.24477271012787485,0.4843815077051229,0.4949607557989941,0.25124710979336917
independent_Ridge,resp__passive_CCW__b16,5,cc030L,292,-0.51219891524577,0.008436814578263719,0.009292649198404283,0.6035124411865069,1.2297149731729584,0.555573130381519,-0.3153136488353773,0.5194189920866306,0.5106591922535622,0.2503493364197306
independent_Ridge,resp__passive_CW__b12,5,cc030L,292,-0.277976989059862,0.04913664397583326,0.021334918320614717,0.6228915091833979,1.13047644339007,0.5049178599485721,-0.26199549063077004,0.5056226572261558,0.5020912419021663,0.25008793341709884
independent_Ridge,resp__passive_CCW__b17,5,cc030L,292,-0.4594360801012001,-0.004818291864417734,-0.013171178115317839,0.6374571987551828,1.20807122310781,-0.3575287518035168,-0.2343259842525634,0.4717305289462724,0.48898455035963734,0.25066913742180247
independent_Ridge,resp__passive_CW__b07,5,cc030L,292,-0.2817091152328006,0.0006711319533224949,0.012914099829758729,0.6652743790738121,1.13212592728583,0.008394287881592662,-0.23921471428886903,0.509579341940858,0.5093071966009066,0.25055466846846985
independent_Ridge,resp__passive_CCW__b04,5,cc030L,292,-0.352170456629441,-0.009957340210664935,0.0006287957174099123,0.5406228059524651,1.162828644568683,-0.0782970423223973,-0.27102902494128206,0.5035401915868388,0.5033163333416846,0.250364418080347
independent_Ridge,resp__passive_CCW__b03,5,cc030L,292,-0.24312945108517514,-0.01179034048787602,0.010757737488012063,0.5127748265637306,1.114957152129702,-0.10464018172051742,-0.27928312788843895,0.504008746355685,0.5049102679989911,0.2504648727684308
independent_Ridge,resp__passive_CCW__b18,5,cc030L,292,-0.4469549023090871,-0.007950988937415644,-0.008635480292287176,0.6522862451805289,1.2028943853510528,-0.10596208179915831,-0.26117884489558096,0.4821949187838401,0.49299065329281233,0.25117431122524675
independent_Ridge,resp__passive_CW__b15,5,cc030L,292,-0.33678560111021927,0.015956280193454523,0.021430642007768275,0.581758931296352,1.1561944477942363,0.8406095484324018,-0.2855253604271116,0.510932944606414,0.5083844810513269,0.25007442353135645
independent_Ridge,resp__passive_CCW__b25,5,cc030L,292,-0.44236888796405616,-0.022656675901454544,-0.03486864273608002,0.6369918727975931,1.2009866310513437,-0.19550018491798185,-0.2710917125588147,0.4700645564348188,0.48839958624844276,0.25135690760988294
independent_Ridge,resp__passive_CW__b05,5,cc030L,292,-0.2956167114492887,-0.01843523360553401,0.0014991934356295585,0.5834528013201179,1.1382516028757828,-0.1645914676139551,-0.23894137844912428,0.5044773011245314,0.5065033659365199,0.2504836996965617
independent_Ridge,resp__passive_CCW__b12,5,cc030L,292,-0.4262383120743112,0.03145040659140392,-0.012350935023600806,0.605585334952634,1.194252197851991,0.36125405689795337,-0.2891232090630786,0.48828613077884214,0.49617163094632255,0.25049346224086716
independent_Ridge,resp__passive_CW__b08,5,cc030L,292,-0.2662666287773672,0.010777222870928197,0.012536937038459072,0.6554965669648605,1.1252851322119952,0.07808353565832882,-0.23595478412777027,0.5052582257392754,0.5065083904547162,0.2508102993393966
independent_Ridge,resp__passive_CCW__b15,5,cc030L,292,-0.4243361036100477,0.025162560355815867,0.024661459748133795,0.5713093507181162,1.1934555306378398,1.3878544753000859,-0.32859424646564006,0.5279050395668471,0.5159715599055799,0.2500004077861739
independent_Ridge,resp__passive_CW__b13,5,cc030L,292,-0.295564834674481,0.0532161061834819,0.04596055333553235,0.6017816735906871,1.138228814726846,0.5845936893345512,-0.2723853235112296,0.5295710120783008,0.5151977531994736,0.24947770812498965
independent_Ridge,resp__passive_CCW__b05,5,cc030L,292,-0.41043024107667825,-0.019581039396712283,-0.0009380348145317424,0.5688595513936701,1.1876153590606169,-0.1833157304325374,-0.25945271175079787,0.4979175343606831,0.5016186201763397,0.25069848144068724
independent_Ridge,resp__passive_CCW__b07,5,cc030L,292,-0.3929476490428794,-0.01945149398011296,-0.01983887746150818,0.6277304045372517,1.180232031866141,-0.2292187087478064,-0.24969260753025313,0.4731361932528113,0.4892129814894647,0.2513459507376732
independent_Ridge,resp__passive_CCW__b08,5,cc030L,292,-0.476627255729394,-0.02132773056236949,-0.0025974364571039357,0.6262129769060653,1.215165526061941,-0.12919809084826103,-0.2628111549385288,0.4933881715951687,0.5012936867804393,0.2520333374157782
shared_fullrank,resp__passive_CW__b02,5,cc030L,292,-0.15807902054292522,-0.027545802363448387,0.0009325894550828871,0.5438109648421605,1.076140799590335,-0.2984508062015604,-0.26530162983275524,0.5003644314868805,0.5022331758015413,0.2504830236574772
shared_fullrank,resp__passive_CW__b01,5,cc030L,292,-0.1578942054376269,-0.015925117248506825,0.007894911407242869,0.5475908963242904,1.0760549267754072,-0.1794925961887561,-0.2525396866716515,0.4993231986672221,0.5015845224080139,0.250401120428991
shared_fullrank,resp__passive_CW__b00,5,cc030L,292,-0.14298457100625583,-0.003315900092326635,0.007553859947025095,0.5609173470536369,1.0691045650478983,-0.03885957428681547,-0.23038858436445234,0.49104539775093714,0.4981233299631335,0.25053834639683137
shared_fullrank,resp__passive_CW__b11,5,cc030L,292,-0.26370091108828664,0.032135406096475444,-0.0023403581715448238,0.6656580655048675,1.1241445241107955,0.2907648185300085,-0.2507417153272728,0.48136193252811327,0.4895512171040158,0.2508743854524401
shared_fullrank,resp__passive_CW__b17,5,cc030L,292,-0.4411881119078924,-0.009439853017555578,0.014162520132875216,0.653194107285335,1.2004949445574074,-0.12283336945415646,-0.24254640482140463,0.483652644731362,0.49511226903196237,0.25145429270590247
shared_fullrank,resp__passive_CCW__b00,5,cc030L,292,-0.20941464359730788,-0.016989192033699037,9.772987221366457e-05,0.5375817453438833,1.0997338967210695,-0.17709261551923677,-0.26604213582537783,0.5049458558933778,0.506733701100771,0.2504673829919251
shared_fullrank,resp__passive_CW__b16,5,cc030L,292,-0.4484972921417405,0.010949731437371572,0.026008183119195404,0.6233278564199436,1.2035353306578667,0.14232267271025456,-0.2673658518334513,0.506820074968763,0.5078200041750625,0.2509108557070072
shared_fullrank,resp__passive_CW__b03,5,cc030L,292,-0.16568360366043078,-0.018486304138096807,0.01694165963685148,0.5420458177285535,1.0796682840856402,-0.17777817417394579,-0.26591126962548983,0.5232715535193669,0.5169482579169453,0.2500825293795114
shared_fullrank,resp__passive_CW__b25,5,cc030L,292,-0.4320581730844273,-0.013827319677111032,-0.036132825921811614,0.625576832675857,1.196686330282262,-0.10978007928740681,-0.2643466550795327,0.4548104956268222,0.47726821408841236,0.25204047047878153
shared_fullrank,resp__passive_CCW__b01,5,cc030L,292,-0.22162642932442078,-0.014744428672394602,0.00021896076941712534,0.5208651717542708,1.105272106462667,-0.1465015632931345,-0.27258115583841247,0.5039566847147021,0.5046240013639709,0.25039882567170835
shared_fullrank,resp__passive_CCW__b11,5,cc030L,292,-0.4098922010809669,0.01748004889905309,-0.024707888602381923,0.6381198842364392,1.187388816302801,0.16582249495871687,-0.27765249732824004,0.4846938775510204,0.493322591343153,0.25084066999384663
shared_fullrank,resp__passive_CW__b04,5,cc030L,292,-0.24480493378010637,-0.02455450721076495,0.0007881441307553595,0.5613794728159077,1.11570826553365,-0.199008177567798,-0.25584517921759,0.517076218242399,0.5134493776025142,0.2501067663497341
shared_fullrank,resp__passive_CCW__b02,5,cc030L,292,-0.23536336377524814,-0.011673896953417405,0.006817016834235266,0.5141931955176762,1.111469011612671,-0.11075273378873074,-0.2825096498814489,0.5083298625572679,0.507828322168562,0.2504698079965526
shared_fullrank,resp__passive_CW__b06,5,cc030L,292,-0.2926056896442657,-0.021348027145110297,-0.007792022773446077,0.6406499942614418,1.136928181392416,-0.25462882116353164,-0.22526233810356516,0.508225739275302,0.5094158326552036,0.2506584402564484
shared_fullrank,resp__passive_CW__b18,5,cc030L,292,-0.3928653436790883,-0.005677396041419381,0.010151869599860489,0.6488993389563101,1.1801971630533132,-0.06775750299116691,-0.24477271012787497,0.4843815077051229,0.4949607557989941,0.25124710979336917
shared_fullrank,resp__passive_CCW__b16,5,cc030L,292,-0.534079019857026,0.008109294733063906,0.009292649198404283,0.6078628913780877,1.2385794362320999,0.1012727347795877,-0.27915917183722716,0.5194189920866306,0.5106591922535622,0.2502225024226539
shared_fullrank,resp__passive_CW__b12,5,cc030L,292,-0.27797698905986157,0.04913664397583326,0.021334918320614717,0.6228915091833978,1.1304764433900698,0.5049178599485715,-0.26199549063076993,0.5056226572261558,0.5020912419021663,0.25008793341709884
shared_fullrank,resp__passive_CCW__b17,5,cc030L,292,-0.4902241066807882,-0.005733743192954974,0.007368144530032559,0.6441459534240649,1.2207473557951243,-0.08171790841100546,-0.2585629496733701,0.4723552686380674,0.48944639284742886,0.2515174258347514
shared_fullrank,resp__passive_CW__b07,5,cc030L,292,-0.2817091152328006,0.0006711319533224786,0.012914099829758729,0.6652743790738121,1.13212592728583,0.008394287881591187,-0.23921471428886895,0.509579341940858,0.5093071966009066,0.25055466846846985
shared_fullrank,resp__passive_CCW__b04,5,cc030L,292,-0.352170456629441,-0.009957340210664956,0.0006287957174099123,0.5406228059524651,1.162828644568683,-0.07829704232239705,-0.27102902494128206,0.5035401915868388,0.5033163333416846,0.250364418080347
shared_fullrank,resp__passive_CCW__b03,5,cc030L,292,-0.24312945108517514,-0.011790340487876036,0.010757737488012063,0.5127748265637306,1.114957152129702,-0.10464018172051946,-0.2792831278884388,0.504008746355685,0.5049102679989911,0.2504648727684308
shared_fullrank,resp__passive_CCW__b18,5,cc030L,292,-0.4469549023090871,-0.007950988937415625,-0.008635480292287176,0.6522862451805289,1.2028943853510528,-0.10596208179915798,-0.261178844895581,0.4821949187838401,0.49299065329281233,0.25117431122524675
shared_fullrank,resp__passive_CW__b15,5,cc030L,292,-0.39114806395058177,0.015031025394992377,0.018360605670076854,0.5934701196314525,1.1794693993277576,0.15451587600655697,-0.2602605660947557,0.5096834652228238,0.5079571061794722,0.25019814956537373
shared_fullrank,resp__passive_CCW__b25,5,cc030L,292,-0.44236888796405616,-0.022656675901454565,-0.03486864273608002,0.6369918727975931,1.2009866310513437,-0.19550018491798285,-0.27109171255881453,0.4700645564348188,0.48839958624844276,0.25135690760988294
shared_fullrank,resp__passive_CW__b05,5,cc030L,292,-0.2956167114492887,-0.018435233605533983,0.0014991934356295585,0.5834528013201179,1.1382516028757828,-0.16459146761395624,-0.2389413784491243,0.5044773011245314,0.5065033659365199,0.25048369969656176
shared_fullrank,resp__passive_CCW__b12,5,cc030L,292,-0.4262383120743112,0.03145040659140391,-0.012350935023600806,0.605585334952634,1.194252197851991,0.36125405689795276,-0.2891232090630786,0.48828613077884214,0.49617163094632255,0.25049346224086716
shared_fullrank,resp__passive_CW__b08,5,cc030L,292,-0.24114134295035994,0.011508922829741301,0.012536937038459072,0.6489607963136471,1.1140652328074692,0.14463402156514002,-0.2387979188029721,0.5052582257392754,0.5065083904547162,0.25039986390698205
shared_fullrank,resp__passive_CCW__b15,5,cc030L,292,-0.4680766311465092,0.024457159484064604,0.024661459748133795,0.5800153052183005,1.2116421217284044,0.26034026514416264,-0.28412706654702896,0.5279050395668471,0.5159715599055799,0.2497076316568818
shared_fullrank,resp__passive_CW__b13,5,cc030L,292,-0.295564834674481,0.05321610618348193,0.04596055333553235,0.6017816735906871,1.138228814726846,0.5845936893345517,-0.2723853235112297,0.5295710120783008,0.5151977531994736,0.24947770812498965
shared_fullrank,resp__passive_CCW__b05,5,cc030L,292,-0.41043024107667847,-0.01958103939671224,-0.0009380348145317424,0.5688595513936701,1.1876153590606169,-0.18331573043253607,-0.25945271175079804,0.4979175343606831,0.5016186201763397,0.25069848144068724
shared_fullrank,resp__passive_CCW__b07,5,cc030L,292,-0.3929476490428794,-0.019451493980112953,-0.01983887746150818,0.6277304045372517,1.180232031866141,-0.2292187087478064,-0.24969260753025313,0.4731361932528113,0.4892129814894647,0.2513459507376732
shared_fullrank,resp__passive_CCW__b08,5,cc030L,292,-0.4283371769798485,-0.020351647855023913,-0.0025974364571039357,0.6158883555843672,1.1951306108454625,-0.2129447354866162,-0.25914782364943073,0.4933881715951687,0.5012936867804393,0.2511075707973206
shared_RRR_selected,resp__passive_CW__b02,5,cc030L,292,-0.15216824058767364,-0.02137765780074627,0.0009325894550828871,0.5424213969189048,1.0733910007949916,-0.22666323201285188,-0.26204935316174555,0.5003644314868805,0.5022331758015413,0.25042851187211856
shared_RRR_selected,resp__passive_CW__b01,5,cc030L,292,-0.15373179023049244,-0.011472631164569473,0.007894911407242869,0.5466057662625344,1.0741190763739803,-0.12732375963698034,-0.2503156270536834,0.4993231986672221,0.5015845224080139,0.2503565263359311
shared_RRR_selected,resp__passive_CW__b00,5,cc030L,292,-0.1385228949916213,-0.0012748247614125156,0.009762956296065935,0.5598214973849053,1.0670158831955698,-0.014510589743909893,-0.2295568273286648,0.4916701374427322,0.4983461392238437,0.2505420524193649
shared_RRR_selected,resp__passive_CW__b11,5,cc030L,292,-0.27051786539992007,0.02773176011913979,-0.008173197934865942,0.6674510757675074,1.1271725091572806,0.25911468207916016,-0.24945483921769648,0.47553102873802583,0.4877176515138416,0.2510498469788185
shared_RRR_selected,resp__passive_CW__b17,5,cc030L,292,-0.4397567725692979,-0.008367630911432241,0.014162520132875216,0.6528696615494098,1.1998986509573624,-0.10840539021667216,-0.24409414213618646,0.483652644731362,0.49511226903196237,0.2514331246917119
shared_RRR_selected,resp__passive_CCW__b00,5,cc030L,292,-0.20380019366247115,-0.01114252109657274,9.772987221366457e-05,0.5363324894195122,1.0971782870903302,-0.11390149127005185,-0.2637154587449319,0.5049458558933778,0.506733701100771,0.25040788208416254
shared_RRR_selected,resp__passive_CW__b16,5,cc030L,292,-0.45494970519944533,0.004581879986974119,0.02183359860698356,0.6247146383450101,1.206212960135749,0.06083190084162357,-0.26010441700781645,0.5044252394835484,0.5070051250319159,0.25102292364384676
shared_RRR_selected,resp__passive_CW__b03,5,cc030L,292,-0.1618100449054405,-0.013230424193213366,0.016186187662789252,0.541144461006173,1.077872926139923,-0.1265717801650404,-0.2630718083427438,0.5240004164931279,0.5171686736698997,0.2500119294537944
shared_RRR_selected,resp__passive_CW__b25,5,cc030L,292,-0.4324871152506897,-0.014434162033061318,-0.036132825921811614,0.6256705146910977,1.1968655376652342,-0.11461170952821169,-0.26402235908405763,0.4548104956268222,0.47726821408841236,0.25205118390144543
shared_RRR_selected,resp__passive_CCW__b01,5,cc030L,292,-0.2132415788642763,-0.005758496514101706,0.00021896076941712534,0.5190745685199388,1.1014724594216037,-0.056179135210823065,-0.26826443548207834,0.5039566847147021,0.5046240013639709,0.25036483762422257
shared_RRR_selected,resp__passive_CCW__b11,5,cc030L,292,-0.40894952996875555,0.019238895868342532,-0.02090186894549786,0.6379065211995568,1.1869917986105696,0.18303452132613385,-0.27891797164677895,0.4875052061640983,0.4942142652668969,0.25077952883859916
shared_RRR_selected,resp__passive_CW__b04,5,cc030L,292,-0.24615963358288906,-0.02380469676829451,0.0007881441307553595,0.5616848595648842,1.1163152035079023,-0.19505937892994976,-0.25558569550559723,0.517076218242399,0.5134493776025142,0.2500796864952242
shared_RRR_selected,resp__passive_CCW__b02,5,cc030L,292,-0.22657746208685658,-0.0024961487540944255,0.006817016834235266,0.5123614624142813,1.1075095765215108,-0.023241495255965076,-0.2775010281694846,0.5083298625572679,0.507828322168562,0.2503748408353183
shared_RRR_selected,resp__passive_CW__b06,5,cc030L,292,-0.29561312027731335,-0.026729898064725432,-0.007792022773446077,0.641394842842775,1.138250025379887,-0.3190769520236111,-0.22110437485484044,0.508225739275302,0.5094158326552036,0.2507629168125072
shared_RRR_selected,resp__passive_CW__b18,5,cc030L,292,-0.39181044905501317,-0.003443811627535635,0.010151869599860489,0.6486535685798642,1.1797501638291954,-0.04126178439108762,-0.2471746334825967,0.4843815077051229,0.4949607557989941,0.25122328406661587
shared_RRR_selected,resp__passive_CCW__b16,5,cc030L,292,-0.548044398058168,-0.006326565737656592,-0.0003347463071717309,0.6106234410869175,1.2442043232757907,-0.08263689492537594,-0.2629030002523815,0.5119221157850896,0.5082330687729586,0.2505036318139344
shared_RRR_selected,resp__passive_CW__b12,5,cc030L,292,-0.28286234290174983,0.047010952443605064,0.03275756285711858,0.6240809448374904,1.1326351322918384,0.4962600746317295,-0.2627159712422965,0.5118700541441067,0.5040734356569853,0.2501376147510255
shared_RRR_selected,resp__passive_CCW__b17,5,cc030L,292,-0.49047938565115135,-0.006747039186933954,0.007368144530032559,0.6442011229363248,1.220851909795431,-0.09599344637212141,-0.257124693380126,0.4723552686380674,0.48944639284742886,0.2515315263579233
shared_RRR_selected,resp__passive_CW__b07,5,cc030L,292,-0.2834785365554586,-0.0020264908944560038,0.012914099829758729,0.6657334320167941,1.1329071173558134,-0.02542828100015692,-0.2368354332387604,0.509579341940858,0.5093071966009066,0.25060396635709364
shared_RRR_selected,resp__passive_CCW__b04,5,cc030L,292,-0.35494623852336593,-0.009884304427157455,-0.0038237887245592757,0.54117742598257,1.1640215799216806,-0.07882789866838963,-0.2709264572447593,0.4993752603082049,0.5019532279979414,0.2503592369500316
shared_RRR_selected,resp__passive_CCW__b03,5,cc030L,292,-0.23884625846554597,-0.0072782677829471894,0.010757737488012063,0.5118906835398509,1.1130347067659419,-0.06402986179676519,-0.27719367236450876,0.504008746355685,0.5049102679989911,0.2504111160071957
shared_RRR_selected,resp__passive_CCW__b18,5,cc030L,292,-0.44775409042677206,-0.006892057453203088,-0.008635480292287176,0.6524663570326519,1.203226533295693,-0.09332181753718355,-0.2622615882103377,0.4821949187838401,0.49299065329281233,0.2511759203915135
shared_RRR_selected,resp__passive_CW__b15,5,cc030L,292,-0.3934441778736115,0.013006677901429196,0.018360605670076854,0.5939596840508594,1.1804423653332725,0.1346569468130333,-0.2591542269762037,0.5096834652228238,0.5079571061794722,0.25023090656686464
shared_RRR_selected,resp__passive_CCW__b25,5,cc030L,292,-0.4360691790534945,-0.01975842481569706,-0.03001023571623826,0.6355992836118923,1.1983610386913848,-0.1668848814665361,-0.27329735675057504,0.47495835068721365,0.4898399146843563,0.2512906296646565
shared_RRR_selected,resp__passive_CW__b05,5,cc030L,292,-0.3031524955964868,-0.02564890216286968,0.0014991934356295585,0.5851471294121886,1.1415570487700064,-0.2334277278890283,-0.23633074486299827,0.5044773011245314,0.5065033659365199,0.2506400114959622
shared_RRR_selected,resp__passive_CCW__b12,5,cc030L,292,-0.42605922425289866,0.03345264009448314,-0.002001312896387155,0.6055473131290273,1.19417721643519,0.3857199635068172,-0.2907289279558469,0.4946376509787588,0.49783969006448214,0.25045259516206775
shared_RRR_selected,resp__passive_CW__b08,5,cc030L,292,-0.2438299706686513,0.008366505336450647,0.012536937038459072,0.6496633231005319,1.1152712543003391,0.10636361150448487,-0.23695096373081986,0.5052582257392754,0.5065083904547162,0.25046395074601213
shared_RRR_selected,resp__passive_CCW__b15,5,cc030L,292,-0.4769831064171408,0.018593512120265637,0.015914492886077946,0.5817720529511865,1.2153119379061248,0.20490599365341064,-0.281580327377972,0.5237401082882132,0.5145991844299211,0.24982659518187234
shared_RRR_selected,resp__passive_CW__b13,5,cc030L,292,-0.295950675489415,0.04971872798339821,0.04545614109184893,0.6018712772292134,1.138398293871444,0.5450199916040306,-0.2708164242347579,0.528738025822574,0.5149881200632689,0.2495318040945769
shared_RRR_selected,resp__passive_CCW__b05,5,cc030L,292,-0.4198864315675854,-0.027578791443458702,-0.0072844579532396255,0.570763317341857,1.1915898755727934,-0.2652064647710692,-0.25572425367676677,0.4946897126197418,0.5005930627708712,0.25080724314390945
shared_RRR_selected,resp__passive_CCW__b07,5,cc030L,292,-0.3887526634203109,-0.01743674991174138,-0.005175384259338284,0.6267844588536315,1.1784535049887674,-0.20197211154296368,-0.25181073224016265,0.47376093294460636,0.4896679632723509,0.2513255801834376
shared_RRR_selected,resp__passive_CCW__b08,5,cc030L,292,-0.42232741006628616,-0.014046382751665726,-0.0025974364571039357,0.6145913064311855,1.192613688528807,-0.1458491311912356,-0.26347397378735843,0.4933881715951687,0.5012936867804393,0.2509583566226693
independent_Ridge,resp__passive_CW__b02,6,cc032,40,-0.2432030715528959,-0.35178339533486397,-0.29614825704441694,0.2805579130953024,1.1149901665722868,-24.324053071461805,-3.0103706793527727,0.298469387755102,0.41255087505087507,0.2513426864668399
independent_Ridge,resp__passive_CW__b01,6,cc032,40,-0.37122628308895567,-0.42414786610863664,-0.3933806340232619,0.2745347892283529,1.1709937160757762,-27.150452619946257,-3.1426833386477653,0.2857142857142857,0.4099802314088029,0.25127850377040256
independent_Ridge,resp__passive_CW__b00,6,cc032,40,-0.4770150166208549,-0.32609425699298783,-0.33136161025343913,0.27463434365846917,1.2153250662357191,-18.389709279112918,-1.889138683865688,0.375,0.444006919006919,0.2510007349553661
independent_Ridge,resp__passive_CW__b11,6,cc032,40,-0.42885329761688307,-0.15360227852798192,-0.1256206701557814,0.36786591650332295,1.1953465178001246,-5.048056819345115,-0.009196828978039868,0.38775510204081637,0.4436000716075904,0.2506911317427004
independent_Ridge,resp__passive_CW__b17,6,cc032,40,-0.5141661127906876,-0.32446333483660494,-0.2566816055545297,0.29615366396652865,1.2305145723601518,-14.89155960039604,0.18006471200153965,0.3724489795918367,0.4330286116000402,0.2502760384264396
independent_Ridge,resp__passive_CCW__b00,6,cc032,40,-0.40546871571670784,-0.2835802742960859,-0.22235847756708393,0.3763543152588268,1.185524658417828,-26.823311483236107,-3.027177513766914,0.375,0.444006919006919,0.2511120147986349
independent_Ridge,resp__passive_CW__b16,6,cc032,40,-0.8132592441861564,-0.35157638179469913,-0.3121723110327922,0.3424638042673561,1.3465731484721342,-15.521908945128285,0.10526669017691563,0.24489795918367346,0.3964699321842179,0.25065644613786825
independent_Ridge,resp__passive_CW__b03,6,cc032,40,-0.3495686172069832,-0.39778372353067337,-0.3627173208356302,0.2994325598229984,1.1617093514330439,-24.46500058250819,-3.138821648271982,0.33163265306122447,0.42881853596139313,0.2514209232399747
independent_Ridge,resp__passive_CW__b25,6,cc032,40,-0.8377812953756554,-0.11783699814734634,-0.08219746212555461,0.3129338180475266,1.3556479245643593,-3.9605279751412543,-0.05121222074670875,0.41836734693877553,0.46381158524015664,0.25050247104492845
independent_Ridge,resp__passive_CCW__b01,6,cc032,40,-0.30807517474362367,-0.27403548907027725,-0.21157686099465858,0.36127698387100243,1.143711141304317,-25.20784280329081,-3.0962501039064123,0.4285714285714286,0.47614977614977616,0.25113909698004816
independent_Ridge,resp__passive_CCW__b11,6,cc032,40,-0.7838295918337133,-0.20887082323929845,-0.08991274737921677,0.3108546270561908,1.335600835517002,-7.959392018483213,-0.14037635905345777,0.4056122448979592,0.4606009070294785,0.2504990498390657
independent_Ridge,resp__passive_CW__b04,6,cc032,40,-0.4381970126973893,-0.3133815847292745,-0.1937723565631305,0.3333302632178222,1.1992485199896596,-18.787178925244255,-1.6784189392988602,0.4005102040816326,0.45246556562346035,0.2508737126005352
independent_Ridge,resp__passive_CCW__b02,6,cc032,40,-0.34239085256993973,-0.2551913020134121,-0.2151377618809642,0.3539274980272053,1.158615921075634,-22.291783128349422,-2.933894237406928,0.40816326530612246,0.4725783475783476,0.25131020453978026
independent_Ridge,resp__passive_CW__b06,6,cc032,40,-0.192215379376651,-0.4299068974442158,-0.23699773676634034,0.32692633623715794,1.0918861567840537,-24.62005636990873,-0.499084127221398,0.3698979591836735,0.4388370888370889,0.2505869418668359
independent_Ridge,resp__passive_CW__b18,6,cc032,40,-0.4909861921266516,-0.24353068282434212,-0.24342714114439215,0.261806412573081,1.2210594547877887,-9.333095921161012,0.03733905588915033,0.3494897959183673,0.42868202650811343,0.25021752694228
independent_Ridge,resp__passive_CCW__b16,6,cc032,40,-0.49188560054867514,-0.3411183747445283,-0.17923201127738259,0.31813399693481254,1.221427689447343,-11.956567875093674,0.05168594242126891,0.44897959183673464,0.48348655701596877,0.25029059622526023
independent_Ridge,resp__passive_CW__b12,6,cc032,40,-0.5054993433012451,-0.09169978900907368,-0.11958692143176355,0.29442176588122526,1.2269879148961678,-2.5863283105709667,0.01231925681073283,0.48214285714285715,0.48871366728509585,0.2501877386919694
independent_Ridge,resp__passive_CCW__b17,6,cc032,40,-0.573800702336811,-0.3499860512425658,-0.22977702108022063,0.31251389980589933,1.2545121371819448,-14.67031664884143,0.13558222220306873,0.3392857142857143,0.42707238295473593,0.2504683165927627
independent_Ridge,resp__passive_CW__b07,6,cc032,40,-0.2167735753614377,-0.38496279704449765,-0.3442204190095427,0.33963310764478727,1.1030746009955255,-19.878642332298664,-0.28191070176645056,0.32397959183673475,0.42596424739281885,0.25070155612225087
independent_Ridge,resp__passive_CCW__b04,6,cc032,40,-0.6692511673098884,-0.24768790155220147,-0.08704424388747058,0.40222752839318493,1.291995033779112,-15.312735088963562,-1.2183773561874618,0.49744897959183676,0.5276535355482723,0.2507270814579482
independent_Ridge,resp__passive_CCW__b03,6,cc032,40,-0.4949491463864857,-0.2622990490128005,-0.18032006432597597,0.3536900960482474,1.2226811302978735,-20.003461749484927,-2.5263103125543545,0.3571428571428572,0.4336173086173086,0.25139560001388866
independent_Ridge,resp__passive_CCW__b18,6,cc032,40,-0.4925846562192011,-0.14218032056097277,-0.12205976926947579,0.2729322958341436,1.2217138192797856,-5.372105297477819,0.06701506935701142,0.4642857142857143,0.5104155104155105,0.249985192629752
independent_Ridge,resp__passive_CW__b15,6,cc032,40,-1.2879362644569827,-0.1563530777178639,-0.06587666639665388,0.359152942354599,1.5125925639302156,-7.563055288596645,-0.08968573717199009,0.5051020408163265,0.5079940188635841,0.2500595667031566
independent_Ridge,resp__passive_CCW__b25,6,cc032,40,-0.997868033602684,-0.13614853621258424,0.021365405317833687,0.39678247137913214,1.4134595974426307,-6.703521193317147,-0.18421414194093363,0.5102040816326531,0.5185356971071257,0.25024785869635124
independent_Ridge,resp__passive_CW__b05,6,cc032,40,-0.33636580049417053,-0.5105840353745796,-0.23452488892862813,0.32188765438273426,1.1560128894152395,-26.14264190122796,-1.2602058643456189,0.3571428571428571,0.44324379324379326,0.25064655364900335
independent_Ridge,resp__passive_CCW__b12,6,cc032,40,-1.0023734537028273,-0.23557124447238248,-0.12591741189630687,0.30411675175501773,1.4150524561664937,-9.590349755886498,-0.24658720397334782,0.4413265306122449,0.46456916099773243,0.2502888175100852
independent_Ridge,resp__passive_CW__b08,6,cc032,40,-0.3631113607586851,-0.39527860325383557,-0.30712770144385926,0.3148377619823784,1.1675236017994177,-3.234801581581438,-0.006908908567255659,0.3494897959183674,0.4402654224082796,0.25372472067241014
independent_Ridge,resp__passive_CCW__b15,6,cc032,40,-0.7016575795750744,-0.22594686311849765,-0.12196085535596729,0.36513893677094883,1.3044759789183833,-10.783097577059705,-0.2694126497567916,0.4489795918367347,0.48467934182219896,0.25029261239150513
independent_Ridge,resp__passive_CW__b13,6,cc032,40,-0.7925870226990832,-0.08634257678854415,-0.15430570507324332,0.28791464815892986,1.3388752827276642,-2.634605451344436,-0.040111422946713625,0.3673469387755102,0.44815168728212207,0.2505713110396326
independent_Ridge,resp__passive_CCW__b05,6,cc032,40,-0.6198741312451685,-0.4409225804830039,-0.21672038449710004,0.3335535840118065,1.2727427592585896,-19.11239992865468,-0.8503809447864814,0.3877551020408163,0.4435490435490435,0.2505669997887175
independent_Ridge,resp__passive_CCW__b07,6,cc032,40,-0.48626965777033404,-0.367105841976778,-0.17191238167775438,0.2594975482398133,1.219126596285363,-16.175807130534523,-0.4131177109158343,0.4285714285714286,0.46394531394531396,0.2502994356004816
independent_Ridge,resp__passive_CCW__b08,6,cc032,40,-0.41253123623374055,-0.3295709904304085,-0.15272308245710747,0.2716281225407494,1.1884995735101214,-14.297169144427567,-0.44980366120795534,0.43367346938775514,0.47303622303622306,0.2504615772453889
shared_fullrank,resp__passive_CW__b02,6,cc032,40,-0.2432030715528959,-0.35178339533486414,-0.29614825704441694,0.2805579130953024,1.1149901665722868,-24.324053071461815,-3.010370679352774,0.298469387755102,0.41255087505087507,0.2513426864668399
shared_fullrank,resp__passive_CW__b01,6,cc032,40,-0.3712262830889552,-0.42414786610863664,-0.3933806340232619,0.2745347892283529,1.1709937160757762,-27.15045261994632,-3.1426833386477724,0.2857142857142857,0.4099802314088029,0.25127850377040256
shared_fullrank,resp__passive_CW__b00,6,cc032,40,-0.4770150166208549,-0.32609425699298794,-0.33136161025343913,0.27463434365846917,1.2153250662357191,-18.389709279112896,-1.8891386838656856,0.375,0.444006919006919,0.2510007349553661
shared_fullrank,resp__passive_CW__b11,6,cc032,40,-0.42885329761688307,-0.15360227852798175,-0.1256206701557814,0.36786591650332295,1.1953465178001246,-5.04805681934511,-0.009196828978039594,0.38775510204081637,0.4436000716075904,0.2506911317427004
shared_fullrank,resp__passive_CW__b17,6,cc032,40,-0.5141661127906876,-0.32446333483660533,-0.2566816055545297,0.29615366396652865,1.2305145723601518,-14.891559600396048,0.1800647120015397,0.3724489795918367,0.4330286116000402,0.2502760384264396
shared_fullrank,resp__passive_CCW__b00,6,cc032,40,-0.40546871571670784,-0.28358027429608584,-0.22235847756708393,0.3763543152588268,1.185524658417828,-26.82331148323608,-3.02717751376691,0.375,0.444006919006919,0.2511120147986349
shared_fullrank,resp__passive_CW__b16,6,cc032,40,-0.8132592441861564,-0.3515763817946991,-0.3121723110327922,0.3424638042673561,1.3465731484721342,-15.521908945128246,0.10526669017691666,0.24489795918367346,0.3964699321842179,0.25065644613786825
shared_fullrank,resp__passive_CW__b03,6,cc032,40,-0.3495686172069832,-0.39778372353067376,-0.3627173208356302,0.2994325598229984,1.1617093514330439,-24.465000582508207,-3.1388216482719855,0.33163265306122447,0.42881853596139313,0.2514209232399747
shared_fullrank,resp__passive_CW__b25,6,cc032,40,-0.8377812953756549,-0.11783699814734623,-0.08219746212555461,0.3129338180475266,1.3556479245643593,-3.960527975141247,-0.051212220746708115,0.41836734693877553,0.46381158524015664,0.25050247104492845
shared_fullrank,resp__passive_CCW__b01,6,cc032,40,-0.30807517474362367,-0.2740354890702774,-0.21157686099465858,0.36127698387100243,1.143711141304317,-25.20784280329104,-3.096250103906443,0.4285714285714286,0.47614977614977616,0.25113909698004816
shared_fullrank,resp__passive_CCW__b11,6,cc032,40,-0.7838295918337137,-0.20887082323929845,-0.08991274737921677,0.3108546270561909,1.3356008355170021,-7.959392018483194,-0.1403763590534574,0.4056122448979592,0.4606009070294785,0.2504990498390657
shared_fullrank,resp__passive_CW__b04,6,cc032,40,-0.4381970126973891,-0.3133815847292746,-0.1937723565631305,0.3333302632178222,1.1992485199896596,-18.78717892524427,-1.6784189392988604,0.4005102040816326,0.45246556562346035,0.2508737126005352
shared_fullrank,resp__passive_CCW__b02,6,cc032,40,-0.34239085256993973,-0.2551913020134121,-0.2151377618809642,0.3539274980272053,1.158615921075634,-22.291783128349422,-2.933894237406928,0.40816326530612246,0.4725783475783476,0.25131020453978026
shared_fullrank,resp__passive_CW__b06,6,cc032,40,-0.192215379376651,-0.42990689744421634,-0.23699773676634034,0.32692633623715794,1.0918861567840537,-24.62005636990874,-0.4990841272213983,0.3698979591836735,0.4388370888370889,0.2505869418668359
shared_fullrank,resp__passive_CW__b18,6,cc032,40,-0.4909861921266516,-0.24353068282434223,-0.24342714114439215,0.261806412573081,1.2210594547877887,-9.333095921161012,0.03733905588915013,0.3494897959183673,0.42868202650811343,0.25021752694227994
shared_fullrank,resp__passive_CCW__b16,6,cc032,40,-0.49188560054867514,-0.3411183747445282,-0.17923201127738259,0.31813399693481254,1.221427689447343,-11.956567875093674,0.0516859424212689,0.44897959183673464,0.48348655701596877,0.25029059622526023
shared_fullrank,resp__passive_CW__b12,6,cc032,40,-0.5054993433012454,-0.09169978900907368,-0.11958692143176355,0.29442176588122526,1.2269879148961678,-2.586328310570971,0.012319256810732697,0.48214285714285715,0.48871366728509585,0.2501877386919694
shared_fullrank,resp__passive_CCW__b17,6,cc032,40,-0.573800702336811,-0.349986051242566,-0.22977702108022063,0.31251389980589933,1.2545121371819448,-14.670316648841446,0.13558222220306845,0.3392857142857143,0.42707238295473593,0.25046831659276275
shared_fullrank,resp__passive_CW__b07,6,cc032,40,-0.21677357536143793,-0.38496279704449776,-0.3442204190095427,0.3396331076447873,1.1030746009955257,-19.878642332298682,-0.28191070176645155,0.32397959183673475,0.42596424739281885,0.25070155612225087
shared_fullrank,resp__passive_CCW__b04,6,cc032,40,-0.6692511673098882,-0.24768790155220147,-0.08704424388747058,0.4022275283931849,1.2919950337791117,-15.312735088963565,-1.2183773561874613,0.49744897959183676,0.5276535355482723,0.2507270814579482
shared_fullrank,resp__passive_CCW__b03,6,cc032,40,-0.4949491463864861,-0.26229904901280043,-0.18032006432597597,0.35369009604824747,1.2226811302978737,-20.00346174948501,-2.526310312554366,0.3571428571428572,0.4336173086173086,0.25139560001388866
shared_fullrank,resp__passive_CCW__b18,6,cc032,40,-0.49258465621920067,-0.14218032056097288,-0.12205976926947579,0.2729322958341436,1.2217138192797856,-5.372105297477813,0.0670150693570118,0.4642857142857143,0.5104155104155105,0.24998519262975197
shared_fullrank,resp__passive_CW__b15,6,cc032,40,-1.2879362644569836,-0.1563530777178635,-0.06587666639665388,0.35915294235459905,1.5125925639302158,-7.563055288596623,-0.08968573717198934,0.5051020408163265,0.5079940188635841,0.2500595667031566
shared_fullrank,resp__passive_CCW__b25,6,cc032,40,-0.997868033602684,-0.1361485362125845,0.021365405317833687,0.39678247137913214,1.4134595974426307,-6.70352119331716,-0.1842141419409345,0.5102040816326531,0.5185356971071257,0.25024785869635124
shared_fullrank,resp__passive_CW__b05,6,cc032,40,-0.3363658004941701,-0.5105840353745797,-0.23452488892862813,0.3218876543827342,1.1560128894152393,-26.142641901227982,-1.260205864345619,0.3571428571428571,0.44324379324379326,0.25064655364900335
shared_fullrank,resp__passive_CCW__b12,6,cc032,40,-1.0023734537028268,-0.23557124447238265,-0.12591741189630687,0.30411675175501773,1.4150524561664937,-9.5903497558865,-0.24658720397334744,0.4413265306122449,0.46456916099773243,0.2502888175100852
shared_fullrank,resp__passive_CW__b08,6,cc032,40,-0.2685972619845418,-0.3947208015653677,-0.30712770144385926,0.30372674278157463,1.1263202306558033,-15.999150835523901,-0.4221937274898815,0.3494897959183674,0.4402654224082796,0.2507890420843458
shared_fullrank,resp__passive_CCW__b15,6,cc032,40,-0.7016575795750744,-0.22594686311849757,-0.12196085535596729,0.36513893677094883,1.3044759789183833,-10.78309757705969,-0.26941264975679086,0.4489795918367347,0.48467934182219896,0.25029261239150513
shared_fullrank,resp__passive_CW__b13,6,cc032,40,-0.7925870226990823,-0.0863425767885441,-0.15430570507324332,0.2879146481589298,1.338875282727664,-2.6346054513444424,-0.040111422946713896,0.3673469387755102,0.44815168728212207,0.2505713110396326
shared_fullrank,resp__passive_CCW__b05,6,cc032,40,-0.619874131245169,-0.44092258048300365,-0.21672038449710004,0.33355358401180657,1.2727427592585898,-19.112399928654646,-0.8503809447864804,0.3877551020408163,0.4435490435490435,0.2505669997887175
shared_fullrank,resp__passive_CCW__b07,6,cc032,40,-0.4862696577703334,-0.3671058419767779,-0.17191238167775438,0.25949754823981325,1.2191265962853628,-16.175807130534533,-0.41311771091583316,0.4285714285714286,0.46394531394531396,0.2502994356004817
shared_fullrank,resp__passive_CCW__b08,6,cc032,40,-0.41253123623374055,-0.32957099043040833,-0.15272308245710747,0.2716281225407494,1.1884995735101214,-14.29716914442756,-0.449803661207955,0.43367346938775514,0.47303622303622306,0.2504615772453889
shared_RRR_selected,resp__passive_CW__b02,6,cc032,40,-0.2432030715528959,-0.35178339533486414,-0.29614825704441694,0.2805579130953024,1.1149901665722868,-24.324053071461794,-3.0103706793527714,0.298469387755102,0.41255087505087507,0.2513426864668399
shared_RRR_selected,resp__passive_CW__b01,6,cc032,40,-0.3712262830889552,-0.42414786610863675,-0.3933806340232619,0.2745347892283529,1.1709937160757762,-27.150452619946307,-3.1426833386477706,0.2857142857142857,0.4099802314088029,0.25127850377040256
shared_RRR_selected,resp__passive_CW__b00,6,cc032,40,-0.4770150166208551,-0.32609425699298783,-0.33136161025343913,0.27463434365846917,1.2153250662357191,-18.389709279112857,-1.8891386838656814,0.375,0.444006919006919,0.2510007349553661
shared_RRR_selected,resp__passive_CW__b11,6,cc032,40,-0.42885329761688307,-0.15360227852798206,-0.1256206701557814,0.36786591650332295,1.1953465178001246,-5.048056819345121,-0.009196828978039868,0.38775510204081637,0.4436000716075904,0.2506911317427004
shared_RRR_selected,resp__passive_CW__b17,6,cc032,40,-0.5141661127906876,-0.3244633348366049,-0.2566816055545297,0.29615366396652865,1.2305145723601518,-14.89155960039604,0.18006471200153973,0.3724489795918367,0.4330286116000402,0.2502760384264396
shared_RRR_selected,resp__passive_CCW__b00,6,cc032,40,-0.40546871571670784,-0.2835802742960857,-0.22235847756708393,0.3763543152588268,1.185524658417828,-26.82331148323609,-3.027177513766911,0.375,0.444006919006919,0.2511120147986349
shared_RRR_selected,resp__passive_CW__b16,6,cc032,40,-0.8132592441861564,-0.35157638179469924,-0.3121723110327922,0.3424638042673561,1.3465731484721342,-15.521908945128267,0.10526669017691666,0.24489795918367346,0.3964699321842179,0.25065644613786825
shared_RRR_selected,resp__passive_CW__b03,6,cc032,40,-0.3495686172069832,-0.3977837235306734,-0.3627173208356302,0.2994325598229984,1.1617093514330439,-24.465000582508203,-3.138821648271985,0.33163265306122447,0.42881853596139313,0.2514209232399747
shared_RRR_selected,resp__passive_CW__b25,6,cc032,40,-0.8377812953756549,-0.11783699814734623,-0.08219746212555461,0.3129338180475266,1.3556479245643593,-3.960527975141247,-0.051212220746708115,0.41836734693877553,0.46381158524015664,0.25050247104492845
shared_RRR_selected,resp__passive_CCW__b01,6,cc032,40,-0.30807517474362367,-0.2740354890702774,-0.21157686099465858,0.36127698387100243,1.143711141304317,-25.20784280329082,-3.096250103906416,0.4285714285714286,0.47614977614977616,0.25113909698004816
shared_RRR_selected,resp__passive_CCW__b11,6,cc032,40,-0.7838295918337137,-0.20887082323929843,-0.08991274737921677,0.3108546270561909,1.3356008355170021,-7.959392018483209,-0.14037635905345797,0.4056122448979592,0.4606009070294785,0.2504990498390657
shared_RRR_selected,resp__passive_CW__b04,6,cc032,40,-0.4381970126973891,-0.3133815847292746,-0.1937723565631305,0.3333302632178222,1.1992485199896596,-18.78717892524426,-1.6784189392988598,0.4005102040816326,0.45246556562346035,0.2508737126005352
shared_RRR_selected,resp__passive_CCW__b02,6,cc032,40,-0.34239085256993973,-0.2551913020134122,-0.2151377618809642,0.3539274980272053,1.158615921075634,-22.291783128349422,-2.933894237406928,0.40816326530612246,0.4725783475783476,0.25131020453978026
shared_RRR_selected,resp__passive_CW__b06,6,cc032,40,-0.192215379376651,-0.4299068974442166,-0.23699773676634034,0.32692633623715794,1.0918861567840537,-24.620056369908742,-0.49908412722139833,0.3698979591836735,0.4388370888370889,0.2505869418668359
shared_RRR_selected,resp__passive_CW__b18,6,cc032,40,-0.4909861921266516,-0.2435306828243416,-0.24342714114439215,0.261806412573081,1.2210594547877887,-9.333095921160979,0.03733905588915037,0.3494897959183673,0.42868202650811343,0.25021752694227994
shared_RRR_selected,resp__passive_CCW__b16,6,cc032,40,-0.49188560054867514,-0.34111837474452833,-0.17923201127738259,0.31813399693481254,1.221427689447343,-11.956567875093674,0.05168594242126881,0.44897959183673464,0.48348655701596877,0.25029059622526023
shared_RRR_selected,resp__passive_CW__b12,6,cc032,40,-0.5054993433012454,-0.09169978900907333,-0.11958692143176355,0.29442176588122526,1.2269879148961678,-2.5863283105709556,0.012319256810733226,0.48214285714285715,0.48871366728509585,0.2501877386919694
shared_RRR_selected,resp__passive_CCW__b17,6,cc032,40,-0.573800702336811,-0.3499860512425663,-0.22977702108022063,0.3125138998058994,1.254512137181945,-14.67031664884143,0.1355822222030685,0.3392857142857143,0.42707238295473593,0.25046831659276275
shared_RRR_selected,resp__passive_CW__b07,6,cc032,40,-0.21677357536143793,-0.3849627970444974,-0.3442204190095427,0.3396331076447873,1.1030746009955257,-19.878642332298647,-0.2819107017664507,0.32397959183673475,0.42596424739281885,0.2507015561222509
shared_RRR_selected,resp__passive_CCW__b04,6,cc032,40,-0.6692511673098882,-0.24768790155220133,-0.08704424388747058,0.4022275283931849,1.2919950337791117,-15.312735088963587,-1.2183773561874633,0.49744897959183676,0.5276535355482723,0.2507270814579482
shared_RRR_selected,resp__passive_CCW__b03,6,cc032,40,-0.4949491463864861,-0.26229904901280054,-0.18032006432597597,0.35369009604824747,1.2226811302978737,-20.003461749484927,-2.5263103125543553,0.3571428571428572,0.4336173086173086,0.25139560001388866
shared_RRR_selected,resp__passive_CCW__b18,6,cc032,40,-0.49258465621920067,-0.14218032056097327,-0.12205976926947579,0.2729322958341436,1.2217138192797856,-5.372105297477824,0.06701506935701161,0.4642857142857143,0.5104155104155105,0.24998519262975197
shared_RRR_selected,resp__passive_CW__b15,6,cc032,40,-1.2879362644569836,-0.1563530777178636,-0.06587666639665388,0.35915294235459905,1.5125925639302158,-7.563055288596633,-0.08968573717198981,0.5051020408163265,0.5079940188635841,0.2500595667031566
shared_RRR_selected,resp__passive_CCW__b25,6,cc032,40,-0.997868033602684,-0.13614853621258452,0.021365405317833687,0.39678247137913214,1.4134595974426307,-6.703521193317159,-0.18421414194093438,0.5102040816326531,0.5185356971071257,0.25024785869635124
shared_RRR_selected,resp__passive_CW__b05,6,cc032,40,-0.3363658004941701,-0.5105840353745791,-0.23452488892862813,0.3218876543827342,1.1560128894152393,-26.14264190122792,-1.260205864345616,0.3571428571428571,0.44324379324379326,0.25064655364900335
shared_RRR_selected,resp__passive_CCW__b12,6,cc032,40,-1.0023734537028273,-0.2355712444723827,-0.12591741189630687,0.30411675175501773,1.4150524561664937,-9.590349755886459,-0.246587203973346,0.4413265306122449,0.46456916099773243,0.2502888175100852
shared_RRR_selected,resp__passive_CW__b08,6,cc032,40,-0.2685972619845418,-0.3947208015653675,-0.30712770144385926,0.30372674278157463,1.1263202306558033,-15.999150835523897,-0.4221937274898813,0.3494897959183674,0.4402654224082796,0.2507890420843458
shared_RRR_selected,resp__passive_CCW__b15,6,cc032,40,-0.7016575795750744,-0.22594686311849807,-0.12196085535596729,0.36513893677094883,1.3044759789183833,-10.783097577059706,-0.2694126497567916,0.4489795918367347,0.48467934182219896,0.25029261239150513
shared_RRR_selected,resp__passive_CW__b13,6,cc032,40,-0.7925870226990825,-0.08634257678854389,-0.15430570507324332,0.2879146481589298,1.338875282727664,-2.634605451344426,-0.040111422946712896,0.3673469387755102,0.44815168728212207,0.2505713110396326
shared_RRR_selected,resp__passive_CCW__b05,6,cc032,40,-0.6198741312451685,-0.44092258048300376,-0.21672038449710004,0.3335535840118065,1.2727427592585896,-19.11239992865472,-0.8503809447864843,0.3877551020408163,0.4435490435490435,0.2505669997887175
shared_RRR_selected,resp__passive_CCW__b07,6,cc032,40,-0.4862696577703336,-0.3671058419767783,-0.17191238167775438,0.25949754823981325,1.2191265962853628,-16.17580713053451,-0.41311771091583255,0.4285714285714286,0.46394531394531396,0.2502994356004817
shared_RRR_selected,resp__passive_CCW__b08,6,cc032,40,-0.41253123623374055,-0.32957099043040844,-0.15272308245710747,0.2716281225407494,1.1884995735101214,-14.29716914442761,-0.44980366120795695,0.43367346938775514,0.47303622303622306,0.2504615772453889
independent_Ridge,resp__passive_CW__b02,7,cc034,162,-0.13280380617075327,-0.0530354283924334,-0.04857364670705185,0.4671738189353355,1.064332563708709,-5.075644214986275,-0.7262428782809301,0.47342249657064467,0.4939933523266857,0.25138757941058154
independent_Ridge,resp__passive_CW__b01,7,cc034,162,-0.13578935038855433,-0.04100994944859022,-0.03418287387875337,0.47730690277105686,1.0657341837384002,-4.3272946043394525,-0.5723418884922536,0.48645404663923186,0.5085763707192279,0.2512066490336806
independent_Ridge,resp__passive_CW__b00,7,cc034,162,-0.07959705281035623,-0.04625171552431069,-0.04490412732681026,0.4827089450886211,1.039036598397937,-4.3443597565464405,-0.5229225773740164,0.4735939643347051,0.48974451190272994,0.2509725035481385
independent_Ridge,resp__passive_CW__b11,7,cc034,162,0.0041204750144320235,0.1390508301893569,0.13960773471605536,0.4085676425579777,0.997937635819778,6.431617955764088,0.12516722838985272,0.60579561042524,0.5681235100877958,0.24962329693140545
independent_Ridge,resp__passive_CW__b17,7,cc034,162,-0.007224226388665489,0.02353280854459166,0.01385127846095544,0.49097850584147296,1.0036056129718811,1.5670254936603145,0.04176650716190203,0.5353223593964335,0.5337917125045838,0.24981039778111583
independent_Ridge,resp__passive_CCW__b00,7,cc034,162,-0.07693845614419192,-0.017444913881928748,-0.027739268077085117,0.47036152049596963,1.0377564531932297,-2.02982527498704,-0.26692637528537705,0.5024005486968449,0.5066404909542165,0.2510513217156886
independent_Ridge,resp__passive_CW__b16,7,cc034,162,-0.034952374052937385,-0.007017054029688283,0.038980862246307195,0.49837506918486857,1.0173260903235193,-0.49270830561028334,0.07538024221261187,0.5190329218106996,0.513861789098592,0.24997819335100094
independent_Ridge,resp__passive_CW__b03,7,cc034,162,-0.11239855101500607,-0.06346147255452775,-0.06287184357882401,0.4551388313672637,1.054703062958957,-6.230689784437841,-0.9266976520442176,0.443758573388203,0.4899158575629164,0.2514492774439193
independent_Ridge,resp__passive_CW__b25,7,cc034,162,0.002449555473296061,0.08483556786276208,0.08709482144509043,0.40950893114327136,0.9987744713030584,5.264470988704489,0.1956678565872632,0.571673525377229,0.5384377219925393,0.2499536796987077
independent_Ridge,resp__passive_CCW__b01,7,cc034,162,-0.11106439887201747,-0.031529421296965086,-0.03915005278754495,0.4701450725060882,1.054070395596052,-3.5735431192392024,-0.5059553153511137,0.48216735253772286,0.502087580795193,0.2513041411784101
independent_Ridge,resp__passive_CCW__b11,7,cc034,162,0.0016396374076071973,0.06325623899203034,0.11667283955525005,0.45803890937372305,0.999179844969059,4.30202355729756,0.10687851524433001,0.5632716049382714,0.5378922537377184,0.2499180904386929
independent_Ridge,resp__passive_CW__b04,7,cc034,162,-0.09089086462605733,0.004078127234044161,0.014299793008953654,0.45412707943889086,1.044457210529018,0.33920920164681023,0.05907279339925591,0.5039437585733882,0.50889204220367,0.25070939255468433
independent_Ridge,resp__passive_CCW__b02,7,cc034,162,-0.13469877020892573,-0.004311003496619274,-0.04424811494521857,0.48167035666616653,1.0652224041057932,-0.46289271092298206,-0.060136150737886494,0.4528463648834019,0.49113078279744943,0.2515505080887276
independent_Ridge,resp__passive_CW__b06,7,cc034,162,-0.01511808469517617,0.011690517725567909,0.03634244748530704,0.41754895991258545,1.0075306867263032,0.6487406757858848,0.04187216710089747,0.5356652949245542,0.5220436138264032,0.24997900668626905
independent_Ridge,resp__passive_CW__b18,7,cc034,162,0.0023716367659255555,0.07786086793395662,0.021037493846796405,0.46455627398076604,0.9988134776994523,4.392639165986066,0.02007171942038975,0.5236625514403292,0.5231790761493732,0.24976704406824102
independent_Ridge,resp__passive_CCW__b16,7,cc034,162,-0.014304886969383146,0.016487608047903318,0.011673136517494312,0.53350686007812,1.0071270460916952,1.1228748392755634,0.065097274434798,0.5120027434842249,0.5008743247272605,0.24995072332273255
independent_Ridge,resp__passive_CW__b12,7,cc034,162,-0.005752758818889703,0.14576956332606683,0.1542797415645267,0.4247799239407198,1.0028722544865272,8.350624908606196,0.37108125201067965,0.5800754458161865,0.5644499367728418,0.24982039649754934
independent_Ridge,resp__passive_CCW__b17,7,cc034,162,6.068573360296092e-05,0.012381086256261255,0.008063973750603642,0.508939239760827,0.9999696566728399,0.8454466696641291,0.005620299623968783,0.465877914951989,0.4787657582936949,0.25013528137410246
independent_Ridge,resp__passive_CW__b07,7,cc034,162,0.0009091936585796656,0.06266175266517748,0.06015749946953089,0.40863574792660556,0.9995452997945719,2.8463730973416492,0.0455380875947374,0.5380658436213992,0.5223742421273285,0.2499494543499875
independent_Ridge,resp__passive_CCW__b04,7,cc034,162,-0.10750554126166256,0.038179174510912094,0.09367729118154816,0.5014798084374914,1.0523808917220336,3.6774122135274547,0.4393587952551793,0.5392661179698216,0.5280005503706254,0.25072574923676216
independent_Ridge,resp__passive_CCW__b03,7,cc034,162,-0.122974817755521,0.007545256614334176,-0.028730469266789346,0.4814326851681931,1.0597050616825048,0.8420727056662077,0.13587257026092842,0.4907407407407407,0.5169096401365905,0.25133711808414266
independent_Ridge,resp__passive_CCW__b18,7,cc034,162,-0.0008727790032865279,0.049898153595953405,0.026878848793563306,0.49387134684385803,1.0004362943252743,3.0116924501298685,-0.019055562630649076,0.5085733882030178,0.5029573959515626,0.2500010155383515
independent_Ridge,resp__passive_CW__b15,7,cc034,162,-0.03870158090758391,0.01599912942839058,0.0838626436525766,0.458895461628202,1.0191671015626358,1.4396801019703225,0.10887117933030023,0.5329218106995884,0.529588306748114,0.25016152725672464
independent_Ridge,resp__passive_CCW__b25,7,cc034,162,-0.000822208401423552,-0.027037336768037074,0.04129206888510224,0.49598776837733044,1.0004110197321017,-2.272044746643269,-0.17069223740334394,0.5133744855967078,0.5010722191129793,0.2501910426010318
independent_Ridge,resp__passive_CW__b05,7,cc034,162,-0.05770532904740855,0.00934499340596178,0.0679491559531383,0.4405959567290403,1.0284480196137324,0.5592795380999603,0.07565781227593432,0.5509259259259259,0.5330085532155249,0.2501439241115729
independent_Ridge,resp__passive_CCW__b12,7,cc034,162,-0.01114459519679234,0.04416967226483097,0.11517087446746957,0.4716950626675957,1.0055568582615269,4.013546231226658,0.18119828764186696,0.5656721536351166,0.5352627385523667,0.2500211642113125
independent_Ridge,resp__passive_CW__b08,7,cc034,162,0.014977759798263768,0.12318500143648652,0.10057260380557759,0.4040339149154952,0.9924828664524825,0.9921582308556318,-0.005878924584348301,0.5613854595336076,0.5386106688380456,0.24887009527793877
independent_Ridge,resp__passive_CCW__b15,7,cc034,162,-0.028569522420911264,0.03711856486794843,0.025905306455555062,0.5148484481778743,1.0141841659289064,3.419122162247005,0.19743182844169782,0.4857681755829904,0.4917090681466094,0.2501189639053058
independent_Ridge,resp__passive_CW__b13,7,cc034,162,-0.021880333038657662,0.13522530190758464,0.14577680492250766,0.42115259548895806,1.0108809687785487,9.381690476396507,0.6320531840354053,0.5682441700960219,0.5471818121909087,0.25007728208956764
independent_Ridge,resp__passive_CCW__b05,7,cc034,162,-0.07507513962468426,-0.002540343358520181,0.04342929657111508,0.49869640508948654,1.0368583025778808,-0.19066775369838274,0.05616936632692959,0.5303497942386831,0.5239744214202087,0.2503076492642786
independent_Ridge,resp__passive_CCW__b07,7,cc034,162,-0.00438067146504717,0.004769736284525965,-0.036559522141989445,0.4405396951949318,1.0021879421870168,0.26344794630659996,0.005713272627725862,0.4739368998628258,0.484928854246545,0.2501518445134665
independent_Ridge,resp__passive_CCW__b08,7,cc034,162,0.0003468471105422255,0.021216445060490828,-0.005349921643406017,0.4486236415864979,0.9998265614042556,1.1050137333803856,0.008038231613829544,0.49245541838134427,0.4986157956454986,0.2500768310880475
shared_fullrank,resp__passive_CW__b02,7,cc034,162,-0.13280380617075327,-0.05303542839243355,-0.04857364670705185,0.4671738189353355,1.064332563708709,-5.075644214986426,-0.7262428782809518,0.47342249657064467,0.4939933523266857,0.2513875794105816
shared_fullrank,resp__passive_CW__b01,7,cc034,162,-0.13578935038855433,-0.041009949448590176,-0.03418287387875337,0.47730690277105686,1.0657341837384002,-4.327294604339442,-0.5723418884922523,0.48645404663923186,0.5085763707192279,0.2512066490336806
shared_fullrank,resp__passive_CW__b00,7,cc034,162,-0.07959705281035623,-0.04625171552431075,-0.04490412732681026,0.4827089450886211,1.039036598397937,-4.3443597565464005,-0.5229225773740116,0.4735939643347051,0.48974451190272994,0.25097250354813855
shared_fullrank,resp__passive_CW__b11,7,cc034,162,0.0041204750144320235,0.13905083018935693,0.13960773471605536,0.4085676425579777,0.997937635819778,6.431617955764092,0.12516722838985267,0.60579561042524,0.5681235100877958,0.24962329693140545
shared_fullrank,resp__passive_CW__b17,7,cc034,162,-0.007224226388665489,0.023532808544591645,0.01385127846095544,0.49097850584147296,1.0036056129718811,1.5670254936603112,0.041766507161902035,0.5353223593964335,0.5337917125045838,0.24981039778111583
shared_fullrank,resp__passive_CCW__b00,7,cc034,162,-0.07693845614419215,-0.01744491388192852,-0.027739268077085117,0.4703615204959697,1.0377564531932297,-2.0298252749870236,-0.2669263752853751,0.5024005486968449,0.5066404909542165,0.2510513217156886
shared_fullrank,resp__passive_CW__b16,7,cc034,162,-0.034952374052937385,-0.007017054029688311,0.038980862246307195,0.49837506918486857,1.0173260903235193,-0.49270830561028867,0.07538024221261179,0.5190329218106996,0.513861789098592,0.24997819335100094
shared_fullrank,resp__passive_CW__b03,7,cc034,162,-0.11239855101500584,-0.06346147255452769,-0.06287184357882401,0.45513883136726363,1.054703062958957,-6.230689784437848,-0.9266976520442178,0.443758573388203,0.4899158575629164,0.2514492774439193
shared_fullrank,resp__passive_CW__b25,7,cc034,162,0.002449555473296061,0.08483556786276207,0.08709482144509043,0.40950893114327136,0.9987744713030584,5.264470988704496,0.1956678565872639,0.571673525377229,0.5384377219925393,0.2499536796987077
shared_fullrank,resp__passive_CCW__b01,7,cc034,162,-0.11106439887201769,-0.03152942129696497,-0.03915005278754495,0.4701450725060883,1.054070395596052,-3.5735431192391225,-0.5059553153511026,0.48216735253772286,0.502087580795193,0.2513041411784101
shared_fullrank,resp__passive_CCW__b11,7,cc034,162,0.0016396374076071973,0.06325623899203034,0.11667283955525005,0.45803890937372305,0.999179844969059,4.302023557297564,0.10687851524433009,0.5632716049382714,0.5378922537377184,0.2499180904386929
shared_fullrank,resp__passive_CW__b04,7,cc034,162,-0.09089086462605755,0.004078127234044063,0.014299793008953654,0.4541270794388909,1.0444572105290182,0.3392092016468056,0.05907279339925541,0.5039437585733882,0.50889204220367,0.25070939255468433
shared_fullrank,resp__passive_CCW__b02,7,cc034,162,-0.13469877020892573,-0.0043110034966191415,-0.04424811494521857,0.48167035666616653,1.0652224041057932,-0.46289271092296436,-0.060136150737883726,0.4528463648834019,0.49113078279744943,0.2515505080887276
shared_fullrank,resp__passive_CW__b06,7,cc034,162,-0.01511808469517617,0.011690517725567926,0.03634244748530704,0.41754895991258545,1.0075306867263032,0.6487406757858838,0.041872167100897396,0.5356652949245542,0.5220436138264032,0.24997900668626905
shared_fullrank,resp__passive_CW__b18,7,cc034,162,0.0023716367659255555,0.07786086793395658,0.022028289241719987,0.46455627398076604,0.9988134776994523,4.392639165986064,0.020071719420389725,0.524519890260631,0.5272490802193772,0.24976704406824102
shared_fullrank,resp__passive_CCW__b16,7,cc034,162,-0.014304886969383146,0.016487608047903373,0.013798605933966326,0.53350686007812,1.0071270460916952,1.122874839275569,0.06509727443479803,0.5140603566529492,0.5082817321346678,0.24995072332273255
shared_fullrank,resp__passive_CW__b12,7,cc034,162,-0.005752758818889703,0.14576956332606683,0.15293867245584564,0.42477992394071973,1.0028722544865272,8.350624908606195,0.3710812520106798,0.579389574759945,0.5587519310748361,0.24982039649754934
shared_fullrank,resp__passive_CCW__b17,7,cc034,162,6.068573360296092e-05,0.012381086256261263,0.00997426124712037,0.508939239760827,0.9999696566728399,0.8454466696641277,0.005620299623968792,0.46707818930041145,0.4826939288885322,0.25013528137410246
shared_fullrank,resp__passive_CW__b07,7,cc034,162,0.0009091936585796656,0.06266175266517747,0.06070907769790738,0.40863574792660556,0.9995452997945719,2.846373097341649,0.04553808759473751,0.5380658436213992,0.5223742421273285,0.2499494543499875
shared_fullrank,resp__passive_CCW__b04,7,cc034,162,-0.10750554126166278,0.038179174510912156,0.09367729118154816,0.5014798084374914,1.0523808917220336,3.677412213527585,0.43935879525519334,0.5392661179698216,0.5280005503706254,0.25072574923676216
shared_fullrank,resp__passive_CCW__b03,7,cc034,162,-0.122974817755521,0.00754525661433428,-0.028730469266789346,0.4814326851681931,1.0597050616825048,0.8420727056662395,0.1358725702609332,0.4907407407407407,0.5169096401365905,0.25133711808414266
shared_fullrank,resp__passive_CCW__b18,7,cc034,162,-0.0008727790032865279,0.04989815359595343,0.028168628978905468,0.49387134684385803,1.0004362943252743,3.011692450129864,-0.01905556263064892,0.50960219478738,0.5071661501603169,0.2500010155383515
shared_fullrank,resp__passive_CW__b15,7,cc034,162,-0.03870158090758391,0.015999129428390546,0.0838626436525766,0.458895461628202,1.0191671015626358,1.4396801019703322,0.10887117933030066,0.5329218106995884,0.529588306748114,0.25016152725672464
shared_fullrank,resp__passive_CCW__b25,7,cc034,162,-0.000822208401423552,-0.027037336768036945,0.04129206888510224,0.49598776837733044,1.0004110197321017,-2.2720447466432616,-0.1706922374033435,0.5133744855967078,0.5010722191129793,0.2501910426010318
shared_fullrank,resp__passive_CW__b05,7,cc034,162,-0.05770532904740855,0.009344993405961819,0.0679491559531383,0.4405959567290403,1.0284480196137324,0.5592795380999622,0.07565781227593442,0.5509259259259259,0.5330085532155249,0.2501439241115729
shared_fullrank,resp__passive_CCW__b12,7,cc034,162,-0.01114459519679234,0.04416967226483098,0.11517087446746957,0.4716950626675957,1.0055568582615269,4.0135462312266545,0.18119828764186688,0.5656721536351166,0.5352627385523667,0.2500211642113125
shared_fullrank,resp__passive_CW__b08,7,cc034,162,0.005245511271132708,0.12246502426614306,0.10057260380557759,0.4060249834116689,0.9973737958904211,5.142765504582823,0.11038615030483237,0.5613854595336076,0.5386106688380456,0.24979759925311137
shared_fullrank,resp__passive_CCW__b15,7,cc034,162,-0.028569522420911486,0.03711856486794843,0.025905306455555062,0.5148484481778743,1.0141841659289064,3.419122162247001,0.19743182844169782,0.4857681755829904,0.4917090681466094,0.2501189639053058
shared_fullrank,resp__passive_CW__b13,7,cc034,162,-0.021880333038657662,0.13522530190758453,0.14577680492250766,0.42115259548895806,1.0108809687785487,9.381690476396507,0.6320531840354054,0.5682441700960219,0.5471818121909087,0.25007728208956764
shared_fullrank,resp__passive_CCW__b05,7,cc034,162,-0.07507513962468426,-0.0025403433585202547,0.04342929657111508,0.49869640508948654,1.0368583025778808,-0.1906677536983852,0.05616936632692944,0.5303497942386831,0.5239744214202087,0.2503076492642786
shared_fullrank,resp__passive_CCW__b07,7,cc034,162,-0.00438067146504717,0.004769736284525968,-0.036559522141989445,0.4405396951949318,1.0021879421870168,0.2634479463066014,0.005713272627725878,0.4739368998628258,0.484928854246545,0.2501518445134665
shared_fullrank,resp__passive_CCW__b08,7,cc034,162,0.0003468471105422255,0.021216445060490835,-0.003567366600626344,0.4486236415864979,0.9998265614042556,1.105013733380387,0.008038231613829565,0.4936556927297667,0.4986157956454986,0.2500768310880475
shared_RRR_selected,resp__passive_CW__b02,7,cc034,162,-0.13276333670983065,-0.06045006822223111,-0.04857364670705185,0.4671654739591947,1.0643135518773736,-6.05178199748411,-0.8680279945674785,0.47342249657064467,0.4939933523266857,0.2514030032917414
shared_RRR_selected,resp__passive_CW__b01,7,cc034,162,-0.1357312601932117,-0.04399037891496452,-0.03418287387875337,0.4772946966318886,1.065706929785676,-4.793065765882929,-0.6365239462014007,0.48645404663923186,0.5085763707192279,0.2512104156069371
shared_RRR_selected,resp__passive_CW__b00,7,cc034,162,-0.07941974107597938,-0.059729416734843756,-0.04490412732681026,0.48266930368972283,1.038951269827406,-6.522622295402228,-0.7877176129548878,0.4735939643347051,0.48974451190272994,0.2509892426186467
shared_RRR_selected,resp__passive_CW__b11,7,cc034,162,0.004174786136171393,0.13873570877042324,0.13960773471605536,0.4085565016172516,0.9979104237674986,6.3429316472568065,0.12317552123685858,0.60579561042524,0.5681235100877958,0.249615312373207
shared_RRR_selected,resp__passive_CW__b17,7,cc034,162,-0.007241959897105854,0.022575301062703182,0.01385127846095544,0.49098282798391457,1.003614447831988,1.5211992197186122,0.04180341381415296,0.5353223593964335,0.5337917125045838,0.2498112176734495
shared_RRR_selected,resp__passive_CCW__b00,7,cc034,162,-0.07693225651300528,-0.015609366185252617,-0.027739268077085117,0.4703601666246636,1.0377534661532117,-1.793436624862568,-0.23634509942162815,0.5024005486968449,0.5066404909542165,0.25104921105677896
shared_RRR_selected,resp__passive_CW__b16,7,cc034,162,-0.03497483686633851,-0.013810375792228644,0.038980862246307195,0.4983804775716311,1.0173371303881218,-1.0443560612282712,0.06974468608223787,0.5190329218106996,0.513861789098592,0.24997501430826366
shared_RRR_selected,resp__passive_CW__b03,7,cc034,162,-0.11241496418956398,-0.05829588148382857,-0.06287184357882401,0.45514218908717674,1.0547108438759714,-5.556930976017217,-0.827237530310456,0.443758573388203,0.4899158575629164,0.25144167608166984
shared_RRR_selected,resp__passive_CW__b25,7,cc034,162,0.0025406184993181924,0.08655146087748401,0.08709482144509043,0.4094902393699672,0.9987288828809757,5.289913242341251,0.19707664725570057,0.571673525377229,0.5384377219925393,0.24995083013655325
shared_RRR_selected,resp__passive_CCW__b01,7,cc034,162,-0.11109064334576968,-0.027057311350392067,-0.03915005278754495,0.4701506251262448,1.0540828446311845,-2.966165505232035,-0.41924569059945993,0.48216735253772286,0.502087580795193,0.25129674942100183
shared_RRR_selected,resp__passive_CCW__b11,7,cc034,162,0.0016298771710758775,0.06138472384969678,0.11987788301567855,0.45804114832337345,0.9991847290811263,4.037017071136559,0.09891736776088858,0.5653292181069958,0.538447809293274,0.24990783922300375
shared_RRR_selected,resp__passive_CW__b04,7,cc034,162,-0.0908275952299864,0.011173540396240692,0.014299793008953654,0.4541139100359728,1.0444269219193778,0.88673838767363,0.11878036368070663,0.5039437585733882,0.50889204220367,0.2506983318819909
shared_RRR_selected,resp__passive_CCW__b02,7,cc034,162,-0.13469965146760843,-0.0028953598241401933,-0.04424811494521857,0.4816705437096854,1.065222817755801,-0.30798303367294166,-0.036210364555044554,0.4528463648834019,0.49113078279744943,0.25154904658900684
shared_RRR_selected,resp__passive_CW__b06,7,cc034,162,-0.015357802340175697,0.0028389157170422468,0.03634244748530704,0.41759825858350824,1.007649642653723,0.16402999117124953,0.029096491698721555,0.5356652949245542,0.5220436138264032,0.2499900485216252
shared_RRR_selected,resp__passive_CW__b18,7,cc034,162,0.002426409336871882,0.07835647361898121,0.022028289241719987,0.4645435210901747,0.9987860585045868,4.337667991038714,0.02024771177459199,0.524519890260631,0.5272490802193772,0.2497605502774402
shared_RRR_selected,resp__passive_CCW__b16,7,cc034,162,-0.014401151377126054,0.011985356376165303,0.013798605933966326,0.533532176185772,1.007174836548812,0.8395252522883135,0.062388029336988726,0.5140603566529492,0.5082817321346678,0.249958568527789
shared_RRR_selected,resp__passive_CW__b12,7,cc034,162,-0.005827316223098178,0.14525625034697157,0.15293867245584564,0.42479566831790005,1.0029094257325029,8.494860876722157,0.3769010126085447,0.579389574759945,0.5587519310748361,0.24982558101961058
shared_RRR_selected,resp__passive_CCW__b17,7,cc034,162,2.6080122025873287e-05,0.011129671634244397,0.00997426124712037,0.5089480462958935,0.9999869598539644,0.7669819487183807,0.006033287775658326,0.46707818930041145,0.4826939288885322,0.2501353885487535
shared_RRR_selected,resp__passive_CW__b07,7,cc034,162,0.0008537886351891455,0.0615341770058326,0.06070907769790738,0.4086470783077645,0.9995730145241072,2.811761516805056,0.044896980221657945,0.5380658436213992,0.5223742421273285,0.24995040074928615
shared_RRR_selected,resp__passive_CCW__b04,7,cc034,162,-0.10725264046309602,0.05796875407013984,0.09367729118154816,0.5014225482792904,1.0522607283668322,5.024135622432693,0.5824853213446888,0.5392661179698216,0.5280005503706254,0.2506725178589081
shared_RRR_selected,resp__passive_CCW__b03,7,cc034,162,-0.12294201400535054,0.015171121441924782,-0.028730469266789346,0.48142565343755545,1.0596895837958165,1.6147221622252663,0.2508548571163296,0.4907407407407407,0.5169096401365905,0.251324635721372
shared_RRR_selected,resp__passive_CCW__b18,7,cc034,162,-0.0007351700007218742,0.05192326490601131,0.03564493553699665,0.4938373947367579,1.000367517465817,3.0422503479110943,-0.018425950504123895,0.5133744855967078,0.5082206938415886,0.24999470319254
shared_RRR_selected,resp__passive_CW__b15,7,cc034,162,-0.0387172069425199,0.01158635996793282,0.07795055153234397,0.4588989133845479,1.0191747676147207,1.1227533283434437,0.0943283341946316,0.5308641975308642,0.5290546477177229,0.25015445037783895
shared_RRR_selected,resp__passive_CCW__b25,7,cc034,162,-0.00042917949591370075,-0.009682697583455666,0.045828290754891976,0.4958903701230955,1.0002145667285165,-0.7778057043433036,-0.09425114177350874,0.5123456790123456,0.500791691060174,0.2501839041815806
shared_RRR_selected,resp__passive_CW__b05,7,cc034,162,-0.057810619623530624,0.0032955240400575425,0.0679491559531383,0.44061788601615,1.028499207400536,0.2045488995757123,0.05368265876608055,0.5509259259259259,0.5330085532155249,0.2501512803082451
shared_RRR_selected,resp__passive_CCW__b12,7,cc034,162,-0.011144693377162396,0.04414157508761584,0.11517087446746957,0.47169508556797757,1.0055569070804309,4.017319736542877,0.18134648759480954,0.5656721536351166,0.5352627385523667,0.25002167284965937
shared_RRR_selected,resp__passive_CW__b08,7,cc034,162,0.005124963869762467,0.12103531092703737,0.0968887191907026,0.40604958434308064,0.9974342264682106,5.139447126878927,0.11000012692385372,0.5603566529492454,0.5383301407852404,0.24980198737311313
shared_RRR_selected,resp__passive_CCW__b15,7,cc034,162,-0.028535666910097346,0.039184237516415636,0.025905306455555062,0.5148399749535278,1.0141674747841687,3.5436678748720905,0.20324348738461864,0.4857681755829904,0.4917090681466094,0.2501160830480513
shared_RRR_selected,resp__passive_CW__b13,7,cc034,162,-0.0220155899720913,0.13744073000469262,0.14577680492250766,0.42118046662117986,1.0109478670891447,10.641211504331304,0.7146371938717296,0.5682441700960219,0.5471818121909087,0.25008133068266836
shared_RRR_selected,resp__passive_CCW__b05,7,cc034,162,-0.07499316473312323,0.0034669103984305183,0.04342929657111508,0.4986773918309979,1.0368187714027572,0.2526657442719626,0.0842593549512894,0.5303497942386831,0.5239744214202087,0.2503030078138484
shared_RRR_selected,resp__passive_CCW__b07,7,cc034,162,-0.00454652182227222,-0.0014644612485201838,-0.04405498234625848,0.44057606619048595,1.0022706829106955,-0.08382643935991145,-0.005055451949293863,0.4684499314128943,0.4834467799353391,0.25016560354970346
shared_RRR_selected,resp__passive_CCW__b08,7,cc034,162,0.00037053828271438327,0.021870422516248083,-0.003567366600626344,0.4486183255011762,0.9998147136931351,1.126522111022051,0.008832642873143389,0.4936556927297667,0.4986157956454986,0.2500712016893061
independent_Ridge,resp__passive_CW__b02,8,jn039,130,-0.22975889759481127,0.028510827607787118,0.08381026302374801,0.24305172483791845,1.108944947954952,2.780331577285389,0.08668789858038832,0.5302169421487603,0.5441919191919191,0.2507157267640021
independent_Ridge,resp__passive_CW__b01,8,jn039,130,-0.24313866208638668,0.026850810759470073,0.08889517605660813,0.22540108772389117,1.114961282774602,2.667324137101579,0.06767551435827583,0.5077479338842975,0.5238603316085659,0.2506423978687868
independent_Ridge,resp__passive_CW__b00,8,jn039,130,-0.14948932885141408,0.09611133867307005,0.062259917313055135,0.23977634859904493,1.0721424013867813,7.6856785828279675,0.5185013259285255,0.53150826446281,0.5341944109021909,0.2504109258062703
independent_Ridge,resp__passive_CW__b11,8,jn039,130,-0.7313789856947326,0.08662046221090747,0.27357134790182247,0.3931691412009388,1.3158187510803805,3.523323652707324,0.3923497405722407,0.6699380165289256,0.6538241896085033,0.250058313412225
independent_Ridge,resp__passive_CW__b17,8,jn039,130,-1.1031621821278512,-0.23964584792334354,-0.09844452166296151,0.4313059602900853,1.450228320688798,-11.371618692321764,-0.030973472651516863,0.4682334710743801,0.4872589531680441,0.25041245404857954
independent_Ridge,resp__passive_CCW__b00,8,jn039,130,-0.20763196290329144,-0.0017523448478107798,0.09105929082952181,0.26451906453205387,1.0989230923514581,-0.1928376669203874,-0.22486083819537564,0.5457128099173553,0.528487489271803,0.25060370225719436
independent_Ridge,resp__passive_CW__b16,8,jn039,130,-0.7569211012341623,-0.2639730457111082,-0.12382368581804012,0.4604205231802085,1.3254890045693182,-19.816072479769353,-0.36844359723424064,0.45325413223140504,0.5139678030303031,0.25042752944623864
independent_Ridge,resp__passive_CW__b03,8,jn039,130,-0.03266869560049401,0.062006170515206696,0.09233051908773685,0.22177824096351284,1.0162030779329956,5.418321066927888,0.48714191059302425,0.5513946280991735,0.5586959862314832,0.2508460809714178
independent_Ridge,resp__passive_CW__b25,8,jn039,130,-0.7206538302157395,-0.09432547406338386,0.1783805652331018,0.4262078328076801,1.3117369516087207,-5.010782110732924,-0.17469959417113926,0.6182851239669421,0.6266144929001867,0.25044261525356504
independent_Ridge,resp__passive_CCW__b01,8,jn039,130,-0.19171868215200072,-0.04653015147340812,0.09246672211540274,0.23887195510820527,1.0916586839081164,-5.144766874338314,-0.75829146840733,0.5462293388429752,0.5523235105466854,0.250770321073098
independent_Ridge,resp__passive_CCW__b11,8,jn039,130,-0.8183101012943661,0.025449672384658634,0.34565301687656275,0.38042103919946474,1.3484472927387139,1.3680299015913024,0.27679505802393706,0.7135847107438017,0.6798151633158807,0.2501842390598299
independent_Ridge,resp__passive_CW__b04,8,jn039,130,-0.37790493601067765,0.036153410633154984,0.27211851560671957,0.2583914126752624,1.1738419552949526,2.8342908837510956,0.3224778041129289,0.6557334710743802,0.6084796238244514,0.25063917278396824
independent_Ridge,resp__passive_CCW__b02,8,jn039,130,-0.17634068714824802,-0.046295511789271236,0.109613169931565,0.24537808606168907,1.0845924059978698,-4.4710566649853885,-0.7330441151267779,0.5808367768595041,0.5705268954991793,0.2508681012146386
independent_Ridge,resp__passive_CW__b06,8,jn039,130,-0.7117653053106971,-0.18775805209496477,-0.1722514289881365,0.2960375001607845,1.3083444903047121,-8.505712970227686,-0.19088236143067142,0.387654958677686,0.4451442760675241,0.25040926092957067
independent_Ridge,resp__passive_CW__b18,8,jn039,130,-1.4709617261819972,-0.11876389653174088,0.02954092333375878,0.3937804805049127,1.5719293006309147,-4.1379394813994175,0.10456556173631572,0.5395144628099173,0.507269884600358,0.25026748855149133
independent_Ridge,resp__passive_CCW__b16,8,jn039,130,-0.7514530940149693,-0.10611629407620587,-0.03936267499544395,0.5266154593442882,1.323424759483881,-9.268816204876913,-0.07216350495207716,0.4772727272727273,0.5389367816091954,0.2503461127881488
independent_Ridge,resp__passive_CW__b12,8,jn039,130,-0.4527335995505939,0.13888368236411805,0.2211634495899338,0.290071235725209,1.205293988846951,5.0988679284310665,0.3860849638243303,0.6265495867768596,0.581419028999674,0.24989321935628359
independent_Ridge,resp__passive_CCW__b17,8,jn039,130,-0.9921400020523654,-0.17457315789149536,0.02344205442827477,0.4457826114201568,1.4114318977734508,-9.349865086745602,-0.004999201827928977,0.5689566115702479,0.5404040404040404,0.25030869160817204
independent_Ridge,resp__passive_CW__b07,8,jn039,130,-1.3530361180809996,0.1567726832525842,0.09711275872578387,0.2982132334258829,1.5339609245613135,5.029885459046809,0.38543759554572377,0.553202479338843,0.5812422040488465,0.249747595725587
independent_Ridge,resp__passive_CCW__b04,8,jn039,130,-0.30174530070230876,0.0005183087277394497,-0.004585501931418499,0.24406601771470132,1.1409405333768754,0.03549920231348926,0.027592343284854288,0.4974173553719009,0.5030901116427432,0.250547110927204
independent_Ridge,resp__passive_CCW__b03,8,jn039,130,-0.04403688038954656,-0.049991639320233636,-0.1723119636670991,0.22038180239310642,1.021781229221572,-4.237468742554897,-0.6592575213146701,0.39617768595041325,0.45369765776392285,0.2508748962556036
independent_Ridge,resp__passive_CCW__b18,8,jn039,130,-1.5464815329042572,-0.047508056420879526,-0.01757019056890059,0.3972593956391213,1.5957698872031194,-1.7850759074179656,0.19304298511047718,0.49251033057851235,0.4990431581249545,0.25013195006318795
independent_Ridge,resp__passive_CW__b15,8,jn039,130,-0.7395580695575248,-0.18620239209974726,-0.0557978403337954,0.36935428767509143,1.3189230718876386,-15.194716105525494,-0.7054683353989765,0.490444214876033,0.5169549164399534,0.25036912474602036
independent_Ridge,resp__passive_CCW__b25,8,jn039,130,-0.6972101307966649,-0.13529182264374015,0.21358148104986563,0.40236981374232456,1.3027701757396295,-7.890662828880206,-0.44044651138072494,0.6497933884297521,0.6551057709594295,0.2504496692311684
independent_Ridge,resp__passive_CW__b05,8,jn039,130,-0.6683810804426373,-0.08808737378798706,-0.18270879477892918,0.33496539127335145,1.2916582676709183,-6.364574704004921,-0.2981597948738727,0.3881714876033058,0.46958142432280364,0.250439720304646
independent_Ridge,resp__passive_CCW__b12,8,jn039,130,-0.6757914146002613,0.08909595160354511,0.2443633653023581,0.2986970951923505,1.294523624581746,5.55068963510675,0.44401148877545504,0.6389462809917356,0.5794934866962306,0.2500658275122492
independent_Ridge,resp__passive_CW__b08,8,jn039,130,-1.259227342955541,0.3486429237402019,0.23330065272193923,0.32064415770902566,1.503072633958699,10.912034567870467,0.7741998314888514,0.6348140495867768,0.660399631441125,0.24958502844346564
independent_Ridge,resp__passive_CCW__b15,8,jn039,130,-0.9637077432679864,-0.13348342823371442,-0.1299679557327461,0.406039025555939,1.4013235683695562,-12.53044295186587,-0.5898952451889238,0.40625,0.48710273466371035,0.25038362342646764
independent_Ridge,resp__passive_CW__b13,8,jn039,130,-0.23348459852413117,0.07691396482707433,0.10287868689697346,0.25837163889550835,1.1106235179052042,3.23467496640196,0.26608795593606704,0.5717975206611571,0.5351938502673796,0.2501554362366544
independent_Ridge,resp__passive_CCW__b05,8,jn039,130,-0.42358621842169897,-0.06569299312842211,-0.23034958712251147,0.32406668537493155,1.1931413237423716,-4.598693141635149,-0.17789271175466262,0.3522727272727273,0.45863254392666153,0.2504266255952841
independent_Ridge,resp__passive_CCW__b07,8,jn039,130,-1.2335272710196499,0.1807977106234973,0.08892544339608945,0.29509644221051856,1.4944990033518424,7.383180358053427,0.5470815199413824,0.5676652892561984,0.5899804496578691,0.24991454313401115
independent_Ridge,resp__passive_CCW__b08,8,jn039,130,-1.0392806249148938,0.28359899589970916,-0.021081201948732572,0.3139296855585395,1.4280338318523458,11.904292865848655,0.8598859254541555,0.5108471074380165,0.6182010378627715,0.24982899544371745
shared_fullrank,resp__passive_CW__b02,8,jn039,130,-0.22975889759481127,0.028510827607786563,0.08381026302374801,0.24305172483791845,1.108944947954952,2.7803315772853106,0.08668789858037977,0.5302169421487603,0.5441919191919191,0.2507157267640021
shared_fullrank,resp__passive_CW__b01,8,jn039,130,-0.24313866208638624,0.026850810759470094,0.08889517605660813,0.22540108772389114,1.114961282774602,2.667324137101525,0.06767551435827056,0.5077479338842975,0.5238603316085659,0.25064239786878684
shared_fullrank,resp__passive_CW__b00,8,jn039,130,-0.14948932885141386,0.09611133867307003,0.062259917313055135,0.2397763485990449,1.0721424013867813,7.685678582827947,0.5185013259285238,0.53150826446281,0.5341944109021909,0.2504109258062703
shared_fullrank,resp__passive_CW__b11,8,jn039,130,-0.7313789856947326,0.08662046221090762,0.27357134790182247,0.3931691412009388,1.3158187510803805,3.5233236527073326,0.39234974057224126,0.6699380165289256,0.6538241896085033,0.250058313412225
shared_fullrank,resp__passive_CW__b17,8,jn039,130,-1.1031621821278512,-0.23964584792334356,-0.09844452166296151,0.4313059602900853,1.450228320688798,-11.371618692321768,-0.0309734726515169,0.4682334710743801,0.4872589531680441,0.25041245404857954
shared_fullrank,resp__passive_CCW__b00,8,jn039,130,-0.20763196290329144,-0.001752344847810624,0.09105929082952181,0.26451906453205387,1.0989230923514581,-0.1928376669203567,-0.22486083819537267,0.5457128099173553,0.528487489271803,0.25060370225719436
shared_fullrank,resp__passive_CW__b16,8,jn039,130,-0.7569211012341623,-0.26397304571110813,-0.12382368581804012,0.4604205231802085,1.3254890045693182,-19.81607247976932,-0.36844359723423914,0.45325413223140504,0.5139678030303031,0.25042752944623864
shared_fullrank,resp__passive_CW__b03,8,jn039,130,-0.03266869560049379,0.06200617051520747,0.09233051908773685,0.2217782409635128,1.0162030779329956,5.4183210669279775,0.48714191059303497,0.5513946280991735,0.5586959862314832,0.2508460809714178
shared_fullrank,resp__passive_CW__b25,8,jn039,130,-0.7206538302157395,-0.09432547406338401,0.1783805652331018,0.4262078328076801,1.3117369516087207,-5.01078211073289,-0.17469959417113654,0.6182851239669421,0.6266144929001867,0.25044261525356504
shared_fullrank,resp__passive_CCW__b01,8,jn039,130,-0.19171868215200094,-0.04653015147340822,0.09246672211540274,0.2388719551082053,1.0916586839081166,-5.144766874338292,-0.7582914684073274,0.5462293388429752,0.5523235105466854,0.250770321073098
shared_fullrank,resp__passive_CCW__b11,8,jn039,130,-0.8183101012943661,0.025449672384658596,0.34565301687656275,0.38042103919946474,1.3484472927387139,1.3680299015913049,0.27679505802393733,0.7135847107438017,0.6798151633158807,0.2501842390598299
shared_fullrank,resp__passive_CW__b04,8,jn039,130,-0.37790493601067765,0.036153410633155296,0.27211851560671957,0.2583914126752624,1.1738419552949526,2.8342908837510956,0.3224778041129289,0.6557334710743802,0.6084796238244514,0.25063917278396824
shared_fullrank,resp__passive_CCW__b02,8,jn039,130,-0.17634068714824802,-0.046295511789270806,0.109613169931565,0.24537808606168907,1.0845924059978698,-4.471056664985301,-0.7330441151267681,0.5808367768595041,0.5705268954991793,0.2508681012146386
shared_fullrank,resp__passive_CW__b06,8,jn039,130,-0.7117653053106969,-0.18775805209496482,-0.1722514289881365,0.2960375001607845,1.3083444903047121,-8.505712970227698,-0.19088236143067153,0.387654958677686,0.4451442760675241,0.25040926092957067
shared_fullrank,resp__passive_CW__b18,8,jn039,130,-1.4709617261819972,-0.11876389653174092,0.02954092333375878,0.3937804805049127,1.5719293006309147,-4.137939481399416,0.10456556173631562,0.5395144628099173,0.507269884600358,0.25026748855149133
shared_fullrank,resp__passive_CCW__b16,8,jn039,130,-0.7514530940149688,-0.10611629407620599,-0.03936267499544395,0.5266154593442882,1.323424759483881,-9.268816204876922,-0.0721635049520772,0.4772727272727273,0.5389367816091954,0.2503461127881488
shared_fullrank,resp__passive_CW__b12,8,jn039,130,-0.45273359955059345,0.13888368236411824,0.2211634495899338,0.290071235725209,1.205293988846951,5.098867928431074,0.38608496382433066,0.6265495867768596,0.581419028999674,0.24989321935628359
shared_fullrank,resp__passive_CCW__b17,8,jn039,130,-0.9921400020523659,-0.1745731578914954,0.02344205442827477,0.4457826114201569,1.4114318977734512,-9.349865086745607,-0.004999201827929683,0.5689566115702479,0.5404040404040404,0.25030869160817204
shared_fullrank,resp__passive_CW__b07,8,jn039,130,-1.353036118080999,0.15677268325258417,0.09711275872578387,0.29821323342588285,1.5339609245613133,5.029885459046821,0.3854375955457239,0.553202479338843,0.5812422040488465,0.249747595725587
shared_fullrank,resp__passive_CCW__b04,8,jn039,130,-0.30174530070230876,0.0005183087277398751,-0.004585501931418499,0.24406601771470132,1.1409405333768754,0.03549920231365071,0.02759234328486935,0.4974173553719009,0.5030901116427432,0.250547110927204
shared_fullrank,resp__passive_CCW__b03,8,jn039,130,-0.04403688038954656,-0.049991639320233636,-0.1723119636670991,0.22038180239310642,1.021781229221572,-4.237468742554916,-0.659257521314672,0.39617768595041325,0.45369765776392285,0.2508748962556036
shared_fullrank,resp__passive_CCW__b18,8,jn039,130,-1.5464815329042572,-0.04750805642087964,-0.01757019056890059,0.3972593956391213,1.5957698872031194,-1.7850759074179725,0.19304298511047704,0.49251033057851235,0.4990431581249545,0.25013195006318795
shared_fullrank,resp__passive_CW__b15,8,jn039,130,-0.7395580695575248,-0.18620239209974696,-0.0557978403337954,0.36935428767509143,1.3189230718876386,-15.194716105525542,-0.7054683353989779,0.490444214876033,0.5169549164399534,0.25036912474602036
shared_fullrank,resp__passive_CCW__b25,8,jn039,130,-0.6972101307966654,-0.13529182264374007,0.21358148104986563,0.4023698137423246,1.3027701757396297,-7.890662828880164,-0.44044651138072194,0.6497933884297521,0.6551057709594295,0.2504496692311684
shared_fullrank,resp__passive_CW__b05,8,jn039,130,-0.6683810804426373,-0.0880873737879873,-0.18270879477892918,0.33496539127335145,1.2916582676709183,-6.364574704004914,-0.29815979487387223,0.3881714876033058,0.46958142432280364,0.250439720304646
shared_fullrank,resp__passive_CCW__b12,8,jn039,130,-0.675791414600261,0.08909595160354518,0.2443633653023581,0.29869709519235044,1.2945236245817457,5.550689635106757,0.44401148877545515,0.6389462809917356,0.5794934866962306,0.2500658275122492
shared_fullrank,resp__passive_CW__b08,8,jn039,130,-1.2592273429555405,0.3486429237402017,0.23330065272193923,0.3206441577090256,1.5030726339586988,10.912034567870439,0.7741998314888499,0.6348140495867768,0.660399631441125,0.24958502844346564
shared_fullrank,resp__passive_CCW__b15,8,jn039,130,-0.9637077432679857,-0.13348342823371398,-0.1299679557327461,0.40603902555593896,1.401323568369556,-12.530442951865865,-0.5898952451889227,0.40625,0.48710273466371035,0.25038362342646764
shared_fullrank,resp__passive_CW__b13,8,jn039,130,-0.23348459852413117,0.07691396482707434,0.10287868689697346,0.25837163889550835,1.1106235179052042,3.234674966401961,0.2660879559360671,0.5717975206611571,0.5351938502673796,0.2501554362366544
shared_fullrank,resp__passive_CCW__b05,8,jn039,130,-0.42358621842169897,-0.06569299312842211,-0.23034958712251147,0.32406668537493155,1.1931413237423716,-4.598693141635154,-0.17789271175466292,0.3522727272727273,0.45863254392666153,0.2504266255952841
shared_fullrank,resp__passive_CCW__b07,8,jn039,130,-1.2335272710196508,0.18079771062349712,0.08892544339608945,0.2950964422105186,1.4944990033518426,7.383180358053385,0.5470815199413811,0.5676652892561984,0.5899804496578691,0.24991454313401115
shared_fullrank,resp__passive_CCW__b08,8,jn039,130,-1.0392806249148938,0.2835989958997091,-0.021081201948732572,0.3139296855585395,1.4280338318523458,11.904292865848648,0.8598859254541554,0.5108471074380165,0.6182010378627715,0.24982899544371745
shared_RRR_selected,resp__passive_CW__b02,8,jn039,130,-0.23188374041169335,-0.030422484713286912,0.11825449535347904,0.24326161306038288,1.1099025814960939,-2.9048775199360857,-0.5253737359301938,0.5674070247933884,0.5541617473435655,0.2507568609129086
shared_RRR_selected,resp__passive_CW__b01,8,jn039,130,-0.24409516144736632,0.0011949222269979271,0.08889517605660813,0.22548778543017622,1.115390138672279,0.10446481698445327,-0.18972074886434306,0.5077479338842975,0.5238603316085659,0.25065236432279536
shared_RRR_selected,resp__passive_CW__b00,8,jn039,130,-0.151580097496949,0.062072636703880184,0.062259917313055135,0.23999431022290038,1.073117000842382,5.263077685766842,0.29728977312073696,0.53150826446281,0.5341944109021909,0.25044211455173254
shared_RRR_selected,resp__passive_CW__b11,8,jn039,130,-0.7319894092223798,0.11027039546532076,0.27357134790182247,0.3932384439203248,1.3160506864184145,4.378328389057266,0.43992154948529294,0.6699380165289256,0.6538241896085033,0.2500115611192452
shared_RRR_selected,resp__passive_CW__b17,8,jn039,130,-1.1019295176212518,-0.24720774956467986,-0.1271379594912436,0.4311795474349588,1.4498032685924154,-11.778121054834168,-0.03968211774871529,0.4320764462809918,0.47982754949968065,0.25042961036324163
shared_RRR_selected,resp__passive_CCW__b00,8,jn039,130,-0.20765983082866812,-0.000592472763393075,-0.031402364711859365,0.26452211660224173,1.0989357719305837,-0.05830452575738338,-0.2118667104906118,0.4708161157024793,0.48670809752370037,0.2506045981783046
shared_RRR_selected,resp__passive_CW__b16,8,jn039,130,-0.756547654368021,-0.26471382915087865,-0.08486961990559388,0.460371587647684,1.3253481257269808,-20.084163542245484,-0.37579386514683183,0.4775309917355372,0.5314479321907601,0.2504232657523262
shared_RRR_selected,resp__passive_CW__b03,8,jn039,130,-0.03474545675078722,-0.006159280193331016,0.134886398398459,0.222001133893904,1.017224388594172,-0.4913341816107826,-0.21807945075725826,0.5989152892561983,0.5711472967220094,0.25088843717327974
shared_RRR_selected,resp__passive_CW__b25,8,jn039,130,-0.7206272357431749,-0.09022060762641801,0.1783805652331018,0.42620453905500444,1.3117268144484868,-4.768093853873778,-0.15663720538121045,0.6182851239669421,0.6266144929001867,0.25042919671022096
shared_RRR_selected,resp__passive_CCW__b01,8,jn039,130,-0.1929540279400188,-0.07859131611866466,-0.2229189552798498,0.23899573139642727,1.0922243487214607,-7.264227528036572,-0.9862545820332993,0.3323863636363636,0.42686896509213995,0.25080201632632987
shared_RRR_selected,resp__passive_CCW__b11,8,jn039,130,-0.8187154980779117,0.029702439163218197,0.34565301687656275,0.3804634447469336,1.348597604208873,1.5678040777118754,0.28860317790991774,0.7135847107438017,0.6798151633158807,0.2501766013676247
shared_RRR_selected,resp__passive_CW__b04,8,jn039,130,-0.3776142538576248,0.015632462166184503,0.27211851560671957,0.25836415617450464,1.173718132201094,1.1703967744205515,0.15265883932464522,0.6557334710743802,0.6084796238244514,0.2506460667990364
shared_RRR_selected,resp__passive_CCW__b02,8,jn039,130,-0.17745199277566748,-0.07486878093553344,-0.20819389462219237,0.24549396476831498,1.0851045999237434,-6.689767123103075,-0.9912290051052596,0.35253099173553715,0.4366193370522375,0.250894609782897
shared_RRR_selected,resp__passive_CW__b06,8,jn039,130,-0.7118652444033253,-0.197954108788739,-0.1722514289881365,0.2960461419083536,1.3083826827053793,-9.740069044967134,-0.24085246424157725,0.387654958677686,0.4451442760675241,0.25038366077057606
shared_RRR_selected,resp__passive_CW__b18,8,jn039,130,-1.4702034497265473,-0.13821237881026205,-0.088199027248538,0.3937200551702888,1.5716880891979002,-4.840209521449064,0.0783536691536535,0.46978305785123964,0.4838829901143534,0.2502927153531311
shared_RRR_selected,resp__passive_CCW__b16,8,jn039,130,-0.7533271045214534,-0.1533218152769924,-0.09223971706929292,0.5268971166331012,1.3241325857033552,-14.146701470323073,-0.27324882605193784,0.42613636363636365,0.5192939244663384,0.25040386944487697
shared_RRR_selected,resp__passive_CW__b12,8,jn039,130,-0.4534147715500856,0.15012402751560117,0.2211634495899338,0.29013923348038095,1.2055765307727608,5.4468695553195605,0.4063391132444612,0.6265495867768596,0.581419028999674,0.24987757568103197
shared_RRR_selected,resp__passive_CCW__b17,8,jn039,130,-0.9923094394741216,-0.1757459741561093,0.02344205442827477,0.44580156858438036,1.4114919197339109,-9.429096937863719,-0.0076448772452340445,0.5689566115702479,0.5404040404040404,0.2503103299607993
shared_RRR_selected,resp__passive_CW__b07,8,jn039,130,-1.352376441332654,0.15485473704202218,0.09711275872578387,0.2981714282609425,1.533745885514499,5.050101827355083,0.38585261491438705,0.553202479338843,0.5812422040488465,0.24974896964905768
shared_RRR_selected,resp__passive_CCW__b04,8,jn039,130,-0.3024110922551686,0.022766150688030753,0.008732127440358001,0.24412842482323469,1.1412322691964019,1.6109137863765668,0.1748060532201865,0.4974173553719009,0.5030901116427432,0.2505405650497274
shared_RRR_selected,resp__passive_CCW__b03,8,jn039,130,-0.04409642901955846,-0.04977787423116717,-0.1723119636670991,0.2203880872512057,1.0218103684243756,-3.9722601334596996,-0.6281867009060967,0.39617768595041325,0.45369765776392285,0.2508755163270717
shared_RRR_selected,resp__passive_CCW__b18,8,jn039,130,-1.5472243679115039,-0.04939689313832885,-0.01757019056890059,0.39731733375187916,1.5960026215240073,-1.8383889949963483,0.19070721350610653,0.49251033057851235,0.4990431581249545,0.25014982012080383
shared_RRR_selected,resp__passive_CW__b15,8,jn039,130,-0.7395994144866362,-0.19665269679645733,-0.0557978403337954,0.36935867696118985,1.3189387455400028,-16.703230658467426,-0.7935048045631645,0.490444214876033,0.5169549164399534,0.2503665527629649
shared_RRR_selected,resp__passive_CCW__b25,8,jn039,130,-0.69676305403369,-0.15355682488856667,0.21358148104986563,0.40231681439983014,1.302598577472619,-9.123852064797854,-0.5355476244624289,0.6497933884297521,0.6551057709594295,0.2504680012386727
shared_RRR_selected,resp__passive_CW__b05,8,jn039,130,-0.6684599352656786,-0.10549786114036715,-0.18270879477892918,0.334973307128088,1.2916887919563593,-8.54492094750821,-0.4490113735853499,0.3881714876033058,0.46958142432280364,0.2504367843988075
shared_RRR_selected,resp__passive_CCW__b12,8,jn039,130,-0.6770510201582158,0.09230893962777835,0.2443633653023581,0.29880933166892054,1.2950100463541647,5.68392230921002,0.4525542328373195,0.6389462809917356,0.5794934866962306,0.25007470591778147
shared_RRR_selected,resp__passive_CW__b08,8,jn039,130,-1.2580163066378454,0.3454601790276626,0.23330065272193923,0.3205582071355114,1.5026697263995987,11.046390934199447,0.7795061982828225,0.6348140495867768,0.660399631441125,0.24960354816181224
shared_RRR_selected,resp__passive_CCW__b15,8,jn039,130,-0.9666663033793503,-0.18829707698262127,-0.1299679557327461,0.40634478356328374,1.4023788016721266,-19.12733539011255,-1.0219429819627028,0.40625,0.48710273466371035,0.2504112644303081
shared_RRR_selected,resp__passive_CW__b13,8,jn039,130,-0.23328743960165688,0.08625296843631934,0.10287868689697346,0.258350989140454,1.1105347538918613,3.6965925071267987,0.29786939018758823,0.5717975206611571,0.5351938502673796,0.25015169115431024
shared_RRR_selected,resp__passive_CCW__b05,8,jn039,130,-0.4264815411181129,-0.10910024110838527,-0.2420630475017785,0.32439606515853775,1.1943540267098833,-9.529968663026885,-0.4945675851118482,0.3522727272727273,0.45863254392666153,0.25042007010537704
shared_RRR_selected,resp__passive_CCW__b07,8,jn039,130,-1.2325182212926724,0.17622333077978175,-0.05151501179719,0.29502977621839954,1.4941613772590538,7.5606486839143585,0.5551071568806194,0.4901859504132231,0.5289885270360652,0.24992794939982152
shared_RRR_selected,resp__passive_CCW__b08,8,jn039,130,-1.0396978748795087,0.22661825867180227,-0.15931214135987637,0.313961799934823,1.4281799168450409,9.435937690333725,0.7140379164538404,0.41270661157024796,0.5366854347376304,0.2499165644326543
