model,target,fold,heldout,n,r2,pearson,spearman,rmse,nrmse,calibration_slope,calibration_intercept,auroc,auprc,brier
independent_Ridge,resp__checkerboard__b04,0,M186,7,-0.545673568197172,-0.3200553713064135,-0.6071428571428572,0.5070652489969559,1.2432512088058358,-1.718390593639333,1.3163656944365003,,,
independent_Ridge,resp__checkerboard__b06,0,M186,7,-0.10202853930389355,0.7847296013870619,0.5357142857142858,1.6685878187687826,1.0497754709002747,33.550212237635066,-13.271246553129465,,,
independent_Ridge,resp__checkerboard__b07,0,M186,7,0.04081949650857153,0.8728721839422954,0.6071428571428572,1.5207581541533766,0.9793776102665552,8.943690669509246,-2.3681431044350747,,,
independent_Ridge,feat__glm_label,0,M186,7,-0.4991722214339225,0.09671171492649336,0.15936381457791915,0.7822448652159394,1.2244068855711008,3.7298265054024977,-1.4289252067652165,,,
independent_Ridge,resp__checkerboard__b05,0,M186,7,0.005062975706845441,0.16706105100868326,0.21428571428571433,0.3084363738105942,0.99746529979401,6.729837047421422,-2.080495173476357,,,
independent_Ridge,feat__evoked_checkerboard,0,M186,7,-0.09581359574160908,0.7846591165058807,0.5357142857142858,0.5936540182576099,1.046811155720844,12.105028821752738,-3.8016625018089667,,,
independent_Ridge,resp__grating_right__b08,0,M186,7,-0.02723868207030522,0.759503903843393,0.28571428571428575,1.213068479920435,1.0135278398101877,412.9129241651212,-72.01098645714657,,,
independent_Ridge,resp__checkerboard__b08,0,M186,7,0.24393395804156182,0.839833248720402,0.8214285714285715,0.6579497102604949,0.8695205816761546,5.134649926805093,-0.9465333413878307,,,
independent_Ridge,resp__checkerboard__b03,0,M186,7,-0.48014569207244917,-0.4573185973714025,-0.28571428571428575,0.6824412725826803,1.2166123836590064,-37.72822909581594,8.021073359782365,,,
independent_Ridge,resp__grating_left__b06,0,M186,7,-0.05962368494532555,0.8030860009634593,0.7500000000000002,1.4934454113858968,1.029380243129489,402.875800946487,-48.55638313321889,,,
independent_Ridge,resp__grating_right__b06,0,M186,7,-0.2155328973554238,0.12628233471529127,0.0,0.4543888999738689,1.1025120849022128,2.568634212581603,-0.48448199495994665,,,
independent_Ridge,resp__grating_right__b07,0,M186,7,0.025665504636147696,0.5571135748160717,0.28571428571428575,0.9277150258999747,0.9870838340099855,22.880213217211132,-4.009371384242482,,,
independent_Ridge,resp__grating_left__b04,0,M186,7,0.0005186612997993834,0.2653884585095533,0.1785714285714286,0.43192107352229847,0.9997406357151842,31.27363584298674,-4.15701894767256,,,
independent_Ridge,resp__checkerboard__b09,0,M186,7,-0.3834097915181893,0.6276015427249078,0.4642857142857144,0.4168085832105537,1.1761844207088399,46.055700207198626,-7.176615137907482,,,
independent_Ridge,resp__grating_down__b05,0,M186,7,-2.1478112576854405,0.1340333522788895,0.0,0.31346835656740807,1.774207219488592,1.4226051962933188,-0.2975795573543845,,,
independent_Ridge,resp__grating_right__b09,0,M186,7,-0.025611171896195994,0.565900120288382,0.6071428571428572,0.48868497563817836,1.012724627870872,200.19371248741353,-18.704957998613406,,,
independent_Ridge,resp__grating_up__b06,0,M186,7,-0.018554049906852166,0.029033421352439755,0.03571428571428572,0.4704158845353863,1.0092343879926269,6.577889378081502,-0.8094640775544195,,,
independent_Ridge,resp__grating_up__b05,0,M186,7,-0.3492589964276851,0.45447101445628946,0.5714285714285715,0.3864719623760368,1.1615760829268504,62.834496683562136,-9.437518167428948,,,
independent_Ridge,resp__grating_up__b08,0,M186,7,-6.283377607197536,-0.46154735205245845,-0.28571428571428575,0.37135999145145293,2.6987733523209267,-0.6658439566060541,-0.07949208405726527,,,
independent_Ridge,resp__grating_right__b05,0,M186,7,0.0011174568798327789,0.1921999141973568,0.5357142857142858,0.8817588481222359,0.9994411153840768,11.13319024312642,-1.0363692988979376,,,
independent_Ridge,resp__grating_left__b07,0,M186,7,0.08125209626636376,0.9246487642416085,0.8571428571428573,0.640488270771617,0.9585133821359179,20.209851285699315,-2.353858079806997,,,
independent_Ridge,resp__grating_left__b05,0,M186,7,-0.00219850146704359,0.07557763693730689,0.0,0.46081352900310163,1.001098647220664,17.88499980822286,-1.7503560056516507,,,
independent_Ridge,feat__evoked_grating_right,0,M186,7,0.0019401475239636534,0.7273081911872248,0.642857142857143,0.5664383395276087,0.9990294552594715,132.58478522165294,-25.506421039160166,,,
independent_Ridge,feat__evoked_grating_left,0,M186,7,0.008958816911980194,0.39801686930871827,0.0,0.5954728631093775,0.9955105138008437,16.45076985965197,-2.5426227597168887,,,
independent_Ridge,resp__grating_up__b07,0,M186,7,-0.18792261179139236,-0.4430794746636689,-0.5714285714285715,0.4203765189616255,1.0899186262246334,-4.075321346100126,0.6334615131527296,,,
independent_Ridge,resp__checkerboard__b10,0,M186,7,-2.9904230978249,0.6015709377148759,0.6785714285714287,0.39185528707318223,1.9976043396591079,3.9869904486078473,-0.5985305772321611,,,
independent_Ridge,resp__grating_down__b06,0,M186,7,-0.13657353731617006,0.051896644219061885,0.03571428571428572,0.39456146412538806,1.0661020295056989,5.794215474949822,-0.31436302333022625,,,
independent_Ridge,feat__evoked_grating_down,0,M186,7,-0.18390011907395332,-0.48712961851747,-0.5,0.33779802154611926,1.0880717435325455,-71.62371868278251,6.801218070910238,,,
independent_Ridge,resp__grating_up__b09,0,M186,7,-5.864084751748421,-0.5177322989094351,-0.5714285714285715,0.3495168209901004,2.619939837429177,-1.8647166144570313,-0.12871229316999552,,,
independent_Ridge,feat__evoked_grating_up,0,M186,7,-0.009595322010793828,-0.4149467894779775,-0.3571428571428572,0.26727131227712414,1.004786207116118,-46.46022761078524,6.952840393790271,,,
independent_Ridge,resp__grating_left__b08,0,M186,7,0.016614372257322985,0.8787201946051955,0.7142857142857144,0.36493434623575055,0.9916580195524449,25.06718653788326,-1.5236498001762167,,,
independent_Ridge,resp__grating_down__b08,0,M186,7,-0.4863905780984439,-0.17821872566359154,-0.07142857142857144,0.2774126460915551,1.219176188292096,-2.1575029792914076,-0.037748403788467305,,,
shared_fullrank,resp__checkerboard__b04,0,M186,7,-0.5456735681971723,-0.3200553713064135,-0.6071428571428572,0.5070652489969559,1.2432512088058358,-1.7183905936393344,1.316365694436501,,,
shared_fullrank,resp__checkerboard__b06,0,M186,7,-0.10202853930389355,0.7847296013870622,0.5357142857142858,1.6685878187687826,1.0497754709002747,33.550212237635066,-13.271246553129465,,,
shared_fullrank,resp__checkerboard__b07,0,M186,7,-0.08044976498360001,0.870018006536196,0.5,1.6140324880098205,1.03944685529545,29.820889026279378,-9.329784131222286,,,
shared_fullrank,feat__glm_label,0,M186,7,-0.49917222143392204,0.0967117149264928,0.15936381457791915,0.7822448652159393,1.2244068855711006,3.7298265054025936,-1.4289252067652842,,,
shared_fullrank,resp__checkerboard__b05,0,M186,7,0.038298219358843255,0.21195461448994912,0.21428571428571433,0.3032410574915095,0.9806639488842018,1.337656842998605,-0.10349686779133455,,,
shared_fullrank,feat__evoked_checkerboard,0,M186,7,-0.09581359574160908,0.7846591165058805,0.5357142857142858,0.5936540182576099,1.046811155720844,12.105028821752727,-3.80166250180896,,,
shared_fullrank,resp__grating_right__b08,0,M186,7,-0.007410323700845378,0.7682564869001686,0.28571428571428575,1.201303754293997,1.003698323053718,55.66723065810337,-9.689729225612918,,,
shared_fullrank,resp__checkerboard__b08,0,M186,7,0.06968615375131992,0.7961641902541468,0.6071428571428572,0.7298398559418476,0.9645277840729526,16.660654524623116,-3.7113850531209636,,,
shared_fullrank,resp__checkerboard__b03,0,M186,7,-0.5293378556836301,-0.40321742345579564,-0.5,0.6936889408044821,1.2366640027443307,-5.597988622570588,1.6917365920445924,,,
shared_fullrank,resp__grating_left__b06,0,M186,7,-0.04307547433697567,0.7238294598606251,0.28571428571428575,1.4817379062272618,1.0213106649482202,62.81416525179297,-7.749721589383219,,,
shared_fullrank,resp__grating_right__b06,0,M186,7,-0.2155328973554238,0.12628233471529138,0.0,0.4543888999738689,1.1025120849022128,2.5686342125816206,-0.4844819949599495,,,
shared_fullrank,resp__grating_right__b07,0,M186,7,0.02566550463614814,0.5571135748160718,0.28571428571428575,0.9277150258999743,0.9870838340099851,22.88021321721111,-4.009371384242479,,,
shared_fullrank,resp__grating_left__b04,0,M186,7,0.03125402368543584,0.30446881397585407,0.1785714285714286,0.42522814786534885,0.9842489402151084,4.760417815991904,-0.5348041595804924,,,
shared_fullrank,resp__checkerboard__b09,0,M186,7,-0.2717554244682412,0.6697893549401854,0.4642857142857144,0.3996345525444011,1.1277213416745475,8.157131116382999,-1.2698233227414841,,,
shared_fullrank,resp__grating_down__b05,0,M186,7,-2.1478112576854405,0.13403335227888924,0.0,0.31346835656740807,1.774207219488592,1.4226051962933142,-0.2975795573543841,,,
shared_fullrank,resp__grating_right__b09,0,M186,7,-0.0005489496980637387,0.5642161388220706,0.5357142857142858,0.4826772012031832,1.0002744371911458,23.49502424281272,-2.0984526880778684,,,
shared_fullrank,resp__grating_up__b06,0,M186,7,-0.021313867935498942,0.01220152211335863,0.03571428571428572,0.4710527599194859,1.010600746059243,0.35411168288484585,0.021163803456252645,,,
shared_fullrank,resp__grating_up__b05,0,M186,7,-0.3206648513427335,0.31976874685117257,0.6785714285714287,0.38235488300760917,1.1492018322917579,6.991361867389023,-1.0780570903888642,,,
shared_fullrank,resp__grating_up__b08,0,M186,7,-4.8266110942843,-0.49087882057881677,-0.3214285714285715,0.332151880483135,2.4138374208476217,-1.822231398629384,0.04391569570534279,,,
shared_fullrank,resp__grating_right__b05,0,M186,7,0.0011174568798327789,0.19219991419735719,0.5357142857142858,0.8817588481222359,0.9994411153840768,11.13319024312644,-1.0363692988979398,,,
shared_fullrank,resp__grating_left__b07,0,M186,7,0.08125209626636376,0.9246487642416084,0.8571428571428573,0.640488270771617,0.9585133821359179,20.209851285699298,-2.353858079806997,,,
shared_fullrank,resp__grating_left__b05,0,M186,7,-0.0015624662937085976,0.0303781734744564,0.0,0.4606672804658339,1.00078092822241,0.9088840105801259,0.03262206041404847,,,
shared_fullrank,feat__evoked_grating_right,0,M186,7,0.037124352343553935,0.6707472942430466,0.6785714285714287,0.5563645490276837,0.9812622726144353,19.582974370757437,-3.7503446816171615,,,
shared_fullrank,feat__evoked_grating_left,0,M186,7,0.008958816911980194,0.39801686930871794,0.0,0.5954728631093775,0.9955105138008437,16.45076985965192,-2.54262275971688,,,
shared_fullrank,resp__grating_up__b07,0,M186,7,-0.18792261179139236,-0.4430794746636689,-0.5714285714285715,0.4203765189616255,1.0899186262246334,-4.075321346100126,0.6334615131527296,,,
shared_fullrank,resp__checkerboard__b10,0,M186,7,-2.9904230978249,0.6015709377148759,0.6785714285714287,0.39185528707318223,1.9976043396591079,3.986990448607851,-0.5985305772321612,,,
shared_fullrank,resp__grating_down__b06,0,M186,7,-0.13897527257894327,0.06262098525621324,0.03571428571428572,0.39497812528270804,1.067227844735576,1.411958411618738,-0.15601027182898594,,,
shared_fullrank,feat__evoked_grating_down,0,M186,7,-0.24315879565694254,-0.4803353864182147,-0.3214285714285715,0.34614883399540153,1.1149703115585377,-8.83494930759745,0.842537777093751,,,
shared_fullrank,resp__grating_up__b09,0,M186,7,-5.864084751748422,-0.5177322989094352,-0.5714285714285715,0.3495168209901004,2.619939837429177,-1.8647166144570329,-0.12871229316999552,,,
shared_fullrank,feat__evoked_grating_up,0,M186,7,-0.07220561968731731,-0.47638183383724547,-0.3571428571428572,0.27543410880856867,1.0354736209519377,-7.05871446936947,1.1930231739764892,,,
shared_fullrank,resp__grating_left__b08,0,M186,7,0.016614372257322763,0.8787201946051951,0.7142857142857144,0.3649343462357506,0.991658019552445,25.0671865378833,-1.5236498001762202,,,
shared_fullrank,resp__grating_down__b08,0,M186,7,-0.4863905780984443,-0.17821872566359181,-0.07142857142857144,0.27741264609155514,1.2191761882920962,-2.1575029792914107,-0.03774840378846717,,,
shared_RRR_selected,resp__checkerboard__b04,0,M186,7,-0.590133949963416,-0.37695815757479567,-0.4642857142857144,0.5143062625872915,1.2610051347886795,-2.25936114888791,1.495474445735935,,,
shared_RRR_selected,resp__checkerboard__b06,0,M186,7,-0.11324691174020862,0.8146963399261365,0.3214285714285715,1.6770592156531883,1.0551051661991844,43.74833847000369,-17.14599121758124,,,
shared_RRR_selected,resp__checkerboard__b07,0,M186,7,-0.07922826664350224,0.9063448028803955,0.7857142857142859,1.6131198608739858,1.0388591178035174,32.85112340968078,-10.503347027278455,,,
shared_RRR_selected,feat__glm_label,0,M186,7,-0.5196776751484293,0.02190059493888703,0.13944333775567924,0.7875764103256266,1.2327520736743578,0.6749633677271482,0.6824401374885689,,,
shared_RRR_selected,resp__checkerboard__b05,0,M186,7,-0.0011471440456307658,0.07941009822073378,0.21428571428571433,0.30939746339325636,1.0005734076246633,0.6833950172766798,0.13734301562237555,,,
shared_RRR_selected,feat__evoked_checkerboard,0,M186,7,-0.1089119795805853,0.7883612711118648,0.5357142857142858,0.5971914855317539,1.0530488970511225,14.194430946143848,-4.563289006660806,,,
shared_RRR_selected,resp__grating_right__b08,0,M186,7,-0.02793783357739721,0.019580098727333378,0.21428571428571433,1.2134812244995614,1.0138726910107587,1.3717794292483367,0.13387680481487743,,,
shared_RRR_selected,resp__checkerboard__b08,0,M186,7,0.05933633552213868,0.7332664865423463,0.6071428571428572,0.7338883912943244,0.9698781699150989,16.64735190559558,-3.7912214139186076,,,
shared_RRR_selected,resp__checkerboard__b03,0,M186,7,-0.5662379827239725,-0.5144769339796279,-0.28571428571428575,0.7020077833635617,1.2514942999166927,-8.039605951371737,2.0777698199277315,,,
shared_RRR_selected,resp__grating_left__b06,0,M186,7,-0.04687594969496667,0.6148435920202349,0.3571428571428572,1.484434829126481,1.0231695605787765,60.363502212803006,-7.487182442348034,,,
shared_RRR_selected,resp__grating_right__b06,0,M186,7,-0.2276385904892606,-0.08834405952267073,-0.07142857142857144,0.45664596138222874,1.1079885335549555,-2.114820116921568,0.3711597276446014,,,
shared_RRR_selected,resp__grating_right__b07,0,M186,7,0.019126688864278596,0.4712285796846365,0.07142857142857144,0.930822795406194,0.9903904841706233,21.445777492361035,-3.6716990664328897,,,
shared_RRR_selected,resp__grating_left__b04,0,M186,7,0.029773142310966838,0.3359550286783224,0.03571428571428572,0.4255530379755901,0.9850009429889055,6.208446527255128,-0.7319923882088515,,,
shared_RRR_selected,resp__checkerboard__b09,0,M186,7,-0.306913241070075,0.5719755414979926,0.42857142857142866,0.4051208638913629,1.1432030620454423,8.567567222456233,-1.3396436335712767,,,
shared_RRR_selected,resp__grating_down__b05,0,M186,7,-2.265044853720496,0.03099091965442899,0.4642857142857144,0.3192522309319574,1.8069435114912964,0.4159033972868468,-0.21033317687540573,,,
shared_RRR_selected,resp__grating_right__b09,0,M186,7,-0.03420242096612758,-0.14730691254462175,-0.14285714285714288,0.49072749373077823,1.0169574332124858,-6.132903143843943,0.7746770770836817,,,
shared_RRR_selected,resp__grating_up__b06,0,M186,7,-0.023142637975538394,-0.038807693788349494,-0.14285714285714288,0.4714743060859229,1.0115051349229713,-1.8650594318341083,0.3261581656744533,,,
shared_RRR_selected,resp__grating_up__b05,0,M186,7,-0.3282465799476244,0.3520951861420192,0.5357142857142858,0.3834508318787344,1.152495804741876,9.952462093923522,-1.5253152893709805,,,
shared_RRR_selected,resp__grating_up__b08,0,M186,7,-4.742934672393393,-0.4881027872477056,-0.3571428571428572,0.32975822585127695,2.396442086175544,-1.766573350534563,0.031954058991021404,,,
shared_RRR_selected,resp__grating_right__b05,0,M186,7,0.0012094351124284364,0.188112609778545,0.10714285714285716,0.8817182505123989,0.9993950994914732,10.885649818325126,-1.0247663862170295,,,
shared_RRR_selected,resp__grating_left__b07,0,M186,7,0.07782544271519187,0.8640506737881691,0.7142857142857144,0.6416815735176036,0.9602992019598933,18.34729764911595,-2.110450612963007,,,
shared_RRR_selected,resp__grating_left__b05,0,M186,7,-0.013110409109215349,-0.16012461945400985,-0.3571428571428572,0.4633153994043065,1.0065338588985544,-5.099859329705393,0.6834599461018219,,,
shared_RRR_selected,feat__evoked_grating_right,0,M186,7,0.021571963850630427,0.5429139822608451,0.642857142857143,0.5608397566760288,0.9891552133762272,18.871135976814205,-3.678646134124626,,,
shared_RRR_selected,feat__evoked_grating_left,0,M186,7,0.021457289228392407,0.6385435393704928,0.39285714285714296,0.5917060592883987,0.9892131776172453,25.88188743634232,-4.152276592638807,,,
shared_RRR_selected,resp__grating_up__b07,0,M186,7,-0.20260709130485965,-0.5146597238685574,-0.5714285714285715,0.42296677629079443,1.0966344383179198,-4.520227236664116,0.6754398666534572,,,
shared_RRR_selected,resp__checkerboard__b10,0,M186,7,-3.0849146889399854,0.40769803253874887,0.39285714285714296,0.39646762890719395,2.021117188324315,3.7512055782314917,-0.5813586275749735,,,
shared_RRR_selected,resp__grating_down__b06,0,M186,7,-0.15384404655048312,0.07387860781950831,0.28571428571428575,0.39754789037246335,1.0741713301659486,1.6618231529958385,-0.17846618369789952,,,
shared_RRR_selected,feat__evoked_grating_down,0,M186,7,-0.21578497345732206,-0.1983478871979459,-0.21428571428571433,0.342316596259506,1.1026263979505126,-5.077301199682016,0.4885389702916822,,,
shared_RRR_selected,resp__grating_up__b09,0,M186,7,-5.675595500594638,-0.4539959049035538,-0.5714285714285715,0.3446845122749668,2.583717380170408,-1.6789188952726763,-0.14750763737634992,,,
shared_RRR_selected,feat__evoked_grating_up,0,M186,7,-0.06807723635534146,-0.49669034605665185,-0.03571428571428572,0.274903336428928,1.033478222487219,-8.114338230278946,1.354514856832794,,,
shared_RRR_selected,resp__grating_left__b08,0,M186,7,0.048268329879440186,0.9441123359791337,0.7500000000000002,0.35901291473930913,0.975567358064301,19.406446166114605,-1.13943068807994,,,
shared_RRR_selected,resp__grating_down__b08,0,M186,7,-0.4770570584255036,-0.11484346611534214,0.14285714285714288,0.276540293326443,1.215342362639229,-1.162837800316328,-0.07503634084980329,,,
independent_Ridge,resp__checkerboard__b04,1,M190,2,0.036245881490597265,1.0,0.9999999999999999,0.45789682289132544,0.9817097934264498,,,,,
independent_Ridge,resp__checkerboard__b06,1,M190,2,-0.914836698267292,1.0,0.9999999999999999,2.04193030495657,1.3837762457374716,,,,,
independent_Ridge,resp__checkerboard__b07,1,M190,2,-7.842135506430942,1.0,0.9999999999999999,0.23025273379061156,2.973572852047002,,,,,
independent_Ridge,feat__glm_label,1,M190,2,-2.1962941332438124,-1.0,-0.9999999999999999,0.8939091303432095,1.787818260686419,,,,,
independent_Ridge,resp__checkerboard__b05,1,M190,2,0.01660908747657497,1.0,0.9999999999999999,0.48715273810522636,0.9916606841674349,,,,,
independent_Ridge,feat__evoked_checkerboard,1,M190,2,-0.8017527556237478,1.0,0.9999999999999999,0.7307634858922136,1.3422938410138623,,,,,
independent_Ridge,resp__grating_right__b08,1,M190,2,-63.71919767841757,-1.0,-0.9999999999999999,0.5321289868181215,8.044824278902404,,,,,
independent_Ridge,resp__checkerboard__b08,1,M190,2,-0.01702274150363481,1.0,0.9999999999999999,0.19167900966283308,1.0084754540907948,,,,,
independent_Ridge,resp__checkerboard__b03,1,M190,2,-0.30192417980508846,1.0,0.9999999999999999,1.115788224410814,1.14101892175594,,,,,
independent_Ridge,resp__grating_left__b06,1,M190,2,-28.668769744755625,1.0,0.9999999999999999,0.503635020067162,5.44690460213465,,,,,
independent_Ridge,resp__grating_right__b06,1,M190,2,-7.0219279246474695,-1.0,-0.9999999999999999,0.30235081360938704,2.8323008181772407,,,,,
independent_Ridge,resp__grating_right__b07,1,M190,2,-193.037434463471,1.0,0.9999999999999999,0.417841277336723,13.929732031287285,,,,,
independent_Ridge,resp__grating_left__b04,1,M190,2,-0.3047746628793129,-1.0,-0.9999999999999999,0.2064479810094815,1.1422673342433078,,,,,
independent_Ridge,resp__checkerboard__b09,1,M190,2,-2.6599739337357997,1.0,0.9999999999999999,0.32808409920381226,1.913105834431488,,,,,
independent_Ridge,resp__grating_down__b05,1,M190,2,-1.0251954348622805,-1.0,-0.9999999999999999,0.5380130763722978,1.4230936142300268,,,,,
independent_Ridge,resp__grating_right__b09,1,M190,2,-12.60645430952709,-1.0,-0.9999999999999999,0.3389393255898098,3.688692764317339,,,,,
independent_Ridge,resp__grating_up__b06,1,M190,2,-0.02668243247324953,-1.0,-0.9999999999999999,0.1607560516166867,1.0132533900625498,,,,,
independent_Ridge,resp__grating_up__b05,1,M190,2,-15612.797282733296,1.0,0.9999999999999999,0.1497053389844352,124.95518109599656,,,,,
independent_Ridge,resp__grating_up__b08,1,M190,2,-0.05368499030496632,1.0,0.9999999999999999,0.2780652532724813,1.0264915929051568,,,,,
independent_Ridge,resp__grating_right__b05,1,M190,2,-9.436830921506017,-1.0,-0.9999999999999999,0.6706441733443358,3.230608444473891,,,,,
independent_Ridge,resp__grating_left__b07,1,M190,2,-9.099581415949226,-1.0,-0.9999999999999999,0.26259997891382025,3.1779838602405186,,,,,
independent_Ridge,resp__grating_left__b05,1,M190,2,-2.4969745551135363,-1.0,-0.9999999999999999,0.34380342710502304,1.8700199344160846,,,,,
independent_Ridge,feat__evoked_grating_right,1,M190,2,-36.87796087418451,-1.0,-0.9999999999999999,0.7687555939367474,6.15450736242833,,,,,
independent_Ridge,feat__evoked_grating_left,1,M190,2,-75.44298049224331,1.0,0.9999999999999999,0.27004190232400527,8.743167646353541,,,,,
independent_Ridge,resp__grating_up__b07,1,M190,2,0.19525390546728116,1.0,0.9999999999999999,0.18111430279963162,0.8970764151022581,,,,,
independent_Ridge,resp__checkerboard__b10,1,M190,2,-4.633501086294364,1.0,0.9999999999999999,0.21501836588115145,2.3734997548544983,,,,,
independent_Ridge,resp__grating_down__b06,1,M190,2,-2.0872221366990638,-1.0,-0.9999999999999999,0.24366651784760682,1.757049269855306,,,,,
independent_Ridge,feat__evoked_grating_down,1,M190,2,-337.42284632993557,-1.0,-0.9999999999999999,0.1911195382342691,18.396272620559188,,,,,
independent_Ridge,resp__grating_up__b09,1,M190,2,-0.823605768197075,1.0,0.9999999999999999,0.6892791311831977,1.3504094816747532,,,,,
independent_Ridge,feat__evoked_grating_up,1,M190,2,-10.7739354088788,1.0,0.9999999999999999,0.19525145939227764,3.4313168622088517,,,,,
independent_Ridge,resp__grating_left__b08,1,M190,2,-23.0932727314901,-1.0,-0.9999999999999999,0.3624071972908074,4.908489862624766,,,,,
independent_Ridge,resp__grating_down__b08,1,M190,2,-17.936877256125047,-1.0,-0.9999999999999999,0.6116882689535895,4.351652244392358,,,,,
shared_fullrank,resp__checkerboard__b04,1,M190,2,0.09360112114484975,1.0,0.9999999999999999,0.44406258888607236,0.9520498300273733,,,,,
shared_fullrank,resp__checkerboard__b06,1,M190,2,-0.914836698267292,1.0,0.9999999999999999,2.04193030495657,1.3837762457374716,,,,,
shared_fullrank,resp__checkerboard__b07,1,M190,2,-7.842135506430951,1.0,0.9999999999999999,0.23025273379061165,2.973572852047003,,,,,
shared_fullrank,feat__glm_label,1,M190,2,-2.1962941332438124,-1.0,-0.9999999999999999,0.8939091303432095,1.787818260686419,,,,,
shared_fullrank,resp__checkerboard__b05,1,M190,2,0.05505551422396737,1.0,0.9999999999999999,0.4775349914530283,0.97208255090606,,,,,
shared_fullrank,feat__evoked_checkerboard,1,M190,2,-0.8017527556237478,1.0,0.9999999999999999,0.7307634858922136,1.3422938410138623,,,,,
shared_fullrank,resp__grating_right__b08,1,M190,2,-63.719197678417544,-1.0,-0.9999999999999999,0.5321289868181214,8.044824278902402,,,,,
shared_fullrank,resp__checkerboard__b08,1,M190,2,-0.017022741503634364,1.0,0.9999999999999999,0.19167900966283302,1.0084754540907945,,,,,
shared_fullrank,resp__checkerboard__b03,1,M190,2,-0.3778453623801503,1.0,0.9999999999999999,1.1478606463795393,1.173816579530273,,,,,
shared_fullrank,resp__grating_left__b06,1,M190,2,-28.668769744755632,1.0,0.9999999999999999,0.503635020067162,5.44690460213465,,,,,
shared_fullrank,resp__grating_right__b06,1,M190,2,-13.391498671879011,-1.0,-0.9999999999999999,0.4049717928867507,3.7936128784944585,,,,,
shared_fullrank,resp__grating_right__b07,1,M190,2,-193.037434463471,1.0,0.9999999999999999,0.417841277336723,13.929732031287285,,,,,
shared_fullrank,resp__grating_left__b04,1,M190,2,-0.8798263999002682,-1.0,-0.9999999999999999,0.2478002583827652,1.371067613176049,,,,,
shared_fullrank,resp__checkerboard__b09,1,M190,2,-0.9649028519246652,1.0,0.9999999999999999,0.24039018288430994,1.4017499248884107,,,,,
shared_fullrank,resp__grating_down__b05,1,M190,2,-1.518590395245056,-1.0,-0.9999999999999999,0.5999818777111666,1.5870067407686257,,,,,
shared_fullrank,resp__grating_right__b09,1,M190,2,-18.53929528402943,-1.0,-0.9999999999999999,0.406166335991051,4.420327508684105,,,,,
shared_fullrank,resp__grating_up__b06,1,M190,2,-0.19208764181298044,-1.0,-0.9999999999999999,0.1732221234940563,1.0918276612235929,,,,,
shared_fullrank,resp__grating_up__b05,1,M190,2,-9009.224533127053,1.0,0.9999999999999999,0.11372365981343802,94.92220252989841,,,,,
shared_fullrank,resp__grating_up__b08,1,M190,2,-0.053684990304966096,1.0,0.9999999999999999,0.2780652532724813,1.0264915929051568,,,,,
shared_fullrank,resp__grating_right__b05,1,M190,2,-3.7042898083529474,-1.0,-0.9999999999999999,0.45025118667769387,2.168937483735515,,,,,
shared_fullrank,resp__grating_left__b07,1,M190,2,-9.099581415949224,-1.0,-0.9999999999999999,0.2625999789138202,3.1779838602405177,,,,,
shared_fullrank,resp__grating_left__b05,1,M190,2,-5.1489470978884215,-1.0,-0.9999999999999999,0.4558944904123088,2.479707058885872,,,,,
shared_fullrank,feat__evoked_grating_right,1,M190,2,-22.186364273630414,-1.0,-0.9999999999999999,0.6014663301981088,4.815222141670145,,,,,
shared_fullrank,feat__evoked_grating_left,1,M190,2,-75.44298049224334,1.0,0.9999999999999999,0.2700419023240053,8.743167646353543,,,,,
shared_fullrank,resp__grating_up__b07,1,M190,2,0.19525390546728139,1.0,0.9999999999999999,0.1811143027996316,0.8970764151022579,,,,,
shared_fullrank,resp__checkerboard__b10,1,M190,2,-1.067037459000685,1.0,0.9999999999999999,0.130244843803062,1.4377195341931908,,,,,
shared_fullrank,resp__grating_down__b06,1,M190,2,-2.0872221366990638,-1.0,-0.9999999999999999,0.24366651784760682,1.757049269855306,,,,,
shared_fullrank,feat__evoked_grating_down,1,M190,2,-167.6903762959774,-1.0,-0.9999999999999999,0.13493369216392104,12.988085936579624,,,,,
shared_fullrank,resp__grating_up__b09,1,M190,2,-0.6629710110997526,-1.0,-0.9999999999999999,0.6582213888955554,1.289562333157941,,,,,
shared_fullrank,feat__evoked_grating_up,1,M190,2,-14.501327818233325,1.0,0.9999999999999999,0.22403605389837536,3.937172566478808,,,,,
shared_fullrank,resp__grating_left__b08,1,M190,2,-23.093272731490096,-1.0,-0.9999999999999999,0.3624071972908074,4.908489862624766,,,,,
shared_fullrank,resp__grating_down__b08,1,M190,2,-15.444110138076425,-1.0,-0.9999999999999999,0.5700082716530391,4.055133800268054,,,,,
shared_RRR_selected,resp__checkerboard__b04,1,M190,2,0.09465105678112273,1.0,0.9999999999999999,0.44380532233186415,0.9514982623309814,,,,,
shared_RRR_selected,resp__checkerboard__b06,1,M190,2,-0.9148627357157983,1.0,0.9999999999999999,2.0419441877264384,1.3837856538191884,,,,,
shared_RRR_selected,resp__checkerboard__b07,1,M190,2,-7.893008091186534,1.0,0.9999999999999999,0.23091415498988813,2.9821147012123013,,,,,
shared_RRR_selected,feat__glm_label,1,M190,2,-2.2130713406206333,-1.0,-0.9999999999999999,0.896252104686599,1.792504209373198,,,,,
shared_RRR_selected,resp__checkerboard__b05,1,M190,2,0.060903938651740486,1.0,0.9999999999999999,0.47605492458222753,0.9690696885922392,,,,,
shared_RRR_selected,feat__evoked_checkerboard,1,M190,2,-0.8009663580578243,1.0,0.9999999999999999,0.7306039930472563,1.34200087856075,,,,,
shared_RRR_selected,resp__grating_right__b08,1,M190,2,-63.92384348351389,-1.0,-0.9999999999999999,0.532969633946503,8.057533337412506,,,,,
shared_RRR_selected,resp__checkerboard__b08,1,M190,2,-0.016565580540277347,1.0,0.9999999999999999,0.19163592409219443,1.0082487691736983,,,,,
shared_RRR_selected,resp__checkerboard__b03,1,M190,2,-0.37747589876672394,1.0,0.9999999999999999,1.1477067389864466,1.1736591919150654,,,,,
shared_RRR_selected,resp__grating_left__b06,1,M190,2,-28.46862995229026,1.0,0.9999999999999999,0.5019334332636698,5.428501630495312,,,,,
shared_RRR_selected,resp__grating_right__b06,1,M190,2,-13.471763707772794,-1.0,-0.9999999999999999,0.40609953781168384,3.8041771393788686,,,,,
shared_RRR_selected,resp__grating_right__b07,1,M190,2,-194.14412918824556,1.0,0.9999999999999999,0.4190311643655054,13.969399743304848,,,,,
shared_RRR_selected,resp__grating_left__b04,1,M190,2,-0.8466244787412791,-1.0,-0.9999999999999999,0.2456021570578229,1.3589056180402226,,,,,
shared_RRR_selected,resp__checkerboard__b09,1,M190,2,-0.97527775421498,1.0,0.9999999999999999,0.24102399059104945,1.4054457492962793,,,,,
shared_RRR_selected,resp__grating_down__b05,1,M190,2,-1.5228824271874517,-1.0,-0.9999999999999999,0.6004928868101399,1.5883584064018585,,,,,
shared_RRR_selected,resp__grating_right__b09,1,M190,2,-18.57929405372955,-1.0,-0.9999999999999999,0.4065818537373778,4.424849608035233,,,,,
shared_RRR_selected,resp__grating_up__b06,1,M190,2,-0.17890396107980377,-1.0,-0.9999999999999999,0.1722616008331788,1.0857734391114031,,,,,
shared_RRR_selected,resp__grating_up__b05,1,M190,2,-9093.926655131829,1.0,0.9999999999999999,0.11425694856555703,95.3673248819103,,,,,
shared_RRR_selected,resp__grating_up__b08,1,M190,2,-0.05461869345725279,1.0,0.9999999999999999,0.278188427140729,1.0269462953130768,,,,,
shared_RRR_selected,resp__grating_right__b05,1,M190,2,-3.7536150924288965,-1.0,-0.9999999999999999,0.4526055117855331,2.1802786731124293,,,,,
shared_RRR_selected,resp__grating_left__b07,1,M190,2,-9.139029159947974,-1.0,-0.9999999999999999,0.2631123209998282,3.184184222049342,,,,,
shared_RRR_selected,resp__grating_left__b05,1,M190,2,-5.1587559171636865,-1.0,-0.9999999999999999,0.45625796765995125,2.4816840889129472,,,,,
shared_RRR_selected,feat__evoked_grating_right,1,M190,2,-21.83627808364931,-1.0,-0.9999999999999999,0.5969083509736367,4.7787318488956165,,,,,
shared_RRR_selected,feat__evoked_grating_left,1,M190,2,-75.6815343042266,1.0,0.9999999999999999,0.2704629308142783,8.756799318485415,,,,,
shared_RRR_selected,resp__grating_up__b07,1,M190,2,0.18279522994729047,1.0,0.9999999999999999,0.18251087869855043,0.9039937887246291,,,,,
shared_RRR_selected,resp__checkerboard__b10,1,M190,2,-1.0569818674235623,1.0,0.9999999999999999,0.1299276541804192,1.434218207743704,,,,,
shared_RRR_selected,resp__grating_down__b06,1,M190,2,-2.13159037905614,-1.0,-0.9999999999999999,0.24541120745947145,1.769630011911004,,,,,
shared_RRR_selected,feat__evoked_grating_down,1,M190,2,-165.13268038019493,-1.0,-0.9999999999999999,0.13390684773277478,12.889246695606184,,,,,
shared_RRR_selected,resp__grating_up__b09,1,M190,2,-0.6606519726103965,-1.0,-0.9999999999999999,0.6577622788876885,1.2886628622763971,,,,,
shared_RRR_selected,feat__evoked_grating_up,1,M190,2,-14.52494669170724,1.0,0.9999999999999999,0.22420666719010993,3.940170896256562,,,,,
shared_RRR_selected,resp__grating_left__b08,1,M190,2,-23.32163557365453,-1.0,-0.9999999999999999,0.36412064560393337,4.931697027763822,,,,,
shared_RRR_selected,resp__grating_down__b08,1,M190,2,-15.509581460305458,-1.0,-0.9999999999999999,0.5711418727599273,4.0631984273851875,,,,,
independent_Ridge,resp__checkerboard__b04,2,M192,21,-0.18447119763719,-0.06034381746814094,0.07662337662337662,1.8488308099282151,1.0883341387814636,-2.9548536962868512,1.8938653675706336,0.5306122448979591,0.6618215118215118,0.25506644172667187
independent_Ridge,resp__checkerboard__b06,2,M192,21,-0.024791106384758566,-0.021966316961886487,0.05454545454545454,0.8680668597963752,1.0123196661058989,-2.3476856331401343,1.5216712027374506,0.40816326530612246,0.5992673992673994,0.26032341406539855
independent_Ridge,resp__checkerboard__b07,2,M192,21,-0.05679198961467247,0.37095142595975583,0.24545454545454545,1.073484331706857,1.0280038859920095,89.03053521983897,-29.70416661390016,0.5714285714285715,0.584126984126984,0.25693044323158387
independent_Ridge,feat__glm_label,2,M192,21,-0.025231188303942664,0.1279129816308452,-0.1862836759243644,0.8039221743852106,1.0125370058935834,8.790892045335957,-5.12361563681551,0.2685185185185185,0.5255877997847813,0.253518178141143
independent_Ridge,resp__checkerboard__b05,2,M192,21,-0.08181521546279136,-0.16344119070886978,-0.1064935064935065,1.2330640161656803,1.0401034638259752,-55.6312563734557,18.40477872823503,0.34693877551020413,0.469871398442827,0.25649515104271975
independent_Ridge,feat__evoked_checkerboard,2,M192,21,-0.061406445227587536,-0.02615389606251425,0.029870129870129873,1.043837101423352,1.0302458178646432,-9.085842658610467,3.714050334971737,0.4489795918367347,0.5326007326007326,0.2573356464616972
independent_Ridge,resp__grating_right__b08,2,M192,21,-0.034232855093821346,0.26613277939433827,0.3207792207792208,0.5090994661475987,1.0169723964266784,26.788092726318137,-5.299866112311725,0.6938775510204082,0.6591836734693877,0.25200748962691616
independent_Ridge,resp__checkerboard__b08,2,M192,21,-0.0013659349114287789,0.24686734116641426,0.2675324675324675,0.6688275834746535,1.000682734392589,22.21093986863308,-5.224001643561046,0.6734693877551019,0.7440476190476191,0.253738729710888
independent_Ridge,resp__checkerboard__b03,2,M192,21,-0.26422810256355556,0.1203644593122701,0.13116883116883118,0.9339649333800889,1.124378985290794,42.081937954373394,-5.827503322521416,0.5918367346938775,0.6460626674912389,0.2513631767549738
independent_Ridge,resp__grating_left__b06,2,M192,21,-0.0017117830214674612,0.6443416390052326,0.46623376623376617,0.37429994408465156,1.0008555255487517,32.19999976896325,-4.633355553949779,0.8163265306122449,0.8928571428571428,0.2503924267318013
independent_Ridge,resp__grating_right__b06,2,M192,21,-0.10530988877266734,0.21548527723419278,0.5285714285714286,1.0032512616278906,1.051337190806388,74.258604763409,-8.192946010851552,0.9183673469387754,0.9480519480519478,0.25041994680958407
independent_Ridge,resp__grating_right__b07,2,M192,21,-0.02048572467494303,0.1277940633899279,0.23636363636363636,0.6205592309893563,1.0101909347618119,16.656510212663495,-2.377400310528904,0.7142857142857143,0.8218210361067504,0.25114182609277086
independent_Ridge,resp__grating_left__b04,2,M192,21,-0.044326858714343054,-0.5950571631760693,-0.11428571428571428,0.656982538758624,1.0219231178099177,-96.17113483450564,11.526377312345883,0.4285714285714286,0.5722832722832722,0.25102591228118476
independent_Ridge,resp__checkerboard__b09,2,M192,21,-0.016562696570954438,0.2869679227348195,0.4194805194805195,0.34493129536568445,1.008247338985308,15.411295469757231,-2.3212347700032816,0.9183673469387754,0.9367346938775509,0.25091407889020756
independent_Ridge,resp__grating_down__b05,2,M192,21,-0.11672998332755458,0.0571348894432582,0.07792207792207792,0.9131601052980862,1.0567544574439016,1.6072856947041019,0.2820856570016505,0.5306122448979591,0.640157461586033,0.24880119796448558
independent_Ridge,resp__grating_right__b09,2,M192,21,-0.048356118319193175,-0.07632864500219937,-0.04155844155844156,0.3892859901722719,1.0238926302690108,-6.295777444883963,0.7436614984315415,0.4489795918367347,0.6101731601731601,0.25084901028468376
independent_Ridge,resp__grating_up__b06,2,M192,21,-0.11270173924904947,-0.13198366371816822,-0.029870129870129873,0.6616707658544817,1.0548467847270755,-18.69723604935949,2.1750510953202453,0.42857142857142855,0.49836036978894127,0.25074985160154334
independent_Ridge,resp__grating_up__b05,2,M192,21,-0.022031763556740858,-0.015439974680721924,0.17272727272727273,0.6393308328792492,1.0109558662754476,-2.2825951349594362,0.5115789404308058,0.6326530612244897,0.7223054723054723,0.25073904757953164
independent_Ridge,resp__grating_up__b08,2,M192,21,-0.22425670580236523,-0.036248808259910156,0.07402597402597402,0.4541458446528848,1.1064613440163036,-0.08790284345218088,0.05074154447928596,0.653061224489796,0.6828592042877757,0.24228450755986533
independent_Ridge,resp__grating_right__b05,2,M192,21,-0.07499208363137555,0.40487745808787334,0.2038961038961039,0.597514722041025,1.036818250047411,56.769729626789676,-4.259410662445628,0.6530612244897959,0.7691308691308691,0.2500409229482848
independent_Ridge,resp__grating_left__b07,2,M192,21,0.08649047877602967,0.6193362715074535,0.4142857142857143,0.46767018493860857,0.9557769202193419,7.537080047633138,-0.7292786189830618,0.7959183673469388,0.8520408163265305,0.24538452418998502
independent_Ridge,resp__grating_left__b05,2,M192,21,-0.0024742734616969297,0.013769620352118095,-0.03766233766233767,0.41267243782658825,1.0012363724224649,2.218744533518221,-0.15633454109985062,0.3877551020408163,0.4564935064935065,0.2509007809100203
independent_Ridge,feat__evoked_grating_right,2,M192,21,-0.06939321832976542,0.3107490044735951,0.21688311688311687,0.5561844364575127,1.034114702694902,39.13194621274869,-6.278909958011016,0.6326530612244897,0.765079365079365,0.25153913671253664
independent_Ridge,feat__evoked_grating_left,2,M192,21,0.04057066053555136,0.6405985039172841,0.4311688311688312,0.5158743833242103,0.9795046398381422,13.795182987932279,-1.9947885017412257,0.6938775510204082,0.7757326007326006,0.24893035713904732
independent_Ridge,resp__grating_up__b07,2,M192,21,0.0151797359107807,0.23644601648490768,0.13246753246753248,0.46307665356351785,0.9923811082891588,2.189830794813304,-0.033307709478761265,0.5306122448979591,0.640157461586033,0.24815300495204493
independent_Ridge,resp__checkerboard__b10,2,M192,21,-0.02178308594514511,0.31202394526862387,0.3,0.24514801312751497,1.010832867463828,17.752139960762943,-1.4280149938523328,0.7142857142857143,0.7453308596165737,0.249887572833486
independent_Ridge,resp__grating_down__b06,2,M192,21,-0.07170400006266009,0.17699134275810682,-0.051948051948051945,0.69168339399096,1.0352313751343996,5.581947692278759,0.19909847030928413,0.5102040816326531,0.6085248085248085,0.24943459720968425
independent_Ridge,feat__evoked_grating_down,2,M192,21,-0.10453712546272675,0.05802514749512312,0.18571428571428572,0.7215406715519277,1.0509696120548522,1.5901071284085349,0.18964091368549182,0.7142857142857142,0.8102564102564103,0.24760119647948245
independent_Ridge,resp__grating_up__b09,2,M192,21,-0.041223531769736255,-0.1956878064077084,-0.06363636363636363,0.43544024235255446,1.020403612189675,-2.303343764956525,0.10771180319330599,0.5510204081632653,0.6627816627816627,0.24951299151013065
independent_Ridge,feat__evoked_grating_up,2,M192,21,-0.14547801050401277,-0.06309034054655727,-0.025974025974025972,0.5676528373236152,1.0702700642847174,-8.171322459009282,1.2680867911514115,0.5102040816326531,0.6278388278388278,0.250827279954056
independent_Ridge,resp__grating_left__b08,2,M192,21,-0.06836804429646848,0.676458086774173,0.5064935064935064,0.41993282316146685,1.03361890670424,114.37071546116117,-6.725123109721854,0.8775510204081632,0.9123376623376622,0.2497891129965716
independent_Ridge,resp__grating_down__b08,2,M192,21,0.006539630517403139,0.18076931440250202,0.4623376623376624,0.6902887706065407,0.996724821343683,5.495971974881628,0.028314133236932396,0.8775510204081631,0.8976190476190475,0.24662751267803967
shared_fullrank,resp__checkerboard__b04,2,M192,21,-0.1766606934472601,-0.055538018834497285,0.07402597402597402,1.8427250537174116,1.0847399197260421,-23.44707053333491,8.200739917846214,0.5306122448979591,0.6618215118215118,0.2557326105769267
shared_fullrank,resp__checkerboard__b06,2,M192,21,-0.024791106384758566,-0.021966316961886487,0.05454545454545454,0.8680668597963752,1.0123196661058989,-2.3476856331401343,1.5216712027374506,0.40816326530612246,0.5992673992673994,0.26032341406539855
shared_fullrank,resp__checkerboard__b07,2,M192,21,-0.05679198961467247,0.37095142595975505,0.24545454545454545,1.073484331706857,1.0280038859920095,89.03053521983873,-29.704166613900075,0.5714285714285715,0.584126984126984,0.25693044323158387
shared_fullrank,feat__glm_label,2,M192,21,-0.025231188303942664,0.12791298163084397,-0.1862836759243644,0.8039221743852106,1.0125370058935834,8.790892045335958,-5.123615636815511,0.2685185185185185,0.5255877997847813,0.253518178141143
shared_fullrank,resp__checkerboard__b05,2,M192,21,-0.08181521546279136,-0.16344119070886715,-0.1064935064935065,1.2330640161656803,1.0401034638259752,-55.631256373454264,18.404778728234568,0.34693877551020413,0.469871398442827,0.25649515104271975
shared_fullrank,feat__evoked_checkerboard,2,M192,21,-0.061406445227587536,-0.026153896062513705,0.029870129870129873,1.043837101423352,1.0302458178646432,-9.08584265861006,3.7140503349715974,0.4489795918367347,0.5326007326007326,0.2573356464616972
shared_fullrank,resp__grating_right__b08,2,M192,21,-0.03423285509382157,0.2661327793943378,0.3207792207792208,0.5090994661475987,1.0169723964266784,26.788092726318183,-5.299866112311735,0.6938775510204082,0.6591836734693877,0.25200748962691616
shared_fullrank,resp__checkerboard__b08,2,M192,21,-0.0013659349114287789,0.24686734116641496,0.2675324675324675,0.6688275834746535,1.000682734392589,22.210939868632945,-5.224001643561012,0.6734693877551019,0.7440476190476191,0.253738729710888
shared_fullrank,resp__checkerboard__b03,2,M192,21,-0.26422810256355556,0.12036445931227051,0.13116883116883118,0.9339649333800889,1.124378985290794,42.08193795437159,-5.827503322521145,0.5918367346938775,0.6460626674912389,0.2513631767549738
shared_fullrank,resp__grating_left__b06,2,M192,21,-0.0017117830214674612,0.6443416390052323,0.46623376623376617,0.37429994408465156,1.0008555255487517,32.19999976896328,-4.633355553949785,0.8163265306122449,0.8928571428571428,0.2503924267318013
shared_fullrank,resp__grating_right__b06,2,M192,21,-0.10530988877266734,0.21548527723419328,0.5285714285714286,1.0032512616278906,1.051337190806388,74.2586047634091,-8.192946010851564,0.9183673469387754,0.9480519480519478,0.25041994680958407
shared_fullrank,resp__grating_right__b07,2,M192,21,-0.02048572467494303,0.12779406338992771,0.23636363636363636,0.6205592309893563,1.0101909347618119,16.6565102126634,-2.377400310528889,0.7142857142857143,0.8218210361067504,0.25114182609277086
shared_fullrank,resp__grating_left__b04,2,M192,21,-0.044326858714343054,-0.5950571631760694,-0.11428571428571428,0.656982538758624,1.0219231178099177,-96.17113483450565,11.526377312345884,0.4285714285714286,0.5722832722832722,0.25102591228118476
shared_fullrank,resp__checkerboard__b09,2,M192,21,-0.016562696570954438,0.28696792273481836,0.4194805194805195,0.34493129536568445,1.008247338985308,15.411295469757151,-2.321234770003269,0.9183673469387754,0.9367346938775509,0.25091407889020756
shared_fullrank,resp__grating_down__b05,2,M192,21,-0.1190796078863019,0.07361970851429418,-0.023376623376623374,0.9141202550381741,1.0578655906523768,13.022323869606149,-0.02543715074403269,0.4489795918367347,0.568986568986569,0.2498806122577102
shared_fullrank,resp__grating_right__b09,2,M192,21,-0.048356118319193175,-0.07632864500219926,-0.04155844155844156,0.3892859901722719,1.0238926302690108,-6.295777444883969,0.7436614984315421,0.4489795918367347,0.6101731601731601,0.25084901028468376
shared_fullrank,resp__grating_up__b06,2,M192,21,-0.11270173924904947,-0.13198366371816775,-0.029870129870129873,0.6616707658544817,1.0548467847270755,-18.697236049359667,2.1750510953202635,0.42857142857142855,0.49836036978894127,0.25074985160154334
shared_fullrank,resp__grating_up__b05,2,M192,21,-0.02203176355674108,-0.01543997468072181,0.17272727272727273,0.6393308328792492,1.0109558662754476,-2.2825951349603195,0.5115789404309184,0.6326530612244897,0.7223054723054723,0.25073904757953164
shared_fullrank,resp__grating_up__b08,2,M192,21,-0.012478337775651438,0.025006225660149546,0.15324675324675324,0.4130018234733272,1.0062198257715118,1.4715430927993296,-0.08852551822714408,0.5510204081632653,0.6414141414141414,0.2499362230242736
shared_fullrank,resp__grating_right__b05,2,M192,21,-0.07499208363137555,0.4048774580878737,0.2038961038961039,0.597514722041025,1.036818250047411,56.769729626789726,-4.259410662445632,0.6530612244897959,0.7691308691308691,0.2500409229482848
shared_fullrank,resp__grating_left__b07,2,M192,21,0.007977355810271813,0.5928660221329394,0.2662337662337662,0.48735332924088787,0.9960033354310257,37.69576054306289,-4.0636832045906495,0.7142857142857143,0.7947802197802196,0.2498878724206076
shared_fullrank,resp__grating_left__b05,2,M192,21,-0.0024742734616969297,0.013769620352118705,-0.03766233766233767,0.41267243782658825,1.0012363724224649,2.2187445335183424,-0.15633454109986406,0.3877551020408163,0.4564935064935065,0.2509007809100203
shared_fullrank,feat__evoked_grating_right,2,M192,21,-0.06939321832976542,0.31074900447359466,0.21688311688311687,0.5561844364575127,1.034114702694902,39.13194621274853,-6.278909958010988,0.6326530612244897,0.765079365079365,0.25153913671253664
shared_fullrank,feat__evoked_grating_left,2,M192,21,-0.013232146104022569,0.693692788063288,0.42337662337662335,0.5301416740270822,1.006594330454937,98.24056857717136,-14.466598922783549,0.6938775510204082,0.7892857142857141,0.2510096411921292
shared_fullrank,resp__grating_up__b07,2,M192,21,-0.0072238579461929575,0.2771642593128035,0.14545454545454545,0.4683142795329068,1.0036054294124723,15.19477988584331,-1.3701160283036926,0.5102040816326532,0.6086691086691087,0.25007829253439806
shared_fullrank,resp__checkerboard__b10,2,M192,21,-0.02178308594514511,0.31202394526862387,0.3,0.24514801312751497,1.010832867463828,17.752139960762722,-1.4280149938523157,0.7142857142857143,0.7453308596165737,0.249887572833486
shared_fullrank,resp__grating_down__b06,2,M192,21,-0.07859999636912796,0.21646476011860438,-0.062337662337662345,0.6939051817671206,1.0385566890493403,44.88903647306464,0.2003626566525638,0.5306122448979592,0.6079063793349506,0.24991925841038834
shared_fullrank,feat__evoked_grating_down,2,M192,21,-0.11259404168250664,0.08545565050071535,0.16883116883116883,0.724167486811508,1.0547957345773193,17.112105604692232,-0.6356568945563474,0.6938775510204082,0.7745421245421245,0.24983102188584022
shared_fullrank,resp__grating_up__b09,2,M192,21,-0.005266562110734174,-0.12266505797910465,0.07012987012987014,0.42785557394385265,1.0026298230706756,-8.243100781236542,0.2456122755456209,0.5714285714285714,0.7222222222222221,0.2500147193694781
shared_fullrank,feat__evoked_grating_up,2,M192,21,-0.145478010504013,-0.06309034054655721,-0.025974025974025972,0.5676528373236152,1.0702700642847174,-8.171322459009138,1.2680867911513949,0.5102040816326531,0.6278388278388278,0.25082727995405596
shared_fullrank,resp__grating_left__b08,2,M192,21,-0.06836804429646848,0.6764580867741734,0.5064935064935064,0.41993282316146685,1.03361890670424,114.37071546116117,-6.725123109721854,0.8775510204081632,0.9123376623376622,0.2497891129965716
shared_fullrank,resp__grating_down__b08,2,M192,21,-0.0012678013567894997,0.1878549167481091,0.37922077922077924,0.692995891878967,1.0006336998906191,32.09240178855294,-0.22204344741210005,0.7755102040816326,0.8373376623376623,0.24942861888089216
shared_RRR_selected,resp__checkerboard__b04,2,M192,21,-0.1757443201600406,0.15608293668922743,0.38311688311688313,1.842007364699714,1.0843174443676726,564.6169268744327,-172.54405277707806,0.7959183673469388,0.8809523809523809,0.2557989654217729
shared_RRR_selected,resp__checkerboard__b06,2,M192,21,-0.025000760923412857,-0.021788483316135723,0.011688311688311687,0.868155650989339,1.0124232123590473,-2.293573071499885,1.4979503384900885,0.4285714285714286,0.5722832722832722,0.26007816653024424
shared_RRR_selected,resp__checkerboard__b07,2,M192,21,-0.061214867605969614,-0.014095244997204387,0.007792207792207793,1.075728355569113,1.030152837013018,-6.706761330041103,2.8600637627995655,0.4285714285714286,0.5722832722832722,0.2570028895195717
shared_RRR_selected,feat__glm_label,2,M192,21,-0.02749134267080877,0.09360441722482461,-0.23076932987645146,0.8048078223903463,1.0136524762811012,8.185671078639787,-4.700678627514865,0.2592592592592593,0.5299707602339182,0.25342444612953885
shared_RRR_selected,resp__checkerboard__b05,2,M192,21,-0.08135954846193538,-0.06678349324215836,-0.1922077922077922,1.2328043018670052,1.0398843918734118,-1713.536406994571,545.532255116626,0.2653061224489796,0.5016483516483516,0.25621497832210754
shared_RRR_selected,feat__evoked_checkerboard,2,M192,21,-0.062070775120156574,-0.032807573464876255,-0.251948051948052,1.0441637169810856,1.0305681807237,-13.876800228108717,5.340414524912778,0.30612244897959184,0.5111412397126682,0.2572024737316832
shared_RRR_selected,resp__grating_right__b08,2,M192,21,-0.03126900136989552,0.4065859928973262,0.4168831168831169,0.5083694666493339,1.015514156164204,58.39404715405763,-11.483514463009566,0.7551020408163265,0.8107142857142857,0.2520281407314694
shared_RRR_selected,resp__checkerboard__b08,2,M192,21,-0.008066726590026052,-0.03463849958583226,-0.04675324675324675,0.6710616328266782,1.0040252619282175,-5.851301931555108,1.739347735520594,0.4693877551020408,0.6175213675213675,0.2539415203887585
shared_RRR_selected,resp__checkerboard__b03,2,M192,21,-0.2627678459233924,-0.06993644386254377,-0.3103896103896104,0.9334253857518935,1.1237294362627477,-190.1190586680425,29.863850522784936,0.26530612244897955,0.4980769230769231,0.2514819384266834
shared_RRR_selected,resp__grating_left__b06,2,M192,21,-0.0015767496792906677,0.6405559542114257,0.4883116883116883,0.37427471493354797,1.0007880643169613,33.204149023869405,-4.735509070106615,0.8367346938775511,0.9081632653061225,0.2504275245754853
shared_RRR_selected,resp__grating_right__b06,2,M192,21,-0.10575113594296548,0.36591587637514483,0.2753246753246753,1.0034514939849948,1.0515470203195698,225.72903912685123,-25.650653906316705,0.7142857142857143,0.7947802197802196,0.25068704357548277
shared_RRR_selected,resp__grating_right__b07,2,M192,21,-0.017642937934458702,0.28616221545748105,0.2857142857142857,0.6196942762873211,1.00878289930711,33.49325379569092,-5.027913598118991,0.6938775510204082,0.7834776334776334,0.2510096524901711
shared_RRR_selected,resp__grating_left__b04,2,M192,21,-0.04796710761942169,-0.6753435149628554,-0.11298701298701298,0.6581265768857141,1.0237026460937872,-81.46867271163488,9.83151486927446,0.40816326530612246,0.5506493506493506,0.2511807224718777
shared_RRR_selected,resp__checkerboard__b09,2,M192,21,-0.021813255574959278,0.08415029647187318,0.05454545454545454,0.3458209353157088,1.0108477905080266,6.150058696817063,-0.8459490610438839,0.673469387755102,0.7752009894867038,0.251314113741293
shared_RRR_selected,resp__grating_down__b05,2,M192,21,-0.11897233549060315,0.12349710931032598,-0.08571428571428572,0.9140764412562569,1.0578148871568234,25.88844838044387,-0.36484733581246925,0.4285714285714286,0.5760985046699332,0.24990762405700426
shared_RRR_selected,resp__grating_right__b09,2,M192,21,-0.04336020597377144,-0.40689064348854104,-0.2155844155844156,0.3883573166011544,1.0214500506504327,-449.54544457256253,49.38388607939169,0.4489795918367347,0.5179962894248608,0.25077787801574686
shared_RRR_selected,resp__grating_up__b06,2,M192,21,-0.11265247118209243,-0.26249626777694046,-0.044155844155844164,0.6616561170050597,1.0548234312822655,-161.71790043555163,16.29858775617961,0.40816326530612246,0.49350649350649345,0.25069610457377467
shared_RRR_selected,resp__grating_up__b05,2,M192,21,-0.021819069882431208,0.07835414832464074,0.16883116883116883,0.6392643042720823,1.0108506664599035,36.56191099602489,-4.408717760705022,0.5510204081632654,0.6752834467120181,0.25106099236469925
shared_RRR_selected,resp__grating_up__b08,2,M192,21,-0.012400662701674392,0.02358265990209261,0.12727272727272726,0.4129859808812968,1.0061812275637398,1.3502624027844994,-0.07751953756860444,0.5306122448979592,0.6364468864468864,0.24999284721624468
shared_RRR_selected,resp__grating_right__b05,2,M192,21,-0.07882491077198117,0.6653243541981986,0.22597402597402597,0.5985789777407052,1.0386649656034332,213.9307340281066,-16.241868045002985,0.5918367346938775,0.7103174603174602,0.2502557124037182
shared_RRR_selected,resp__grating_left__b07,2,M192,21,0.009762027853920219,0.7000311625682376,0.49350649350649345,0.48691475185470323,0.9951070154240096,47.36989724983507,-5.154024587891127,0.9387755102040816,0.947845804988662,0.24973706404140258
shared_RRR_selected,resp__grating_left__b05,2,M192,21,-0.0036342717564568083,-0.6278800444211028,-0.125974025974026,0.4129111277046936,1.0018154878801069,-495.3523272731022,53.87816903209679,0.44897959183673464,0.6532356532356531,0.25076561161179906
shared_RRR_selected,feat__evoked_grating_right,2,M192,21,-0.06993105156476287,0.48306383052578133,0.174025974025974,0.5563242806550853,1.0343747152578524,82.60598026363716,-13.50058542283481,0.4897959183673469,0.6404151404151404,0.251591724730041
shared_RRR_selected,feat__evoked_grating_left,2,M192,21,-0.01705714764060784,0.7128411261056204,0.1935064935064935,0.5311413869629693,1.0084925124365614,144.22327136585207,-21.072763096618544,0.5714285714285714,0.6671245421245422,0.2512177363367298
shared_RRR_selected,resp__grating_up__b07,2,M192,21,-0.006199150042041746,0.2880113107536471,0.1961038961038961,0.46807599712126635,1.0030947861703008,16.13314659868686,-1.489232396271164,0.5714285714285714,0.6807779522065236,0.2499960582563391
shared_RRR_selected,resp__checkerboard__b10,2,M192,21,-0.019686490158261405,0.34211309581590654,0.3116883116883117,0.24489637448410959,1.009795271408151,31.014139423343508,-2.407648537528985,0.7755102040816326,0.8289638932496075,0.25003679851776484
shared_RRR_selected,resp__grating_down__b06,2,M192,21,-0.0780699346125282,0.32880187880692113,-0.16363636363636364,0.6937346561779772,1.0383014661515837,84.8518510690195,0.2038967419022202,0.44897959183673475,0.5667189952904239,0.24988881301509133
shared_RRR_selected,feat__evoked_grating_down,2,M192,21,-0.11313760803178319,0.22686014901472118,-0.11948051948051949,0.7243443639993914,1.0550533673856421,69.65980676688802,-3.3791550590028465,0.5306122448979592,0.6188731903017617,0.2500278457679185
shared_RRR_selected,resp__grating_up__b09,2,M192,21,-0.00575326769725959,-0.12158025798070675,0.011688311688311687,0.42795913577854416,1.002872508196959,-7.407245759815391,0.22075209787105102,0.4897959183673469,0.6254578754578755,0.2500063377279543
shared_RRR_selected,feat__evoked_grating_up,2,M192,21,-0.14551763149842056,0.0425802322565739,-0.35454545454545455,0.5676626545244714,1.0702885739362167,13.532855470203408,-1.2432942434019276,0.26530612244897955,0.4980769230769231,0.25084554038622026
shared_RRR_selected,resp__grating_left__b08,2,M192,21,-0.06789515167782834,0.7790530845191928,0.5597402597402598,0.4198398752709547,1.0333901255952798,152.23439463103531,-8.87848146219889,0.979591836734694,0.982142857142857,0.24987090044123722
shared_RRR_selected,resp__grating_down__b08,2,M192,21,-0.001864719950379179,0.13941757523572465,0.4402597402597402,0.6932024302788149,1.0009319257324043,25.932540025711823,-0.18512759676591123,0.8775510204081631,0.8976190476190475,0.24942787726942806
independent_Ridge,resp__checkerboard__b04,3,M194,3,-1.9908126878411285,0.9542319782431072,1.0,0.5871236319899908,1.7293966253699957,26.9672781545845,-11.471563928850559,,,
independent_Ridge,resp__checkerboard__b06,3,M194,3,-0.09997541785333963,-0.08351150728973102,0.5,0.7763885342413377,1.048797129026076,-1.6846046540129669,1.0947716127289981,,,
independent_Ridge,resp__checkerboard__b07,3,M194,3,-0.17554275848336598,0.6000782742220285,0.5,1.0857642961034517,1.0842244963490568,17.442566121567605,-6.5876103429313,,,
independent_Ridge,feat__glm_label,3,M194,3,-0.23603203296488395,-0.8384498882515818,-0.5,0.907756220198971,1.1117697751625037,-38.55579867681206,25.509185480936733,,,
independent_Ridge,resp__checkerboard__b05,3,M194,3,-2.6806313908433816,0.7851825058030394,1.0,0.5799967725515361,1.9184971698815148,34.9194996009308,-13.410388370389954,,,
independent_Ridge,feat__evoked_checkerboard,3,M194,3,-0.031774504860423436,0.021545646692389647,-0.5,0.49402126170009025,1.0157630160920526,0.270826736359474,0.3799633633227546,,,
independent_Ridge,resp__grating_right__b08,3,M194,3,-0.30963708310200766,0.6769530217213044,0.5,0.6750537657159474,1.1443937622610532,9.340327584844568,-1.1227087916197631,,,
independent_Ridge,resp__checkerboard__b08,3,M194,3,-0.2525787912879156,0.7183427010888159,0.5,1.1088034961689057,1.1191866650777769,10.948168505243403,-3.9611958434673693,,,
independent_Ridge,resp__checkerboard__b03,3,M194,3,-1.4435542443709308,0.9121724677545509,1.0,0.5033676291122176,1.5631872070775563,70.95193929127268,-15.975261322344984,,,
independent_Ridge,resp__grating_left__b06,3,M194,3,-0.056404270454378125,0.16321772073885138,0.5,0.4513735530718717,1.02781529004699,2.0513500543724987,-0.2641521460248604,,,
independent_Ridge,resp__grating_right__b06,3,M194,3,-0.38202557052436714,0.21750466369630306,0.5,0.5779890303760133,1.175595836384413,8.576694851445843,-0.783134751363859,,,
independent_Ridge,resp__grating_right__b07,3,M194,3,-0.5701459666277642,0.696653485298359,0.5,0.8155295754661183,1.2530546542859828,14.81954176086342,-1.8559477147664316,,,
independent_Ridge,resp__grating_left__b04,3,M194,3,-1.4538306603156421,-0.598053165135209,-0.5,0.3420546258851753,1.5664707658669033,-100.90819140018392,13.316710535395366,,,
independent_Ridge,resp__checkerboard__b09,3,M194,3,-1.7068315836341514,0.9924821236339262,1.0,1.2061867483403572,1.6452451439327065,193.474549577223,-23.404182761535708,,,
independent_Ridge,resp__grating_down__b05,3,M194,3,-0.8956552132909243,-0.019853267291805726,0.5,0.4288625706730763,1.376827953409911,-0.046600062007747356,0.1364646785013324,,,
independent_Ridge,resp__grating_right__b09,3,M194,3,-0.5780264229897862,0.36717812013314033,0.5,0.5811872172014684,1.2561952169108854,51.47491772852666,-4.199312949772915,,,
independent_Ridge,resp__grating_up__b06,3,M194,3,-0.3861074997185603,-0.9993372093140906,-1.0,1.1096890710282734,1.177330667110375,-180.25289875045897,21.372078623750255,,,
independent_Ridge,resp__grating_up__b05,3,M194,3,-0.12550908179630005,-0.9324278776533456,-0.5,1.0157295735892178,1.0609001280970325,-174.0663430500377,23.5427974298915,,,
independent_Ridge,resp__grating_up__b08,3,M194,3,-0.49350373237402856,-0.4240413572743803,-0.5,1.262665841427119,1.2220899035562107,-30.298762915537054,3.551676815922877,,,
independent_Ridge,resp__grating_right__b05,3,M194,3,-0.062240692674619735,0.6770554473604256,0.5,0.47395034306878636,1.0306506162005724,9.329968478424027,0.44357396027205803,,,
independent_Ridge,resp__grating_left__b07,3,M194,3,0.021407594176360734,0.1831706548819771,0.5,0.5657175889011179,0.9892382957728836,2.4792112277580007,-0.16058252783342958,,,
independent_Ridge,resp__grating_left__b05,3,M194,3,-0.21629710891392007,-0.6488633189100914,-0.5,0.3740759102051935,1.102858607852303,-109.22432046727917,11.351015500378491,,,
independent_Ridge,feat__evoked_grating_right,3,M194,3,-0.4153996057775098,0.13707727540282738,-0.5,0.84239148148781,1.1897056803165686,4.997732500950419,-0.1770675323146225,,,
independent_Ridge,feat__evoked_grating_left,3,M194,3,-0.13509427241733674,-0.5284740993056445,-0.5,0.5273189228133228,1.0654080309521496,-10.809680404396053,1.5889373631500376,,,
independent_Ridge,resp__grating_up__b07,3,M194,3,-0.5800916154063533,-0.3240206484373793,-0.5,1.2625652275643333,1.2570169511213256,-16.550615781513567,2.4256030122875214,,,
independent_Ridge,resp__checkerboard__b10,3,M194,3,-1.8406194417861332,0.9174134346183689,1.0,1.3990832631192285,1.685413730152372,28.322551673707945,0.09159397701930919,,,
independent_Ridge,resp__grating_down__b06,3,M194,3,-0.2196358279878401,0.1235431749791946,0.5,0.3610539593671098,1.1043712364906288,2.120614156520016,0.16385494946200946,,,
independent_Ridge,feat__evoked_grating_down,3,M194,3,-1.1622686806135838,-0.6703513697896126,-0.5,0.5175470522025885,1.4704654639309227,-6.045726579561198,0.6773818551660574,,,
independent_Ridge,resp__grating_up__b09,3,M194,3,-0.4414351712171847,-0.13222428994845892,0.5,1.154285211844102,1.2005978390856717,-70.68481736413037,1.8675416047881646,,,
independent_Ridge,feat__evoked_grating_up,3,M194,3,-0.624747240309586,-0.9857829568462333,-0.5,1.3243287429658583,1.2746557340355027,-32.53295358602528,4.879794082812449,,,
independent_Ridge,resp__grating_left__b08,3,M194,3,-0.013623149213725316,0.07473834149386804,-0.5,0.6398707023769437,1.0067885325199752,1.8568331943077823,0.055612914243373356,,,
independent_Ridge,resp__grating_down__b08,3,M194,3,-0.49078566855231354,0.8505265403681723,0.5,0.5345837335932002,1.220977341539274,138.41063836639518,-0.6172691837426018,,,
shared_fullrank,resp__checkerboard__b04,3,M194,3,-1.7411611873561434,0.9257269597152898,1.0,0.56208531753554,1.6556452480396104,4.239115591181477,-1.8774485563558332,,,
shared_fullrank,resp__checkerboard__b06,3,M194,3,-0.09997541785333963,-0.08351150728973035,0.5,0.7763885342413377,1.048797129026076,-1.6846046540129669,1.0947716127289981,,,
shared_fullrank,resp__checkerboard__b07,3,M194,3,-0.17554275848336598,0.600078274222029,0.5,1.0857642961034517,1.0842244963490568,17.442566121567655,-6.58761034293132,,,
shared_fullrank,feat__glm_label,3,M194,3,-0.23603203296488395,-0.8384498882515818,-0.5,0.907756220198971,1.1117697751625037,-38.55579867681206,25.509185480936733,,,
shared_fullrank,resp__checkerboard__b05,3,M194,3,-2.7456819015559226,0.679170379391127,0.5,0.5850996796148287,1.9353764237367164,4.790520311849548,-2.0286041347954025,,,
shared_fullrank,feat__evoked_checkerboard,3,M194,3,-0.03177450486042366,0.021545646692389203,-0.5,0.49402126170009036,1.0157630160920528,0.2708267363594724,0.37996336332275527,,,
shared_fullrank,resp__grating_right__b08,3,M194,3,-0.30963708310200766,0.6769530217213043,0.5,0.6750537657159474,1.1443937622610532,9.340327584844564,-1.1227087916197622,,,
shared_fullrank,resp__checkerboard__b08,3,M194,3,-0.5250199764720973,0.8760172847117587,1.0,1.223460143547481,1.234916991733492,31.200458949092585,-7.8897015004379,,,
shared_fullrank,resp__checkerboard__b03,3,M194,3,-1.1798898224961896,0.8997113500524567,1.0,0.4754354521023018,1.4764449947411484,11.213771563604187,-2.4375284653336204,,,
shared_fullrank,resp__grating_left__b06,3,M194,3,-0.056404270454378125,0.1632177207388511,0.5,0.4513735530718717,1.02781529004699,2.051350054372497,-0.2641521460248602,,,
shared_fullrank,resp__grating_right__b06,3,M194,3,-0.38202557052436714,0.21750466369630206,0.5,0.5779890303760133,1.175595836384413,8.576694851445792,-0.7831347513638517,,,
shared_fullrank,resp__grating_right__b07,3,M194,3,-0.5701459666277642,0.6966534852983589,0.5,0.8155295754661183,1.2530546542859828,14.819541760863396,-1.8559477147664272,,,
shared_fullrank,resp__grating_left__b04,3,M194,3,-0.9470735423205137,-0.3683146277980544,-0.5,0.30469431522251955,1.3953757710095562,-8.052335752910315,0.5072178358813983,,,
shared_fullrank,resp__checkerboard__b09,3,M194,3,-1.6092617738939548,0.9987472706721501,1.0,1.1842482758768307,1.6153209507382595,40.41004166091772,-4.700597534508564,,,
shared_fullrank,resp__grating_down__b05,3,M194,3,-0.08561850791349568,0.23674594097991802,0.5,0.32454661890010483,1.0419301837999972,2.298542085145736,0.06753873196893667,,,
shared_fullrank,resp__grating_right__b09,3,M194,3,-0.534466909588742,0.44742621449153197,0.5,0.5731095983149497,1.2387360128730989,7.521178328842108,-0.23270188791256574,,,
shared_fullrank,resp__grating_up__b06,3,M194,3,-0.4803039729632139,-0.9991313342444073,-1.0,1.1467752320668945,1.2166774317637417,-25.243366657425142,3.116789868248696,,,
shared_fullrank,resp__grating_up__b05,3,M194,3,-0.18309064773092065,-0.9575552705282472,-0.5,1.0413880892717207,1.087699704758129,-28.46361251295966,4.151376642397099,,,
shared_fullrank,resp__grating_up__b08,3,M194,3,-0.49350373237402856,-0.4240413572743803,-0.5,1.262665841427119,1.2220899035562107,-30.298762915537054,3.551676815922877,,,
shared_fullrank,resp__grating_right__b05,3,M194,3,-0.03661360453628282,-0.07469072296312887,-0.5,0.4681982939257127,1.0181422319775773,-2.0435214008300457,0.29330158583214894,,,
shared_fullrank,resp__grating_left__b07,3,M194,3,0.021407594176360734,0.18317065488197776,0.5,0.5657175889011179,0.9892382957728836,2.4792112277580074,-0.16058252783343033,,,
shared_fullrank,resp__grating_left__b05,3,M194,3,-0.17992035587220157,-0.7641424691687868,-0.5,0.3684395565482243,1.0862413893201646,-22.948161230535835,1.5742644515303372,,,
shared_fullrank,feat__evoked_grating_right,3,M194,3,-0.41539960577750934,0.13707727540282746,-0.5,0.84239148148781,1.1897056803165686,4.997732500950462,-0.17706753231462977,,,
shared_fullrank,feat__evoked_grating_left,3,M194,3,-0.13509427241733674,-0.5284740993056439,-0.5,0.5273189228133228,1.0654080309521496,-10.809680404396053,1.5889373631500379,,,
shared_fullrank,resp__grating_up__b07,3,M194,3,-0.5800916154063533,-0.32402064843737965,-0.5,1.2625652275643333,1.2570169511213256,-16.55061578151358,2.425603012287523,,,
shared_fullrank,resp__checkerboard__b10,3,M194,3,-1.8406194417861332,0.9174134346183689,1.0,1.3990832631192285,1.685413730152372,28.32255167370794,0.09159397701930964,,,
shared_fullrank,resp__grating_down__b06,3,M194,3,-0.21963582798783965,0.12354317497919429,0.5,0.36105395936710977,1.1043712364906286,2.1206141565200083,0.16385494946200949,,,
shared_fullrank,feat__evoked_grating_down,3,M194,3,-1.1622686806135838,-0.6703513697896126,-0.5,0.5175470522025885,1.4704654639309227,-6.045726579561198,0.6773818551660574,,,
shared_fullrank,resp__grating_up__b09,3,M194,3,-0.43646417083265154,-0.8217142306934462,-0.5,1.1522931320275447,1.198525832359341,-59.015206181607695,2.8634259440732484,,,
shared_fullrank,feat__evoked_grating_up,3,M194,3,-0.624747240309586,-0.9857829568462332,-0.5,1.3243287429658583,1.2746557340355027,-32.53295358602527,4.879794082812445,,,
shared_fullrank,resp__grating_left__b08,3,M194,3,-0.013623149213725094,0.07473834149386813,-0.5,0.6398707023769435,1.0067885325199752,1.8568331943077858,0.05561291424337314,,,
shared_fullrank,resp__grating_down__b08,3,M194,3,-0.5304649441563467,0.5552454685094607,0.5,0.5416513482220806,1.2371196159451787,15.782900563373085,0.5273783343436319,,,
shared_RRR_selected,resp__checkerboard__b04,3,M194,3,-1.7350519446090664,0.9084379070504596,1.0,0.5614586066552169,1.653799245558259,4.209604186189401,-1.8563089001108903,,,
shared_RRR_selected,resp__checkerboard__b06,3,M194,3,-0.09362391430081463,0.06964784724096608,0.5,0.7741437687712124,1.0457647509362775,1.5899918996932068,-0.5268272894051733,,,
shared_RRR_selected,resp__checkerboard__b07,3,M194,3,-0.1747980299366314,0.6185273698973869,0.5,1.0854203155179432,1.0838810035869395,17.44706989150192,-6.556714696483636,,,
shared_RRR_selected,feat__glm_label,3,M194,3,-0.24985625397740474,-0.6921857967565483,-0.5,0.9128184390400991,1.1179697017260373,-26.88678582746798,17.741911226359772,,,
shared_RRR_selected,resp__checkerboard__b05,3,M194,3,-2.8369891446640607,0.7019649525833769,1.0,0.5921881317380515,1.958823408238747,4.768470457616573,-2.0632361832771036,,,
shared_RRR_selected,feat__evoked_checkerboard,3,M194,3,-0.030132497878468945,0.007399161962324402,-0.5,0.49362800263391493,1.014954431429544,0.09666472818545248,0.4504829943356423,,,
shared_RRR_selected,resp__grating_right__b08,3,M194,3,-0.3057368907621538,0.6900514508368961,0.5,0.6740478371728045,1.14268844868676,9.844537040964113,-1.2359242194574191,,,
shared_RRR_selected,resp__checkerboard__b08,3,M194,3,-0.5360719213520595,0.8192188428198308,1.0,1.227885398490243,1.23938368609243,30.06264832503055,-7.435671283894677,,,
shared_RRR_selected,resp__checkerboard__b03,3,M194,3,-1.1545635813476607,0.9257265941465948,1.0,0.47266554811714057,1.4678431732810087,11.160610115246763,-2.4007442638127867,,,
shared_RRR_selected,resp__grating_left__b06,3,M194,3,-0.06381237409089002,0.12432000519468181,0.5,0.45295343135604027,1.031412804889919,1.5399115420141962,-0.19617854102160173,,,
shared_RRR_selected,resp__grating_right__b06,3,M194,3,-0.37686016633977526,0.1024015742392324,0.5,0.5769078847333552,1.1733968494672957,4.03216367953525,-0.14620089512249054,,,
shared_RRR_selected,resp__grating_right__b07,3,M194,3,-0.5630195026806744,0.7159158457278192,0.5,0.813676737627994,1.2502077838026262,14.561748547289069,-1.8261877789251983,,,
shared_RRR_selected,resp__grating_left__b04,3,M194,3,-0.981554050961285,-0.4197217823523462,-0.5,0.30738037448492855,1.407676827599746,-8.92819573024507,0.6054340848531401,,,
shared_RRR_selected,resp__checkerboard__b09,3,M194,3,-1.627961257363188,0.9782428006977946,1.0,1.1884842051996212,1.6210987808777073,40.64716080654286,-4.544695162171832,,,
shared_RRR_selected,resp__grating_down__b05,3,M194,3,-0.07430293617243122,0.22211336115692795,0.5,0.32285078822743185,1.0364858591280595,2.1502857950847374,0.058351211461639595,,,
shared_RRR_selected,resp__grating_right__b09,3,M194,3,-0.550521859353247,0.46033055808508094,0.5,0.5760999863620753,1.2451995259207447,7.932338154575411,-0.23051942296179853,,,
shared_RRR_selected,resp__grating_up__b06,3,M194,3,-0.48251944318910533,-0.9989771484147913,-1.0,1.1476330614507126,1.2175875505232079,-24.435287846082126,3.0479064018352497,,,
shared_RRR_selected,resp__grating_up__b05,3,M194,3,-0.17890605099897972,-0.9361714408578817,-0.5,1.0395447607773958,1.0857744015213198,-27.91987131903685,4.18003510490625,,,
shared_RRR_selected,resp__grating_up__b08,3,M194,3,-0.5018626726731732,-0.4217492685283112,-0.5,1.2661943968779705,1.2255050683996265,-25.578076065805284,3.0055912802290212,,,
shared_RRR_selected,resp__grating_right__b05,3,M194,3,-0.04411624132269765,-0.13922569855476313,-0.5,0.4698895647478853,1.0218200630848358,-3.6429573265645288,0.3952445449665134,,,
shared_RRR_selected,resp__grating_left__b07,3,M194,3,0.020802037204977863,0.17642992379993594,0.5,0.5658925960070196,0.9895443207835725,2.3248445347024633,-0.14544966109350455,,,
shared_RRR_selected,resp__grating_left__b05,3,M194,3,-0.182100207767677,-0.7320918758906125,-0.5,0.36877973758699606,1.0872443183423295,-24.907779260394946,1.832066795410491,,,
shared_RRR_selected,feat__evoked_grating_right,3,M194,3,-0.4064775880700524,0.1511551235038921,-0.5,0.8397322631179782,1.185950078236876,6.15408994150202,-0.3912512425202442,,,
shared_RRR_selected,feat__evoked_grating_left,3,M194,3,-0.12998893303953518,-0.5555653145998142,-0.5,0.5261317192123738,1.0630093758003902,-12.276091916279784,1.8051483730094364,,,
shared_RRR_selected,resp__grating_up__b07,3,M194,3,-0.5835308113307047,-0.25250096116539766,-0.5,1.263938517859328,1.258384206564396,-12.560411735653021,1.99634615807866,,,
shared_RRR_selected,resp__checkerboard__b10,3,M194,3,-1.832169954795006,0.9324146622993672,1.0,1.3970009110074832,1.6829052126590511,28.590982212010417,0.02022392734471759,,,
shared_RRR_selected,resp__grating_down__b06,3,M194,3,-0.20717385845582048,0.1630604300396994,0.5,0.3592046384409383,1.0987146392288676,2.5218511829046877,0.1606376655361993,,,
shared_RRR_selected,feat__evoked_grating_down,3,M194,3,-1.1867385848874674,-0.6605712994488502,-0.5,0.5204672948221906,1.478762518083099,-6.2316616624347345,0.64886109885726,,,
shared_RRR_selected,resp__grating_up__b09,3,M194,3,-0.4368689895917961,-0.8098402356132809,-0.5,1.1524554879795053,1.1986947024125016,-58.57132513617638,2.8076200167574323,,,
shared_RRR_selected,feat__evoked_grating_up,3,M194,3,-0.6288197675079918,-0.9872815616468295,-0.5,1.3259874592332135,1.2762522350648373,-33.06275857504358,4.833263797684189,,,
shared_RRR_selected,resp__grating_left__b08,3,M194,3,-0.015851893882642187,0.062203524441608385,-0.5,0.6405737868271055,1.0078947831409002,1.5467169919239656,0.07075061928336224,,,
shared_RRR_selected,resp__grating_down__b08,3,M194,3,-0.529345923131811,0.4351288913005742,0.5,0.541453294002471,1.236667264518557,15.158553319305929,0.4535023394765597,,,
independent_Ridge,resp__checkerboard__b04,4,M195,12,-1.4650971292502422,0.024386795528364008,0.006993006993006993,0.4134403857669293,1.5700627787608503,0.09476547860533346,0.11436525991963734,0.4375,0.525,0.26650734987519165
independent_Ridge,resp__checkerboard__b06,4,M195,12,-0.257533805058729,-0.35937338105946826,-0.6153846153846154,0.5077418253387427,1.1213981474296848,-4.667722372496108,2.452351894869767,0.0625,0.37797619047619047,0.2693853352568334
independent_Ridge,resp__checkerboard__b07,4,M195,12,-0.5080987969258353,-0.46392672554804215,-0.6433566433566434,0.48670890578729903,1.2280467405297877,-2.835220793951155,1.4006583791611733,0.0,0.3654761904761905,0.2721002451380726
independent_Ridge,feat__glm_label,4,M195,12,-0.057990908012055975,0.18837972926830507,0.10893539809368692,0.9810595496337795,1.028586850009301,29.933346350311524,-19.510122010053614,0.6,0.6722222222222223,0.29168402997710613
independent_Ridge,resp__checkerboard__b05,4,M195,12,-0.016557170464411408,-0.2974408994557647,-0.3356643356643357,0.4765434757175655,1.0082445985297475,-18.51885111401542,7.241890611809195,0.125,0.3988095238095238,0.25933509123278703
independent_Ridge,feat__evoked_checkerboard,4,M195,12,-0.43779307728501027,-0.486323400055801,-0.4265734265734266,0.44410907686015116,1.1990800962758954,-4.630394497694588,2.2163747125521143,0.3125,0.48214285714285715,0.26510352202778986
independent_Ridge,resp__grating_right__b08,4,M195,12,-0.10731256465080308,-0.21439278401958406,-0.04195804195804196,1.03951531274988,1.0522892020023789,-41.79271275557695,7.1544378320992115,0.375,0.48333333333333334,0.25176030012052886
independent_Ridge,resp__checkerboard__b08,4,M195,12,-0.15932353315422754,-0.35668436898597333,-0.2447552447552448,0.40738768032210426,1.0767188737800724,-12.521919097838666,3.457054780623826,0.3125,0.48214285714285715,0.2560371297227503
independent_Ridge,resp__checkerboard__b03,4,M195,12,-0.4152473063922786,0.3229893119146668,0.2377622377622378,0.3542127228489415,1.189641671425593,24.717035553314258,-5.785410856000889,0.625,0.7291666666666666,0.2531053160222917
independent_Ridge,resp__grating_left__b06,4,M195,12,-0.0972238968781387,-0.2385016947654365,-0.06993006993006995,0.6555534621166533,1.0474845568685671,-2.6817621034840853,0.7625502213231294,0.4375,0.5011904761904762,0.25552561786915307
independent_Ridge,resp__grating_right__b06,4,M195,12,-0.010556385893966791,0.08125625206540493,0.1958041958041958,0.5779757137343566,1.0052643363284934,18.361993725935353,-2.75113014177846,0.75,0.6791666666666667,0.25156844179158494
independent_Ridge,resp__grating_right__b07,4,M195,12,-0.01286984402727076,-0.07041118980073269,-0.013986013986013986,0.6672258105272842,1.0064143500702238,-1.7521423469969284,0.5786492724320018,0.5,0.5249999999999999,0.2521065420669546
independent_Ridge,resp__grating_left__b04,4,M195,12,-0.10840874588175531,-0.12948546438395594,-0.21678321678321683,0.3628211250196712,1.0528099286584236,-12.618553000314284,1.956506196392348,0.1875,0.4154761904761905,0.25189320123727543
independent_Ridge,resp__checkerboard__b09,4,M195,12,-0.015759454580388965,-0.3532202963151732,-0.43356643356643365,0.47233949750291476,1.007848924482429,-16.98161849461344,2.59060653045677,0.0625,0.37797619047619047,0.2531451398827199
independent_Ridge,resp__grating_down__b05,4,M195,12,-0.13502980216116334,-0.1267196644107376,-0.06293706293706294,0.6202318029258608,1.0653777743885797,-1.1759691907769656,0.3054479571621873,0.4375,0.5178571428571428,0.2550563780093975
independent_Ridge,resp__grating_right__b09,4,M195,12,-0.11571864028265622,-0.40289734829449503,-0.35664335664335667,0.9282761132830845,1.0562758353208013,-152.9380501913522,11.731359565878462,0.25,0.5654761904761905,0.25048370069838544
independent_Ridge,resp__grating_up__b06,4,M195,12,-0.06656896243098731,-0.04715301596739506,0.25874125874125875,0.4527524568164606,1.0327482570457271,-7.075008918593613,1.0677740111844827,0.75,0.875,0.2513124421858064
independent_Ridge,resp__grating_up__b05,4,M195,12,-0.0913866330347306,-0.1474332797947074,-0.10489510489510491,0.38585283155313504,1.0446945166098702,-9.947379073182319,1.5762927381888667,0.375,0.6,0.2516502621868115
independent_Ridge,resp__grating_up__b08,4,M195,12,-0.05034340996721709,-0.2305399764325619,-0.1188811188811189,0.775086397680433,1.024862629803242,-4.841673489740899,0.6769228581492709,0.3125,0.48214285714285715,0.25361295477961926
independent_Ridge,resp__grating_right__b05,4,M195,12,-0.05476761496870486,0.022270765301595257,-0.006993006993006993,0.7951702596964069,1.027018799715324,3.1462000372308347,-0.013964413065518726,0.5625,0.6041666666666666,0.25033580653095994
independent_Ridge,resp__grating_left__b07,4,M195,12,-0.012954779662685656,0.050325025228653654,0.04195804195804196,0.43587436281748765,1.006456546336048,0.39399326773782256,0.1325621221966721,0.5,0.5428571428571428,0.25209740145055104
independent_Ridge,resp__grating_left__b05,4,M195,12,-0.07074039100325247,-0.15561969377242013,-0.027972027972027972,0.774654960869281,1.0347658628903702,-22.835460935185775,2.407214183375448,0.5625,0.5666666666666667,0.25064312593306814
independent_Ridge,feat__evoked_grating_right,4,M195,12,-0.035320562830906566,-0.0034859848881008196,0.02097902097902098,0.7253962195596989,1.0175070333078324,-0.6251411591770356,0.4301508831474105,0.5625,0.6041666666666666,0.251912001322821
independent_Ridge,feat__evoked_grating_left,4,M195,12,-0.06115639923801508,0.07689408041646495,0.3356643356643357,0.48650203298815015,1.0301244581301887,5.3571965848413505,-0.5672924524355106,0.625,0.6220238095238095,0.2513968604298736
independent_Ridge,resp__grating_up__b07,4,M195,12,-0.007303763818495179,-2.6794044610256584e-06,-0.09090909090909093,0.6037851277089921,1.0036452380291032,-3.8253918804133756e-05,0.1759668851667041,0.375,0.6071428571428572,0.2546082586380491
independent_Ridge,resp__checkerboard__b10,4,M195,12,-0.10382793368784982,-0.2877443443934035,-0.3916083916083916,0.5207089286827843,1.0506321590775003,-19.95745616476042,1.376035094200477,0.25,0.4571428571428572,0.2509386975588975
independent_Ridge,resp__grating_down__b06,4,M195,12,-0.01924508067400832,-0.056363965332223216,0.06993006993006995,0.5735837471195283,1.0095766838997462,-1.1206120266465107,0.06932924426189736,0.625,0.6083333333333333,0.24879184013519887
independent_Ridge,feat__evoked_grating_down,4,M195,12,-0.06573701859523595,-0.07125811841633017,-0.027972027972027972,0.43296316507832733,1.0323453969458265,-1.5072069659010066,0.25110075217213473,0.625,0.7291666666666666,0.2511930270602414
independent_Ridge,resp__grating_up__b09,4,M195,12,-0.052655197531904285,0.008852360470567821,0.055944055944055944,0.5597029949868626,1.0259898622948982,0.9603859169642297,0.12602173779149736,0.625,0.775,0.24963860242482422
independent_Ridge,feat__evoked_grating_up,4,M195,12,-0.08252311106138288,-0.13574731187965802,-0.15384615384615385,0.4378379077261491,1.0404437087422764,-3.735378076474993,0.8444587564410758,0.3125,0.475,0.25347561158356274
independent_Ridge,resp__grating_left__b08,4,M195,12,-0.027543527448931515,0.08578957875726004,0.3076923076923077,0.29372283564892865,1.0136782169154726,3.638326174729821,-0.05728561373493638,0.625,0.6220238095238095,0.2500567339296539
independent_Ridge,resp__grating_down__b08,4,M195,12,-0.5968943930980313,-0.2776202000235872,-0.2797202797202798,0.40484893160254165,1.2636828688789095,-1.3696267883018167,0.06512629683404554,0.25,0.4303571428571429,0.25677287140183425
shared_fullrank,resp__checkerboard__b04,4,M195,12,-1.4650971292502426,0.02438679552836423,0.006993006993006993,0.4134403857669294,1.5700627787608505,0.09476547860533402,0.11436525991963711,0.4375,0.525,0.26650734987519165
shared_fullrank,resp__checkerboard__b06,4,M195,12,-0.257533805058729,-0.3593733810594685,-0.6153846153846154,0.5077418253387427,1.1213981474296848,-4.667722372496118,2.452351894869771,0.0625,0.37797619047619047,0.2693853352568334
shared_fullrank,resp__checkerboard__b07,4,M195,12,-0.5080987969258353,-0.46392672554804204,-0.6433566433566434,0.48670890578729903,1.2280467405297877,-2.835220793951152,1.4006583791611729,0.0,0.3654761904761905,0.2721002451380726
shared_fullrank,feat__glm_label,4,M195,12,-0.01783562680840589,0.2570512836094837,0.13227869768519127,0.9622617566323062,1.0088784004073068,7.2842363319728465,-4.465741573554382,0.6,0.5833333333333333,0.29552995131652254
shared_fullrank,resp__checkerboard__b05,4,M195,12,-0.05676491056796751,-0.24829223610629633,-0.17482517482517487,0.4858764124779229,1.027990715214864,-3.024114063928675,1.4823160382544214,0.3125,0.5821428571428572,0.26245711341783495
shared_fullrank,feat__evoked_checkerboard,4,M195,12,-0.43779307728501027,-0.48632340005580077,-0.4265734265734266,0.44410907686015116,1.1990800962758954,-4.630394497694588,2.2163747125521143,0.3125,0.48214285714285715,0.26510352202778986
shared_fullrank,resp__grating_right__b08,4,M195,12,-0.10610680067780387,-0.28039532622680946,-0.0979020979020979,1.0389491891673466,1.0517161217162185,-11.109834981209392,2.4955166191431277,0.375,0.48333333333333334,0.253079584909187
shared_fullrank,resp__checkerboard__b08,4,M195,12,-0.2853333913182581,-0.337280786631702,-0.34965034965034975,0.4289567050487327,1.1337254479450738,-1.9889886405246153,0.6586302830818992,0.25,0.4571428571428572,0.2646527384900328
shared_fullrank,resp__checkerboard__b03,4,M195,12,-0.43625852871130766,0.24869248903676067,0.17482517482517487,0.3568324141823376,1.1984400396812966,2.5536081210488755,-0.5893845726587114,0.5625,0.6916666666666667,0.25200643018392216
shared_fullrank,resp__grating_left__b06,4,M195,12,-0.0972238968781387,-0.23850169476543662,-0.06993006993006995,0.6555534621166533,1.0474845568685671,-2.6817621034840946,0.7625502213231311,0.4375,0.5011904761904762,0.25552561786915307
shared_fullrank,resp__grating_right__b06,4,M195,12,0.0031516909164511775,0.0858234497124888,0.055944055944055944,0.5740422431228795,0.9984229109368177,2.628273045406595,-0.306777124644228,0.5625,0.5666666666666667,0.2523861829646397
shared_fullrank,resp__grating_right__b07,4,M195,12,-0.01286984402727076,-0.07041118980073238,-0.013986013986013986,0.6672258105272842,1.0064143500702238,-1.7521423469969224,0.5786492724320006,0.5,0.5249999999999999,0.2521065420669546
shared_fullrank,resp__grating_left__b04,4,M195,12,-0.25903489921713185,-0.10377663390351946,-0.2447552447552448,0.386688697169361,1.1220672436254129,-1.2789784956363859,0.30482334096982505,0.1875,0.4154761904761905,0.25627210491263075
shared_fullrank,resp__checkerboard__b09,4,M195,12,-0.08416489765815083,-0.28511505386891545,-0.1958041958041958,0.4879850279835398,1.0412323936845946,-2.394151638178031,0.47566721347880075,0.1875,0.44047619047619047,0.25996787609328914
shared_fullrank,resp__grating_down__b05,4,M195,12,-0.022782759534617947,-0.05178001716327556,0.04895104895104895,0.5887651537930482,1.011327226734561,-1.6326947577526396,0.24202954124952486,0.6875,0.6458333333333333,0.2506859497255373
shared_fullrank,resp__grating_right__b09,4,M195,12,-0.12135070891683086,-0.4689643607168706,-0.2937062937062937,0.9306160999987976,1.0589384821210488,-25.21668505285161,2.58094928040767,0.25,0.5654761904761905,0.25155654811358197
shared_fullrank,resp__grating_up__b06,4,M195,12,-0.14237621022846003,-0.00631900906692186,0.3426573426573427,0.46856615963207926,1.0688200083402537,-0.14244662465921792,0.06177509552396702,0.75,0.875,0.25195573464226645
shared_fullrank,resp__grating_up__b05,4,M195,12,-0.17784194175220325,-0.13240061509577003,0.0,0.4008444584329456,1.0852842677161607,-1.5774021798920128,0.3408415439659323,0.5,0.6666666666666666,0.25281266366092686
shared_fullrank,resp__grating_up__b08,4,M195,12,-0.05034340996721709,-0.2305399764325618,-0.1188811188811189,0.775086397680433,1.024862629803242,-4.8416734897409075,0.6769228581492718,0.3125,0.48214285714285715,0.25361295477961926
shared_fullrank,resp__grating_right__b05,4,M195,12,-0.029908424275271184,0.09245371891982963,0.07692307692307693,0.7857439402012958,1.0148440393850038,2.543981687985534,-0.051040034172313675,0.5625,0.6041666666666666,0.24999703315100696
shared_fullrank,resp__grating_left__b07,4,M195,12,-0.012954779662685656,0.050325025228653474,0.04195804195804196,0.43587436281748765,1.006456546336048,0.3939932677378202,0.1325621221966725,0.5,0.5428571428571428,0.25209740145055104
shared_fullrank,resp__grating_left__b05,4,M195,12,-0.05994190057827109,-0.11712233875267937,-0.04895104895104895,0.7707388379994421,1.0295347981385918,-3.119822294922232,0.6689481295186925,0.5625,0.5666666666666667,0.25114466753982184
shared_fullrank,feat__evoked_grating_right,4,M195,12,-0.021660786123059106,-0.016488519673911375,0.15384615384615385,0.7205949765552091,1.0107723710722702,-0.6346966173975976,0.4526503425152485,0.625,0.6220238095238095,0.25198856143204695
shared_fullrank,feat__evoked_grating_left,4,M195,12,0.000992589840872693,0.16227811671213543,0.4895104895104896,0.4720405585150749,0.9995035818640807,2.1966981429801784,-0.19309388309713035,0.75,0.6791666666666667,0.25060274594163606
shared_fullrank,resp__grating_up__b07,4,M195,12,-0.007303763818495179,-2.679404461053414e-06,-0.09090909090909093,0.6037851277089921,1.0036452380291032,-3.8253918792310904e-05,0.17596688516670214,0.375,0.6071428571428572,0.2546082586380491
shared_fullrank,resp__checkerboard__b10,4,M195,12,-0.14387540859220116,-0.163894841354355,-0.2937062937062937,0.5300705746714628,1.0695211118029422,-2.0018470884321937,0.3049568388701269,0.3125,0.48214285714285715,0.25279980756660425
shared_fullrank,resp__grating_down__b06,4,M195,12,-0.01924508067400832,-0.056363965332223084,0.06993006993006995,0.5735837471195283,1.0095766838997462,-1.1206120266465074,0.06932924426189711,0.625,0.6083333333333333,0.24879184013519887
shared_fullrank,feat__evoked_grating_down,4,M195,12,-0.06573701859523595,-0.0712581184163303,-0.027972027972027972,0.43296316507832733,1.0323453969458265,-1.507206965901015,0.25110075217213595,0.625,0.7291666666666666,0.2511930270602414
shared_fullrank,resp__grating_up__b09,4,M195,12,-0.05534226118209684,-0.11751250592905899,-0.06993006993006995,0.5604169035054175,1.0272985258346752,-2.4890927519656048,0.22469633767755093,0.5625,0.75,0.24856499818725594
shared_fullrank,feat__evoked_grating_up,4,M195,12,-0.08252311106138288,-0.13574731187965805,-0.15384615384615385,0.4378379077261491,1.0404437087422764,-3.7353780764749844,0.844458756441074,0.3125,0.475,0.25347561158356274
shared_fullrank,resp__grating_left__b08,4,M195,12,0.005786887711656252,0.1056672175345818,0.25874125874125875,0.28891982399420857,0.9971023579795327,0.9187879004878843,0.026846036366384038,0.625,0.6220238095238095,0.24970131921036703
shared_fullrank,resp__grating_down__b08,4,M195,12,-0.26830640647212123,-0.23302630602053143,-0.25874125874125875,0.3608003852359112,1.126191105661966,-2.900657038904726,0.06653987796141654,0.25,0.4303571428571429,0.25225181828622467
shared_RRR_selected,resp__checkerboard__b04,4,M195,12,-1.4183026996703485,-0.013407352908307621,0.09090909090909093,0.4094974574457141,1.5550892899349378,-0.06096991759049188,0.18753857830117765,0.625,0.7291666666666666,0.2666660903687689
shared_RRR_selected,resp__checkerboard__b06,4,M195,12,-0.36907571876746226,-0.5939736975162329,-0.8041958041958043,0.5297815623205779,1.1700750910806803,-9.390695131011825,5.068851055036576,0.0,0.3654761904761905,0.2722376793304009
shared_RRR_selected,resp__checkerboard__b07,4,M195,12,-0.5368947408710123,-0.45715916774310345,-0.5664335664335665,0.4913335932184124,1.2397155887021074,-2.833471985596607,1.4322136135025478,0.0625,0.37797619047619047,0.2721433306168065
shared_RRR_selected,feat__glm_label,4,M195,12,-0.028630720619832628,0.10051467158119826,0.05835824897876086,0.9673511384230238,1.0142143366270429,3.1434335911149116,-1.4116800950018282,0.5666666666666667,0.6888888888888889,0.29697589984766476
shared_RRR_selected,resp__checkerboard__b05,4,M195,12,-0.08398056447406743,-0.3452501860486334,-0.3076923076923077,0.49209320905674814,1.0411438730905866,-3.8506425962333046,1.8366335331226764,0.125,0.3988095238095238,0.26528169950361113
shared_RRR_selected,feat__evoked_checkerboard,4,M195,12,-0.4359592303064326,-0.4210041541453621,-0.39860139860139865,0.44382576490104314,1.1983151631797175,-4.030083629259462,1.9737593411339762,0.25,0.4571428571428572,0.265016387242785
shared_RRR_selected,resp__grating_right__b08,4,M195,12,-0.12133013358149802,-0.3809895752539322,-0.15384615384615385,1.0460742791182112,1.058928767000641,-13.05851059490961,2.7038089170806154,0.375,0.48333333333333334,0.25324872149316857
shared_RRR_selected,resp__checkerboard__b08,4,M195,12,-0.290501003508826,-0.374393384869047,-0.3426573426573427,0.4298181384981643,1.1360022022464682,-2.374440550351581,0.7683172222369802,0.25,0.4571428571428572,0.2642422294996087
shared_RRR_selected,resp__checkerboard__b03,4,M195,12,-0.5160060555584278,0.22663442198187625,0.15384615384615385,0.36660506085545846,1.2312619768182675,4.4170499900098195,-1.1069273065250433,0.625,0.775,0.2532755198311809
shared_RRR_selected,resp__grating_left__b06,4,M195,12,-0.09944653551040439,-0.2840240871628906,-0.09090909090909093,0.6562171011937602,1.048544961129662,-3.3473650983442576,0.8898798404004189,0.4375,0.5178571428571428,0.2555852837202923
shared_RRR_selected,resp__grating_right__b06,4,M195,12,-0.0056548160418454785,-0.04601193966666491,0.034965034965034975,0.5765723126038494,1.002823422164563,-2.0518940754079718,0.614916014451627,0.625,0.7095238095238094,0.2515680336173336
shared_RRR_selected,resp__grating_right__b07,4,M195,12,-0.019115269475333596,-0.1078479748603561,-0.1188811188811189,0.6692797294681099,1.0095123919374807,-2.472881457104643,0.6949896175088888,0.5,0.5249999999999999,0.2516339940571817
shared_RRR_selected,resp__grating_left__b04,4,M195,12,-0.21271836003899147,-0.18791304922854696,-0.2937062937062937,0.37950942855228215,1.101234924999653,-2.2264208070531057,0.448598217870355,0.125,0.3946428571428572,0.25660410292452207
shared_RRR_selected,resp__checkerboard__b09,4,M195,12,-0.10156606566387683,-0.43292291351224366,-0.3846153846153847,0.4918855911682986,1.0495551751403434,-4.241977258651431,0.7086555444803145,0.125,0.3988095238095238,0.2604214355670753
shared_RRR_selected,resp__grating_down__b05,4,M195,12,-0.021818440083355872,0.015906419854901356,-0.055944055944055944,0.5884875329718722,1.0108503549405103,0.5614973834399165,-0.02961042522941119,0.625,0.6220238095238095,0.25069063501230776
shared_RRR_selected,resp__grating_right__b09,4,M195,12,-0.1245263902402165,-0.4941210143010538,-0.15384615384615385,0.931932927424274,1.0604368864954747,-36.12193207719477,3.1849286190573207,0.375,0.5238095238095237,0.2512409936508213
shared_RRR_selected,resp__grating_up__b06,4,M195,12,-0.11236908513917276,-0.1402322799841421,-0.1188811188811189,0.4623712267317924,1.0546890940647735,-5.499292106782743,0.9981767249088809,0.4375,0.525,0.2526057718412369
shared_RRR_selected,resp__grating_up__b05,4,M195,12,-0.12564894694526885,-0.2065941733490615,-0.2867132867132868,0.39186264101848706,1.0609660441999398,-3.389844349855198,0.5874869307714505,0.25,0.4333333333333333,0.25344620973220344
shared_RRR_selected,resp__grating_up__b08,4,M195,12,-0.02497541368349565,0.042589067958617846,0.027972027972027972,0.7656692078559575,1.0124106941767734,1.1548733881053348,0.10923155056958365,0.5,0.6666666666666666,0.2504290370304564
shared_RRR_selected,resp__grating_right__b05,4,M195,12,-0.03764927819952324,-0.05501462028453284,-0.055944055944055944,0.7886912619634763,1.0186507145236403,-1.7526397495224038,0.5035407128662323,0.5625,0.6041666666666666,0.25040157760072534
shared_RRR_selected,resp__grating_left__b07,4,M195,12,-0.029061122485456448,-0.009531283097204878,0.04195804195804196,0.43932597549090674,1.0144264993016776,-0.0747653457622583,0.20231417424904022,0.5,0.5428571428571428,0.2526072242520431
shared_RRR_selected,resp__grating_left__b05,4,M195,12,-0.05321520922093548,-0.0599302288511563,-0.02097902097902098,0.7682892819935722,1.0262627388836327,-1.860372243757339,0.5199615795229205,0.5625,0.5666666666666667,0.2509926229416446
shared_RRR_selected,feat__evoked_grating_right,4,M195,12,-0.03594186893926765,-0.19921166065117224,-0.07692307692307693,0.7256138456372184,1.0178122955335465,-6.855677776636542,1.7341936016105228,0.5625,0.6041666666666666,0.25317254266763495
shared_RRR_selected,feat__evoked_grating_left,4,M195,12,-0.003827500088127822,0.14260170962354493,0.3846153846153847,0.4731779575147484,1.001911922320584,1.9505095132261334,-0.13437367316942625,0.6875,0.6458333333333333,0.2510978606972297
shared_RRR_selected,resp__grating_up__b07,4,M195,12,0.008018757390943043,0.11176605766747132,-0.027972027972027972,0.5991753153219445,0.995982551357732,1.8323054058721642,-0.0984629432742791,0.5,0.6666666666666666,0.25241387077533833
shared_RRR_selected,resp__checkerboard__b10,4,M195,12,-0.16287275229246,-0.3876915448579358,-0.4055944055944056,0.5344541230839844,1.078365778524365,-5.077647602831337,0.4974977489353374,0.3125,0.48214285714285715,0.25455352499361994
shared_RRR_selected,resp__grating_down__b06,4,M195,12,-0.01978316194736851,-0.024061139966164106,0.027972027972027972,0.5737351307052417,1.009843137297753,-0.6056404993323727,0.045751560246883816,0.5625,0.6041666666666666,0.2498506060014565
shared_RRR_selected,feat__evoked_grating_down,4,M195,12,-0.07203230694149676,-0.05644425374740694,-0.23076923076923078,0.43424003484360824,1.0353899299015308,-1.4935796109973165,0.26128858854396403,0.4375,0.625,0.25265420763216084
shared_RRR_selected,resp__grating_up__b09,4,M195,12,-0.036404402770050526,0.10652844176327038,0.07692307692307693,0.5553658689914815,1.0180394897890996,2.415987678557249,0.07185730199646581,0.625,0.775,0.24812881637198242
shared_RRR_selected,feat__evoked_grating_up,4,M195,12,-0.044661675644215304,0.14879451558017218,0.09090909090909093,0.4301130331030211,1.0220869217655686,6.31814333338914,-1.0779933492713927,0.5,0.6666666666666666,0.2520151477188039
shared_RRR_selected,resp__grating_left__b08,4,M195,12,0.017883453636063362,0.15670524611429276,0.3426573426573427,0.2871568048150112,0.9910179344310258,1.3662314112170177,-0.0059961154189838795,0.6875,0.6458333333333333,0.24910987235988402
shared_RRR_selected,resp__grating_down__b08,4,M195,12,-0.2660143808617228,-0.11970362602398689,-0.034965034965034975,0.36047422679748076,1.1251730448520896,-1.3766875742156683,-0.01268313334688005,0.4375,0.5011904761904762,0.2514264394800102
independent_Ridge,resp__checkerboard__b04,5,M196,25,-0.05462323179895234,0.0013041796587572978,-0.011538461538461539,0.66089015466518,1.0269485049402198,0.03847485188711779,0.2775369559835033,0.5185185185185186,0.5766365805581493,0.26142741861883223
independent_Ridge,resp__checkerboard__b06,5,M196,25,-0.1425546675303706,-0.30425083548769494,-0.25461538461538463,0.778226773400558,1.068903488407803,-30.91081647295565,14.860361263268466,0.3703703703703704,0.4511886806004453,0.26405427359863065
independent_Ridge,resp__checkerboard__b07,5,M196,25,-0.6150825777284898,-0.3912098903980823,-0.28615384615384615,0.6193868963402951,1.2708589920713038,-11.217819704028786,4.973749426079457,0.3580246913580247,0.4616161616161616,0.26240855578457045
independent_Ridge,feat__glm_label,5,M196,25,-0.009373529364245403,-0.0019108455276987853,0.02102017188460057,0.8391298910684195,1.0046758329751173,-0.03183854628222704,0.6996705276758611,0.512987012987013,0.4769002163049447,0.2904074500306814
independent_Ridge,resp__checkerboard__b05,5,M196,25,-0.06675033131240782,-0.143207437753502,-0.05692307692307692,0.7661179920048223,1.03283606216689,-6.724046577160431,2.915028518612154,0.48148148148148145,0.5102585141800828,0.2595993720979272
independent_Ridge,feat__evoked_checkerboard,5,M196,25,-0.23510395145175567,-0.15263682614256996,-0.16538461538461538,0.4693136834097841,1.111352307529775,-7.461135454831924,3.2793732197599925,0.43209876543209874,0.47943322109988773,0.26041404917217903
independent_Ridge,resp__grating_right__b08,5,M196,25,-0.15548652634912474,0.025607523153707443,0.28307692307692306,0.501776304552645,1.074935591721255,0.1859002902530305,-0.013145612439510197,0.691358024691358,0.728042328042328,0.2478431619542637
independent_Ridge,resp__checkerboard__b08,5,M196,25,-0.23664954874646904,-0.2343428164501457,-0.25076923076923074,0.5134102859322246,1.1120474579560302,-7.558173429800411,2.266239170373336,0.28395061728395066,0.41135161135161136,0.2562278934236999
independent_Ridge,resp__checkerboard__b03,5,M196,25,-0.0076652889105168764,0.09322605889621753,-0.03846153846153846,0.5488720746086821,1.003825327888531,6.80201958222305,-1.374335493425863,0.4444444444444445,0.49872473205806545,0.25341997339015504
independent_Ridge,resp__grating_left__b06,5,M196,25,-0.5223902080728109,-0.2160815700930697,-0.17615384615384613,0.5623724276619122,1.2338517771891446,-0.40312040158534385,0.04156433224021883,0.30864197530864196,0.4144231766780786,0.27228410651054447
independent_Ridge,resp__grating_right__b06,5,M196,25,-0.059892530606894256,0.05482805070884739,0.11846153846153845,0.5080357127772974,1.029510821024672,7.574675129978881,-1.3047625412129549,0.5432098765432098,0.6347462722462722,0.251918310007873
independent_Ridge,resp__grating_right__b07,5,M196,25,-0.1200832661747,0.07683276771706982,0.31076923076923074,0.4487107331569827,1.0583398632644903,0.5073114015592017,-0.05953581767831423,0.7283950617283951,0.7407305657305658,0.24777956251984884
independent_Ridge,resp__grating_left__b04,5,M196,25,-0.12482555056096611,0.01798834737025369,0.04076923076923076,0.9291617607050522,1.060577932337349,3.120899343257718,0.1496675250259551,0.617283950617284,0.560908535908536,0.2502431055479436
independent_Ridge,resp__checkerboard__b09,5,M196,25,-0.01748114568691017,-0.1438847847572082,-0.3476923076923077,0.5829671815372263,1.0087027043122814,-7.76022879511416,1.3055508311735677,0.2592592592592593,0.4177078096195743,0.2527310191062173
independent_Ridge,resp__grating_down__b05,5,M196,25,-0.9166094971313874,-0.3592141166713618,-0.29615384615384616,0.296435285259735,1.3844166631225543,-24.144986489835095,2.462752943764985,0.32098765432098764,0.49113756613756615,0.25093103634834524
independent_Ridge,resp__grating_right__b09,5,M196,25,-0.0844438164797332,-0.08227312701799065,0.02846153846153846,0.43767967631487514,1.0413663219442681,-7.423409258194241,0.8794895735039494,0.5061728395061729,0.6301587301587301,0.2508450339270375
independent_Ridge,resp__grating_up__b06,5,M196,25,-0.21226975716838314,-0.19119305806138306,-0.11538461538461539,0.3991230078371334,1.1010312244293452,-26.8367679645578,4.256759413671377,0.40740740740740744,0.5467079761197409,0.25169118143798724
independent_Ridge,resp__grating_up__b05,5,M196,25,-0.1788981102323306,0.3115578953330579,0.2538461538461539,0.3693114072982695,1.0857707447856249,36.081669122364374,-6.057662570313231,0.5925925925925926,0.5854515310397663,0.2516433569824416
independent_Ridge,resp__grating_up__b08,5,M196,25,-0.17370972279170283,0.09445799622369795,0.006153846153846154,0.35428299091144905,1.083378845460674,3.8426252894604933,-0.42958444159992465,0.4320987654320988,0.5346963766081413,0.2507151460515577
independent_Ridge,resp__grating_right__b05,5,M196,25,0.024100323909975963,0.23077408977416417,0.09230769230769231,0.4159977747735579,0.9878763465586288,0.9189323616941679,-0.0676883129756506,0.5555555555555556,0.6007481715815048,0.24744184089524512
independent_Ridge,resp__grating_left__b07,5,M196,25,-0.24583248491203546,-0.04599340116082088,0.06999999999999999,0.5739092173878194,1.1161686632906496,-0.11269961322778775,0.07337920242792846,0.6049382716049383,0.6335724460724461,0.24273334013381934
independent_Ridge,resp__grating_left__b05,5,M196,25,-0.029011379191908437,-0.1202863168976538,-0.003076923076923077,0.6413695413930915,1.0144019810666325,-2.3018947669878425,0.2777179894503649,0.5555555555555556,0.5406050739384073,0.24969655632334142
independent_Ridge,feat__evoked_grating_right,5,M196,25,-0.12601612555172004,0.18507707868422674,0.26153846153846155,0.5018660911431772,1.0611390698450982,23.858257844522964,-5.126392580919798,0.7160493827160495,0.7297289130622464,0.25259417692874947
independent_Ridge,feat__evoked_grating_left,5,M196,25,-0.021760243067627805,-0.08754156119259414,-0.02923076923076923,0.593037037534317,1.0108215683628974,-1.1717796593923355,0.27011198996269903,0.5061728395061729,0.5044518752852086,0.2512169043680557
independent_Ridge,resp__grating_up__b07,5,M196,25,-0.1335433607311438,0.14342330265854833,-0.16538461538461538,0.42774251993851753,1.064679933468807,6.378298819768486,-0.8731037781523906,0.3950617283950617,0.5188881107998755,0.25133993791876175
independent_Ridge,resp__checkerboard__b10,5,M196,25,-0.04505614050856677,-0.09600104957210917,-0.28307692307692306,0.4938945299945762,1.0222798738645726,-5.72282939616469,0.501529964412392,0.2962962962962963,0.4273070067187715,0.2511248848804735
independent_Ridge,resp__grating_down__b06,5,M196,25,-0.32130482204999034,-0.1359208598964656,-0.2407692307692308,0.30797120117534915,1.1494802399562987,-7.917388883776747,0.3203304402381539,0.2962962962962963,0.4286764705882353,0.2506099901010328
independent_Ridge,feat__evoked_grating_down,5,M196,25,-0.48954871910275677,-0.018915325063221928,-0.10153846153846155,0.4130766291179029,1.2204706957165161,-2.6373736440753466,0.22989493343547773,0.37037037037037035,0.5061980684529703,0.25112234751883167
independent_Ridge,resp__grating_up__b09,5,M196,25,-0.1164466799493662,-0.015111727007071644,-0.07384615384615385,0.36888473887082684,1.0566204048518872,-0.5867648022162849,-0.04640559530678801,0.5308641975308642,0.6989807033924682,0.24978283520621952
independent_Ridge,feat__evoked_grating_up,5,M196,25,-0.4350508261767636,0.1442014848620493,0.11153846153846154,0.3770104024751665,1.1979360693195458,24.53629409279366,-4.494867312118554,0.6049382716049383,0.6935185185185184,0.2519721468286202
independent_Ridge,resp__grating_left__b08,5,M196,25,-0.06387025819264891,-0.09660264506992929,0.09076923076923075,0.6062079191172476,1.0314408650972915,-0.9661675762750942,0.08104921772487707,0.654320987654321,0.6073472823472823,0.24778681812307266
independent_Ridge,resp__grating_down__b08,5,M196,25,-0.04980359490595965,-0.008771074039261553,-0.06384615384615384,0.34838973217448854,1.0245992362411558,-0.4903285803135531,-0.035700857982109875,0.4691358024691358,0.5443548735215402,0.2501811308800268
shared_fullrank,resp__checkerboard__b04,5,M196,25,-0.05462323179895212,0.0013041796587571902,-0.011538461538461539,0.6608901546651799,1.0269485049402196,0.03847485188710346,0.27753695598350975,0.5185185185185186,0.5766365805581493,0.26142741861883223
shared_fullrank,resp__checkerboard__b06,5,M196,25,-0.1425546675303706,-0.3042508354876954,-0.25461538461538463,0.778226773400558,1.068903488407803,-30.910816472956018,14.860361263268642,0.3703703703703704,0.4511886806004453,0.26405427359863065
shared_fullrank,resp__checkerboard__b07,5,M196,25,-0.6150825777284898,-0.39120989039808224,-0.28615384615384615,0.6193868963402951,1.2708589920713038,-11.217819704028786,4.973749426079458,0.3580246913580247,0.4616161616161616,0.26240855578457045
shared_fullrank,feat__glm_label,5,M196,25,-0.0009663894312466059,-0.0363918491826459,-0.07850390724248785,0.8356279993317826,1.0004830780334302,-3.4010496879288348,3.0170003067256568,0.4675324675324676,0.44003780111435614,0.29719641858831525
shared_fullrank,resp__checkerboard__b05,5,M196,25,-0.06675033131240782,-0.1432074377535026,-0.05692307692307692,0.7661179920048223,1.03283606216689,-6.724046577160433,2.915028518612155,0.48148148148148145,0.5102585141800828,0.2595993720979272
shared_fullrank,feat__evoked_checkerboard,5,M196,25,-0.2351039514517559,-0.15263682614257074,-0.16538461538461538,0.4693136834097841,1.111352307529775,-7.461135454831957,3.2793732197600063,0.43209876543209874,0.47943322109988773,0.26041404917217903
shared_fullrank,resp__grating_right__b08,5,M196,25,-0.16867559122998665,0.010947641898219422,0.25076923076923074,0.5046318906036101,1.0810530011197355,0.5799727722263848,-0.10102580035001979,0.6666666666666666,0.7046855921855923,0.2522553750950501
shared_fullrank,resp__checkerboard__b08,5,M196,25,-0.23664954874646904,-0.23434281645014549,-0.25076923076923074,0.5134102859322246,1.1120474579560302,-7.558173429800404,2.2662391703733338,0.28395061728395066,0.41135161135161136,0.2562278934236999
shared_fullrank,resp__checkerboard__b03,5,M196,25,-0.0076652889105168764,0.09322605889621768,-0.03846153846153846,0.5488720746086821,1.003825327888531,6.8020195822230995,-1.374335493425874,0.4444444444444445,0.49872473205806545,0.253419973390155
shared_fullrank,resp__grating_left__b06,5,M196,25,-0.09338572606533502,-0.1244144911158017,-0.057692307692307696,0.47659307613243596,1.045650862413136,-4.056997984319627,0.6495889520359474,0.37037037037037035,0.4521584896584897,0.2521155185326502
shared_fullrank,resp__grating_right__b06,5,M196,25,-0.059892530606894256,0.05482805070884909,0.11846153846153845,0.5080357127772974,1.029510821024672,7.574675129979162,-1.304762541213005,0.5432098765432098,0.6347462722462722,0.251918310007873
shared_fullrank,resp__grating_right__b07,5,M196,25,-0.1547045462453278,0.057748572485073,0.28769230769230764,0.4555926838436301,1.0745717966917463,2.5502627171135406,-0.4756840998109214,0.7160493827160495,0.7211519961519961,0.25183788492612225
shared_fullrank,resp__grating_left__b04,5,M196,25,-0.12482555056096611,0.01798834737025381,0.04076923076923076,0.9291617607050522,1.060577932337349,3.120899343257815,0.14966752502594766,0.617283950617284,0.560908535908536,0.2502431055479436
shared_fullrank,resp__checkerboard__b09,5,M196,25,-0.01748114568691017,-0.143884784757208,-0.3476923076923077,0.5829671815372263,1.0087027043122814,-7.760228795114151,1.3055508311735662,0.2592592592592593,0.4177078096195743,0.2527310191062173
shared_fullrank,resp__grating_down__b05,5,M196,25,-0.9166094971313874,-0.35921411667136166,-0.29615384615384616,0.296435285259735,1.3844166631225543,-24.144986489835155,2.46275294376499,0.32098765432098764,0.49113756613756615,0.25093103634834524
shared_fullrank,resp__grating_right__b09,5,M196,25,-0.0844438164797332,-0.08227312701799058,0.02846153846153846,0.43767967631487514,1.0413663219442681,-7.423409258194264,0.8794895735039523,0.5061728395061729,0.6301587301587301,0.2508450339270375
shared_fullrank,resp__grating_up__b06,5,M196,25,-0.21226975716838314,-0.1911930580613825,-0.11538461538461539,0.3991230078371334,1.1010312244293452,-26.83676796455773,4.256759413671365,0.40740740740740744,0.5467079761197409,0.25169118143798724
shared_fullrank,resp__grating_up__b05,5,M196,25,-0.1788981102323306,0.311557895333058,0.2538461538461539,0.3693114072982695,1.0857707447856249,36.08166912236448,-6.057662570313249,0.5925925925925926,0.5854515310397663,0.2516433569824416
shared_fullrank,resp__grating_up__b08,5,M196,25,-0.17370972279170283,0.09445799622369794,0.006153846153846154,0.35428299091144905,1.083378845460674,3.842625289460494,-0.42958444159992476,0.4320987654320988,0.5346963766081413,0.2507151460515577
shared_fullrank,resp__grating_right__b05,5,M196,25,-0.12628234513393366,0.05817214895284809,0.013846153846153848,0.4469017536396304,1.0612645029086452,4.634381400123317,-0.6036281583617404,0.5555555555555556,0.6113774569656922,0.2507854411174946
shared_fullrank,resp__grating_left__b07,5,M196,25,-0.004300482497967328,-0.021079326853105877,0.08692307692307692,0.5152822827550178,1.002147934437809,-0.7157440078959781,0.14863203083854412,0.6172839506172839,0.6480297480297481,0.24952948147911216
shared_fullrank,resp__grating_left__b05,5,M196,25,-0.006775939009880716,-0.11969480754796279,0.003846153846153846,0.6344021653569486,1.003382249698429,-12.733951475299241,1.3276283735740322,0.5679012345679012,0.5444142277475611,0.25044787874344093
shared_fullrank,feat__evoked_grating_right,5,M196,25,-0.12601612555172004,0.18507707868422657,0.26153846153846155,0.5018660911431772,1.0611390698450982,23.858257844522978,-5.126392580919799,0.7160493827160495,0.7297289130622464,0.25259417692874947
shared_fullrank,feat__evoked_grating_left,5,M196,25,-0.0037222181555329747,-0.10254080470010647,-0.014615384615384615,0.5877790280617113,1.0018593804299747,-7.129718957922643,1.2538787021082658,0.49382716049382713,0.4977499352499352,0.25157114800622454
shared_fullrank,resp__grating_up__b07,5,M196,25,-0.1335433607311438,0.14342330265854822,-0.16538461538461538,0.42774251993851753,1.064679933468807,6.378298819768482,-0.87310377815239,0.3950617283950617,0.5188881107998755,0.25133993791876175
shared_fullrank,resp__checkerboard__b10,5,M196,25,-0.04505614050856677,-0.09600104957210909,-0.28307692307692306,0.4938945299945762,1.0222798738645726,-5.722829396164667,0.5015299644123898,0.2962962962962963,0.4273070067187715,0.2511248848804735
shared_fullrank,resp__grating_down__b06,5,M196,25,-0.32130482204999034,-0.13592085989646543,-0.2407692307692308,0.30797120117534915,1.1494802399562987,-7.9173888837767405,0.32033044023815327,0.2962962962962963,0.4286764705882353,0.2506099901010328
shared_fullrank,feat__evoked_grating_down,5,M196,25,-0.48954871910275655,-0.018915325063221022,-0.10153846153846155,0.4130766291179028,1.220470695716516,-2.6373736440752227,0.22989493343546188,0.37037037037037035,0.5061980684529703,0.25112234751883167
shared_fullrank,resp__grating_up__b09,5,M196,25,-0.1164466799493662,-0.01511172700707154,-0.07384615384615385,0.36888473887082684,1.0566204048518872,-0.5867648022162725,-0.04640559530678852,0.5308641975308642,0.6989807033924682,0.24978283520621952
shared_fullrank,feat__evoked_grating_up,5,M196,25,-0.4350508261767638,0.14420148486204906,0.11153846153846154,0.3770104024751665,1.1979360693195458,24.53629409279272,-4.494867312118384,0.6049382716049383,0.6935185185185184,0.2519721468286202
shared_fullrank,resp__grating_left__b08,5,M196,25,-0.019585348991777662,-0.11012133761312118,0.08461538461538462,0.5934567373282724,1.0097451901305485,-5.799342418832405,0.2272761959169375,0.6419753086419753,0.5996312329645663,0.24961254833973362
shared_fullrank,resp__grating_down__b08,5,M196,25,-0.04980359490595965,-0.008771074039261566,-0.06384615384615384,0.34838973217448854,1.0245992362411558,-0.4903285803135449,-0.03570085798211013,0.4691358024691358,0.5443548735215402,0.2501811308800268
shared_RRR_selected,resp__checkerboard__b04,5,M196,25,-0.05705029745261636,-0.02162339323798617,-0.009230769230769232,0.6616501900735704,1.02812951394881,-0.8807615261623524,0.6874710349070303,0.5061728395061729,0.5732415188297542,0.2618472571422428
shared_RRR_selected,resp__checkerboard__b06,5,M196,25,-0.15358782153417438,-0.22995994740430073,-0.16538461538461538,0.7819752447146145,1.0740520571807375,-32.454607985496644,16.023327183051773,0.41975308641975306,0.5361720614171595,0.26460962066834925
shared_RRR_selected,resp__checkerboard__b07,5,M196,25,-0.6522928893573545,-0.33065299254407476,-0.24384615384615385,0.6264813748198249,1.2854154539904035,-9.915716652504758,4.535784434366943,0.40740740740740744,0.5243912949795303,0.2628671626274847
shared_RRR_selected,feat__glm_label,5,M196,25,-0.002754618436465517,-0.09025607170441538,-0.08794153543557381,0.8363740920313578,1.001376362032011,-6.998611524439706,5.533377083513487,0.4675324675324675,0.44606193717156284,0.29791480470202786
shared_RRR_selected,resp__checkerboard__b05,5,M196,25,-0.06829277114374,-0.13235614815536037,-0.0007692307692307692,0.7666716661033651,1.0335824936325788,-7.953428484927188,3.4484379174950948,0.5432098765432098,0.5954637410519763,0.25978067545931316
shared_RRR_selected,feat__evoked_checkerboard,5,M196,25,-0.25221814914497176,-0.08014795044237975,-0.11692307692307692,0.472554015811272,1.11902553551962,-4.256609196563804,1.998468322436508,0.48148148148148145,0.5052080091295778,0.26070279280467995
shared_RRR_selected,resp__grating_right__b08,5,M196,25,-0.17160550678721198,-0.047303863164366945,0.10923076923076921,0.5052640606067288,1.0824072739903459,-4.227168274308232,0.9413026630735375,0.6049382716049383,0.6370610870610869,0.2526477081404171
shared_RRR_selected,resp__checkerboard__b08,5,M196,25,-0.25060675360555273,-0.17567233457730141,-0.19692307692307692,0.5162994096411176,1.1183053042910747,-5.643143221927756,1.7582172453841123,0.3333333333333333,0.4421602544151564,0.2564146920705444
shared_RRR_selected,resp__checkerboard__b03,5,M196,25,-0.010269782298382157,0.02877729025657488,0.016923076923076923,0.5495809464803741,1.0051217748603312,3.4968005907030246,-0.6286613448284778,0.5185185185185186,0.5921957671957672,0.2532770565849305
shared_RRR_selected,resp__grating_left__b06,5,M196,25,-0.09222196067776056,-0.07233952686443011,-0.046153846153846156,0.4763393732637472,1.0450942353097927,-2.650743498066531,0.4376246044424251,0.37037037037037035,0.4531759906759907,0.251765808855278
shared_RRR_selected,resp__grating_right__b06,5,M196,25,-0.06443245713219636,-0.007178887370071333,0.07999999999999999,0.5091226061038095,1.0317133599659338,-1.5594251598007187,0.3448225461725518,0.5802469135802469,0.600344562844563,0.2520484747306187
shared_RRR_selected,resp__grating_right__b07,5,M196,25,-0.15913100459923202,0.025698782451139397,0.17615384615384613,0.4564650858226855,1.0766294648574466,1.842507438860249,-0.33795878722792466,0.654320987654321,0.6507996632996633,0.2521244583629617
shared_RRR_selected,resp__grating_left__b04,5,M196,25,-0.12438075345834165,-0.10010238304554456,-0.09769230769230769,0.9289780302927039,1.0603682159789314,-12.995213214350178,1.4019562885317536,0.5185185185185185,0.5093833635500302,0.2504262850561489
shared_RRR_selected,resp__checkerboard__b09,5,M196,25,-0.018138875930720166,-0.11205431637681734,-0.30923076923076925,0.583155574807266,1.0090286794391525,-6.167140069887111,1.0872515716901172,0.2592592592592593,0.4212690631808279,0.25284723220636135
shared_RRR_selected,resp__grating_down__b05,5,M196,25,-0.9240011647970323,-0.27451345537390337,-0.3507692307692308,0.2970063568738329,1.3870836906246977,-17.733536744081135,1.8018705828014112,0.24691358024691357,0.39461701152877626,0.2511371480664622
shared_RRR_selected,resp__grating_right__b09,5,M196,25,-0.08433989305304768,-0.17602229203593295,-0.1476923076923077,0.4376587041534605,1.041316423116935,-26.379184728538274,3.119671972315859,0.40740740740740744,0.5574564868682517,0.2509665718000762
shared_RRR_selected,resp__grating_up__b06,5,M196,25,-0.213189935136036,-0.43618897053558864,-0.4584615384615385,0.3992744570212528,1.10144901613104,-91.57805383381009,14.525274963670258,0.2345679012345679,0.38921356421356423,0.2517843408242391
shared_RRR_selected,resp__grating_up__b05,5,M196,25,-0.17485483772316024,0.34903145384475,0.28307692307692306,0.36867754879114334,1.083907209000457,42.22303727544813,-7.031231595396825,0.728395061728395,0.7247252747252748,0.2514982544710654
shared_RRR_selected,resp__grating_up__b08,5,M196,25,-0.18358189940767478,0.0009979049148245408,-0.08461538461538462,0.3557698238225014,1.0879255026920156,0.047436570648077526,-0.040217466873673995,0.4074074074074074,0.5089708675492989,0.25095975706295715
shared_RRR_selected,resp__grating_right__b05,5,M196,25,-0.1335832984679799,-0.06765817447906851,0.027692307692307697,0.44834790001064334,1.0646986890514987,-4.7687919125769005,0.5797817582636773,0.5432098765432098,0.6031986531986532,0.2508517452621342
shared_RRR_selected,resp__grating_left__b07,5,M196,25,-0.004581116226838988,-0.01941450649047518,0.09307692307692307,0.5153542709151868,1.0022879407769203,-0.679448231034143,0.146625644508104,0.6419753086419753,0.6647845981179314,0.24954232013711827
shared_RRR_selected,resp__grating_left__b05,5,M196,25,-0.00690092325353131,-0.13401422500345095,-0.011538461538461539,0.6344415424472493,1.003444529235937,-12.455729440269852,1.3342913318739038,0.5555555555555556,0.5402475610808944,0.2504740357387812
shared_RRR_selected,feat__evoked_grating_right,5,M196,25,-0.13085835005174817,0.1463878956750286,0.2276923076923077,0.5029440247662416,1.0634182385363478,24.318595203053544,-5.285977894588157,0.7037037037037037,0.70496632996633,0.25274364015710743
shared_RRR_selected,feat__evoked_grating_left,5,M196,25,-0.005852285867373741,-0.12867123866270194,-0.04076923076923076,0.5884023806023974,1.0029218742590937,-7.1505699999447385,1.2830327145414726,0.5061728395061729,0.508572446072446,0.2516083860396057
shared_RRR_selected,resp__grating_up__b07,5,M196,25,-0.13941531034768428,0.0886920642835851,-0.25461538461538463,0.4288489787973603,1.0674339840700613,3.9776029841718246,-0.5575552693952682,0.345679012345679,0.5010411429529077,0.2516057764743939
shared_RRR_selected,resp__checkerboard__b10,5,M196,25,-0.04671471098238911,-0.047860551561509576,-0.2538461538461539,0.4942862956118719,1.0230907638046534,-3.1908687561516014,0.28851886569361407,0.308641975308642,0.43505111446287925,0.2511261086956049
shared_RRR_selected,resp__grating_down__b06,5,M196,25,-0.32492886804323473,-0.14596736040480282,-0.26692307692307693,0.30839326031033115,1.1510555451598479,-7.238015789712849,0.288388808660315,0.25925925925925924,0.4013149432267079,0.2506971786379462
shared_RRR_selected,feat__evoked_grating_down,5,M196,25,-0.494435316251695,-0.23542511488266082,-0.2946153846153846,0.4137536416462446,1.2224709878977476,-26.47250984557727,3.2936677621736887,0.29629629629629634,0.41146903205726737,0.2513384569257054
shared_RRR_selected,resp__grating_up__b09,5,M196,25,-0.12250449355869053,-0.11741981560648011,-0.17307692307692307,0.3698841649778588,1.0594831256601922,-5.47561249072493,0.18101515812971275,0.4814814814814815,0.6670362589480237,0.2500819917987303
shared_RRR_selected,feat__evoked_grating_up,5,M196,25,-0.43975024123174444,0.24190860972166528,0.37615384615384617,0.3776272030137597,1.199895929333767,106.4122460926472,-19.51221042054999,0.8148148148148149,0.8362773029439696,0.2519963474555616
shared_RRR_selected,resp__grating_left__b08,5,M196,25,-0.019261615730011394,-0.12375201599007417,0.07461538461538461,0.5933625142510845,1.0095848729700794,-6.39663758169022,0.25560634554783074,0.6419753086419753,0.5888287638287639,0.2496074572633911
shared_RRR_selected,resp__grating_down__b08,5,M196,25,-0.047621579203211306,0.05978593208851167,-0.03846153846153846,0.34802747998963734,1.023533868127094,3.3819031450827057,-0.13949925307333821,0.4444444444444444,0.5316564608231276,0.25019520310193394
independent_Ridge,resp__checkerboard__b04,6,M199,27,-0.12474957482939275,-0.06699543092403598,-0.009157509157509158,0.6879805033108269,1.0605421136519722,-4.410795168558136,2.2504026427028903,0.5679012345679013,0.6196649029982364,0.2623938928331627
independent_Ridge,resp__checkerboard__b06,6,M199,27,-1.350326030611125,0.12726178810071775,0.06043956043956044,0.689758914273163,1.5330773074477115,0.24767856892242243,-0.009777426551656502,0.6172839506172839,0.6756613756613756,0.27735169065626025
independent_Ridge,resp__checkerboard__b07,6,M199,27,-1.47901718974753,-0.031335323717667306,0.07753357753357752,0.7461534796438201,1.5744895013138482,-0.05275429040427137,0.15837993037494533,0.617283950617284,0.6607423440756774,0.2728091258393539
independent_Ridge,feat__glm_label,6,M199,27,-0.8481539703983996,0.3594117719111749,0.20751058541829392,0.7929232476248079,1.3594682675216807,50.00439521138215,-39.64581272519303,,,
independent_Ridge,resp__checkerboard__b05,6,M199,27,-0.1689958824165927,-0.10408273641420769,-0.12393162393162394,0.5535491803406772,1.0812011294928399,-7.289588381359733,3.1803709459100755,0.38271604938271603,0.4489618406285073,0.26043020181233384
independent_Ridge,feat__evoked_checkerboard,6,M199,27,-0.32437974795723235,-0.007484693033018061,0.026862026862026864,0.5793773945558729,1.150816991513956,-0.5360531193824548,0.3839560783279898,0.5555555555555556,0.6580894414227747,0.2615181952838806
independent_Ridge,resp__grating_right__b08,6,M199,27,-0.984649612081004,-0.35610711038472864,-0.4487179487179487,0.4367569860658931,1.4087759268531685,-23.75811933869604,5.681020477956782,0.20987654320987653,0.38878282211615545,0.25412718033932385
independent_Ridge,resp__checkerboard__b08,6,M199,27,-1.1783022875276417,-0.02222535844741437,0.03174603174603174,0.5534799899332024,1.4759072760602683,-0.04518493164894623,0.07405993671115939,0.4938271604938272,0.5861718528385196,0.26647441283437595
independent_Ridge,resp__checkerboard__b03,6,M199,27,-0.1788315590591234,0.1403869723686857,0.23809523809523808,0.44791282042712677,1.0857400973801803,17.069401267927095,-4.214660935869951,0.7283950617283951,0.7863053613053614,0.2536106275218886
independent_Ridge,resp__grating_left__b06,6,M199,27,-0.542927581380201,0.23138343853714052,0.09523809523809523,0.30782030053486437,1.242146360691928,1.4852306831311084,-0.2728383027842654,0.54320987654321,0.7212029256146903,0.2517707224560849
independent_Ridge,resp__grating_right__b06,6,M199,27,-0.8548835200191645,-0.29395062211917605,-0.3882783882783883,0.4238952620210376,1.361941085370129,-28.462086211680322,6.105071711131808,0.2962962962962963,0.4113957030623697,0.2531566405537504
independent_Ridge,resp__grating_right__b07,6,M199,27,-0.706257530021785,-0.3414194136794096,-0.35470085470085466,0.4218931414143553,1.306237930096116,-4.060919482845581,0.8320273512737434,0.24691358024691362,0.3935786435786436,0.2556842526594089
independent_Ridge,resp__grating_left__b04,6,M199,27,-0.3892402436351332,-0.20369905160455234,-0.001221001221001221,0.3791923921465651,1.1786603597453904,-16.225771104202273,2.78305805837826,0.5061728395061729,0.5707264957264957,0.251911235367969
independent_Ridge,resp__checkerboard__b09,6,M199,27,-0.3514489786876933,-0.2503114452030625,-0.2643467643467643,0.3814791333677542,1.162518377784925,-10.974937553608555,1.9973358580119134,0.345679012345679,0.5092786842786843,0.2527390049577045
independent_Ridge,resp__grating_down__b05,6,M199,27,-0.1045321660974754,0.2307423427763576,0.27777777777777773,0.28791717820657386,1.0509672526284897,19.392964452283326,-1.7350283750295492,0.691358024691358,0.7007834757834759,0.25026617442793403
independent_Ridge,resp__grating_right__b09,6,M199,27,-0.6485528175195325,-0.1185529913468207,-0.21855921855921853,0.33440002965731874,1.2839598192776642,-12.85546126803349,1.6855917691624025,0.37037037037037035,0.5649183605065958,0.25125706948499016
independent_Ridge,resp__grating_up__b06,6,M199,27,-0.10490692878939956,0.14796875316947766,0.1862026862026862,0.5183114079092109,1.0511455316888332,49.475794679069615,-4.648547295329285,0.5555555555555556,0.6030034235916589,0.250563466268664
independent_Ridge,resp__grating_up__b05,6,M199,27,-0.1167646547032879,0.09111444558098494,0.3162393162393162,0.5124284393009646,1.056770861967384,18.876079632350443,-1.7727735788296775,0.7901234567901236,0.8660986616868971,0.25052063229664234
independent_Ridge,resp__grating_up__b08,6,M199,27,-0.12931810647840813,0.12259967512594128,0.08669108669108669,0.3852224830139013,1.0626937971393302,1.7228296014925453,0.10221736662666019,0.5555555555555556,0.660539714461283,0.24921445801126232
independent_Ridge,resp__grating_right__b05,6,M199,27,-0.7763346069935724,-0.1522906968018144,-0.30097680097680096,0.3678942596141886,1.3327920344125606,-0.4400186583581203,-0.008672819952790333,0.2222222222222222,0.43755092946269425,0.2598952228358921
independent_Ridge,resp__grating_left__b07,6,M199,27,-0.046302061987627985,0.3304914352400726,0.10317460317460315,0.3762397056856411,1.0228890760916494,3.04100489745776,-0.37265200092086737,0.5432098765432098,0.6454974582425563,0.25118032112909794
independent_Ridge,resp__grating_left__b05,6,M199,27,-0.32198864316322484,0.07536752851942155,0.07203907203907202,0.32040041921253315,1.1497776494449807,6.025037861720149,-0.8402815878516617,0.6419753086419753,0.7401515151515152,0.2510303127367861
independent_Ridge,feat__evoked_grating_right,6,M199,27,-0.46823739569933487,-0.001508450548579348,-0.030525030525030524,0.32223700440127845,1.2117084615118172,-0.11201914323645211,0.06746214744007092,0.49382716049382713,0.656837606837607,0.2531175002939634
independent_Ridge,feat__evoked_grating_left,6,M199,27,-0.3697933991819915,0.30600767267019363,0.1343101343101343,0.26172665790154487,1.1703817322489238,1.7681907389257576,-0.2903120899093594,0.5802469135802469,0.7033068783068783,0.25094997876975034
independent_Ridge,resp__grating_up__b07,6,M199,27,-0.06888768316017124,0.017882005670180487,0.12698412698412695,0.46933789067031734,1.0338702448374126,0.23082711208991058,0.18367978225390388,0.617283950617284,0.6935465768799103,0.24841927202348948
independent_Ridge,resp__checkerboard__b10,6,M199,27,-0.5387400687520782,-0.20323374842354242,-0.23015873015873015,0.31368929146991736,1.2404596199603106,-9.90343484880937,0.9924721064321288,0.2962962962962963,0.5108896278013926,0.2511558536226908
independent_Ridge,resp__grating_down__b06,6,M199,27,-0.12741605148585777,0.11468435020425646,0.2496947496947497,0.24981706862596367,1.0617984985324935,7.45569983244663,-0.373733815174596,0.6666666666666666,0.7555796055796056,0.24992355857299697
independent_Ridge,feat__evoked_grating_down,6,M199,27,-0.0880966450644618,-0.04370395496166051,-0.04151404151404151,0.3057238091971063,1.043118710916673,-0.5635787538313897,0.07781270899263276,0.5308641975308642,0.5327619366835054,0.250366386970861
independent_Ridge,resp__grating_up__b09,6,M199,27,-0.10194953081763725,0.003370819867296329,-0.16483516483516483,0.30853782728655543,1.0497378390901402,0.24792158898537234,0.10046952868370997,0.39506172839506176,0.5804775471442138,0.2500317019032334
independent_Ridge,feat__evoked_grating_up,6,M199,27,-0.00014723982887399067,0.026428177948890602,0.0927960927960928,0.3952290266361892,1.0000736172046905,4.295679064746036,-0.49275375876487265,0.5432098765432098,0.6858193277310924,0.25125498815099595
independent_Ridge,resp__grating_left__b08,6,M199,27,-0.07142812979891855,0.3159232440392046,0.10561660561660562,0.3347058142278308,1.03509812568612,23.093694993767972,-1.3895423618264238,0.4938271604938272,0.5821228154561489,0.25026150138350495
independent_Ridge,resp__grating_down__b08,6,M199,27,-0.06720295469695681,-0.08450622448588073,-0.04395604395604395,0.297082841912116,1.033055155689645,-5.256938198230879,0.11055123359559817,0.48148148148148145,0.5791259666259667,0.24994444573534874
shared_fullrank,resp__checkerboard__b04,6,M199,27,-0.12474957482939253,-0.06699543092403543,-0.009157509157509158,0.6879805033108269,1.0605421136519722,-4.410795168558213,2.2504026427029262,0.5679012345679013,0.6196649029982364,0.2623938928331627
shared_fullrank,resp__checkerboard__b06,6,M199,27,-0.6216443649759613,0.11824440301161601,0.10317460317460315,0.5729425481764375,1.27343800986776,7.643387978396599,-3.718086292250769,0.6790123456790123,0.8137566137566139,0.26535013938597785
shared_fullrank,resp__checkerboard__b07,6,M199,27,-0.4455615854441479,-0.0991750296896126,-0.053113553113553105,0.5697793413832565,1.2023150940764853,-3.7806206485241924,1.7887380183939185,0.5185185185185185,0.6229517396184063,0.261727034210693
shared_fullrank,feat__glm_label,6,M199,27,-0.8481539703983996,0.3594117719111772,0.20751058541829392,0.7929232476248079,1.3594682675216807,50.00439521138249,-39.64581272519331,,,
shared_fullrank,resp__checkerboard__b05,6,M199,27,-0.16899588241659247,-0.10408273641420746,-0.12393162393162394,0.5535491803406771,1.0812011294928396,-7.28958838135973,3.180370945910074,0.38271604938271603,0.4489618406285073,0.26043020181233384
shared_fullrank,feat__evoked_checkerboard,6,M199,27,-0.3243797479572328,-0.007484693033018089,0.026862026862026864,0.5793773945558729,1.150816991513956,-0.5360531193824548,0.3839560783279898,0.5555555555555556,0.6580894414227747,0.2615181952838806
shared_fullrank,resp__grating_right__b08,6,M199,27,-0.984649612081004,-0.3561071103847286,-0.4487179487179487,0.4367569860658931,1.4087759268531685,-23.758119338696037,5.681020477956781,0.20987654320987653,0.38878282211615545,0.25412718033932385
shared_fullrank,resp__checkerboard__b08,6,M199,27,-0.4436532313195174,-0.12938127582948067,-0.0995115995115995,0.45058247293144466,1.2015212155095378,-4.748382493222042,1.4938060707557814,0.4444444444444444,0.5890378140378141,0.2560909522723329
shared_fullrank,resp__checkerboard__b03,6,M199,27,-0.17883155905912296,0.14038697236868805,0.23809523809523808,0.4479128204271267,1.08574009738018,17.06940126792762,-4.214660935870082,0.7283950617283951,0.7863053613053614,0.2536106275218886
shared_fullrank,resp__grating_left__b06,6,M199,27,-0.6043681355433335,0.2786454899023633,0.1288156288156288,0.31388929203190874,1.266636544373852,10.398245068847453,-1.8319460592611791,0.5679012345679012,0.7443510737628385,0.25172200327678834
shared_fullrank,resp__grating_right__b06,6,M199,27,-0.8548835200191645,-0.29395062211917666,-0.3882783882783883,0.4238952620210376,1.361941085370129,-28.462086211680422,6.105071711131832,0.2962962962962963,0.4113957030623697,0.2531566405537504
shared_fullrank,resp__grating_right__b07,6,M199,27,-0.6869103573048752,-0.3683869888157431,-0.3681318681318681,0.4194944091513409,1.2988111322686124,-25.553467122070824,5.638678780704576,0.20987654320987653,0.4568612487730135,0.2535722788667174
shared_fullrank,resp__grating_left__b04,6,M199,27,-0.38924024363513343,-0.20369905160455315,-0.001221001221001221,0.37919239214656514,1.1786603597453906,-16.22577110420236,2.783058058378275,0.5061728395061729,0.5707264957264957,0.251911235367969
shared_fullrank,resp__checkerboard__b09,6,M199,27,-0.3514489786876931,-0.2503114452030625,-0.2643467643467643,0.38147913336775413,1.1625183777849248,-10.974937553608552,1.9973358580119123,0.345679012345679,0.5092786842786843,0.2527390049577045
shared_fullrank,resp__grating_down__b05,6,M199,27,-0.1045321660974754,0.2307423427763581,0.27777777777777773,0.28791717820657386,1.0509672526284897,19.39296445228341,-1.7350283750295568,0.691358024691358,0.7007834757834759,0.25026617442793403
shared_fullrank,resp__grating_right__b09,6,M199,27,-0.6485528175195325,-0.11855299134682103,-0.21855921855921853,0.33440002965731874,1.2839598192776642,-12.855461268033649,1.685591769162425,0.37037037037037035,0.5649183605065958,0.25125706948499016
shared_fullrank,resp__grating_up__b06,6,M199,27,-0.10490692878939956,0.14796875316947755,0.1862026862026862,0.5183114079092109,1.0511455316888332,49.4757946790696,-4.648547295329284,0.5555555555555556,0.6030034235916589,0.250563466268664
shared_fullrank,resp__grating_up__b05,6,M199,27,-0.1167646547032879,0.09111444558098541,0.3162393162393162,0.5124284393009646,1.056770861967384,18.87607963235055,-1.7727735788296888,0.7901234567901236,0.8660986616868971,0.25052063229664234
shared_fullrank,resp__grating_up__b08,6,M199,27,-0.11897444792060097,0.13215424034245984,0.05616605616605617,0.383454258542047,1.0578158856439057,11.034690632501485,-0.44748265696989,0.5308641975308642,0.6796989502871855,0.25005660656790907
shared_fullrank,resp__grating_right__b05,6,M199,27,-0.5935219945473853,-0.28062459345634927,-0.33516483516483514,0.34844934626707263,1.2623478104497925,-14.970007547148306,2.0580031360672457,0.24691358024691357,0.530324822236587,0.25174530218962576
shared_fullrank,resp__grating_left__b07,6,M199,27,-0.09782171943954499,0.3838159914966738,0.1568986568986569,0.3853913783353865,1.0477698790476586,20.540884962058424,-2.602272252614298,0.6049382716049383,0.6870370370370371,0.25093260518593014
shared_fullrank,resp__grating_left__b05,6,M199,27,-0.32198864316322484,0.07536752851942129,0.07203907203907202,0.32040041921253315,1.1497776494449807,6.025037861720105,-0.8402815878516557,0.6419753086419753,0.7401515151515152,0.2510303127367861
shared_fullrank,feat__evoked_grating_right,6,M199,27,-0.46823739569933487,-0.0015084505485794038,-0.030525030525030524,0.32223700440127845,1.2117084615118172,-0.11201914323643469,0.06746214744006702,0.49382716049382713,0.656837606837607,0.2531175002939634
shared_fullrank,feat__evoked_grating_left,6,M199,27,-0.4630963423085812,0.3441356129527252,0.14590964590964592,0.2704935335475628,1.209585194316044,13.150858250978526,-2.4546146620716778,0.5925925925925926,0.7065748521630875,0.2519759011542815
shared_fullrank,resp__grating_up__b07,6,M199,27,-0.06192713914248715,0.020755632437070116,0.11477411477411475,0.46780724209381663,1.030498490606603,1.4704275183104503,0.07071357158160832,0.6049382716049383,0.7070386403719737,0.2501265870231414
shared_fullrank,resp__checkerboard__b10,6,M199,27,-0.5387400687520782,-0.20323374842354242,-0.23015873015873015,0.31368929146991736,1.2404596199603106,-9.903434848809376,0.9924721064321294,0.2962962962962963,0.5108896278013926,0.2511558536226908
shared_fullrank,resp__grating_down__b06,6,M199,27,-0.12741605148585777,0.11468435020425655,0.2496947496947497,0.24981706862596367,1.0617984985324935,7.455699832446601,-0.373733815174595,0.6666666666666666,0.7555796055796056,0.24992355857299697
shared_fullrank,feat__evoked_grating_down,6,M199,27,-0.08038843801161932,-0.054954191122229386,-0.06349206349206347,0.3046389924853228,1.0394173550656247,-4.58846446981319,0.49392302390563886,0.5432098765432098,0.5890704429920117,0.25059766559880287
shared_fullrank,resp__grating_up__b09,6,M199,27,-0.10194953081763725,0.0033708198672962736,-0.16483516483516483,0.30853782728655543,1.0497378390901402,0.24792158898535915,0.10046952868371009,0.39506172839506176,0.5804775471442138,0.2500317019032334
shared_fullrank,feat__evoked_grating_up,6,M199,27,-0.00014723982887399067,0.026428177948892566,0.0927960927960928,0.3952290266361892,1.0000736172046905,4.295679064746372,-0.49275375876492195,0.5432098765432098,0.6858193277310924,0.25125498815099595
shared_fullrank,resp__grating_left__b08,6,M199,27,-0.07142812979891833,0.31592324403920446,0.10561660561660562,0.33470581422783074,1.0350981256861198,23.093694993767972,-1.3895423618264242,0.4938271604938272,0.5821228154561489,0.250261501383505
shared_fullrank,resp__grating_down__b08,6,M199,27,-0.06720295469695681,-0.08450622448588069,-0.04395604395604395,0.297082841912116,1.033055155689645,-5.256938198230882,0.11055123359559821,0.48148148148148145,0.5791259666259667,0.24994444573534874
shared_RRR_selected,resp__checkerboard__b04,6,M199,27,-0.12796421879481845,-0.1354165878957332,-0.13675213675213677,0.6889629595064234,1.0620565986776875,-8.193373312067516,3.9878712669218563,0.48148148148148145,0.6057559724226391,0.2627165664669024
shared_RRR_selected,resp__checkerboard__b06,6,M199,27,-0.613641540563117,0.13175202986773385,0.13797313797313798,0.5715270622478573,1.2702919115554177,12.6798676581185,-6.235335496770785,0.654320987654321,0.7833333333333334,0.26515135815660407
shared_RRR_selected,resp__checkerboard__b07,6,M199,27,-0.43824625718368826,-0.08723492879882935,0.0018315018315018313,0.5683358160475329,1.1992690512073128,-3.8950548158934333,1.8309308937155224,0.5061728395061728,0.6377665544332212,0.2616727576779454
shared_RRR_selected,feat__glm_label,6,M199,27,-0.849450153507147,0.2890809251060393,0.22104388446731307,0.7932012530278179,1.359944908261782,48.87429186534889,-38.737256507945446,,,
shared_RRR_selected,resp__checkerboard__b05,6,M199,27,-0.17167866673291599,-0.15781167516288958,-0.17155067155067155,0.554183999516772,1.0824410684803658,-10.950218951710417,4.684444014951169,0.3333333333333333,0.4280216696883363,0.26064767562750957
shared_RRR_selected,feat__evoked_checkerboard,6,M199,27,-0.3224271609548801,-0.005515598204728088,0.06532356532356533,0.5789501371720749,1.149968330413877,-0.4216794411043771,0.33368189844497126,0.5925925925925926,0.7172839506172839,0.26145891659888093
shared_RRR_selected,resp__grating_right__b08,6,M199,27,-0.9913586498658054,-0.3151582688248783,-0.43833943833943834,0.4374945840040339,1.411155076476645,-21.364562004321414,5.129321987389534,0.23456790123456792,0.4627578666794353,0.2540728459138626
shared_RRR_selected,resp__checkerboard__b08,6,M199,27,-0.4411076730261554,-0.1551396450022455,-0.12454212454212454,0.4501850471562178,1.2004614417073776,-6.134758251331048,1.908134627844645,0.41975308641975306,0.5477272727272727,0.25605273023825675
shared_RRR_selected,resp__checkerboard__b03,6,M199,27,-0.17996939949481927,0.11468279383020129,0.17887667887667885,0.4481289371366442,1.0862639640045229,17.173398491737093,-4.243990707400508,0.691358024691358,0.7773420479302833,0.25370141192290263
shared_RRR_selected,resp__grating_left__b06,6,M199,27,-0.6038482195480306,0.27115083770506,0.09401709401709402,0.3138384279927736,1.2664312928651245,10.37505589759191,-1.8258695684463533,0.5432098765432098,0.7379357298474947,0.25171847632385397
shared_RRR_selected,resp__grating_right__b06,6,M199,27,-0.8541476943925754,-0.25160966362129544,-0.30708180708180705,0.4238111748173813,1.3616709200069508,-25.574394762289725,5.4802924162651,0.345679012345679,0.49973884140550806,0.25306864912469945
shared_RRR_selected,resp__grating_right__b07,6,M199,27,-0.6882406458011483,-0.3342207776157105,-0.4694749694749695,0.4196597820797701,1.2993231491053905,-19.74238681388112,4.348725573946006,0.13580246913580246,0.43840563031739505,0.2536834145840489
shared_RRR_selected,resp__grating_left__b04,6,M199,27,-0.3841191917331601,0.048005579550914154,0.06471306471306472,0.37849285267791855,1.1764859505039404,16.434307469917712,-2.8733964684227717,0.4567901234567901,0.5422567175018156,0.25185329981870974
shared_RRR_selected,resp__checkerboard__b09,6,M199,27,-0.35432735348657385,-0.28876693117299296,-0.3101343101343101,0.3818851627109224,1.1637557103991258,-12.628088709218247,2.303328588287335,0.33333333333333337,0.5004569504569505,0.2527725708115716
shared_RRR_selected,resp__grating_down__b05,6,M199,27,-0.10628958241383968,0.18832633895644943,0.115995115995116,0.28814613905192915,1.051803015024125,21.739571996836112,-1.9411675666938832,0.617283950617284,0.6459642209642209,0.2503133629510701
shared_RRR_selected,resp__grating_right__b09,6,M199,27,-0.6588114763356179,-0.20725111487534104,-0.2344322344322344,0.3354388727781973,1.2879485534506483,-30.414474251968485,4.13449388720693,0.308641975308642,0.49035409035409033,0.2513098750973725
shared_RRR_selected,resp__grating_up__b06,6,M199,27,-0.10542678689985707,0.008364175175989058,0.01587301587301587,0.5184333261883655,1.0513927843103439,2.5852776230642087,0.002498081480575875,0.5308641975308641,0.6740333740333742,0.25062450475993214
shared_RRR_selected,resp__grating_up__b05,6,M199,27,-0.11662077897637868,0.006262919225610203,0.15323565323565325,0.5123954294861326,1.0567027864903067,0.9799629782418594,0.1678073383904766,0.7160493827160495,0.7903050108932463,0.2505149192726664
shared_RRR_selected,resp__grating_up__b08,6,M199,27,-0.11640878668973142,0.1880244946262998,0.12942612942612944,0.3830144011739468,1.0566024733501864,15.627603305351078,-0.7200683203452359,0.5679012345679012,0.7222222222222223,0.2500394173399167
shared_RRR_selected,resp__grating_right__b05,6,M199,27,-0.5902005337126504,-0.23472068459442477,-0.29609279609279604,0.34808601128434624,1.26103153557421,-14.313656141748304,1.9636849208401794,0.22222222222222224,0.47458796649973123,0.25161243886346624
shared_RRR_selected,resp__grating_left__b07,6,M199,27,-0.09639108311465239,0.40637804890475554,0.1343101343101343,0.38514018333791916,1.0470869510764866,22.20591410401648,-2.8026809338317302,0.5925925925925926,0.683769063180828,0.25090179933788687
shared_RRR_selected,resp__grating_left__b05,6,M199,27,-0.32297076791651746,0.16976055313939672,0.15384615384615385,0.32051941220168234,1.1502046634910317,28.36475014803839,-3.879717522630742,0.6790123456790124,0.7896613190730839,0.25107110742244854
shared_RRR_selected,feat__evoked_grating_right,6,M199,27,-0.46853612127638455,-0.003487425763479905,-0.05006105006105006,0.32226978368466014,1.2118317215176309,-0.2476663954496319,0.0978946557651623,0.5061728395061729,0.6601055806938161,0.2531174937857711
shared_RRR_selected,feat__evoked_grating_left,6,M199,27,-0.4719425654074749,0.31515925248244964,0.15018315018315015,0.27131003484064137,1.2132364012868535,17.638746572382203,-3.310970835373441,0.6296296296296297,0.7638740344622699,0.25206609946164565
shared_RRR_selected,resp__grating_up__b07,6,M199,27,-0.06083448005626102,0.07866022901953133,0.13186813186813187,0.46756650741007555,1.029968193710981,5.364160066252952,-0.27897115211866,0.617283950617284,0.7107423440756775,0.24999344088688996
shared_RRR_selected,resp__checkerboard__b10,6,M199,27,-0.5487916178456085,-0.295348931908219,-0.3052503052503053,0.31471218380860666,1.2445045672256925,-12.953657017488533,1.3324488213430168,0.24691358024691357,0.4735778654896302,0.25143936377364223
shared_RRR_selected,resp__grating_down__b06,6,M199,27,-0.12620720375173877,0.1338199312152956,0.1752136752136752,0.24968310220284284,1.0612291005017431,9.617608789806017,-0.46736426260011715,0.6172839506172839,0.6801827801827802,0.2499202598234178
shared_RRR_selected,feat__evoked_grating_down,6,M199,27,-0.08037174412575343,-0.06620475865837126,-0.10561660561660562,0.30463663887432635,1.039409324629019,-7.985684573593039,0.8453839799882983,0.46913580246913583,0.4950563325563325,0.25068267907076136
shared_RRR_selected,resp__grating_up__b09,6,M199,27,-0.09741811415192192,0.10129315355746193,0.005494505494505494,0.3079027919693994,1.0475772592758597,7.146894809961184,0.03348237285140025,0.5308641975308641,0.6685878391760744,0.24987241933061194
shared_RRR_selected,feat__evoked_grating_up,6,M199,27,-0.0009509209822655684,-0.026462735586576663,0.11660561660561661,0.3953877904273651,1.0004753475135035,-3.8333813008957835,0.705897108192589,0.5555555555555556,0.6652505446623094,0.2513021841354861
shared_RRR_selected,resp__grating_left__b08,6,M199,27,-0.071422554683515,0.3423083953621601,0.12637362637362637,0.33470494341535345,1.035095432645471,27.91087560784062,-1.6691295050471517,0.4938271604938272,0.6231630025747672,0.25022716471882545
shared_RRR_selected,resp__grating_down__b08,6,M199,27,-0.06637431834551277,-0.0814176442652688,-0.04395604395604395,0.29696748360775665,1.032654016767239,-4.99977173522914,0.10082070314475419,0.46913580246913583,0.6008222714105067,0.2500004351791436
independent_Ridge,resp__checkerboard__b04,7,M220,14,-0.025203436211785002,0.018881657750031623,0.059340659340659345,0.9202719332424777,1.0125233015648505,2.007086119757325,-0.25718903349276767,0.48,0.5311111111111111,0.2598212399905874
independent_Ridge,resp__checkerboard__b06,7,M220,14,-0.12868166100992484,0.2228201429106789,0.3406593406593406,1.1641122398615644,1.0623943058064291,115.20265694559818,-44.97988408659344,0.8,0.8583333333333332,0.2594168378952476
independent_Ridge,resp__checkerboard__b07,7,M220,14,-0.12693120631789268,0.3103408645701263,0.2087912087912088,1.053279668198438,1.0615701608079857,49.14929632977411,-16.125823884184886,0.52,0.5587301587301587,0.2571280054969302
independent_Ridge,feat__glm_label,7,M220,14,-0.12104966282350249,-0.03694464234036991,-0.09008308365678767,0.6636357190038858,1.058796327356448,-3.984876059452127,3.358654511213863,0.4375,0.4103174603174603,0.3042760808769504
independent_Ridge,resp__checkerboard__b05,7,M220,14,-0.015180462637340852,0.03611884588338397,0.17362637362637365,0.5287535570595918,1.0075616421030236,3.8801193045807887,-0.9788770312798586,0.68,0.7644444444444445,0.25763515841949086
independent_Ridge,feat__evoked_checkerboard,7,M220,14,-0.11569215652642661,0.13021415954697724,0.16043956043956045,0.8819658563119062,1.0562632988637002,28.581044537065885,-9.425334157448054,0.72,0.7295238095238095,0.2572579400562259
independent_Ridge,resp__grating_right__b08,7,M220,14,-0.1845662938683177,0.0991677082104979,0.07252747252747253,0.39084895592318997,1.0883778267992772,6.694217618039453,-1.301305219851516,0.5599999999999999,0.6453968253968254,0.2523528060314729
independent_Ridge,resp__checkerboard__b08,7,M220,14,-0.14904402871325861,0.45830534627734465,0.5384615384615385,0.8002757882756814,1.071934712896853,58.8289245146403,-12.701918037718842,0.6799999999999999,0.6295238095238094,0.25283214533596865
independent_Ridge,resp__checkerboard__b03,7,M220,14,-0.09517910422976161,-0.2898847441850126,-0.11208791208791209,0.9020251326495937,1.046508052634934,-70.42450129502042,13.960288117902826,0.36,0.4553968253968254,0.25253352792783734
independent_Ridge,resp__grating_left__b06,7,M220,14,-0.5297645257410721,0.2776283704014777,0.015384615384615385,0.15285214669523317,1.2368364991950522,5.389240619663758,-0.7346957862292287,0.4,0.4692857142857143,0.25109550743628783
independent_Ridge,resp__grating_right__b06,7,M220,14,-0.0009617079956329988,0.38735247697134007,0.3054945054945055,0.42523070309241706,1.0004807384430912,62.7507446003977,-9.843671209901084,0.64,0.6783333333333332,0.25146868634619135
independent_Ridge,resp__grating_right__b07,7,M220,14,0.005643237008435609,0.39386529336255294,0.2879120879120879,0.5533303363566469,0.9971743894583155,54.11495637693917,-9.180447613304041,0.72,0.6683333333333333,0.25170163162908044
independent_Ridge,resp__grating_left__b04,7,M220,14,0.017053050633782485,0.5765550502442212,0.3450549450549451,0.20859035177581894,0.9914368105765577,38.034230339075926,-4.9718369362987715,0.64,0.7166666666666666,0.25091390281710685
independent_Ridge,resp__checkerboard__b09,7,M220,14,0.0044855520648773295,0.5009827092508373,0.4461538461538462,0.4531569454547408,0.9977547032889008,48.53592965039207,-6.7124956434878476,0.64,0.6277777777777778,0.2509406275931038
independent_Ridge,resp__grating_down__b05,7,M220,14,-0.000792311607110685,0.3476200034414111,0.18681318681318684,0.38902798525581195,1.0003960773649159,11.929349894048457,-0.7506673212694731,0.72,0.8253968253968254,0.24957094591426604
independent_Ridge,resp__grating_right__b09,7,M220,14,-0.5840148373610934,-0.12720877039511666,-0.06373626373626373,0.28026944608729365,1.2585765123190142,-8.5990317148207,0.939176905698214,0.4000000000000001,0.49428571428571433,0.251028606330361
independent_Ridge,resp__grating_up__b06,7,M220,14,-0.012457657626834484,0.36803314516329017,0.2043956043956044,0.4836994944039053,1.0062095495605448,151.90484993360874,-20.600593402587407,0.6000000000000001,0.75,0.2511118105010078
independent_Ridge,resp__grating_up__b05,7,M220,14,-0.0031359112059570204,0.3884960035155399,0.26153846153846155,0.5345488250697406,1.00156672828422,100.88581967478846,-13.60990456984165,0.6,0.6866666666666665,0.25107255588677385
independent_Ridge,resp__grating_up__b08,7,M220,14,-0.26710398804322577,0.14308306450201144,0.0989010989010989,0.28321580461318135,1.1256571360957235,1.945453836393169,-0.22623096656851693,0.6000000000000001,0.75,0.2501100944440977
independent_Ridge,resp__grating_right__b05,7,M220,14,-0.019155105736423428,0.1370635956892357,-0.02417582417582418,0.3091004087954458,1.009532122191475,9.88966088300563,-1.0053108402544588,0.36,0.4888888888888888,0.25110763216530035
independent_Ridge,resp__grating_left__b07,7,M220,14,-0.16931393632416092,-0.01275479847674213,0.02857142857142857,0.25445399464046453,1.0813482030891628,-0.07651628959839912,0.03143836015119276,0.52,0.5644444444444444,0.2501932878655267
independent_Ridge,resp__grating_left__b05,7,M220,14,-1.9961797152092844,-0.16469262075786453,-0.07692307692307693,0.18404076879529857,1.7309476350280746,-5.318381000662977,0.6158200450728679,0.36,0.4666666666666667,0.25116590677169975
independent_Ridge,feat__evoked_grating_right,7,M220,14,0.0024781279924378508,0.13296576449968103,0.03736263736263736,0.3857658497849088,0.9987601674113572,13.114816712324169,-2.2989142595505854,0.64,0.6116666666666666,0.2519758548875012
independent_Ridge,feat__evoked_grating_left,7,M220,14,-0.36110418572290826,0.07364862116222444,0.01098901098901099,0.2955997705791682,1.1666636986393755,0.6718907308483145,-0.09464860601412013,0.52,0.6192857142857142,0.25006599015788733
independent_Ridge,resp__grating_up__b07,7,M220,14,-0.18496016804300464,0.10059267591997849,0.1384615384615385,0.3175537799508198,1.0885587572763373,1.0421716506149663,-0.13434407848795046,0.72,0.7944444444444445,0.24924504225348346
independent_Ridge,resp__checkerboard__b10,7,M220,14,0.008239458317472859,0.375031121532757,0.17362637362637365,0.2874495750346958,0.9958717496156456,26.878038085919275,-1.932071271016492,0.56,0.5944444444444444,0.25006847678448074
independent_Ridge,resp__grating_down__b06,7,M220,14,-0.08067601775831679,0.4183802686322857,0.11208791208791209,0.27571184510765584,1.0395556828560542,37.46227346629953,-1.459944945175328,0.48,0.6888888888888889,0.25017171265143207
independent_Ridge,feat__evoked_grating_down,7,M220,14,-0.07303280851166716,0.37072747280906737,0.3142857142857143,0.24302866359890052,1.0358729692928894,44.08514812242287,-4.187431949302282,0.72,0.7892857142857141,0.25038048174897043
independent_Ridge,resp__grating_up__b09,7,M220,14,-1.343025111466344,-0.22159364320341904,-0.21318681318681318,0.2634800443935784,1.5306943233272752,-2.714960012343266,-0.032910872361057254,0.36,0.4888888888888888,0.25126147137128335
independent_Ridge,feat__evoked_grating_up,7,M220,14,-0.004301118251849534,0.4995856548891813,0.5296703296703297,0.3865610834788333,1.0021482516333846,111.4780489942292,-16.60973545634257,0.76,0.7683333333333333,0.251223981661554
independent_Ridge,resp__grating_left__b08,7,M220,14,-0.6780989910961623,-0.2992578281713313,-0.4065934065934066,0.22554181533854542,1.2954146020082382,-10.55912736018839,0.5045394755475037,0.24,0.419047619047619,0.2504820037897371
independent_Ridge,resp__grating_down__b08,7,M220,14,-0.04330104717536143,0.016706825038579707,0.06373626373626373,0.24118785443894417,1.0214210919965192,0.22322677300256794,-0.03052213124191584,0.4800000000000001,0.5476190476190476,0.25057548299706056
shared_fullrank,resp__checkerboard__b04,7,M220,14,-0.025203436211785002,0.018881657750031623,0.059340659340659345,0.9202719332424777,1.0125233015648505,2.007086119757325,-0.25718903349276767,0.48,0.5311111111111111,0.2598212399905874
shared_fullrank,resp__checkerboard__b06,7,M220,14,-0.12868166100992484,0.22282014291067753,0.3406593406593406,1.1641122398615644,1.0623943058064291,115.20265694559758,-44.97988408659321,0.8,0.8583333333333332,0.2594168378952476
shared_fullrank,resp__checkerboard__b07,7,M220,14,-0.12693120631789268,0.3103408645701251,0.2087912087912088,1.053279668198438,1.0615701608079857,49.14929632977374,-16.125823884184754,0.52,0.5587301587301587,0.2571280054969302
shared_fullrank,feat__glm_label,7,M220,14,-0.12104966282350249,-0.036944642340370995,-0.09008308365678767,0.6636357190038858,1.058796327356448,-3.9848760594522576,3.3586545112139565,0.4375,0.4103174603174603,0.3042760808769504
shared_fullrank,resp__checkerboard__b05,7,M220,14,-0.015180462637340852,0.03611884588338397,0.17362637362637365,0.5287535570595918,1.0075616421030236,3.8801193045807887,-0.9788770312798586,0.68,0.7644444444444445,0.25763515841949086
shared_fullrank,feat__evoked_checkerboard,7,M220,14,-0.11569215652642661,0.13021415954697663,0.16043956043956045,0.8819658563119062,1.0562632988637002,28.58104453706589,-9.425334157448054,0.72,0.7295238095238095,0.2572579400562259
shared_fullrank,resp__grating_right__b08,7,M220,14,-0.18456629386831747,0.09916770821049851,0.07252747252747253,0.39084895592318997,1.0883778267992772,6.69421761803951,-1.3013052198515274,0.5599999999999999,0.6453968253968254,0.2523528060314729
shared_fullrank,resp__checkerboard__b08,7,M220,14,-0.14904402871325861,0.45830534627734487,0.5384615384615385,0.8002757882756814,1.071934712896853,58.82892451464029,-12.70191803771884,0.6799999999999999,0.6295238095238094,0.25283214533596865
shared_fullrank,resp__checkerboard__b03,7,M220,14,-0.09517910422976161,-0.28988474418501253,-0.11208791208791209,0.9020251326495937,1.046508052634934,-70.42450129502178,13.96028811790308,0.36,0.4553968253968254,0.25253352792783734
shared_fullrank,resp__grating_left__b06,7,M220,14,-0.5297645257410721,0.2776283704014776,0.015384615384615385,0.15285214669523317,1.2368364991950522,5.389240619663738,-0.7346957862292264,0.4,0.4692857142857143,0.25109550743628783
shared_fullrank,resp__grating_right__b06,7,M220,14,-0.0009617079956329988,0.38735247697134173,0.3054945054945055,0.42523070309241706,1.0004807384430912,62.750744600396644,-9.843671209900908,0.64,0.6783333333333332,0.25146868634619135
shared_fullrank,resp__grating_right__b07,7,M220,14,0.005643237008435609,0.3938652933625542,0.2879120879120879,0.5533303363566469,0.9971743894583155,54.11495637693932,-9.180447613304072,0.72,0.6683333333333333,0.25170163162908044
shared_fullrank,resp__grating_left__b04,7,M220,14,0.017053050633782485,0.5765550502442212,0.3450549450549451,0.20859035177581894,0.9914368105765577,38.034230339075926,-4.9718369362987715,0.64,0.7166666666666666,0.25091390281710685
shared_fullrank,resp__checkerboard__b09,7,M220,14,0.0044855520648773295,0.5009827092508367,0.4461538461538462,0.4531569454547408,0.9977547032889008,48.53592965039201,-6.712495643487843,0.64,0.6277777777777778,0.2509406275931038
shared_fullrank,resp__grating_down__b05,7,M220,14,-0.022811343354298685,0.36965248218725677,0.1824175824175824,0.3932843200747547,1.0113413584711635,93.05731955988344,-6.071686793232388,0.6799999999999999,0.8111111111111111,0.25016421772983344
shared_fullrank,resp__grating_right__b09,7,M220,14,-0.5840148373610934,-0.12720877039511586,-0.06373626373626373,0.28026944608729365,1.2585765123190142,-8.59903171482072,0.9391769056982162,0.4000000000000001,0.49428571428571433,0.251028606330361
shared_fullrank,resp__grating_up__b06,7,M220,14,-0.012457657626834484,0.3680331451632928,0.2043956043956044,0.4836994944039053,1.0062095495605448,151.9048499336101,-20.600593402587595,0.6000000000000001,0.75,0.2511118105010078
shared_fullrank,resp__grating_up__b05,7,M220,14,-0.0031359112059567984,0.38849600351554214,0.26153846153846155,0.5345488250697406,1.00156672828422,100.88581967478926,-13.609904569841762,0.6,0.6866666666666665,0.25107255588677385
shared_fullrank,resp__grating_up__b08,7,M220,14,-0.27437277298609963,-0.0018855996240316744,-0.0989010989010989,0.2840269814686065,1.128881204107013,-0.13273540171993226,-0.02329881543020337,0.48000000000000004,0.6857142857142857,0.2506361942875531
shared_fullrank,resp__grating_right__b05,7,M220,14,-0.019155105736423428,0.1370635956892351,-0.02417582417582418,0.3091004087954458,1.009532122191475,9.889660883005636,-1.0053108402544593,0.36,0.4888888888888888,0.25110763216530035
shared_fullrank,resp__grating_left__b07,7,M220,14,-0.1445405596851861,-0.0035228399623458834,0.06373626373626373,0.25174410179478457,1.0698320240510593,-0.11661938077445605,0.036082285802861117,0.56,0.5592857142857143,0.25065134561865476
shared_fullrank,resp__grating_left__b05,7,M220,14,-1.9961797152092844,-0.16469262075786448,-0.07692307692307693,0.18404076879529857,1.7309476350280746,-5.318381000662984,0.6158200450728685,0.36,0.4666666666666667,0.2511659067716997
shared_fullrank,feat__evoked_grating_right,7,M220,14,0.0024781279924378508,0.13296576449968106,0.03736263736263736,0.3857658497849088,0.9987601674113572,13.11481671232418,-2.2989142595505876,0.64,0.6116666666666666,0.2519758548875012
shared_fullrank,feat__evoked_grating_left,7,M220,14,-0.34846964966420924,0.10577052916146838,-0.03736263736263736,0.2942246100619637,1.1612362591928522,5.819452108524478,-0.9957361384203824,0.52,0.6192857142857142,0.2515190437028084
shared_fullrank,resp__grating_up__b07,7,M220,14,-0.17983921763647048,0.007923238950979662,0.03736263736263736,0.3168668632341109,1.0862040405174667,0.4289694488644928,-0.05211048854247756,0.64,0.6977777777777777,0.25071992076648336
shared_fullrank,resp__checkerboard__b10,7,M220,14,0.008239458317472859,0.37503112153275653,0.17362637362637365,0.2874495750346958,0.9958717496156456,26.878038085919172,-1.9320712710164845,0.56,0.5944444444444444,0.25006847678448074
shared_fullrank,resp__grating_down__b06,7,M220,14,-0.08067601775831679,0.4183802686322859,0.11208791208791209,0.27571184510765584,1.0395556828560542,37.46227346629957,-1.4599449451753301,0.48,0.6888888888888889,0.25017171265143207
shared_fullrank,feat__evoked_grating_down,7,M220,14,-0.07303280851166716,0.3707274728090671,0.3142857142857143,0.24302866359890052,1.0358729692928894,44.08514812242273,-4.187431949302268,0.72,0.7892857142857141,0.25038048174897043
shared_fullrank,resp__grating_up__b09,7,M220,14,-1.3555055874073156,-0.2824246547127142,-0.26153846153846155,0.2641808454608826,1.5347656457607186,-16.65711868199807,0.6368392658447732,0.36,0.5746031746031746,0.2503783503284524
shared_fullrank,feat__evoked_grating_up,7,M220,14,-0.004301118251849312,0.4995856548891806,0.5296703296703297,0.3865610834788332,1.0021482516333844,111.47804899422904,-16.609735456342552,0.76,0.7683333333333333,0.251223981661554
shared_fullrank,resp__grating_left__b08,7,M220,14,-0.6780989910961623,-0.29925782817133106,-0.4065934065934066,0.22554181533854542,1.2954146020082382,-10.559127360188395,0.5045394755475039,0.24,0.419047619047619,0.2504820037897371
shared_fullrank,resp__grating_down__b08,7,M220,14,-0.03883788182012027,-0.030801009614133425,-0.032967032967032975,0.24067140954336624,1.0192339681447633,-2.1905709334780163,0.018573023679896952,0.4,0.4777777777777778,0.25015630812304074
shared_RRR_selected,resp__checkerboard__b04,7,M220,14,-0.024412182411533756,0.10784972361033363,0.09010989010989012,0.9199167309511936,1.0121324925184123,16.948300594824595,-6.211696227891687,0.44000000000000006,0.5333333333333333,0.25986882390425803
shared_RRR_selected,resp__checkerboard__b06,7,M220,14,-0.1299751414196748,0.058431577592402355,0.11208791208791209,1.1647790909645306,1.063002888716524,30.12843337062211,-11.148597566006337,0.52,0.5644444444444444,0.2595580901303024
shared_RRR_selected,resp__checkerboard__b07,7,M220,14,-0.13284712359750195,-0.11000025741793411,-0.178021978021978,1.0560406881532975,1.0643529130873377,-37.4620640365959,13.45612224883328,0.32000000000000006,0.4746031746031746,0.2573388256285105
shared_RRR_selected,feat__glm_label,7,M220,14,-0.11600779315348086,0.2639385345800225,0.19768232246906187,0.6621417016202663,1.056412700204556,38.01046843789965,-26.745318421055565,0.5833333333333333,0.5007936507936507,0.3039098882165856
shared_RRR_selected,resp__checkerboard__b05,7,M220,14,-0.01520231355430357,0.11212501546060663,0.2527472527472528,0.5287592475197236,1.0075724855087616,21.447776602777857,-7.325784137658499,0.7200000000000001,0.7416666666666667,0.2577646178616343
shared_RRR_selected,feat__evoked_checkerboard,7,M220,14,-0.11733964999869562,-0.007109980299741844,0.0857142857142857,0.8826167961660427,1.057042879924318,-4.350810065747816,2.166936289578957,0.68,0.7592857142857143,0.25746854937249086
shared_RRR_selected,resp__grating_right__b08,7,M220,14,-0.1843684762588691,0.027013353476935786,-0.01098901098901099,0.3908163194913239,1.08828694573576,2.6175853238953293,-0.4782442740176318,0.56,0.5592857142857143,0.25235665034184707
shared_RRR_selected,resp__checkerboard__b08,7,M220,14,-0.1559676200076594,0.12788177611529156,0.1824175824175824,0.8026832073415388,1.0751593463332119,27.58272942237916,-5.653195288762229,0.48,0.5059523809523809,0.2532911905773714
shared_RRR_selected,resp__checkerboard__b03,7,M220,14,-0.09429995918570144,-0.21019105299748853,-0.13406593406593406,0.9016630137361645,1.0460879309052855,-77.22438521204009,15.223687810011839,0.32,0.44666666666666666,0.252516217137232
shared_RRR_selected,resp__grating_left__b06,7,M220,14,-0.535232861037741,0.29316984174641286,0.1164835164835165,0.15312509757988085,1.2390451408394052,5.644727000897675,-0.7754900858164026,0.48,0.5059523809523809,0.25110042541241806
shared_RRR_selected,resp__grating_right__b06,7,M220,14,-0.003594957016224143,0.28353991059939615,0.14285714285714285,0.425789666967532,1.0017958659408732,66.18831979794604,-10.33827087802565,0.52,0.5453968253968254,0.251501578401097
shared_RRR_selected,resp__grating_right__b07,7,M220,14,0.0033545817365429054,0.26023574052758036,0.06813186813186813,0.5539667550875986,0.9983213001150767,39.44533597116348,-6.643154989932504,0.56,0.5644444444444444,0.25185033267556944
shared_RRR_selected,resp__grating_left__b04,7,M220,14,0.00041164164686868787,0.29906064641193586,0.2967032967032967,0.21034867063034904,0.9997941579910993,331.95050964563416,-44.64844567162768,0.7600000000000001,0.8599999999999999,0.2511293482431679
shared_RRR_selected,resp__checkerboard__b09,7,M220,14,-0.0025649993389420533,0.23687145530625367,0.22637362637362637,0.45475881535967333,1.0012816783198133,33.82075581873695,-4.615461479242959,0.52,0.525952380952381,0.25131313561876706
shared_RRR_selected,resp__grating_down__b05,7,M220,14,-0.02312427602851752,0.3219932024916415,0.3538461538461538,0.3933444788238289,1.0114960583356307,63.02972581754462,-4.0210726101385905,0.76,0.8444444444444443,0.250098640508161
shared_RRR_selected,resp__grating_right__b09,7,M220,14,-0.577062563165287,-0.09349568675340242,-0.03736263736263736,0.27965371550525964,1.255811515779851,-14.152394506107667,1.571833902336185,0.43999999999999995,0.52,0.2508863487185614
shared_RRR_selected,resp__grating_up__b06,7,M220,14,-0.014676144867289853,-0.268357972674298,-0.45054945054945056,0.4842291432047227,1.007311344554051,-206.53384992180827,28.08714660524159,0.24,0.41888888888888887,0.2512040947390877
shared_RRR_selected,resp__grating_up__b05,7,M220,14,-0.004817065760976513,0.36726074385437685,0.4065934065934066,0.5349965625008071,1.0024056393301946,185.66296369053484,-25.100275438673606,0.68,0.7592857142857143,0.2510666271271655
shared_RRR_selected,resp__grating_up__b08,7,M220,14,-0.2768383861523893,-0.06723131825793352,-0.12967032967032965,0.2843016115759531,1.1299727369066872,-3.7837764053927194,0.3262070845794742,0.44,0.6088888888888888,0.2507210468229085
shared_RRR_selected,resp__grating_right__b05,7,M220,14,-0.018807917626982862,0.12339933819731361,-0.01978021978021978,0.3090477548239611,1.0093601525852816,10.170757735559834,-1.024069898812358,0.4,0.5088888888888888,0.2510332031388145
shared_RRR_selected,resp__grating_left__b07,7,M220,14,-0.1488651566493353,-0.023100815160480327,0.09010989010989012,0.25221925547709156,1.0718512754339267,-0.7582287442332619,0.10874915609394774,0.6,0.5926190476190476,0.25054075227185124
shared_RRR_selected,resp__grating_left__b05,7,M220,14,-1.98058557026858,-0.18904872647435633,-0.2175824175824176,0.18356120769626866,1.7264372477065537,-8.469025225301094,0.9933137644468412,0.24,0.44126984126984126,0.25111807433651884
shared_RRR_selected,feat__evoked_grating_right,7,M220,14,0.000630926273091359,0.048607902568641906,-0.18681318681318684,0.38612286338802604,0.9996844870892558,5.499424396896011,-0.8479766594634417,0.48,0.5120634920634921,0.25221729031391027
shared_RRR_selected,feat__evoked_grating_left,7,M220,14,-0.3483584284725205,0.12122289585349996,0.1384615384615385,0.2942124760526604,1.161188369073907,6.885573377939035,-1.1832412313683018,0.6,0.5783333333333333,0.25153012675950953
shared_RRR_selected,resp__grating_up__b07,7,M220,14,-0.18373834478865603,-0.1000513260450212,-0.1164835164835165,0.3173900214249613,1.0879974010946238,-4.926563052534384,0.6183554854357451,0.48,0.52,0.2509046041407687
shared_RRR_selected,resp__checkerboard__b10,7,M220,14,0.0015310703970259354,0.22542461748296588,0.2879120879120879,0.28842010839694276,0.9992341715548834,29.458107110778737,-2.1069116807788095,0.52,0.525952380952381,0.25036106107788336
shared_RRR_selected,resp__grating_down__b06,7,M220,14,-0.08023763983396104,0.31027371489152517,0.06813186813186813,0.27565591796379013,1.0393448127709883,29.318785204255946,-1.109722627509675,0.48000000000000004,0.6333333333333333,0.2501924218038451
shared_RRR_selected,feat__evoked_grating_down,7,M220,14,-0.07131832877659305,0.25792637505177424,0.2351648351648352,0.24283443175187716,1.0350450853835271,31.170402894593966,-2.9036752180118577,0.6,0.6944444444444444,0.250449270462617
shared_RRR_selected,resp__grating_up__b09,7,M220,14,-1.3664978498985385,-0.24480829777617716,-0.2571428571428571,0.2647965445256259,1.5383425658475873,-10.799162852359304,0.36670950417038656,0.4,0.5888888888888888,0.25034657557672507
shared_RRR_selected,feat__evoked_grating_up,7,M220,14,-0.00832144900906373,0.1083909081650353,0.07692307692307693,0.38733403452790727,1.0041521045185653,212.94175036511075,-31.686084764344628,0.56,0.6833333333333333,0.25138497642436525
shared_RRR_selected,resp__grating_left__b08,7,M220,14,-0.6781079490708508,-0.3155378344389264,-0.2835164835164835,0.22554241732781646,1.295418059574148,-12.070333976580153,0.5897664182052406,0.32,0.4523809523809524,0.2504576457134494
shared_RRR_selected,resp__grating_down__b08,7,M220,14,-0.04118487340675703,-0.10026798010152822,-0.18681318681318684,0.24094312426759146,1.0203846693315013,-6.911248178397593,0.11517467918605089,0.32,0.4523809523809524,0.2502645087081682
independent_Ridge,resp__checkerboard__b04,8,M224,30,-0.02516607112566449,0.23212566898913714,0.1946607341490545,0.9468679723686191,1.012504849926984,32.461325726807566,-14.209299669470761,0.66,0.6475033738191633,0.26186131585313527
independent_Ridge,resp__checkerboard__b06,8,M224,30,-0.04386939230194664,-0.3424335981202868,-0.2164627363737486,0.87377254869887,1.0216992670555982,-5.828816060410458,3.3308962790596666,0.36000000000000004,0.4510763797605903,0.2678978210561554
independent_Ridge,resp__checkerboard__b07,8,M224,30,0.003702584485204108,0.09525082013686058,0.17330367074527253,0.8284057278867106,0.9981469909361025,2.152360722035354,-0.4197843318879591,0.57,0.5437237710689723,0.2585700846457599
independent_Ridge,feat__glm_label,8,M224,30,-0.08860562602550948,-0.2585069896142416,-0.2770496983531932,0.8554442664782325,1.043362653167876,-3.532833602724039,3.1600510468040137,0.20814479638009048,0.44700524004769715,0.26076942437199957
independent_Ridge,resp__checkerboard__b05,8,M224,30,-0.01851658992552041,0.001267064197169614,-0.11546162402669634,0.9947099952997293,1.0092158292087579,0.4705794404353468,0.315134461848253,0.4,0.48577505827505824,0.257251704388976
independent_Ridge,feat__evoked_checkerboard,8,M224,30,-0.005676767337496447,-0.0408927832763655,0.12302558398220245,0.7057242733336346,1.0028343668510251,-1.3871408669586005,0.9782992936627956,0.61,0.6419047619047619,0.25907829949476985
independent_Ridge,resp__grating_right__b08,8,M224,30,-0.32139304995352025,-0.06019886783626122,0.0046718576195773085,0.7908448052216718,1.1495186166189393,-1.3895384549782652,0.6267891049680576,0.48,0.6503326330532212,0.24987133486211605
independent_Ridge,resp__checkerboard__b08,8,M224,30,-0.046032392693208024,0.3291271279942613,0.33392658509454953,0.7944729225231096,1.0227572501298674,80.40691028758714,-17.221976776720446,0.73,0.707012987012987,0.25264825665027096
independent_Ridge,resp__checkerboard__b03,8,M224,30,-0.8199066953746379,0.06499742647980082,0.010901001112347052,0.4310202747340034,1.3490391748850876,0.9947932926383269,-0.28849905994384495,0.5,0.5408549783549784,0.2556544323371817
independent_Ridge,resp__grating_left__b06,8,M224,30,-0.1301732241898641,0.08611280454432513,0.03492769744160178,0.6993630752696195,1.063096055956311,1.306601380679135,0.21730580786754752,0.49,0.597082922237721,0.2504306445063813
independent_Ridge,resp__grating_right__b06,8,M224,30,-0.1310510302486969,-0.05521299161515157,0.00778642936596218,0.3787379321182585,1.0635088294173665,-0.9247396829024952,0.3905221620846187,0.59,0.5802283337577455,0.2510674479384262
independent_Ridge,resp__grating_right__b07,8,M224,30,-0.2892496124809707,0.025891353724536926,0.06829810901001113,0.49377921222847637,1.1354512814211672,2.3725716271404145,0.06331276598811156,0.5800000000000001,0.6863510101010101,0.2507666245032189
independent_Ridge,resp__grating_left__b04,8,M224,30,-0.04668921425142947,-0.23786401299152876,-0.1897664071190211,0.38032743660306656,1.0230783030889814,-24.36518075067279,3.7125341529813785,0.33,0.4713226694186446,0.2517058404576957
independent_Ridge,resp__checkerboard__b09,8,M224,30,-0.10824949741873446,0.28277796102737157,0.2649610678531702,0.6835617843032078,1.0527342957359822,76.89839786245494,-7.34800412122378,0.5800000000000001,0.5522957516339869,0.25055915101363985
independent_Ridge,resp__grating_down__b05,8,M224,30,-0.006390731242547298,-0.08900885594525691,0.09098998887652948,0.5260439172168568,1.003190276688599,-12.829502545299553,0.9403527266161626,0.65,0.6899908424908424,0.2500443771998847
independent_Ridge,resp__grating_right__b09,8,M224,30,-0.2511928904699354,-0.08411089816083157,-0.046941045606229144,0.6379079913269305,1.1185673383707997,-2.972664619011164,0.396227957411881,0.47000000000000003,0.5364984576826682,0.2503185637164261
independent_Ridge,resp__grating_up__b06,8,M224,30,-0.16882330555565472,-0.0330568863457769,-0.03670745272525028,0.3589179762614479,1.0811213186112163,-4.896021274170409,0.7958430442936719,0.49,0.5167848766300779,0.25157079758940093
independent_Ridge,resp__grating_up__b05,8,M224,30,-0.016918584294396632,-0.25518882487701655,-0.31701890989988873,0.4267070247254014,1.008423811844205,-18.948203737093394,2.8860131211676823,0.31,0.41718749087170137,0.2518092018214013
independent_Ridge,resp__grating_up__b08,8,M224,30,0.0005938832579561737,0.1848126342928262,0.041156840934371525,0.5674212122055018,0.9997030142707602,26.68384813229906,-1.9822429544475082,0.5499999999999999,0.6646661181955299,0.2502782689204196
independent_Ridge,resp__grating_right__b05,8,M224,30,-0.23492168884102882,0.21605677222530523,0.31657397107897667,0.350665032243661,1.1112703041299306,0.9569513416340235,0.16903110190935322,0.79,0.8516700404858298,0.24197157802544425
independent_Ridge,resp__grating_left__b07,8,M224,30,-0.169251024291581,0.03936123117047971,0.05139043381535039,0.6080495143604844,1.0813191130705038,0.16861369248668281,0.23302861058385282,0.5599999999999999,0.6545588235294117,0.24885341679263365
independent_Ridge,resp__grating_left__b05,8,M224,30,-0.14004972152864692,-0.1598737635563724,-0.08520578420467186,0.5060205192291253,1.0677311091883792,-3.4987214764855126,0.42666855731317294,0.44000000000000006,0.6080687011646764,0.2510349545484942
independent_Ridge,feat__evoked_grating_right,8,M224,30,-0.13116183364142264,-0.14515520084478784,-0.11768631813125695,0.4079082619141134,1.06356092145275,-1.9876306685298364,0.6295546097726851,0.45,0.6263000449842555,0.25161314320749323
independent_Ridge,feat__evoked_grating_left,8,M224,30,-0.04643544641377706,-0.017515520373790634,0.030033370411568408,0.5346860985378618,1.0229542738626087,-0.22727731884461708,0.26679503590037323,0.59,0.6541000227842332,0.250181703478411
independent_Ridge,resp__grating_up__b07,8,M224,30,0.012015859673581764,0.353663292452599,0.21245828698553948,0.4085320604604222,0.9939739133027679,4.176168859280296,-0.529783631136403,0.59,0.6884865573023466,0.248878296530573
independent_Ridge,resp__checkerboard__b10,8,M224,30,-0.12997181763798182,0.24974793388370423,0.2805339265850945,0.5797142652439496,1.0630013253227775,55.76412814488901,-1.4938914334896776,0.66,0.6900702075702075,0.24986594434745674
independent_Ridge,resp__grating_down__b06,8,M224,30,-0.08464048906008892,-3.0302815286783677e-05,0.11991101223581756,0.5373898576484462,1.0414607477289237,-0.0007517082611737545,0.14719815579466483,0.6,0.6856507299889653,0.2490965791733169
independent_Ridge,feat__evoked_grating_down,8,M224,30,-0.10191954620651456,0.09646191216831294,0.18264738598442715,0.4802722815244733,1.0497235570408594,15.088793076860437,-0.6475013422848356,0.61,0.5814736652236653,0.25007248257571746
independent_Ridge,resp__grating_up__b09,8,M224,30,-4.79617915132291e-05,0.07891408464658921,-0.020689655172413793,0.5264422144643984,1.0000239806082218,9.264344132849155,-0.18609582894537954,0.48000000000000004,0.6372674109516214,0.24998994419542525
independent_Ridge,feat__evoked_grating_up,8,M224,30,0.0015235425138545589,0.17371428573436,0.0389321468298109,0.36956798229270976,0.9992379383741119,32.387047406043735,-4.525558178545974,0.44999999999999996,0.5306545741839859,0.2513152514394915
independent_Ridge,resp__grating_left__b08,8,M224,30,-0.1581696086855482,-0.006512578560291329,0.07808676307007786,0.5219707447482002,1.076182888121507,-0.09505643825391372,0.18730955115244763,0.53,0.6155796542638647,0.24991036604055705
independent_Ridge,resp__grating_down__b08,8,M224,30,-0.09207663948930889,-0.09898602029635564,-0.00778642936596218,0.47484107764045225,1.0450247075975327,-9.431618527979719,0.008018457461553316,0.5700000000000001,0.6436874236874236,0.24987454229471368
shared_fullrank,resp__checkerboard__b04,8,M224,30,-0.02516607112566449,0.23212566898913645,0.1946607341490545,0.9468679723686191,1.012504849926984,32.46132572680777,-14.209299669470854,0.66,0.6475033738191633,0.26186131585313527
shared_fullrank,resp__checkerboard__b06,8,M224,30,-0.014478072948856724,-0.3797054205104324,-0.31523915461624025,0.8613836950275032,1.0072130226267215,-36.992459503691606,16.34111573520824,0.29000000000000004,0.4243310907358895,0.26184945442961005
shared_fullrank,resp__checkerboard__b07,8,M224,30,-0.009207190431156365,0.06559654543076697,0.1870967741935484,0.8337555911419028,1.004593047174405,11.86701392106941,-3.865119821829545,0.6,0.5734207407659421,0.25792809548609696
shared_fullrank,feat__glm_label,8,M224,30,-0.051575953962491816,-0.2547305719120378,-0.2903785498203571,0.8407691268167018,1.0254637750610656,-20.321656453721626,14.232310777334042,0.20361990950226241,0.45871343306324686,0.2552047952893882
shared_fullrank,resp__checkerboard__b05,8,M224,30,-0.01851658992552041,0.0012670641971678116,-0.11546162402669634,0.9947099952997293,1.0092158292087579,0.47057944043416167,0.3151344618486582,0.4,0.48577505827505824,0.257251704388976
shared_fullrank,feat__evoked_checkerboard,8,M224,30,-0.0075744061691285225,-0.04772581474731689,0.11368186874304784,0.7063897846969619,1.0037800586628172,-12.699323132855456,5.130114314240793,0.5700000000000001,0.6078732378732379,0.25830672912339553
shared_fullrank,resp__grating_right__b08,8,M224,30,-0.3112451345630758,-0.0793688105242766,0.023359288097886538,0.787802223055103,1.1450961245952567,-12.006032231591705,1.7285928754843078,0.46,0.6384795321637426,0.25057230890400184
shared_fullrank,resp__checkerboard__b08,8,M224,30,-0.046032392693208024,0.3291271279942613,0.33392658509454953,0.7944729225231096,1.0227572501298674,80.40691028758681,-17.22197677672037,0.73,0.707012987012987,0.25264825665027096
shared_fullrank,resp__checkerboard__b03,8,M224,30,-0.7094305364066003,0.08954436006626698,0.05850945494994438,0.4177330788035362,1.3074519250842842,11.212123262330103,-3.0980719084835475,0.5599999999999999,0.5675840336134454,0.25472150350577044
shared_fullrank,resp__grating_left__b06,8,M224,30,-0.1347162195144027,0.07457745082840876,0.014015572858731925,0.7007672921793491,1.0652305945260878,6.495303050626662,-0.2337202133812859,0.49,0.5925716440422322,0.25050292488344766
shared_fullrank,resp__grating_right__b06,8,M224,30,-0.12810999918706112,-0.08951934295053837,-0.04160177975528365,0.3782452023336595,1.0621252276389357,-11.96892221192348,1.8855846439711785,0.51,0.5293332596196374,0.25115817266738655
shared_fullrank,resp__grating_right__b07,8,M224,30,-0.2892496124809707,0.025891353724536697,0.06829810901001113,0.49377921222847637,1.1354512814211672,2.3725716271404,0.06331276598811339,0.5800000000000001,0.6863510101010101,0.2507666245032189
shared_fullrank,resp__grating_left__b04,8,M224,30,-0.04668921425142947,-0.23786401299152762,-0.1897664071190211,0.38032743660306656,1.0230783030889814,-24.365180750672184,3.7125341529812883,0.33,0.4713226694186446,0.2517058404576957
shared_fullrank,resp__checkerboard__b09,8,M224,30,-0.10824949741873446,0.2827779610273724,0.2649610678531702,0.6835617843032078,1.0527342957359822,76.89839786245527,-7.348004121223813,0.5800000000000001,0.5522957516339869,0.25055915101363985
shared_fullrank,resp__grating_down__b05,8,M224,30,-0.006390731242547298,-0.08900885594525675,0.09098998887652948,0.5260439172168568,1.003190276688599,-12.829502545299267,0.9403527266161447,0.65,0.6899908424908424,0.2500443771998847
shared_fullrank,resp__grating_right__b09,8,M224,30,-0.22853601320107786,-0.08517847797750333,-0.047385984427141266,0.6321059155961906,1.108393437909607,-23.9613677878724,1.2451094972283943,0.47,0.5303446115288221,0.2501261388013327
shared_fullrank,resp__grating_up__b06,8,M224,30,-0.16882330555565472,-0.03305688634577673,-0.03670745272525028,0.3589179762614479,1.0811213186112163,-4.896021274170214,0.7958430442936408,0.49,0.5167848766300779,0.25157079758940093
shared_fullrank,resp__grating_up__b05,8,M224,30,-0.016918584294396855,-0.2551888248770162,-0.31701890989988873,0.42670702472540145,1.008423811844205,-18.948203737093426,2.886013121167687,0.31,0.41718749087170137,0.2518092018214013
shared_fullrank,resp__grating_up__b08,8,M224,30,0.0005938832579561737,0.18481263429282574,0.041156840934371525,0.5674212122055018,0.9997030142707602,26.683848132299037,-1.9822429544475069,0.5499999999999999,0.6646661181955299,0.2502782689204196
shared_fullrank,resp__grating_right__b05,8,M224,30,-0.16827823913114393,0.06359737712248974,0.12703003337041155,0.34107186464527495,1.0808692053764617,4.790181658816868,-0.15320878927770432,0.6799999999999999,0.7443697478991596,0.25004674362138113
shared_fullrank,resp__grating_left__b07,8,M224,30,-0.08855641481172105,0.09613934494777755,0.11546162402669634,0.5866925009527256,1.043339069915299,6.139113587898522,-0.18336138595533888,0.61,0.7268565206723101,0.25003875942428716
shared_fullrank,resp__grating_left__b05,8,M224,30,-0.10499715828972045,-0.12686976820273455,-0.060734149054505006,0.498180600818041,1.0511884504168225,-20.666132809023757,1.710103843305856,0.46,0.5835222672064777,0.2504020484280446
shared_fullrank,feat__evoked_grating_right,8,M224,30,-0.11808267999265332,-0.13881974263707852,-0.13948832035595105,0.4055431686306372,1.0573942878570195,-11.29860623778293,2.140168997565872,0.45999999999999996,0.6304800806348794,0.2516162926177321
shared_fullrank,feat__evoked_grating_left,8,M224,30,-0.03412134699765201,-0.006524046469708316,0.0135706340378198,0.5315307855618489,1.016917571387992,-0.5083387286790426,0.30743776946604895,0.5599999999999999,0.6704012705560692,0.2510690818934376
shared_fullrank,resp__grating_up__b07,8,M224,30,-0.020189194912473507,0.3565722981848252,0.24093437152391545,0.4151370717560484,1.0100441549320869,22.834350391639514,-2.9156973369295014,0.61,0.6952372575824588,0.25060190337946964
shared_fullrank,resp__checkerboard__b10,8,M224,30,-0.12997181763798182,0.24974793388370434,0.2805339265850945,0.5797142652439496,1.0630013253227775,55.764128144889,-1.4938914334896771,0.66,0.6900702075702075,0.24986594434745674
shared_fullrank,resp__grating_down__b06,8,M224,30,-0.08456570117952822,-0.008631536085800647,0.056729699666295874,0.5373713303383767,1.041424841829466,-1.2316502905906264,0.1438708340016606,0.56,0.6651388888888888,0.24988741491583707
shared_fullrank,feat__evoked_grating_down,8,M224,30,-0.10191954620651456,0.09646191216831304,0.18264738598442715,0.4802722815244733,1.0497235570408594,15.088793076860451,-0.6475013422848364,0.61,0.5814736652236653,0.25007248257571746
shared_fullrank,resp__grating_up__b09,8,M224,30,-4.79617915132291e-05,0.07891408464658918,-0.020689655172413793,0.5264422144643984,1.0000239806082218,9.264344132849162,-0.18609582894537974,0.48000000000000004,0.6372674109516214,0.24998994419542525
shared_fullrank,feat__evoked_grating_up,8,M224,30,0.001523542513854781,0.17371428573435954,0.0389321468298109,0.3695679822927097,0.9992379383741117,32.3870474060436,-4.525558178545955,0.44999999999999996,0.5306545741839859,0.25131525143949157
shared_fullrank,resp__grating_left__b08,8,M224,30,-0.14534572564623027,0.016746389343249485,0.12614015572858733,0.519072929058934,1.0702082627443268,1.5061932100297175,0.18383971319473177,0.5700000000000001,0.687923976608187,0.24991231967501898
shared_fullrank,resp__grating_down__b08,8,M224,30,-0.09207663948930889,-0.09898602029635553,-0.00778642936596218,0.47484107764045225,1.0450247075975327,-9.43161852797971,0.008018457461553415,0.5700000000000001,0.6436874236874236,0.24987454229471368
shared_RRR_selected,resp__checkerboard__b04,8,M224,30,-0.025190655533386286,0.2302456711078523,0.18264738598442715,0.9468793256748739,1.0125169902443052,32.241165807969075,-14.11038531347088,0.65,0.643107769423559,0.2618595674338606
shared_RRR_selected,resp__checkerboard__b06,8,M224,30,-0.014466209676852193,-0.37900141422775174,-0.32146829810900995,0.8613786585169952,1.0072071334521278,-36.91546521465333,16.307990213060794,0.28,0.4210343874391862,0.2618470586574474
shared_RRR_selected,resp__checkerboard__b07,8,M224,30,-0.009209244789045945,0.06537035353119972,0.1870967741935484,0.8337564397444104,1.0045940696565185,11.815721114791375,-3.8464798414576005,0.61,0.5900874074326088,0.25792847960706805
shared_RRR_selected,feat__glm_label,8,M224,30,-0.051583932041729064,-0.25522784935682574,-0.2903785498203571,0.8407723161773781,1.0254676650395804,-20.364604055154402,14.260762152630265,0.20361990950226241,0.45871343306324686,0.25520519856328133
shared_RRR_selected,resp__checkerboard__b05,8,M224,30,-0.018508544963465434,0.0017465164536930675,-0.11857619577308119,0.9947060668315779,1.0092118434518422,0.6481868994573248,0.2543951864791153,0.4,0.4864316239316239,0.257253742290236
shared_RRR_selected,feat__evoked_checkerboard,8,M224,30,-0.0075785721562644515,-0.048190988462160085,0.11056729699666296,0.7063912450395907,1.0037821338100537,-12.87768198218246,5.196004406921755,0.5700000000000001,0.6078732378732379,0.25830848420089847
shared_RRR_selected,resp__grating_right__b08,8,M224,30,-0.3112268985609463,-0.07882405378431857,0.023359288097886538,0.7877967448982776,1.1450881619163418,-11.914737928874027,1.719236063263173,0.46,0.6384795321637426,0.25057146370388134
shared_RRR_selected,resp__checkerboard__b08,8,M224,30,-0.04602053142104312,0.3293033015568883,0.3299221357063403,0.7944684181280539,1.022751451439226,80.19410256866436,-17.17563475362612,0.73,0.707012987012987,0.2526455338218104
shared_RRR_selected,resp__checkerboard__b03,8,M224,30,-0.7094916046292987,0.08648731937390572,0.060734149054505006,0.41774054034944635,1.3074752787832353,10.853715619461786,-2.9988142720966153,0.5599999999999999,0.5675840336134454,0.2547238353787594
shared_RRR_selected,resp__grating_left__b06,8,M224,30,-0.1347522363043585,0.07252501706429659,0.0028921023359288096,0.7007784135450527,1.0652475000225807,6.319659869151961,-0.21855371699777518,0.48,0.5887254901960783,0.25050464330814515
shared_RRR_selected,resp__grating_right__b06,8,M224,30,-0.1280769039838583,-0.08836392765974513,-0.03314794215795328,0.37823965403001336,1.0621096478160146,-11.829586483117343,1.8667709500302538,0.52,0.545999926286304,0.25115895370876207
shared_RRR_selected,resp__grating_right__b07,8,M224,30,-0.2893166482139271,0.024498763154502796,0.05850945494994438,0.49379204931635434,1.135480800460284,2.2426389929253476,0.0795102066833819,0.5700000000000001,0.66135101010101,0.250768623548291
shared_RRR_selected,resp__grating_left__b04,8,M224,30,-0.04663572454945064,-0.23484321391879,-0.1897664071190211,0.38031771840740913,1.0230521612065784,-24.02445856260886,3.6616262219739535,0.33,0.4713226694186446,0.25170451696309204
shared_RRR_selected,resp__checkerboard__b09,8,M224,30,-0.10825209576906913,0.2831371877328563,0.2631813125695217,0.6835625856263549,1.0527355298312437,77.2497594082578,-7.383133070196006,0.5800000000000001,0.5522957516339869,0.25055857671020637
shared_RRR_selected,resp__grating_down__b05,8,M224,30,-0.006391480121778814,-0.08914754411710887,0.09098998887652948,0.526044112937703,1.003190649937378,-12.856477834778229,0.9421351233776423,0.65,0.6899908424908424,0.25004507648855645
shared_RRR_selected,resp__grating_right__b09,8,M224,30,-0.22855887508051542,-0.08771668206836344,-0.059844271412680755,0.6321117970118956,1.1084037509321751,-24.726998855071788,1.274858205410491,0.47,0.5303446115288221,0.25012719100210157
shared_RRR_selected,resp__grating_up__b06,8,M224,30,-0.16878411065907328,-0.03299634840356463,-0.04160177975528365,0.3589119582984112,1.0811031914942595,-4.90090152689272,0.7965414278812313,0.49,0.5167848766300779,0.25157049818364624
shared_RRR_selected,resp__grating_up__b05,8,M224,30,-0.01692483727578664,-0.25537129296538597,-0.31701890989988873,0.4267083366234354,1.008426912213169,-18.963985289678313,2.8884180694572903,0.31,0.41718749087170137,0.25180935208408617
shared_RRR_selected,resp__grating_up__b08,8,M224,30,0.000582805690362842,0.18409801913626994,0.041156840934371525,0.5674243568877831,0.9997085546846326,26.579628946151974,-1.9738790725751478,0.5499999999999999,0.6646661181955299,0.2502783513654296
shared_RRR_selected,resp__grating_right__b05,8,M224,30,-0.16839874719825376,0.05907915508693454,0.11768631813125695,0.3410894549974338,1.0809249498453877,4.457883058225821,-0.12837943057654927,0.67,0.7354411764705882,0.25005485570066455
shared_RRR_selected,resp__grating_left__b07,8,M224,30,-0.08851808251386206,0.09737246600409732,0.10700778642936595,0.5866821710013426,1.0433206997437854,6.217753213915307,-0.1887656141392245,0.6,0.7068565206723101,0.25003574310694215
shared_RRR_selected,resp__grating_left__b05,8,M224,30,-0.10496937441998111,-0.12541592940094207,-0.07853170189098999,0.4981743376924649,1.0511752348776018,-20.45866212971745,1.6953023542241261,0.45,0.5668556005398111,0.2503988524926447
shared_RRR_selected,feat__evoked_grating_right,8,M224,30,-0.11798497857717738,-0.13468321296887648,-0.14304783092324808,0.4055254494547954,1.0573480877067767,-10.948222704728776,2.082897501376281,0.45999999999999996,0.6304800806348794,0.2516114252087876
shared_RRR_selected,feat__evoked_grating_left,8,M224,30,-0.03414324364669663,-0.006810202199190232,0.014905450500556172,0.531536412890543,1.0169283375177902,-0.5305514431208066,0.31053944252971893,0.5599999999999999,0.6704012705560692,0.25107115458964174
shared_RRR_selected,resp__grating_up__b07,8,M224,30,-0.020209307702426793,0.3562684028331449,0.2462736373748609,0.41514116390072886,1.0100541112744539,22.818605079414354,-2.913883433282774,0.61,0.6952372575824588,0.25060487885758415
shared_RRR_selected,resp__checkerboard__b10,8,M224,30,-0.1299682741713042,0.24944985422973148,0.2756395995550612,0.5797133562833191,1.0629996585941615,55.49996622784769,-1.4856624712819255,0.66,0.6900702075702075,0.24986734418619788
shared_RRR_selected,resp__grating_down__b06,8,M224,30,-0.08455892179968938,-0.007533171155322392,0.04827586206896552,0.5373696508412048,1.0414215869664358,-1.0746213447621946,0.14428702329504492,0.56,0.6651388888888888,0.24988611253662865
shared_RRR_selected,feat__evoked_grating_down,8,M224,30,-0.10190189798961691,0.0967773153795185,0.18531701890989988,0.4802684355162229,1.0497151508812363,15.141570104190558,-0.6506269580817715,0.62,0.5884181096681097,0.25007188934831964
shared_RRR_selected,resp__grating_up__b09,8,M224,30,-4.4904886457919346e-05,0.07907515421167598,-0.015350389321468297,0.5264414098604404,1.0000224521911785,9.284162384293825,-0.1866169239832868,0.48000000000000004,0.6372674109516214,0.24998913819791033
shared_RRR_selected,feat__evoked_grating_up,8,M224,30,0.0015472839908814429,0.17539594519668705,0.034037819799777526,0.3695635885276624,0.9992260585118458,32.611063434950495,-4.558142472418984,0.43999999999999995,0.5277305975757988,0.2513147931643452
shared_RRR_selected,resp__grating_left__b08,8,M224,30,-0.14536506061783405,0.015452791571216259,0.12614015572858733,0.5190773103639684,1.0702172959814442,1.3890981951792944,0.18411568669343475,0.5700000000000001,0.687923976608187,0.24991421515928672
shared_RRR_selected,resp__grating_down__b08,8,M224,30,-0.09206863234258034,-0.09864890246465866,-0.00778642936596218,0.47483933686099905,1.0450208765104076,-9.40522304386942,0.008339571809056935,0.5700000000000001,0.6436874236874236,0.24987448611841315
