dataset,target,model,block,n_core_metrics_present,n_core_metrics_positive,positive_metric_fraction,min_held_coverage,mean_held_direction_consistency,max_held_units,delta_r2,held_positive_fraction_r2,n_held_r2,delta_pearson,held_positive_fraction_pearson,n_held_pearson,delta_spearman,held_positive_fraction_spearman,n_held_spearman,delta_nrmse,held_positive_fraction_nrmse,n_held_nrmse,delta_auroc,held_positive_fraction_auroc,n_held_auroc,delta_auprc,held_positive_fraction_auprc,n_held_auprc,delta_brier,held_positive_fraction_brier,n_held_brier
zhao2026,resp__checkerboard__b00,Ridge,atlas,7,7,1.0,1.0,0.9047619047619049,6,0.0009752707181228,1.0,6,0.0940441078382253,0.8333333333333334,6,0.2125675939024103,1.0,6,0.0004785832764295,1.0,6,0.1503378264886201,1.0,6,0.1324627951152289,0.8333333333333334,6,3.789398264335738e-05,0.6666666666666666,6
zhao2026,resp__checkerboard__b00,Ridge,measured+atlas,7,7,1.0,1.0,0.9047619047619049,6,0.0009153406430496,1.0,6,0.0805376293209805,0.8333333333333334,6,0.2058116081586604,1.0,6,0.0004493145226677,1.0,6,0.1629904677920551,1.0,6,0.1287298880699968,0.8333333333333334,6,4.900582389609961e-05,0.6666666666666666,6
xu2020,resp__Eat-Hed__b15,Lasso,measured+atlas,7,7,1.0,1.0,0.9047619047619048,3,0.013992814725249,1.0,3,0.0119991462846835,0.6666666666666666,3,0.0254684336103616,0.6666666666666666,3,0.0072064946275603,1.0,3,0.025816143579863,1.0,3,0.0173697452832666,1.0,3,0.0020860960925417,1.0,3
zhao2026,resp__checkerboard__b04,PLS,atlas,7,7,1.0,1.0,0.880952380952381,6,4.819397908587102,0.8333333333333334,6,0.1455699898214433,0.6666666666666666,6,0.2258783419851273,1.0,6,0.8213672729571474,0.8333333333333334,6,0.1414845259091291,1.0,6,0.0772302863561033,0.8333333333333334,6,0.0391617287498215,1.0,6
zhao2026,resp__checkerboard__b10,Lasso,atlas,5,5,1.0,1.0,0.8666666666666666,6,0.0719427750175116,0.8333333333333334,6,,,0,,,0,0.0326425991524544,0.8333333333333334,6,0.1241943814562862,0.8333333333333334,6,0.1981177278387829,1.0,6,0.0024885680380228,0.8333333333333334,6
shainer2025,feat__rs_dimmax,PLS,atlas,7,7,1.0,1.0,0.8333333333333334,6,0.0223430798633106,1.0,6,0.0289865288300484,0.8333333333333334,6,0.0124654285227019,0.6666666666666666,6,0.0101933627855908,1.0,6,0.0202185228401156,0.6666666666666666,6,0.0144243923454367,0.6666666666666666,6,0.0005441394361525,1.0,6
zhao2026,resp__checkerboard__b03,PLS,atlas,7,7,1.0,1.0,0.8333333333333333,6,0.2450564067694458,0.8333333333333334,6,0.3443550805104368,0.8333333333333334,6,0.2121195734599516,0.8333333333333334,6,0.1689774134681465,0.8333333333333334,6,0.1822345049130763,0.8333333333333334,6,0.1423448705047616,0.8333333333333334,6,0.0172491891779867,0.8333333333333334,6
zhao2026,feat__evoked_checkerboard,Ridge,measured+atlas,7,7,1.0,1.0,0.8333333333333333,6,0.0974124698659677,1.0,6,0.0933922392166882,0.8333333333333334,6,0.1121444013490732,0.5,6,0.0428566024418275,1.0,6,0.0897502519526328,0.8333333333333334,6,0.0757770920679417,0.8333333333333334,6,0.0043951423196774,0.8333333333333334,6
bugeon2022,feat__speed_r,PLS,measured+atlas,7,7,1.0,1.0,0.8214285714285714,4,0.0471544994796132,1.0,4,0.0234826241704026,0.75,4,0.0191141054573026,0.75,4,0.0194510466510387,1.0,4,0.0110834062932304,0.75,4,0.0041635307862414,0.5,4,0.0002753396134744,1.0,4
bugeon2022,feat__pupil_r,PLS,measured+atlas,7,7,1.0,1.0,0.8214285714285714,4,0.0311837005619563,1.0,4,0.015396770788593,0.75,4,0.0082232519272612,0.5,4,0.0131620207509497,1.0,4,0.0108700661159393,0.5,4,0.010811003276642,1.0,4,0.0002383477633685,1.0,4
zhao2026,resp__checkerboard__b05,Ridge,atlas,7,7,1.0,1.0,0.8095238095238095,6,0.0155803485098051,1.0,6,0.1401267348169612,0.8333333333333334,6,0.0988643532136302,0.6666666666666666,6,0.007535551843152,1.0,6,0.1059139581758629,0.8333333333333334,6,0.0828509988559009,0.6666666666666666,6,0.0007255281361117,0.6666666666666666,6
zhao2026,resp__checkerboard__b05,Ridge,measured+atlas,7,7,1.0,1.0,0.8095238095238095,6,0.0087935660783862,0.8333333333333334,6,0.0894933407983892,0.8333333333333334,6,0.0686203231531374,0.8333333333333334,6,0.0041842845229805,0.8333333333333334,6,0.0643078651213571,0.8333333333333334,6,0.0635150775755351,0.6666666666666666,6,0.0004905738327053,0.8333333333333334,6
shainer2025,feat__regsc_dot_small_ccw,Ridge,measured+atlas,7,7,1.0,1.0,0.8095238095238095,6,0.0095924370236439,0.8333333333333334,6,0.0244506432935559,1.0,6,0.0178714844742285,0.6666666666666666,6,0.0042823645613111,0.8333333333333334,6,0.0220385256183644,0.6666666666666666,6,0.0104255588486872,0.6666666666666666,6,0.0001108907764972,1.0,6
shainer2025,feat__snr,Ridge,measured+atlas,7,7,1.0,1.0,0.8095238095238094,6,0.0047150043523031,0.6666666666666666,6,0.0274385489994428,0.8333333333333334,6,0.0274690458962654,1.0,6,0.0023005729112556,0.6666666666666666,6,0.0220480469754236,0.8333333333333334,6,0.0177449921566087,0.8333333333333334,6,2.8135516913913028e-05,0.8333333333333334,6
zhao2026,resp__checkerboard__b01,Ridge,atlas,7,7,1.0,1.0,0.7857142857142857,6,0.0004973509308081,1.0,6,0.1413921736381067,0.6666666666666666,6,0.1425518939923834,0.5,6,0.0002460185362586,1.0,6,0.1024033131771227,0.6666666666666666,6,0.0939413630165325,0.6666666666666666,6,3.103419495601815e-05,1.0,6
shainer2025,feat__dff,PLS,measured+atlas,7,7,1.0,1.0,0.761904761904762,6,0.0085521826137927,0.8333333333333334,6,0.0191946885844189,0.6666666666666666,6,0.0272796618365107,0.8333333333333334,6,0.0040192666687594,0.8333333333333334,6,0.0176570942036316,0.6666666666666666,6,0.0113126132072228,0.8333333333333334,6,0.0034819591440173,0.6666666666666666,6
zhao2026,feat__evoked_checkerboard,Ridge,atlas,7,7,1.0,1.0,0.7619047619047619,6,0.1159063210745619,0.8333333333333334,6,0.1203279158719833,0.6666666666666666,6,0.1313004850379711,0.5,6,0.0509830960985649,0.8333333333333334,6,0.1013654782900814,0.8333333333333334,6,0.0819680153421983,0.8333333333333334,6,0.0040434498980909,0.8333333333333334,6
shainer2025,feat__dff,Ridge,atlas,7,7,1.0,1.0,0.7619047619047619,6,0.0088021076413015,0.6666666666666666,6,0.0321550198048264,0.8333333333333334,6,0.0294058057616319,0.8333333333333334,6,0.0046891825768844,0.6666666666666666,6,0.0128349486803337,0.6666666666666666,6,0.002061475886932,0.8333333333333334,6,0.0021958445069752,0.8333333333333334,6
mclachlan2025,feat__dAIC_slope_ang_acc_pos,PLS,atlas,7,7,1.0,1.0,0.75,4,3.4350633817024736,0.5,4,0.0032596918137746,0.5,4,0.06735290330946,1.0,4,0.6119813505371168,0.5,4,0.0362015077198398,1.0,4,0.042415785270847,1.0,4,0.0148519070163433,0.75,4
mclachlan2025,feat__dAIC_median_ang_acc_neg,PLS,atlas,7,7,1.0,1.0,0.75,4,1.6910834804084622,1.0,4,0.1175286792645029,1.0,4,0.0551776586130533,0.75,4,0.4044998304176619,1.0,4,0.0355790584699068,0.5,4,0.0330498560425803,0.5,4,0.0108494915309788,0.5,4
mclachlan2025,feat__dAIC_ang_acc_neg,PLS,atlas,7,7,1.0,1.0,0.75,4,1.7685131290463425,0.75,4,0.0612254131380722,1.0,4,0.0366788893968055,0.5,4,0.4264159977390108,0.75,4,0.0288986940763312,0.75,4,0.0365528428732199,0.75,4,0.0059408761481106,0.75,4
bugeon2022,mi__running_vs_stat_sync,PLS,measured+atlas,7,7,1.0,1.0,0.75,4,0.0223925378842195,1.0,4,0.0119001152932347,0.75,4,0.0084578042326346,0.5,4,0.012148886479217,1.0,4,0.0094120077956166,0.75,4,0.014995032890525,1.0,4,0.0001390280518654,0.25,4
zhao2026,resp__checkerboard__b01,Ridge,measured+atlas,7,7,1.0,1.0,0.7380952380952381,6,0.0003536126267224,0.8333333333333334,6,0.1314119285594696,0.6666666666666666,6,0.1539249390250502,0.5,6,0.0001745780305902,0.8333333333333334,6,0.1110436088015452,0.6666666666666666,6,0.106012660585029,0.6666666666666666,6,3.632287184661872e-05,1.0,6
shainer2025,feat__rs_dotmax,Ridge,measured+atlas,7,7,1.0,1.0,0.738095238095238,6,0.0067231546751228,0.6666666666666666,6,0.0163812683946048,0.8333333333333334,6,0.0473872784301894,0.6666666666666666,6,0.0032224387784877,0.6666666666666666,6,0.0346042161314698,0.6666666666666666,6,0.0330560683057481,0.8333333333333334,6,5.628127967653255e-05,0.8333333333333334,6
xu2020,resp__Eat-Hed__b14,Lasso,measured+atlas,7,7,1.0,1.0,0.7142857142857143,3,0.0057581667113183,0.6666666666666666,3,0.0040033298552923,0.6666666666666666,3,0.0100729330935903,0.6666666666666666,3,0.0031308819329653,0.6666666666666666,3,0.0116085412159725,1.0,3,0.0064913164501099,0.6666666666666666,3,0.0007499627101121,0.6666666666666666,3
zhao2026,resp__grating_up__b00,Ridge,atlas,7,7,1.0,1.0,0.6904761904761906,6,0.058823680515864,0.8333333333333334,6,0.1291501295513361,0.6666666666666666,6,0.0853198632620212,0.5,6,0.028748676636601,0.8333333333333334,6,0.0806128747795414,0.6666666666666666,6,0.0587506423231151,0.6666666666666666,6,0.0009740493706183,0.6666666666666666,6
zhao2026,resp__grating_up__b00,Ridge,measured+atlas,7,7,1.0,1.0,0.6904761904761906,6,0.0175515581365594,0.8333333333333334,6,0.1040655224544543,0.5,6,0.0448110938211049,0.5,6,0.0092198925936232,0.8333333333333334,6,0.0375676072898295,0.8333333333333334,6,0.0106360457333784,0.6666666666666666,6,0.0004127423939597,0.6666666666666666,6
zhao2026,resp__grating_up__b01,PLS,atlas,7,7,1.0,1.0,0.6904761904761905,6,0.1704083052197318,0.6666666666666666,6,0.0175423641245154,0.6666666666666666,6,0.0497184667596235,0.6666666666666666,6,0.0681615457082646,0.6666666666666666,6,0.0459453472747123,0.5,6,0.0909082704997737,0.8333333333333334,6,0.0020070558756804,0.8333333333333334,6
mclachlan2025,feat__sigfrac_ang_acc_neg,Ridge,measured+atlas,7,7,1.0,1.0,0.6785714285714286,4,0.0226340753441817,0.75,4,0.0013611465881306,0.5,4,0.0296474496491383,0.75,4,0.0102547962306099,0.75,4,0.019396975577475,0.75,4,0.0030907208737313,0.75,4,0.0002914944556063,0.5,4
mclachlan2025,feat__dAIC_delta_lateearly_ang_acc_pos,Ridge,measured+atlas,7,7,1.0,1.0,0.6785714285714286,4,0.0787968762533351,0.75,4,0.0291000745522408,0.75,4,0.0158782399170133,0.75,4,0.0330448139584864,0.75,4,0.0060239853492063,0.5,4,0.0155926432559962,0.5,4,0.0261412444469334,0.75,4
zhao2026,resp__grating_up__b00,PLS,atlas,7,7,1.0,1.0,0.6666666666666667,6,0.209732188058866,0.8333333333333334,6,0.105560467172088,0.6666666666666666,6,0.1204254693520544,0.5,6,0.0838015623846299,0.8333333333333334,6,0.0632692953724699,0.5,6,0.0609700614729731,0.6666666666666666,6,0.0054365881388619,0.6666666666666666,6
shainer2025,feat__regsc_dot_small_ccw,Ridge,atlas,7,7,1.0,1.0,0.6666666666666667,6,0.0178937041061119,0.8333333333333334,6,0.0303892203810738,0.8333333333333334,6,0.0086238651336821,0.3333333333333333,6,0.0080928851881877,0.8333333333333334,6,0.0154240479578836,0.5,6,0.0026778333433224,0.5,6,0.00016044071904,0.8333333333333334,6
zhao2026,resp__grating_up__b02,PLS,atlas,7,7,1.0,1.0,0.6666666666666666,6,0.2654425462277696,0.6666666666666666,6,0.0810007110724626,0.6666666666666666,6,0.0456056587091069,0.6666666666666666,6,0.1132145719192715,0.6666666666666666,6,0.0233001595700008,0.5,6,0.0141506671780886,0.6666666666666666,6,0.0056656953681341,0.8333333333333334,6
shainer2025,feat__rs_dimmax,Ridge,measured+atlas,7,7,1.0,1.0,0.6666666666666666,6,0.0016081606927693,0.6666666666666666,6,0.0216600715957811,0.8333333333333334,6,0.0084270110927065,0.5,6,0.0013799111865377,0.6666666666666666,6,0.0052866084767696,0.5,6,0.0037003681544828,0.6666666666666666,6,0.000246620795966,0.8333333333333334,6
mclachlan2025,feat__sigfrac_ang_acc_pos,PLS,atlas,7,7,1.0,1.0,0.6428571428571429,4,0.708383255789999,0.5,4,0.0353766838966132,0.75,4,0.0230333403850883,0.5,4,0.2334985171637599,0.5,4,0.0143106918226521,0.75,4,0.0074894820600788,0.75,4,0.0017817664454059,0.75,4
shainer2025,feat__regsc_loom,PLS,atlas,7,7,1.0,1.0,0.6428571428571429,6,0.0148971962493662,0.6666666666666666,6,0.0358985660736919,0.6666666666666666,6,0.0218688259906772,0.6666666666666666,6,0.0072569154513484,0.6666666666666666,6,0.0156805509019216,0.5,6,0.0015109293848004,0.5,6,0.000217021550794,0.8333333333333334,6
zhao2026,resp__checkerboard__b04,Ridge,atlas,7,7,1.0,1.0,0.6190476190476192,6,0.005688154191093,0.8333333333333334,6,0.189160851043809,0.6666666666666666,6,0.1050909680275642,0.6666666666666666,6,0.0021900455980263,0.8333333333333334,6,0.0026360544217686,0.3333333333333333,6,0.0195063535042464,0.3333333333333333,6,0.0003021595177912,0.6666666666666666,6
shainer2025,feat__rs_dotmax,PLS,atlas,7,7,1.0,1.0,0.619047619047619,6,0.0185375276982685,0.5,6,0.0047146797981338,0.5,6,0.0268757379276175,0.6666666666666666,6,0.0088676821241031,0.5,6,0.0172296795512474,0.6666666666666666,6,0.008877942856492,0.8333333333333334,6,7.980153866722628e-05,0.6666666666666666,6
mclachlan2025,feat__sigfrac_ang_acc_pos,Ridge,atlas,7,7,1.0,1.0,0.6071428571428571,4,0.3441284224132139,0.5,4,0.0222913308031783,0.75,4,0.0132317904557387,0.75,4,0.1265193718818913,0.5,4,0.0081343621218683,0.75,4,0.000616333422611,0.5,4,0.0009111223339093,0.5,4
shainer2025,feat__regsc_loom,PLS,measured+atlas,7,7,1.0,1.0,0.5952380952380952,6,0.0002572451315056,0.5,6,0.0262824754975366,0.8333333333333334,6,0.0163531861881252,0.5,6,0.0001777528860544,0.5,6,0.012555016833068,0.3333333333333333,6,0.0025063104893225,0.5,6,0.0002535677281402,1.0,6
zhao2026,resp__checkerboard__b01,PLS,atlas,7,7,1.0,1.0,0.5952380952380951,6,0.5274739774063478,0.6666666666666666,6,0.1887122381623464,0.5,6,0.2255518913583429,0.6666666666666666,6,0.2035327740368618,0.6666666666666666,6,0.1728310027714789,0.6666666666666666,6,0.1609786123767154,0.6666666666666666,6,0.0046465414942069,0.3333333333333333,6
zhao2026,resp__checkerboard__b00,PLS,atlas,7,7,1.0,1.0,0.5952380952380951,6,0.2766883149288286,0.6666666666666666,6,0.1026479527079436,0.6666666666666666,6,0.1142357955149946,0.6666666666666666,6,0.1108860374001571,0.6666666666666666,6,0.0847393340052069,0.5,6,0.0638856832815688,0.5,6,0.0053133180788736,0.5,6
zhao2026,resp__checkerboard__b01,PLS,measured+atlas,7,7,1.0,1.0,0.5952380952380951,6,0.2136593919982838,0.5,6,0.1146175738390586,0.6666666666666666,6,0.0908541553202287,0.6666666666666666,6,0.0714041573526095,0.5,6,0.0724674561182497,0.5,6,0.1117081848324783,0.8333333333333334,6,0.0038323499759987,0.5,6
condylis2022,resp__task_CW__b04,Ridge,atlas,7,7,1.0,1.0,0.5873015873015872,9,0.0009288689177082,0.7777777777777778,9,0.0011035384172623,0.6666666666666666,9,0.006029174121863,0.4444444444444444,9,0.0004303188678978,0.7777777777777778,9,0.0033232937097225,0.4444444444444444,9,0.0036103253518858,0.4444444444444444,9,9.698673808240027e-05,0.5555555555555556,9
zhao2026,resp__checkerboard__b04,Ridge,measured+atlas,7,7,1.0,1.0,0.5714285714285714,6,0.0045932805601308,0.6666666666666666,6,0.1311260747011375,0.6666666666666666,6,0.1019459786701166,0.5,6,0.001953496439664,0.6666666666666666,6,0.0159345343075501,0.5,6,0.0015472091452483,0.3333333333333333,6,0.0004110354182346,0.6666666666666666,6
zhao2026,resp__checkerboard__b05,Lasso,atlas,5,5,1.0,1.0,0.5666666666666667,6,0.0027239539237563,0.6666666666666666,6,,,0,,,0,0.0012279302300202,0.6666666666666666,6,0.0298379104728311,0.5,6,0.1096053983146714,0.6666666666666666,6,3.309756113416736e-05,0.3333333333333333,6
mclachlan2025,feat__dAIC_coupling,PLS,atlas,7,7,1.0,1.0,0.5357142857142857,4,0.671607286847449,0.25,4,0.0007521575991795,0.75,4,0.0002722483318332,0.5,4,0.1254955624603961,0.25,4,0.0064629452974048,0.5,4,0.0083192054911739,0.75,4,0.0135850349406799,0.75,4
shainer2025,feat__regsc_dot_large_cw,PLS,measured+atlas,7,7,1.0,1.0,0.5238095238095238,6,0.0007138650726978,0.5,6,0.0411898574203898,0.6666666666666666,6,0.0399097008234194,0.3333333333333333,6,0.0003085946486252,0.5,6,0.0238447339351647,0.5,6,0.0070139531269601,0.5,6,4.063213993431292e-05,0.6666666666666666,6
condylis2022,resp__task_CW__b15,Lasso,measured+atlas,7,7,1.0,1.0,0.5238095238095237,9,0.0014906726788492,0.4444444444444444,9,0.0100682747925651,0.5555555555555556,9,0.0152968797046761,0.5555555555555556,9,0.0007626023455574,0.4444444444444444,9,0.0118008668350785,0.5555555555555556,9,0.0099933102934686,0.6666666666666666,9,5.6612063821943735e-05,0.4444444444444444,9
condylis2022,resp__task_CW__b04,Lasso,atlas,7,7,1.0,1.0,0.4761904761904763,9,0.0006015549613017,0.4444444444444444,9,0.0033214253954382,0.6666666666666666,9,0.0025262913571846,0.4444444444444444,9,0.0006315682000002,0.4444444444444444,9,0.0195713248302537,0.4444444444444444,9,0.0139460111041083,0.3333333333333333,9,0.0004407474020945,0.5555555555555556,9
condylis2022,resp__task_CW__b10,Ridge,atlas,7,7,1.0,1.0,0.46031746031746035,9,0.0017644687045374,0.6666666666666666,9,0.0057465562823064,0.6666666666666666,9,0.0017584600744676,0.2222222222222222,9,0.0008972160130807,0.6666666666666666,9,0.0023848028056612,0.2222222222222222,9,0.0018447644845988,0.2222222222222222,9,4.244845517073184e-05,0.5555555555555556,9
condylis2022,resp__task_CW__b10,Ridge,measured+atlas,7,7,1.0,1.0,0.46031746031746035,9,0.0014715752079453,0.6666666666666666,9,0.004482300780317,0.6666666666666666,9,0.0015127086361159,0.2222222222222222,9,0.0007466673507757,0.6666666666666666,9,0.0004609348766367,0.2222222222222222,9,0.0009837818789125,0.2222222222222222,9,5.105770023362976e-05,0.5555555555555556,9
condylis2022,resp__task_CW__b15,Lasso,atlas,7,7,1.0,1.0,0.36507936507936506,9,5.776121736415322e-05,0.4444444444444444,9,0.0060091515602835,0.4444444444444444,9,0.0010360757613576,0.2222222222222222,9,5.188000740332901e-05,0.4444444444444444,9,0.0026226054775517,0.2222222222222222,9,0.0047353175292808,0.3333333333333333,9,1.12012022821733e-05,0.4444444444444444,9
condylis2022,resp__task_CW__b08,PLS,atlas,7,7,1.0,1.0,0.3333333333333333,9,1.2335811384723961e-17,0.3333333333333333,9,1.4475303671762023e-16,0.5555555555555556,9,0.000491108855115,0.3333333333333333,9,1.2335811384723961e-17,0.3333333333333333,9,8.991730327446218e-05,0.3333333333333333,9,0.0007992315831128,0.3333333333333333,9,3.0839528461809906e-18,0.1111111111111111,9
zhao2026,resp__checkerboard__b00,Lasso,atlas,5,5,1.0,1.0,0.3333333333333333,6,0.0136045005187121,0.3333333333333333,6,,,0,,,0,0.0066661233486213,0.3333333333333333,6,0.0715020576131687,0.3333333333333333,6,0.0644412338448286,0.3333333333333333,6,0.0008226232625676,0.3333333333333333,6
condylis2022,resp__task_CW__b00,PLS,atlas,7,7,1.0,1.0,0.253968253968254,9,7.401486830834377e-17,0.3333333333333333,9,4.086237521189813e-17,0.6666666666666666,9,0.0012351809565728,0.1111111111111111,9,2.4671622769447922e-17,0.2222222222222222,9,0.0010330578512396,0.1111111111111111,9,0.0007411067193675,0.1111111111111111,9,1.2335811384723961e-17,0.2222222222222222,9
mclachlan2025,feat__sigfrac_ang_acc_neg,Lasso,atlas,5,5,1.0,1.0,0.25,4,0.0123313629761658,0.25,4,,,0,,,0,0.0059569897196995,0.25,4,0.0258133180836192,0.25,4,0.0097365907045053,0.25,4,0.0002300547166692,0.25,4
mclachlan2025,feat__sigfrac_ang_acc_neg,Lasso,measured+atlas,5,5,1.0,1.0,0.25,4,0.0123313629761658,0.25,4,,,0,,,0,0.0059569897196995,0.25,4,0.0258133180836192,0.25,4,0.0097365907045053,0.25,4,0.0002300547166692,0.25,4
zhao2026,resp__checkerboard__b00,Lasso,measured+atlas,5,5,1.0,1.0,0.1666666666666666,6,0.012004211198528,0.1666666666666666,6,,,0,,,0,0.0058640489415967,0.1666666666666666,6,0.029835390946502,0.1666666666666666,6,0.0093817100353048,0.1666666666666666,6,0.0006437418126469,0.1666666666666666,6
shainer2025,feat__baseline,Lasso,measured+atlas,7,7,1.0,0.8333333333333334,0.761904761904762,6,0.0090977701418762,0.8333333333333334,6,0.0359756884786919,1.0,5,0.0305049714538929,1.0,5,0.0044636576176998,0.8333333333333334,6,0.0159830677525893,0.6666666666666666,6,0.0092400940194287,0.3333333333333333,6,9.041945720963952e-05,0.6666666666666666,6
shainer2025,feat__dff,Lasso,atlas,7,7,1.0,0.8333333333333334,0.6761904761904762,6,0.0539453264857926,0.6666666666666666,6,0.0408512748474787,0.6,5,0.0565279223956359,0.8,5,0.0208204601224037,0.6666666666666666,6,0.0323733790391156,0.8333333333333334,6,0.013390728563477,0.6666666666666666,6,0.0009084384769792,0.5,6
shainer2025,feat__baseline,Lasso,atlas,7,7,1.0,0.8333333333333334,0.6761904761904761,6,0.0059344460021903,0.6666666666666666,6,0.0412437794304312,0.6,5,0.0195115674807478,0.8,5,0.0029680503133369,0.6666666666666666,6,0.023937788270328,0.6666666666666666,6,0.0228090771838068,0.5,6,0.0001341680341413,0.8333333333333334,6
shainer2025,feat__regsc_dot_small_ccw,Lasso,atlas,7,7,1.0,0.8333333333333334,0.5761904761904761,6,0.0158631404656653,0.6666666666666666,6,0.059500152364904,0.8,5,0.0152538539127267,0.4,5,0.0075675428873039,0.6666666666666666,6,0.0089132177916406,0.3333333333333333,6,0.0067235876090265,0.3333333333333333,6,0.0001393554547474,0.8333333333333334,6
mclachlan2025,feat__sigfrac_ang_acc_pos,Lasso,atlas,7,7,1.0,0.75,0.5476190476190476,4,0.0233788860702244,0.5,4,0.021053511635293,0.6666666666666666,3,0.0438848898674084,0.6666666666666666,3,0.0109909650673653,0.5,4,0.0239335565122966,0.5,4,0.0173323170741277,0.75,4,5.949295079528405e-05,0.25,4
bugeon2022,feat__mean_activity,Lasso,atlas,7,7,1.0,0.75,0.39285714285714285,4,0.0673425457469449,0.25,4,0.0086794776120483,0.6666666666666666,3,0.0231777220924365,0.3333333333333333,3,0.0297833571789569,0.25,4,0.0055074977460611,0.5,4,0.0061516040215891,0.5,4,5.427853166928287e-10,0.25,4
zhao2026,resp__grating_up__b01,Lasso,measured+atlas,7,7,1.0,0.6666666666666666,0.7380952380952381,6,0.0351028937283088,0.8333333333333334,6,0.1009033375685467,1.0,4,0.0005831670105208,0.5,4,0.0172925632948071,0.8333333333333334,6,0.0304938271604938,0.5,6,0.0535868369883247,0.6666666666666666,6,0.0009054383732243,0.8333333333333334,6
shainer2025,feat__regsc_dim_off,Lasso,atlas,7,7,1.0,0.6666666666666666,0.619047619047619,6,0.0083371601577219,0.6666666666666666,6,0.0203869861211538,0.5,4,0.0019985261970402,0.5,4,0.003714072050833,0.6666666666666666,6,0.0024374402013263,0.6666666666666666,6,0.0102450703175143,0.8333333333333334,6,5.292538422572065e-05,0.5,6
zhao2026,resp__checkerboard__b09,Lasso,atlas,7,7,1.0,0.6666666666666666,0.5952380952380951,6,0.0894763490310594,0.5,6,0.1643601076971386,0.75,4,0.2710051060051059,0.75,4,0.0406808649268807,0.5,6,0.0720875325438817,0.5,6,0.0732854811397061,0.6666666666666666,6,0.0064477574127889,0.5,6
shainer2025,feat__regsc_dot_small_cw,Lasso,measured+atlas,7,7,1.0,0.6666666666666666,0.42857142857142866,6,0.0005393866961066,0.5,6,0.0175310560478927,0.5,4,0.0074875339723582,0.5,4,0.0002697424571343,0.5,6,0.0060176696546674,0.3333333333333333,6,0.0062474527991999,0.3333333333333333,6,5.941764703786452e-06,0.3333333333333333,6
shainer2025,feat__regsc_dot_large_ccw,Lasso,atlas,7,7,1.0,0.6666666666666666,0.4166666666666667,6,0.0216647882473468,0.5,6,0.0399059680554024,0.5,4,0.0162191885764978,0.25,4,0.010454873211908,0.5,6,0.0207598438681028,0.3333333333333333,6,0.0278660611810071,0.3333333333333333,6,0.0001830789197986,0.5,6
mclachlan2025,feat__sigfrac_ang_acc_pos,Lasso,measured+atlas,7,7,1.0,0.5,0.5357142857142857,4,0.0530755256888573,0.5,4,0.0072312684098115,0.5,2,0.0245501204387133,0.5,2,0.025430527676959,0.5,4,0.0444742337950999,0.5,4,0.0298350946855962,0.75,4,0.00085500672974,0.5,4
zhao2026,resp__checkerboard__b06,Lasso,atlas,7,7,1.0,0.3333333333333333,0.8333333333333334,6,0.1274825056166358,0.8333333333333334,6,0.2899799896677254,1.0,2,0.2522805151837409,1.0,2,0.0522712385639307,0.8333333333333334,6,0.0568870202401948,0.6666666666666666,6,0.1174452596894117,0.8333333333333334,6,0.0065722870491172,0.6666666666666666,6
zhao2026,resp__checkerboard__b06,Lasso,measured+atlas,7,7,1.0,0.3333333333333333,0.6666666666666667,6,0.062054073633033,0.5,6,0.2413241762364348,1.0,2,0.2514424519986255,1.0,2,0.0227312674778395,0.5,6,0.0276183127572016,0.5,6,0.0705553685348146,0.5,6,0.0037107227187736,0.6666666666666666,6
shainer2025,feat__rs_dimmax,Lasso,atlas,7,7,1.0,0.16666666666666666,0.8333333333333331,6,0.0418455281780024,0.6666666666666666,6,0.0776237957377888,1.0,1,0.0151631866670011,1.0,1,0.0177232991230132,0.6666666666666666,6,0.0467720217427248,0.8333333333333334,6,0.0380764671312663,0.8333333333333334,6,0.0003476251890521,0.8333333333333334,6
zhao2026,resp__checkerboard__b01,Lasso,atlas,7,7,1.0,0.16666666666666666,0.6666666666666666,6,0.0096535096370879,0.6666666666666666,6,0.0929603238844775,1.0,1,0.1866128602476808,1.0,1,0.0048223996867198,0.6666666666666666,6,0.0744887461157302,0.5,6,0.1101069254430598,0.5,6,0.0016850222219925,0.3333333333333333,6
condylis2022,resp__task_CW__b13,Lasso,measured+atlas,7,7,1.0,0.1111111111111111,0.3650793650793651,9,0.0025109740864685,0.1111111111111111,9,0.0030462233781236,1.0,1,0.0004249710748738,1.0,1,0.0011398481866455,0.1111111111111111,9,0.0001197318007662,0.1111111111111111,9,0.0001490195466565,0.1111111111111111,9,1.28740620561649e-05,0.1111111111111111,9
xu2020,resp__Eat-Hed__b03,PLS,atlas,7,6,0.8571428571428571,1.0,0.8571428571428571,3,0.0443626052751202,1.0,3,0.0033281625185704,0.6666666666666666,3,0.0139503296515724,0.6666666666666666,3,0.0215174510373952,1.0,3,0.0252695009689922,1.0,3,0.0340509928792854,1.0,3,-0.0005755271547785,0.6666666666666666,3
mclachlan2025,feat__sigfrac_ang_acc_neg,PLS,measured+atlas,7,6,0.8571428571428571,1.0,0.75,4,0.1264510017705553,1.0,4,-0.0147974507518117,0.5,4,0.0012092409166204,0.75,4,0.0477898140636984,1.0,4,0.0051980418811333,0.75,4,0.0062819593306956,0.5,4,0.0001726754150984,0.75,4
zhao2026,resp__checkerboard__b06,Ridge,measured+atlas,7,6,0.8571428571428571,1.0,0.738095238095238,6,0.1406981052942359,0.6666666666666666,6,0.0232890000224024,0.8333333333333334,6,-0.0076345302207371,0.6666666666666666,6,0.0599058753046221,0.6666666666666666,6,0.0102971991265642,0.6666666666666666,6,0.0143680898978457,0.8333333333333334,6,0.0052241947178112,0.8333333333333334,6
xu2020,resp__Eat-Hed__b02,Lasso,measured+atlas,7,6,0.8571428571428571,1.0,0.7142857142857143,3,0.0300818666081271,0.6666666666666666,3,0.0170832989365618,1.0,3,0.0295370835799395,1.0,3,0.0147545720489663,0.6666666666666666,3,0.0153144436181719,1.0,3,0.0020413373684544,0.6666666666666666,3,-0.0017661790881064,0.0,3
mclachlan2025,feat__dAIC_median_coupling,PLS,measured+atlas,7,6,0.8571428571428571,1.0,0.6785714285714286,4,1.5470603041225124,0.75,4,0.0362976735798178,0.75,4,0.0034063023096817,0.5,4,0.2897516849573232,0.75,4,0.0009783511291924,0.75,4,0.0055807836332982,0.75,4,-0.0059183691140516,0.5,4
zhao2026,resp__grating_up__b02,Ridge,measured+atlas,7,6,0.8571428571428571,1.0,0.6666666666666667,6,0.0168523010005306,0.8333333333333334,6,0.1811313681085475,0.6666666666666666,6,0.1064676811673474,0.5,6,0.0075955702744876,0.8333333333333334,6,0.0690826824556983,0.6666666666666666,6,0.041353705524795,0.5,6,-0.0002181565516182,0.6666666666666666,6
condylis2022,resp__task_CW__b14,Ridge,measured+atlas,7,6,0.8571428571428571,1.0,0.6507936507936508,9,-3.444814061497819e-05,0.6666666666666666,9,0.0078169516197499,0.7777777777777778,9,0.0129991667212138,0.6666666666666666,9,2.5539050903029053e-05,0.6666666666666666,9,0.0100443074733732,0.5555555555555556,9,0.0051760086724355,0.5555555555555556,9,2.3728793643333788e-05,0.6666666666666666,9
zhao2026,resp__grating_up__b02,Ridge,atlas,7,6,0.8571428571428571,1.0,0.6428571428571429,6,0.0457791079447028,0.6666666666666666,6,0.1705172746738791,0.6666666666666666,6,0.085487419102547,0.6666666666666666,6,0.0207572675314986,0.6666666666666666,6,0.0707236289577559,0.6666666666666666,6,0.0597048052239339,0.5,6,-3.282406089075152e-05,0.6666666666666666,6
mclachlan2025,feat__dAIC_median_ang_acc_neg,PLS,measured+atlas,7,6,0.8571428571428571,1.0,0.6428571428571429,4,0.2243706162528352,0.75,4,0.0350985952425856,1.0,4,0.0161852816382673,0.5,4,0.039858184118622,0.75,4,0.0137482911081645,0.5,4,-0.0006820016299036,0.25,4,0.0074008637521732,0.75,4
xu2020,resp__Eat-Hed__b11,Lasso,measured+atlas,7,6,0.8571428571428571,1.0,0.619047619047619,3,0.0050020374571507,0.6666666666666666,3,-0.0028136857408367,0.3333333333333333,3,0.0042268542250254,0.6666666666666666,3,0.0024528494663202,0.6666666666666666,3,0.0030778355699026,0.6666666666666666,3,0.0063276003171296,0.6666666666666666,3,2.156439670373637e-05,0.6666666666666666,3
mclachlan2025,feat__dAIC_coupling,PLS,measured+atlas,7,6,0.8571428571428571,1.0,0.6071428571428571,4,0.3926050089818664,0.5,4,0.027860047857619,0.75,4,0.0274088960331465,0.75,4,0.0831835300781546,0.5,4,0.0161233934362259,0.75,4,0.0212941719847337,0.75,4,-0.0021345054983406,0.25,4
bugeon2022,feat__pupil_r,Ridge,measured+atlas,7,6,0.8571428571428571,1.0,0.6071428571428571,4,-0.0012801325160961,0.5,4,0.0100079477491351,1.0,4,0.0040329615930234,0.5,4,0.0004352967749899,0.5,4,0.0052032270146664,0.5,4,0.0068606551972723,0.5,4,0.0002475012530131,0.75,4
mclachlan2025,feat__dAIC_median_ang_acc_neg,Ridge,atlas,7,6,0.8571428571428571,1.0,0.6071428571428571,4,0.1053264750051916,0.75,4,0.0612208239415123,1.0,4,0.0018469248529009,0.5,4,0.0443881541423343,0.75,4,0.0026759411880335,0.5,4,0.0274723622198113,0.5,4,-0.0027937911059444,0.25,4
shainer2025,feat__rs_dotmax,Ridge,atlas,7,6,0.8571428571428571,1.0,0.5714285714285714,6,0.0106461687790391,0.5,6,-0.0061542823047597,0.5,6,0.0443188327329838,0.6666666666666666,6,0.0051480927594991,0.5,6,0.0323721977439986,0.6666666666666666,6,0.0121362052672661,0.6666666666666666,6,4.4149845909826256e-05,0.5,6
mclachlan2025,feat__dAIC_early5_ang_acc_pos,PLS,atlas,7,6,0.8571428571428571,1.0,0.5714285714285714,4,2.7523755439674464,0.5,4,-0.0279616753204467,0.5,4,0.0143260651787411,0.5,4,0.5436292150076757,0.5,4,0.0167753731494011,0.5,4,0.0053790044304368,0.5,4,0.0106458095227023,1.0,4
bugeon2022,mi__running_vs_stat_sync,Ridge,measured+atlas,7,6,0.8571428571428571,1.0,0.5714285714285714,4,0.0034443209166904,0.75,4,0.0018444392664309,0.5,4,-0.0007340303988997,0.25,4,0.002109349242866,0.75,4,0.0012978514959148,0.25,4,0.0063114563407383,0.75,4,0.0006257999407642,0.75,4
shainer2025,feat__regsc_grating,PLS,atlas,7,6,0.8571428571428571,1.0,0.5238095238095238,6,0.0062110975941177,0.5,6,0.0037195148191765,0.5,6,-0.0027586195538069,0.5,6,0.0030206054826458,0.5,6,0.0012495252316779,0.5,6,0.0171253094431713,0.3333333333333333,6,0.0002453637927092,0.8333333333333334,6
zhao2026,resp__checkerboard__b02,PLS,measured+atlas,7,6,0.8571428571428571,1.0,0.5238095238095237,6,0.059504766071001,0.5,6,0.0337772940499323,0.5,6,-0.0133038236430895,0.3333333333333333,6,0.0197447857784825,0.5,6,0.0039632149155958,0.5,6,0.0261584684378801,0.6666666666666666,6,0.002539792189872,0.6666666666666666,6
mclachlan2025,feat__sigfrac_ang_acc_pos,Ridge,measured+atlas,7,6,0.8571428571428571,1.0,0.5,4,0.0224797120628659,0.25,4,-0.001589274275315,0.75,4,0.00896543107655,0.75,4,0.0040452329099855,0.25,4,0.0069721971874619,0.75,4,0.0009306241936167,0.5,4,2.971081122227215e-05,0.25,4
zhao2026,resp__checkerboard__b05,PLS,atlas,7,6,0.8571428571428571,1.0,0.49999999999999994,6,0.6217057901743015,0.5,6,-0.0141598853673287,0.3333333333333333,6,0.057610026442062,0.5,6,0.2181062924793657,0.5,6,0.0280846350886033,0.5,6,0.0430361854832037,0.6666666666666666,6,0.0058972690498454,0.5,6
zhao2026,resp__checkerboard__b02,PLS,atlas,7,6,0.8571428571428571,1.0,0.47619047619047616,6,0.3176336805183797,0.5,6,-0.0060934055706772,0.3333333333333333,6,0.0015585722315421,0.5,6,0.1224317938269856,0.5,6,0.0067278701604098,0.3333333333333333,6,0.0203113791273221,0.5,6,0.0037940625615155,0.6666666666666666,6
condylis2022,resp__task_CW__b15,PLS,measured+atlas,7,6,0.8571428571428571,1.0,0.3650793650793651,9,9.868649107779167e-17,0.5555555555555556,9,1.511136894628685e-16,0.6666666666666666,9,0.0009616654497356,0.2222222222222222,9,1.3569392523196361e-16,0.5555555555555556,9,0.0007590633301652,0.2222222222222222,9,0.0006301689537213,0.2222222222222222,9,-6.167905692361981e-18,0.1111111111111111,9
condylis2022,resp__task_CW__b13,PLS,measured+atlas,7,6,0.8571428571428571,1.0,0.3333333333333333,9,8.635067969306772e-17,0.4444444444444444,9,6.360652745248292e-17,0.3333333333333333,9,0.0005231811318251,0.4444444444444444,9,7.401486830834377e-17,0.4444444444444444,9,0.0003387562858326,0.3333333333333333,9,0.0007852226341586,0.3333333333333333,9,-6.167905692361981e-18,0.0,9
condylis2022,resp__task_CW__b00,PLS,measured+atlas,7,6,0.8571428571428571,1.0,0.3174603174603175,9,2.7138785046392723e-16,0.5555555555555556,9,9.714451465470121e-17,0.6666666666666666,9,-7.857116700830869e-05,0.1111111111111111,9,1.2335811384723962e-16,0.5555555555555556,9,0.0001922337562476,0.1111111111111111,9,0.0001288090272919,0.1111111111111111,9,9.251858538542969e-18,0.1111111111111111,9
shainer2025,feat__regsc_dot_large_cw,PLS,atlas,7,6,0.8571428571428571,1.0,0.3095238095238095,6,0.0001900349746637,0.1666666666666666,6,0.0149328677185823,0.3333333333333333,6,0.0158841420092224,0.3333333333333333,6,0.0001250437258123,0.1666666666666666,6,0.0093126421731625,0.3333333333333333,6,-0.0044389925805428,0.3333333333333333,6,2.2629765772830268e-05,0.5,6
condylis2022,resp__task_CW__b08,PLS,measured+atlas,7,6,0.8571428571428571,1.0,0.3015873015873015,9,1.2335811384723961e-17,0.3333333333333333,9,1.6152203031872938e-16,0.4444444444444444,9,0.0013170698991365,0.3333333333333333,9,1.2335811384723961e-17,0.3333333333333333,9,0.001062448962732,0.2222222222222222,9,0.0008306923703876,0.3333333333333333,9,0.0,0.1111111111111111,9
condylis2022,resp__task_CW__b14,PLS,atlas,7,6,0.8571428571428571,1.0,0.28571428571428575,9,9.868649107779167e-17,0.4444444444444444,9,4.011066170564151e-16,0.6666666666666666,9,0.000711032145752,0.2222222222222222,9,4.9343245538895844e-17,0.2222222222222222,9,0.0004174969747755,0.2222222222222222,9,0.0011302459197479,0.1111111111111111,9,-1.2335811384723961e-17,0.1111111111111111,9
shainer2025,feat__regsc_dot_small_ccw,Lasso,measured+atlas,7,6,0.8571428571428571,0.8333333333333334,0.6285714285714287,6,0.0082673438558783,0.6666666666666666,6,0.006814753918398,0.8,5,-0.0051421716108878,0.6,5,0.0040134383898244,0.6666666666666666,6,0.0043395808435422,0.5,6,0.0058972015101772,0.5,6,5.025975397444001e-05,0.6666666666666666,6
bugeon2022,feat__mean_activity,Lasso,measured+atlas,7,6,0.8571428571428571,0.75,0.47619047619047616,4,0.0001286948340205,0.5,4,0.0025759241495445,0.6666666666666666,3,0.0012553610871808,0.6666666666666666,3,5.429783403282373e-05,0.5,4,0.000235066861149,0.5,4,0.0004888009792532,0.5,4,-3.6739580822064966e-10,0.0,4
shainer2025,feat__rs_dotmax,Lasso,measured+atlas,7,6,0.8571428571428571,0.5,0.5476190476190477,6,0.0068804042741609,0.3333333333333333,6,-0.0086507577491955,0.6666666666666666,3,0.0556656202414563,1.0,3,0.0032961690452664,0.3333333333333333,6,0.0175848125708616,0.6666666666666666,6,0.015623690796341,0.3333333333333333,6,1.682722427384653e-05,0.5,6
zhao2026,resp__checkerboard__b09,Lasso,measured+atlas,7,6,0.8571428571428571,0.5,0.5476190476190476,6,0.0805869777136944,0.5,6,-0.0255724487834781,0.6666666666666666,3,0.034057794057794,0.6666666666666666,3,0.0362489773047845,0.5,6,0.0589609053497942,0.5,6,0.0111527452213727,0.5,6,0.0050386649471024,0.5,6
condylis2022,resp__task_CW__b02,Lasso,measured+atlas,7,6,0.8571428571428571,0.2222222222222222,0.3571428571428572,9,0.0044275357154461,0.2222222222222222,9,0.0026827749961089,0.5,2,0.1046261630058476,1.0,2,0.001503405691091,0.2222222222222222,9,0.0036246330996788,0.2222222222222222,9,0.0036011364895761,0.2222222222222222,9,-7.430585113506965e-05,0.1111111111111111,9
shainer2025,feat__rs_dimmax,Lasso,measured+atlas,7,6,0.8571428571428571,0.16666666666666666,0.5952380952380951,6,0.040123074537046,0.5,6,5.551115123125783e-17,1.0,1,0.0,0.0,1,0.0168616191765933,0.5,6,0.0421615247661564,0.6666666666666666,6,0.0351820075814142,0.6666666666666666,6,0.0003238309527905,0.8333333333333334,6
zhao2026,resp__checkerboard__b01,Lasso,measured+atlas,7,6,0.8571428571428571,0.16666666666666666,0.5,6,0.0059874306169392,0.5,6,-0.009935271192394,0.0,1,0.04584362947845,1.0,1,0.0030063786632977,0.5,6,0.0782234189972285,0.5,6,0.097489681575816,0.5,6,0.0015044047758608,0.5,6
condylis2022,resp__task_CW__b07,Lasso,measured+atlas,7,6,0.8571428571428571,0.1111111111111111,0.34920634920634924,9,0.0032892350511085,0.2222222222222222,9,-0.0033535176476242,0.0,1,0.0974491549674249,1.0,1,0.0015665533731634,0.2222222222222222,9,0.0137525564629825,0.3333333333333333,9,0.0050745495706422,0.3333333333333333,9,6.030771423526371e-06,0.3333333333333333,9
condylis2022,resp__task_CW__b13,Lasso,atlas,7,6,0.8571428571428571,0.1111111111111111,0.22222222222222227,9,0.0081481368720794,0.1111111111111111,9,0.0100718058037876,1.0,1,-0.0001185908235251,0.0,1,0.0037385104889658,0.1111111111111111,9,8.670233848593088e-05,0.1111111111111111,9,0.0001237488590167,0.1111111111111111,9,4.408899633745467e-05,0.1111111111111111,9
mclachlan2025,feat__dAIC_slope_ang_acc_pos,Lasso,atlas,5,4,0.8,1.0,0.65,4,0.2115922390806247,1.0,4,,,0,,,0,0.0809273739006877,1.0,4,0.0046476483552418,0.25,4,-0.0263513981693886,0.25,4,0.0021684056729068,0.75,4
shainer2025,feat__peak_dot_size_ccw,Lasso,atlas,5,4,0.8,1.0,0.19999999999999993,6,0.0054619625233736,0.1666666666666666,6,,,0,,,0,0.0026604803063196,0.1666666666666666,6,-0.0048763954294592,0.1666666666666666,6,0.0023943669819037,0.3333333333333333,6,1.1185968094203542e-06,0.1666666666666666,6
zhao2026,resp__checkerboard__b03,PLS,measured+atlas,7,5,0.7142857142857143,1.0,0.7380952380952381,6,-0.3692680100263554,0.6666666666666666,6,0.1596842195862603,1.0,6,0.0756321507767559,0.5,6,-0.054615137941652,0.6666666666666666,6,0.0976955782312925,0.8333333333333334,6,0.0739707167337824,0.8333333333333334,6,0.0107244448208134,0.6666666666666666,6
xu2020,resp__Eat-Hed__b01,PLS,atlas,7,5,0.7142857142857143,1.0,0.7142857142857143,3,0.0388670572269231,1.0,3,0.0242330175339945,0.6666666666666666,3,0.0471808631401613,0.6666666666666666,3,0.0187277551439445,1.0,3,0.0335520607986299,0.6666666666666666,3,-0.0228305894919492,0.3333333333333333,3,-0.0003205289973632,0.6666666666666666,3
xu2020,resp__Eat-Hed__b02,PLS,atlas,7,5,0.7142857142857143,1.0,0.7142857142857142,3,0.043073712777691,1.0,3,0.015609806772932,0.6666666666666666,3,0.040373724523404,0.6666666666666666,3,0.0208951685355216,1.0,3,0.0236163692085812,0.6666666666666666,3,-0.0021629531754722,0.6666666666666666,3,-0.0008562799781986,0.3333333333333333,3
shainer2025,feat__rs_dimmax,Ridge,atlas,7,5,0.7142857142857143,1.0,0.7142857142857142,6,-0.0116817272728649,0.6666666666666666,6,0.0278315065824441,0.8333333333333334,6,0.0174287875813491,0.8333333333333334,6,-0.0044213808856296,0.6666666666666666,6,0.0179248108018247,0.6666666666666666,6,0.0129874847123172,0.5,6,0.000313795248902,0.8333333333333334,6
shainer2025,feat__dff,PLS,atlas,7,5,0.7142857142857143,1.0,0.6904761904761906,6,0.0498895926839661,0.8333333333333334,6,0.031607986448018,0.8333333333333334,6,-0.0065283037710817,0.6666666666666666,6,0.0196839971838974,0.8333333333333334,6,0.0079325105579387,0.6666666666666666,6,-0.0008548580035389,0.5,6,0.0007950528774369,0.5,6
shainer2025,feat__regsc_grating,Ridge,measured+atlas,7,5,0.7142857142857143,1.0,0.6904761904761906,6,0.0036489061871127,0.8333333333333334,6,-0.004240587931584,0.5,6,-0.0142444978673094,0.5,6,0.0017972661512444,0.8333333333333334,6,0.0044555518665952,0.6666666666666666,6,0.0072378449007357,0.8333333333333334,6,7.313676836602039e-05,0.6666666666666666,6
mclachlan2025,feat__sigfrac_ang_acc_neg,Ridge,atlas,7,5,0.7142857142857143,1.0,0.6785714285714286,4,0.074874471154098,0.75,4,-0.0196969620876371,0.5,4,0.0418145237112691,0.75,4,0.0340646597282556,0.75,4,0.031564100787587,0.75,4,-0.0046498882017224,0.5,4,0.0004890486783458,0.75,4
mclachlan2025,feat__sigfrac_ang_acc_neg,PLS,atlas,7,5,0.7142857142857143,1.0,0.6785714285714286,4,0.3241909247198656,1.0,4,-0.0387666904721573,0.5,4,0.0031480390645937,0.5,4,0.1310875919037685,1.0,4,0.0100719502504484,0.5,4,-0.0007912705273833,0.5,4,6.17425590629106e-05,0.75,4
mclachlan2025,feat__dAIC_delta_lateearly_ang_acc_pos,Ridge,atlas,7,5,0.7142857142857143,1.0,0.6785714285714286,4,0.1368608097370484,0.75,4,0.0231698375607435,0.75,4,-0.0099936832784868,0.5,4,0.0604265086665511,0.75,4,-0.0119042635052594,0.5,4,0.0073507167016103,0.75,4,0.0247373735029843,0.75,4
shainer2025,feat__snr,Ridge,atlas,7,5,0.7142857142857143,1.0,0.6666666666666666,6,-0.0088072873266129,0.5,6,0.0333199114822918,0.8333333333333334,6,0.0192552801744711,0.6666666666666666,6,-0.0040408939133541,0.5,6,0.0131630166823893,0.6666666666666666,6,0.0096677105282097,0.6666666666666666,6,2.9573628868175456e-05,0.8333333333333334,6
zhao2026,resp__grating_up__b00,PLS,measured+atlas,7,5,0.7142857142857143,1.0,0.642857142857143,6,-0.0627165893191425,0.5,6,0.0827121869462373,0.8333333333333334,6,0.0795882877473533,0.8333333333333334,6,-0.0233550403270471,0.5,6,0.0292867640883513,0.3333333333333333,6,0.0327027083001577,0.8333333333333334,6,0.002968412444933,0.6666666666666666,6
zhao2026,resp__grating_up__b02,PLS,measured+atlas,7,5,0.7142857142857143,1.0,0.6428571428571429,6,-0.0046352707573485,0.6666666666666666,6,0.0555321747028386,0.6666666666666666,6,0.0736499884163955,0.6666666666666666,6,-0.0018619868709179,0.6666666666666666,6,0.0378069622910892,0.6666666666666666,6,0.0125302576398453,0.3333333333333333,6,0.0021762590189629,0.8333333333333334,6
zhao2026,resp__checkerboard__b04,PLS,measured+atlas,7,5,0.7142857142857143,1.0,0.6428571428571429,6,1.4901058036424466,0.6666666666666666,6,-0.0066000527418102,0.5,6,0.0537855970503356,0.6666666666666666,6,0.1882755993991273,0.6666666666666666,6,0.0361031326110691,0.8333333333333334,6,-0.0033303623184575,0.5,6,0.0089773879970779,0.6666666666666666,6
bugeon2022,feat__speed_r,Ridge,measured+atlas,7,5,0.7142857142857143,1.0,0.6428571428571429,4,-0.00145820095036,0.75,4,0.0111549374706328,1.0,4,0.0042880688563789,0.5,4,0.00178994148313,0.75,4,0.0012107456594132,0.25,4,-0.0004560563916693,0.5,4,0.0001907308848854,0.75,4
shainer2025,feat__snr,PLS,measured+atlas,7,5,0.7142857142857143,1.0,0.619047619047619,6,-0.0094723605155735,0.1666666666666666,6,0.0138556611643907,0.6666666666666666,6,0.035311821943876,1.0,6,-0.0045279850616498,0.1666666666666666,6,0.0210728315155542,0.8333333333333334,6,0.0130239887178187,0.6666666666666666,6,3.978054251267219e-05,0.8333333333333334,6
mclachlan2025,feat__sigfrac_ang_acc_pos,PLS,measured+atlas,7,5,0.7142857142857143,1.0,0.6071428571428571,4,0.0993876257834114,0.5,4,9.686026721214026e-05,0.75,4,-0.0006360428737526,0.75,4,0.0251241366888059,0.5,4,0.0030430509269596,0.75,4,-0.0002281205458698,0.5,4,0.0005437870874419,0.5,4
bugeon2022,feat__pupil_r,PLS,atlas,7,5,0.7142857142857143,1.0,0.6071428571428571,4,0.1197055090955553,1.0,4,0.0092673379578016,0.5,4,-0.0042465642431972,0.5,4,0.0503564502251932,1.0,4,0.0029139859208545,0.5,4,2.3192136922756124e-05,0.5,4,-0.0013440978435517,0.25,4
condylis2022,resp__task_CW__b14,Ridge,atlas,7,5,0.7142857142857143,1.0,0.603174603174603,9,-0.0009384033216657,0.5555555555555556,9,0.0089243668521862,0.7777777777777778,9,0.0128263552811297,0.6666666666666666,9,-0.000421376348052,0.5555555555555556,9,0.010205034358584,0.5555555555555556,9,0.0058640884393422,0.5555555555555556,9,1.7356481298848776e-05,0.5555555555555556,9
shainer2025,feat__snr,PLS,atlas,7,5,0.7142857142857143,1.0,0.5952380952380952,6,-0.0073363122455702,0.5,6,0.0010878437207658,0.5,6,0.0106586269133219,0.3333333333333333,6,-0.0035544519931314,0.5,6,0.0093995249382598,0.6666666666666666,6,0.0072494977191512,0.8333333333333334,6,3.6535164635910965e-05,0.8333333333333334,6
zhao2026,resp__grating_up__b01,PLS,measured+atlas,7,5,0.7142857142857143,1.0,0.5952380952380951,6,-0.0200127901493347,0.3333333333333333,6,0.0181339081747422,0.5,6,0.0887354525341177,0.8333333333333334,6,-0.0116318696883116,0.3333333333333333,6,0.0746942974720752,0.6666666666666666,6,0.0505123322701581,0.6666666666666666,6,0.0031308861257609,0.8333333333333334,6
bugeon2022,mi__running_vs_stat_sync_pooled,PLS,measured+atlas,7,5,0.7142857142857143,1.0,0.5357142857142857,4,0.0040395748937694,0.75,4,0.0082023093707466,0.5,4,0.0027872351215335,0.5,4,0.0013255134491941,0.75,4,-0.0051541774963987,0.25,4,0.0028270602848212,0.75,4,-0.0006550633930152,0.25,4
zhao2026,resp__checkerboard__b00,PLS,measured+atlas,7,5,0.7142857142857143,1.0,0.5238095238095237,6,-0.1415643562722699,0.3333333333333333,6,0.0142325468864382,0.5,6,0.0026396919111045,0.5,6,-0.0558520708134386,0.3333333333333333,6,0.0410042412026539,0.6666666666666666,6,0.0374347838596081,0.6666666666666666,6,0.0002735212373773,0.6666666666666666,6
bugeon2022,feat__speed_r,PLS,atlas,7,5,0.7142857142857143,1.0,0.5,4,0.1481608022905209,0.75,4,0.011941995325993,0.75,4,0.0069552650920253,0.5,4,0.0507738899201749,0.75,4,0.0015305747182889,0.5,4,-0.0036278388268557,0.25,4,-0.0012354091697298,0.0,4
mclachlan2025,feat__dAIC_slope_ang_acc_neg,Ridge,measured+atlas,7,5,0.7142857142857143,1.0,0.5,4,0.0979096780710047,0.75,4,0.0215397215302247,0.5,4,-0.0128193544346127,0.25,4,0.0338720013991066,0.75,4,-0.0037912352917341,0.25,4,0.0088222826680577,0.25,4,0.0006797570810354,0.75,4
xu2020,resp__Eat-Hed__b12,Lasso,measured+atlas,7,5,0.7142857142857143,1.0,0.47619047619047616,3,0.0010833018098119,0.3333333333333333,3,-0.0005781181057213,0.3333333333333333,3,0.0112170644213154,0.6666666666666666,3,0.0007953854311123,0.3333333333333333,3,0.0087292046939787,0.6666666666666666,3,0.0088799834750794,0.6666666666666666,3,-0.0004173180293782,0.3333333333333333,3
xu2020,resp__Eat-Hed__b13,Lasso,measured+atlas,7,5,0.7142857142857143,1.0,0.47619047619047616,3,0.003462768561342,0.3333333333333333,3,-0.0008765802525967,0.3333333333333333,3,0.005858340677303,0.6666666666666666,3,0.001883530428749,0.3333333333333333,3,0.0056893084099513,0.6666666666666666,3,0.0027108948575715,0.6666666666666666,3,-0.0002657904892362,0.3333333333333333,3
condylis2022,resp__task_CW__b11,Ridge,atlas,7,5,0.7142857142857143,1.0,0.34920634920634924,9,-0.0008970627423131,0.2222222222222222,9,0.0053398818892425,0.5555555555555556,9,0.0348464598620571,0.3333333333333333,9,-0.0004166565018037,0.2222222222222222,9,0.0234449322758238,0.3333333333333333,9,0.0134293698136305,0.3333333333333333,9,5.609941238840818e-05,0.4444444444444444,9
condylis2022,resp__task_CW__b11,Ridge,measured+atlas,7,5,0.7142857142857143,1.0,0.34920634920634924,9,-0.000540100393671,0.2222222222222222,9,0.0080395856871417,0.5555555555555556,9,0.0348371861661141,0.3333333333333333,9,-0.0002391793657899,0.2222222222222222,9,0.0234449322758238,0.3333333333333333,9,0.0134293698136305,0.3333333333333333,9,1.5625164828706833e-05,0.4444444444444444,9
condylis2022,resp__task_CW__b05,PLS,measured+atlas,7,5,0.7142857142857143,1.0,0.3174603174603175,9,4.9343245538895844e-17,0.2222222222222222,9,-1.6219664500383146e-16,0.4444444444444444,9,0.0030291159959067,0.4444444444444444,9,9.868649107779167e-17,0.2222222222222222,9,0.0028343885496205,0.4444444444444444,9,0.0037998792022373,0.4444444444444444,9,-2.775557561562892e-17,0.0,9
condylis2022,resp__task_CW__b14,PLS,measured+atlas,7,5,0.7142857142857143,1.0,0.2857142857142857,9,9.868649107779167e-17,0.4444444444444444,9,4.4158349816254044e-16,0.6666666666666666,9,0.000764347242929,0.3333333333333333,9,4.9343245538895844e-17,0.2222222222222222,9,0.0009513031078267,0.2222222222222222,9,-0.0010763081850994,0.0,9,-1.2335811384723961e-17,0.1111111111111111,9
condylis2022,resp__task_CW__b01,PLS,atlas,7,5,0.7142857142857143,1.0,0.2857142857142857,9,-1.480297366166875e-16,0.3333333333333333,9,2.8449465006019636e-16,0.6666666666666666,9,0.0002087448569304,0.1111111111111111,9,-2.4671622769447922e-17,0.2222222222222222,9,0.0002579888123938,0.1111111111111111,9,0.0001117918332276,0.1111111111111111,9,1.8503717077085938e-17,0.4444444444444444,9
condylis2022,resp__task_CW__b01,PLS,measured+atlas,7,5,0.7142857142857143,1.0,0.253968253968254,9,-6.167905692361981e-17,0.2222222222222222,9,2.220446049250313e-16,0.6666666666666666,9,0.0008594004726551,0.1111111111111111,9,0.0,0.2222222222222222,9,0.000642456324889,0.1111111111111111,9,0.0001117918332276,0.1111111111111111,9,1.5419764230904953e-17,0.3333333333333333,9
condylis2022,resp__task_CW__b06,PLS,measured+atlas,7,5,0.7142857142857143,1.0,0.1904761904761905,9,1.2335811384723961e-17,0.2222222222222222,9,2.924936527549783e-17,0.5555555555555556,9,0.0004084885754297,0.2222222222222222,9,0.0,0.1111111111111111,9,0.0003749253424964,0.1111111111111111,9,0.0003690753690753,0.1111111111111111,9,-9.251858538542969e-18,0.0,9
zhao2026,feat__evoked_checkerboard,Lasso,measured+atlas,7,5,0.7142857142857143,0.8333333333333334,0.5285714285714286,6,-0.0480967225467133,0.5,6,0.0025912513261216,0.6,5,0.0231841637188345,0.6,5,-0.0188464132815314,0.5,6,0.0075411522633744,0.5,6,0.0034194379210719,0.3333333333333333,6,0.0026854553387402,0.6666666666666666,6
zhao2026,feat__evoked_checkerboard,Lasso,atlas,7,5,0.7142857142857143,0.6666666666666666,0.45238095238095244,6,0.0265934942174985,0.5,6,-0.0187949613854559,0.5,4,0.0839129390751596,0.5,4,0.0101995184312603,0.5,6,0.0360291215251532,0.5,6,0.012058355808233,0.3333333333333333,6,-0.0003875580298646,0.3333333333333333,6
mclachlan2025,feat__dAIC_delta_lateearly_ang_acc_neg,Lasso,atlas,7,5,0.7142857142857143,0.5,0.25,4,0.0084246938685246,0.25,4,-0.0319382201559661,0.0,2,0.0296810224624447,0.5,2,0.0041039609556987,0.25,4,0.0060072213846956,0.25,4,-0.00668820921335,0.25,4,0.0009809519410178,0.25,4
condylis2022,resp__task_CW__b00,Lasso,measured+atlas,7,5,0.7142857142857143,0.4444444444444444,0.25,9,0.0003286965154351,0.2222222222222222,9,-0.001841404490262,0.25,4,0.0036621895916926,0.5,4,0.0001040973796045,0.2222222222222222,9,0.0086620353179604,0.2222222222222222,9,0.0116812133721476,0.2222222222222222,9,-4.861748702943302e-05,0.1111111111111111,9
mclachlan2025,feat__dAIC_delta_lateearly_ang_acc_pos,Lasso,atlas,7,5,0.7142857142857143,0.25,0.42857142857142855,4,0.0673881153373477,0.75,4,-0.0779503151745961,0.0,1,-0.1615104235333443,0.0,1,0.0315081334457722,0.75,4,0.0046262175811739,0.5,4,0.003892915109775,0.5,4,0.008772445133925,0.5,4
shainer2025,feat__snr,Lasso,atlas,7,5,0.7142857142857143,0.16666666666666666,0.3095238095238095,6,0.0080218591789217,0.3333333333333333,6,0.0278686427607434,1.0,1,-0.00611958198741,0.0,1,0.0037855226300888,0.3333333333333333,6,-9.353741496599216e-05,0.0,6,0.0007739674003017,0.1666666666666666,6,1.5581936781713008e-05,0.3333333333333333,6
shainer2025,feat__snr,Lasso,measured+atlas,7,5,0.7142857142857143,0.16666666666666666,0.28571428571428564,6,0.0029410183969457,0.1666666666666666,6,0.008475264858739,1.0,1,-0.0006346988330978,0.0,1,0.0013725847801114,0.1666666666666666,6,-0.0061181972789115,0.1666666666666666,6,0.004436042209434,0.3333333333333333,6,5.807082333266396e-06,0.1666666666666666,6
mclachlan2025,feat__dAIC_early5_ang_acc_pos,Lasso,measured+atlas,5,3,0.6,1.0,0.45,4,0.1635883568346784,0.5,4,,,0,,,0,0.0696376521962841,0.5,4,-0.0004786201559349,0.25,4,-0.0199783809674576,0.25,4,0.0009447264732649,0.75,4
zhao2026,resp__grating_up__b02,Lasso,atlas,5,3,0.6,1.0,0.4333333333333333,6,0.0112555885528268,0.5,6,,,0,,,0,0.0051269195233882,0.5,6,-0.0077934198370706,0.3333333333333333,6,0.0476137073149211,0.5,6,-0.0001934762680438,0.3333333333333333,6
mclachlan2025,feat__dAIC_coupling,Lasso,atlas,5,3,0.6,1.0,0.3,4,-0.0841328053866133,0.0,4,,,0,,,0,-0.0332030535465049,0.0,4,0.0150744012157836,0.5,4,0.0197840057298283,0.5,4,1.643205016499394e-11,0.5,4
shainer2025,feat__regsc_grating,Lasso,atlas,5,3,0.6,1.0,0.16666666666666666,6,0.0008343609125346,0.3333333333333333,6,,,0,,,0,0.0004117681940284,0.3333333333333333,6,0.0,0.0,6,0.0,0.0,6,3.195643019371364e-06,0.1666666666666666,6
shainer2025,feat__regsc_grating,Lasso,measured+atlas,5,3,0.6,1.0,0.16666666666666666,6,0.0008343609125346,0.3333333333333333,6,,,0,,,0,0.0004117681940284,0.3333333333333333,6,0.0,0.0,6,0.0,0.0,6,3.195643019371364e-06,0.1666666666666666,6
mclachlan2025,feat__dAIC_late5_ang_acc_neg,Lasso,atlas,5,3,0.6,1.0,0.15,4,-0.0018608182889653,0.0,4,,,0,,,0,-0.0009128607717466,0.0,4,0.000780437044745,0.25,4,0.0057084632690961,0.25,4,6.182277582922335e-07,0.25,4
zhao2026,resp__checkerboard__b11,Lasso,atlas,5,3,0.6,1.0,0.1333333333333333,6,-0.0120591942225477,0.0,6,,,0,,,0,-0.0055322126967912,0.0,6,0.0416666666666666,0.1666666666666666,6,0.0334165752548105,0.3333333333333333,6,0.0002520155205327,0.1666666666666666,6
shainer2025,feat__peak_dot_size_ccw,Lasso,measured+atlas,5,3,0.6,1.0,0.09999999999999995,6,0.006912976880419,0.1666666666666666,6,,,0,,,0,0.0033821741823493,0.1666666666666666,6,-0.0090534407705844,0.0,6,-0.0040472354249007,0.0,6,2.624021293566129e-06,0.1666666666666666,6
shainer2025,feat__dff,Ridge,measured+atlas,7,4,0.5714285714285714,1.0,0.7619047619047619,6,-0.0447650358068136,0.6666666666666666,6,0.0213229033741992,0.6666666666666666,6,0.0038289100970962,0.8333333333333334,6,-0.014629059541007,0.6666666666666666,6,-0.0019114259527294,0.8333333333333334,6,0.0015929567173112,0.8333333333333334,6,0.0026757096587147,0.8333333333333334,6
zhao2026,resp__checkerboard__b06,Ridge,atlas,7,4,0.5714285714285714,1.0,0.6904761904761905,6,0.1761833488712625,0.6666666666666666,6,0.0445666380470825,0.8333333333333334,6,-0.0261686648950275,0.6666666666666666,6,0.0755624317642209,0.6666666666666666,6,-0.0108756403796086,0.3333333333333333,6,-0.016287652326524,0.6666666666666666,6,0.0062486506023345,1.0,6
shainer2025,feat__regsc_dot_small_cw,Ridge,measured+atlas,7,4,0.5714285714285714,1.0,0.6666666666666667,6,0.0092975074279771,0.8333333333333334,6,0.0211297794061107,0.6666666666666666,6,-0.0042946259996229,0.5,6,0.0045272755285492,0.8333333333333334,6,-0.0123015544284328,0.5,6,-0.0108175219267347,0.5,6,5.771966883978223e-05,0.8333333333333334,6
shainer2025,feat__regsc_dot_small_cw,Ridge,atlas,7,4,0.5714285714285714,1.0,0.6666666666666667,6,0.0215730253167723,1.0,6,0.0247325835207395,0.6666666666666666,6,-0.0051795582419173,0.3333333333333333,6,0.0104695430961624,1.0,6,-0.0117176140564413,0.5,6,-0.0203588555831289,0.3333333333333333,6,8.114377285686296e-05,0.8333333333333334,6
xu2020,resp__Eat-Hed__b03,Lasso,measured+atlas,7,4,0.5714285714285714,1.0,0.619047619047619,3,0.0119463125922052,0.6666666666666666,3,0.0105650162005158,1.0,3,-0.0022602583753286,0.6666666666666666,3,0.00596357269219,0.6666666666666666,3,-0.0053210948767351,0.6666666666666666,3,0.0058115022428569,0.6666666666666666,3,-0.0011578186410262,0.0,3
zhao2026,resp__checkerboard__b07,PLS,measured+atlas,7,4,0.5714285714285714,1.0,0.619047619047619,6,1.9476927559466932,0.6666666666666666,6,-0.0558072731685503,0.3333333333333333,6,-0.0464290303278067,0.5,6,0.2966743785934868,0.6666666666666666,6,-0.0211774586377761,0.5,6,0.0205100114810666,0.8333333333333334,6,0.0128391267987721,0.8333333333333334,6
mclachlan2025,feat__dAIC_early5_ang_acc_pos,PLS,measured+atlas,7,4,0.5714285714285714,1.0,0.6071428571428571,4,0.7947507429147953,0.5,4,-0.0461578807879938,0.5,4,-0.0169432771114731,0.5,4,0.1125537111054262,0.5,4,-8.00372517098108e-05,0.75,4,0.001088748815362,0.5,4,0.0025123838327629,1.0,4
shainer2025,feat__regsc_dim_on,Ridge,atlas,7,4,0.5714285714285714,1.0,0.5952380952380952,6,0.0143178024576186,0.8333333333333334,6,-0.0073603838240927,0.5,6,-0.0026162163573637,0.5,6,0.006998778653663,0.8333333333333334,6,0.0024079114467039,0.5,6,0.0116937375880904,0.3333333333333333,6,-6.761383637823859e-06,0.6666666666666666,6
shainer2025,feat__regsc_dot_small_cw,PLS,atlas,7,4,0.5714285714285714,1.0,0.5952380952380951,6,0.0331784639918509,1.0,6,0.0248065949299886,0.6666666666666666,6,-0.0153361138705528,0.5,6,0.016008188020685,1.0,6,-0.0135564161264296,0.3333333333333333,6,-0.0127109034298443,0.1666666666666666,6,0.000111441506642,0.5,6
shainer2025,feat__regsc_dot_small_ccw,PLS,atlas,7,4,0.5714285714285714,1.0,0.5952380952380951,6,0.0086060859668939,0.6666666666666666,6,0.0411048024832614,1.0,6,-0.0236194495315795,0.1666666666666666,6,0.0042251377060847,0.6666666666666666,6,-0.0045053216000883,0.3333333333333333,6,-0.0032054544013359,0.5,6,0.0001453502998211,0.8333333333333334,6
condylis2022,resp__task_CW__b00,Ridge,atlas,7,4,0.5714285714285714,1.0,0.5873015873015872,9,-0.0009727638158065,0.5555555555555556,9,0.0024349925774495,0.5555555555555556,9,0.000664282680308,0.5555555555555556,9,-0.0003505172855542,0.5555555555555556,9,0.002247184667576,0.5555555555555556,9,-0.0014106382089283,0.5555555555555556,9,8.754453570854347e-05,0.7777777777777778,9
mclachlan2025,feat__dAIC_early5_ang_acc_pos,Ridge,atlas,7,4,0.5714285714285714,1.0,0.5714285714285714,4,0.6541913424693534,0.75,4,0.0439469338404708,0.75,4,-0.0037740370176127,0.5,4,0.2177951815793788,0.75,4,-0.0099100373302381,0.25,4,-0.0026031132063483,0.25,4,4.644272114591452e-05,0.75,4
shainer2025,feat__regsc_dot_large_ccw,Ridge,measured+atlas,7,4,0.5714285714285714,1.0,0.5238095238095238,6,0.0097284724499854,0.8333333333333334,6,-8.88822411794811e-05,0.6666666666666666,6,-0.0257302401741231,0.1666666666666666,6,0.0046840964210524,0.8333333333333334,6,-0.014778704714501,0.1666666666666666,6,2.8933709170074023e-05,0.3333333333333333,6,6.483016851907553e-05,0.6666666666666666,6
zhao2026,resp__grating_up__b01,Ridge,measured+atlas,7,4,0.5714285714285714,1.0,0.5238095238095238,6,0.0078739781144213,0.8333333333333334,6,-0.0279400733910493,0.3333333333333333,6,-0.0290770921082378,0.3333333333333333,6,0.0036109109079098,0.8333333333333334,6,-0.028568699084572,0.3333333333333333,6,0.0119410827008866,0.3333333333333333,6,0.000122309565483,0.6666666666666666,6
condylis2022,resp__task_CW__b04,Ridge,measured+atlas,7,4,0.5714285714285714,1.0,0.5079365079365079,9,-0.0005530673266061,0.5555555555555556,9,-0.0002006709957739,0.6666666666666666,9,0.0037020977508054,0.4444444444444444,9,-0.0002674206516633,0.5555555555555556,9,0.0025779906090138,0.3333333333333333,9,0.0028109136298527,0.4444444444444444,9,6.943075512908576e-05,0.5555555555555556,9
mclachlan2025,feat__dAIC_slope_ang_acc_pos,Ridge,atlas,7,4,0.5714285714285714,1.0,0.5,4,-0.65666815326371,0.5,4,0.0254213486969757,0.5,4,0.0320071858362332,0.5,4,-0.1472094507289774,0.5,4,0.0058791134626278,0.5,4,0.0267888299471355,0.5,4,-0.012492478025463,0.5,4
mclachlan2025,feat__dAIC_early5_ang_acc_pos,Ridge,measured+atlas,7,4,0.5714285714285714,1.0,0.5,4,0.6134543617875632,0.75,4,0.0380147220201685,0.5,4,-0.0167850779574799,0.25,4,0.1994477160142552,0.75,4,-0.0135419944875229,0.25,4,-0.0058422088379291,0.25,4,2.180371872943787e-05,0.75,4
mclachlan2025,feat__dAIC_slope_ang_acc_pos,Ridge,measured+atlas,7,4,0.5714285714285714,1.0,0.4642857142857143,4,-1.305427626603738,0.5,4,0.0314036863758035,0.5,4,0.0421976383635798,0.5,4,-0.3663571847609017,0.5,4,0.0158022300043447,0.5,4,0.0243237170284353,0.5,4,-0.0128505973215404,0.25,4
shainer2025,feat__peak_dot_size_ccw,PLS,atlas,7,4,0.5714285714285714,1.0,0.45238095238095244,6,0.0021323813549924,0.5,6,0.0044367560004078,0.5,6,-0.0176928017100428,0.5,6,0.0010055738006385,0.5,6,-0.0136543394519884,0.5,6,-0.0066955281692187,0.3333333333333333,6,2.316943184773231e-06,0.3333333333333333,6
zhao2026,resp__checkerboard__b07,Ridge,atlas,7,4,0.5714285714285714,1.0,0.45238095238095244,6,0.2301429374564109,0.5,6,-0.0700639372976949,0.5,6,-0.0394066216813713,0.5,6,0.0850782973111882,0.5,6,-0.0252967792055093,0.3333333333333333,6,0.0202351427059643,0.3333333333333333,6,0.0044154638842725,0.5,6
shainer2025,feat__regsc_grating,Ridge,atlas,7,4,0.5714285714285714,1.0,0.4523809523809523,6,0.0012834381095712,0.5,6,-0.0038898400993863,0.5,6,-0.0081733746640971,0.3333333333333333,6,0.0006340710697267,0.5,6,0.0075911411675223,0.5,6,-0.0022172180013396,0.1666666666666666,6,5.245477397748203e-05,0.6666666666666666,6
shainer2025,feat__rs_dotmax,PLS,measured+atlas,7,4,0.5714285714285714,1.0,0.42857142857142855,6,-0.017103178188057,0.0,6,0.0199105552059365,0.6666666666666666,6,0.0318887907074221,0.6666666666666666,6,-0.0081626687488317,0.0,6,0.0208683870331571,0.6666666666666666,6,0.0073805079272619,0.5,6,-2.9842630268954912e-05,0.5,6
condylis2022,resp__task_CW__b05,Lasso,atlas,7,4,0.5714285714285714,1.0,0.4126984126984127,9,0.0018847493533657,0.6666666666666666,9,0.0001695635418114,0.4444444444444444,9,-0.008165091604459,0.1111111111111111,9,0.0008942588481808,0.6666666666666666,9,-0.0024892068939645,0.1111111111111111,9,-0.0001803298540962,0.2222222222222222,9,5.43778292971284e-05,0.6666666666666666,9
mclachlan2025,feat__dAIC_median_ang_acc_neg,Ridge,measured+atlas,7,4,0.5714285714285714,1.0,0.39285714285714285,4,-0.0122470588575964,0.0,4,0.0308115978376849,0.75,4,0.0034190106397782,0.5,4,-0.0058958039736397,0.0,4,0.0023497794809048,0.5,4,0.0036958264736466,0.5,4,-0.000284270920986,0.5,4
zhao2026,resp__checkerboard__b11,PLS,measured+atlas,7,4,0.5714285714285714,1.0,0.38095238095238093,6,0.0133987007055956,0.5,6,-0.0283564293541226,0.3333333333333333,6,-0.0308711543472389,0.3333333333333333,6,0.0021572304955366,0.5,6,0.0052057613168724,0.3333333333333333,6,0.0370191152520751,0.5,6,-0.0050184571023283,0.1666666666666666,6
mclachlan2025,feat__dAIC_slope_ang_acc_pos,PLS,measured+atlas,7,4,0.5714285714285714,1.0,0.35714285714285715,4,-0.927817939771382,0.0,4,0.0019352946611387,0.5,4,0.0310514071685031,0.75,4,-0.1753436514381817,0.0,4,0.0099700822714423,0.75,4,0.0117684946930083,0.5,4,-0.0048224147776934,0.0,4
mclachlan2025,feat__dAIC_ang_acc_neg,Ridge,atlas,7,4,0.5714285714285714,1.0,0.32142857142857145,4,0.1533664000308324,0.25,4,-0.0273985628229762,0.5,4,-0.019311366035174,0.25,4,0.0616497852485911,0.25,4,0.0076814279937018,0.25,4,0.0079991380522282,0.5,4,-0.0011804364294234,0.25,4
condylis2022,resp__task_CW__b04,PLS,atlas,7,4,0.5714285714285714,1.0,0.25396825396825395,9,6.167905692361981e-17,0.3333333333333333,9,7.324388009679852e-17,0.5555555555555556,9,-0.0017076991807382,0.1111111111111111,9,1.2335811384723961e-17,0.3333333333333333,9,-0.0014942408313605,0.1111111111111111,9,-0.0012636598736779,0.1111111111111111,9,1.5419764230904953e-17,0.2222222222222222,9
condylis2022,resp__task_CW__b09,PLS,measured+atlas,7,4,0.5714285714285714,1.0,0.20634920634920637,9,-1.2335811384723961e-17,0.2222222222222222,9,-3.777842236571714e-17,0.2222222222222222,9,0.0010295064464893,0.3333333333333333,9,0.0,0.1111111111111111,9,0.0007751080262219,0.2222222222222222,9,0.0006157716217071,0.2222222222222222,9,3.0839528461809906e-18,0.1111111111111111,9
condylis2022,resp__task_CW__b06,PLS,atlas,7,4,0.5714285714285714,1.0,0.19047619047619047,9,-7.401486830834377e-17,0.3333333333333333,9,1.8744650893193832e-17,0.4444444444444444,9,0.0006868567298466,0.3333333333333333,9,-2.4671622769447922e-17,0.0,9,0.0006887052341597,0.1111111111111111,9,0.0003690753690753,0.1111111111111111,9,-9.251858538542969e-18,0.0,9
shainer2025,feat__dff,Lasso,measured+atlas,7,4,0.5714285714285714,0.8333333333333334,0.3952380952380952,6,0.0325143161275798,0.5,6,0.0113452128614761,0.6,5,-0.0514034314670008,0.0,5,0.0120450590385748,0.5,6,-0.0196200190145502,0.3333333333333333,6,-0.0164504902590026,0.1666666666666666,6,0.0008814373087542,0.6666666666666666,6
shainer2025,feat__regsc_dim_off,Lasso,measured+atlas,7,4,0.5714285714285714,0.6666666666666666,0.5357142857142857,6,0.0012538173609802,0.6666666666666666,6,-0.00880677023637,0.5,4,-0.0079748347646795,0.25,4,0.0008041763755814,0.6666666666666666,6,-0.0040020406935119,0.3333333333333333,6,0.007268573372499,0.6666666666666666,6,7.35182140952223e-05,0.6666666666666666,6
zhao2026,resp__grating_up__b01,Lasso,atlas,7,4,0.5714285714285714,0.6666666666666666,0.4404761904761905,6,0.0130547656754446,0.3333333333333333,6,0.0558567759708019,0.5,4,-0.0276843987570449,0.75,4,0.0067153904333552,0.3333333333333333,6,-0.0125308641975308,0.3333333333333333,6,-0.0101683437725749,0.3333333333333333,6,0.0006304771269692,0.5,6
shainer2025,feat__regsc_dot_large_ccw,Lasso,measured+atlas,7,4,0.5714285714285714,0.6666666666666666,0.369047619047619,6,0.0127809812889082,0.3333333333333333,6,0.0059482305858345,0.5,4,-0.0031980565399771,0.25,4,0.0061849458663433,0.3333333333333333,6,-0.004596516558012,0.3333333333333333,6,-0.0037610207728872,0.3333333333333333,6,9.406649020260448e-05,0.5,6
condylis2022,resp__task_CW__b06,Lasso,atlas,7,4,0.5714285714285714,0.5555555555555556,0.49523809523809526,9,-0.0004059316367232,0.5555555555555556,9,-0.0080706029243202,0.4,5,0.0034763158331672,0.4,5,-0.0001094852598277,0.5555555555555556,9,0.0154821544993962,0.4444444444444444,9,0.0132853154667489,0.5555555555555556,9,0.0001078419601106,0.5555555555555556,9
mclachlan2025,feat__dAIC_early5_ang_acc_pos,Lasso,atlas,7,4,0.5714285714285714,0.25,0.42857142857142855,4,0.1420498944418531,0.5,4,0.0305640852303596,1.0,1,-0.0159970420967904,0.0,1,0.0594789643558613,0.5,4,-0.0102228036095564,0.0,4,-0.0242799958779799,0.25,4,0.0009953872715783,0.75,4
mclachlan2025,feat__dAIC_slope_ang_acc_pos,Lasso,measured+atlas,7,4,0.5714285714285714,0.25,0.35714285714285715,4,0.0222227054201508,0.75,4,0.0,0.0,1,0.0,0.0,1,0.0106737491849175,0.75,4,0.0207006646679534,0.25,4,-0.0130942776143396,0.25,4,0.001095527282527,0.5,4
mclachlan2025,feat__dAIC_slope_ang_acc_neg,Lasso,atlas,7,4,0.5714285714285714,0.25,0.32142857142857145,4,0.0131717234140927,0.25,4,-0.1158553973267637,0.0,1,0.0049317246737968,1.0,1,0.0053778243209942,0.25,4,0.0003272580148934,0.5,4,-0.0284227249453828,0.25,4,-0.0020141437817183,0.0,4
mclachlan2025,feat__dAIC_delta_lateearly_ang_acc_pos,Lasso,measured+atlas,7,4,0.5714285714285714,0.25,0.14285714285714285,4,7.350506866266038e-05,0.25,4,0.0,0.0,1,0.0,0.0,1,3.6675090451465664e-05,0.25,4,0.0235431841831425,0.25,4,0.0095735943196956,0.25,4,-9.518946574579856e-05,0.0,4
shainer2025,feat__peak_dot_size_cw,Lasso,measured+atlas,7,4,0.5714285714285714,0.16666666666666666,0.21428571428571422,6,0.0005263462661226,0.1666666666666666,6,0.0009218753838165,1.0,1,-0.0236279349291076,0.0,1,0.0002404036111786,0.1666666666666666,6,-0.0027696318018898,0.0,6,-0.0029258732996128,0.0,6,2.501528408490235e-08,0.1666666666666666,6
shainer2025,feat__peak_dot_size_cw,Lasso,atlas,7,4,0.5714285714285714,0.16666666666666666,0.21428571428571422,6,0.0085682797327752,0.1666666666666666,6,0.0041230016604803,1.0,1,-0.02914715514912,0.0,1,0.0039412528124177,0.1666666666666666,6,-0.0083839323758678,0.0,6,-0.0050356542550754,0.0,6,7.20261969048656e-08,0.1666666666666666,6
shainer2025,feat__regsc_dim_off,Ridge,atlas,7,3,0.42857142857142855,1.0,0.6904761904761906,6,0.0164620663200605,0.8333333333333334,6,-0.0232256885848258,0.5,6,-0.0164378916484041,0.6666666666666666,6,0.007743506243745,0.8333333333333334,6,-0.0147340506370457,0.6666666666666666,6,-0.0076118414650685,0.6666666666666666,6,6.45320881173389e-05,0.6666666666666666,6
xu2020,resp__Eat-Hed__b03,Ridge,measured+atlas,7,3,0.42857142857142855,1.0,0.6666666666666666,3,0.0171736632634618,1.0,3,-0.0082707639713728,0.3333333333333333,3,-0.0182690874552231,0.6666666666666666,3,0.0085042966174958,1.0,3,-0.0099247763430683,0.6666666666666666,3,0.0023490188639687,0.6666666666666666,3,-0.0004992812851055,0.3333333333333333,3
bugeon2022,feat__mean_activity,PLS,measured+atlas,7,3,0.42857142857142855,1.0,0.6428571428571429,4,0.0210158518891917,1.0,4,-0.002729921457642,0.5,4,-0.0012765207201512,0.5,4,0.0082314272652319,1.0,4,-0.0015547903856577,0.5,4,-0.0055668748580932,0.5,4,0.0082212734977736,0.5,4
shainer2025,feat__regsc_dim_off,PLS,atlas,7,3,0.42857142857142855,1.0,0.6428571428571429,6,0.0207667245926953,0.6666666666666666,6,-0.021670754307232,0.6666666666666666,6,-0.0219864956498926,0.6666666666666666,6,0.0094517597383197,0.6666666666666666,6,-0.0202463173743055,0.6666666666666666,6,-0.0136460330870761,0.6666666666666666,6,1.2712667465229291e-05,0.5,6
xu2020,resp__Eat-Hed__b01,Ridge,measured+atlas,7,3,0.42857142857142855,1.0,0.619047619047619,3,0.0090263908547008,0.6666666666666666,3,-0.0161776568599685,0.6666666666666666,3,-0.0143235853943059,0.6666666666666666,3,0.0043966745577253,0.6666666666666666,3,-0.0025384991324139,0.6666666666666666,3,0.0021040119983142,0.6666666666666666,3,-0.0001347936981728,0.3333333333333333,3
shainer2025,feat__regsc_dim_off,Ridge,measured+atlas,7,3,0.42857142857142855,1.0,0.5952380952380952,6,0.0131963466932431,0.8333333333333334,6,-0.0284076678072632,0.5,6,-0.0251669694738298,0.5,6,0.0063984637471433,0.8333333333333334,6,-0.020463784093507,0.5,6,-0.0146623032640294,0.3333333333333333,6,9.087756537428288e-05,0.6666666666666666,6
shainer2025,feat__regsc_grating,PLS,measured+atlas,7,3,0.42857142857142855,1.0,0.5952380952380951,6,-0.0113969305654661,0.1666666666666666,6,0.0163952372695954,0.8333333333333334,6,-0.0217951173073737,0.6666666666666666,6,-0.0055293135152228,0.1666666666666666,6,-0.0127126669770858,0.8333333333333334,6,0.0035686233423247,0.6666666666666666,6,4.614890838613994e-05,0.8333333333333334,6
mclachlan2025,feat__dAIC_delta_lateearly_ang_acc_neg,Ridge,measured+atlas,7,3,0.42857142857142855,1.0,0.5714285714285714,4,0.0153822605339493,1.0,4,0.0306473520067849,0.5,4,-0.0048627144069953,0.25,4,0.0073860901163412,1.0,4,-0.0143677717853477,0.5,4,-0.0008613888147424,0.25,4,-0.0003884867599018,0.5,4
xu2020,resp__Eat-Hed__b01,Lasso,atlas,7,3,0.42857142857142855,1.0,0.5714285714285714,3,0.02716094104646,0.6666666666666666,3,-0.0157222430473313,0.6666666666666666,3,-0.0180431863556394,0.3333333333333333,3,0.0130502147791711,0.6666666666666666,3,0.0086336082567152,1.0,3,-0.0048341655420817,0.6666666666666666,3,-0.0013522440758144,0.0,3
shainer2025,feat__regsc_loom,Ridge,measured+atlas,7,3,0.42857142857142855,1.0,0.5714285714285714,6,0.0117438944937388,0.8333333333333334,6,-0.0060960066137387,0.6666666666666666,6,-0.0495384658584061,0.1666666666666666,6,0.0057659938139827,0.8333333333333334,6,-0.0319774645887636,0.3333333333333333,6,-0.0184528351599068,0.3333333333333333,6,1.573783125843886e-05,0.8333333333333334,6
shainer2025,feat__regsc_dim_on,Ridge,measured+atlas,7,3,0.42857142857142855,1.0,0.5476190476190477,6,0.0143687569347722,0.8333333333333334,6,-0.0075395844337763,0.5,6,-0.0300201427133463,0.3333333333333333,6,0.0070491097647368,0.8333333333333334,6,-0.0169497718462916,0.3333333333333333,6,-0.0094779511977806,0.3333333333333333,6,1.7910300051784955e-05,0.6666666666666666,6
shainer2025,feat__baseline,Ridge,atlas,7,3,0.42857142857142855,1.0,0.5476190476190476,6,-0.0068373800874229,0.5,6,-0.0036606709562647,0.3333333333333333,6,0.0034982153047937,0.6666666666666666,6,-0.0033161762348392,0.5,6,0.0049482410604363,0.6666666666666666,6,0.0016807570716581,0.5,6,-1.445359959308575e-05,0.6666666666666666,6
mclachlan2025,feat__dAIC_median_coupling,Ridge,measured+atlas,7,3,0.42857142857142855,1.0,0.5357142857142857,4,-0.1443995716388541,0.25,4,0.0126044976502346,0.75,4,0.0054844727115572,1.0,4,-0.0361023129658127,0.25,4,-0.0056096407956387,0.5,4,0.001131673767408,0.5,4,-5.638043579031526e-06,0.5,4
bugeon2022,mi__running_vs_stat_sync_pooled,PLS,atlas,7,3,0.42857142857142855,1.0,0.5357142857142857,4,0.0451419818339581,1.0,4,0.0007589232315044,0.5,4,-0.009936301370752,0.5,4,0.0201365432515686,1.0,4,-0.0144963402269451,0.25,4,-0.0289445940281467,0.25,4,-0.0046365874793248,0.25,4
mclachlan2025,feat__dAIC_delta_lateearly_ang_acc_neg,Ridge,atlas,7,3,0.42857142857142855,1.0,0.5357142857142857,4,0.031691490180447,1.0,4,0.0192740679719823,0.5,4,-0.0202292586640621,0.25,4,0.0152285684725953,1.0,4,-0.0322120428092595,0.25,4,-0.0298665290805876,0.25,4,-0.0006195304657257,0.5,4
bugeon2022,feat__mean_activity,PLS,atlas,7,3,0.42857142857142855,1.0,0.5357142857142857,4,0.3019506876415099,1.0,4,-0.0211827132549385,0.0,4,-0.023684263044306,0.25,4,0.1259506862553981,1.0,4,-0.0148824809135576,0.5,4,-0.0359235805738681,0.25,4,0.0071999090186104,0.75,4
mclachlan2025,feat__dAIC_late5_ang_acc_neg,PLS,atlas,7,3,0.42857142857142855,1.0,0.5357142857142857,4,0.3595080765175597,0.5,4,-0.017248907218464,0.5,4,-0.0317477621628158,0.5,4,0.1304902424116044,0.5,4,-0.0162469481464,0.5,4,-0.0217045604553528,0.5,4,0.0145405855957183,0.75,4
shainer2025,feat__rs_dimmax,PLS,measured+atlas,7,3,0.42857142857142855,1.0,0.5238095238095238,6,-0.0078491621396401,0.3333333333333333,6,0.0057011063815306,0.8333333333333334,6,-0.0079156203549433,0.5,6,-0.0030239717467606,0.3333333333333333,6,-0.0044508485688426,0.5,6,0.0081766353918608,0.6666666666666666,6,0.0001700811828457,0.5,6
condylis2022,resp__task_CW__b01,Ridge,atlas,7,3,0.42857142857142855,1.0,0.5238095238095238,9,-0.001190400626929,0.5555555555555556,9,0.0008630862656642,0.5555555555555556,9,-0.0105245426153061,0.4444444444444444,9,-0.0003921780464052,0.5555555555555556,9,-0.0047211998088271,0.4444444444444444,9,0.0015819238313102,0.4444444444444444,9,5.167774314987186e-05,0.6666666666666666,9
xu2020,resp__Eat-Hed__b04,Ridge,measured+atlas,7,3,0.42857142857142855,1.0,0.5238095238095238,3,0.0097660474300535,1.0,3,-0.0100360093846997,0.3333333333333333,3,-0.022036511831081,0.6666666666666666,3,0.0048942124775716,1.0,3,-0.0147776599400576,0.3333333333333333,3,0.0009095370006709,0.3333333333333333,3,-0.0012197848290711,0.0,3
xu2020,resp__Eat-Hed__b05,Ridge,measured+atlas,7,3,0.42857142857142855,1.0,0.5238095238095237,3,0.003629223691056,0.6666666666666666,3,-0.0169774896115737,0.3333333333333333,3,-0.0208561507341076,0.6666666666666666,3,0.0017233259878519,0.6666666666666666,3,-0.0080220023210743,0.6666666666666666,3,0.0031105259649027,0.6666666666666666,3,-0.001621099618703,0.0,3
bugeon2022,mi__running_vs_stat_sync_pooled,Ridge,measured+atlas,7,3,0.42857142857142855,1.0,0.5,4,0.0006883907822392,0.5,4,0.0027723777910218,0.5,4,-0.0028196992251053,0.5,4,0.0001917542895348,0.5,4,-0.0024911957551244,0.5,4,-0.0020140669026401,0.5,4,-0.0011230760285026,0.5,4
mclachlan2025,feat__dAIC_median_ang_acc_pos,PLS,measured+atlas,7,3,0.42857142857142855,1.0,0.5,4,0.6075251915613843,0.75,4,-0.018041625872651,0.25,4,-0.0281479455991675,0.25,4,0.0987164436647066,0.75,4,-0.0248018553967735,0.5,4,-0.0159714379106379,0.25,4,0.0013435617179952,0.75,4
mclachlan2025,feat__dAIC_ang_acc_pos,PLS,atlas,7,3,0.42857142857142855,1.0,0.5,4,4.238048655089359,0.75,4,-0.0170734624145988,0.25,4,-0.0363936689766153,0.5,4,0.7458055009329416,0.75,4,-0.0305656482208653,0.25,4,-0.0438171885804034,0.25,4,0.0102280843993656,0.75,4
zhao2026,resp__grating_up__b01,Ridge,atlas,7,3,0.42857142857142855,1.0,0.5,6,0.0073741217977159,0.8333333333333334,6,-0.0574834826433049,0.3333333333333333,6,-0.0592245607151057,0.3333333333333333,6,0.0033422314598535,0.8333333333333334,6,-0.0525478710002519,0.1666666666666666,6,-0.0044152880007221,0.3333333333333333,6,4.7231500887155255e-05,0.6666666666666666,6
shainer2025,feat__regsc_dim_on,PLS,measured+atlas,7,3,0.42857142857142855,1.0,0.4761904761904762,6,-0.0020752964382591,0.6666666666666666,6,0.0094219376174215,0.5,6,0.0047106120255023,0.5,6,-0.0010108613493862,0.6666666666666666,6,0.0044783264056764,0.3333333333333333,6,-0.0005099007529151,0.3333333333333333,6,-0.0001178068792242,0.3333333333333333,6
shainer2025,feat__regsc_dim_on,PLS,atlas,7,3,0.42857142857142855,1.0,0.4761904761904762,6,0.0093140758209872,0.6666666666666666,6,-0.0027649408745697,0.5,6,-0.0036768917700774,0.5,6,0.0044187264655851,0.6666666666666666,6,-0.0027465328198357,0.3333333333333333,6,0.0007927011554068,0.3333333333333333,6,-0.0002182353630046,0.3333333333333333,6
xu2020,resp__Eat-Hed__b04,Lasso,measured+atlas,7,3,0.42857142857142855,1.0,0.47619047619047616,3,0.000469086427803,0.6666666666666666,3,0.0089561984981565,0.6666666666666666,3,-0.0007942180793711,0.3333333333333333,3,0.0002680263812995,0.6666666666666666,3,-0.0042244646599513,0.6666666666666666,3,-0.0010942496167376,0.3333333333333333,3,-0.0016776553146189,0.0,3
xu2020,resp__Eat-Hed__b01,Lasso,measured+atlas,7,3,0.42857142857142855,1.0,0.47619047619047616,3,0.0101471795910798,0.6666666666666666,3,-0.0212294200902691,0.3333333333333333,3,-0.0391302106014838,0.3333333333333333,3,0.004941349545942,0.6666666666666666,3,-0.0028099718879575,0.6666666666666666,3,0.001105108933249,0.6666666666666666,3,-0.0013958097467675,0.0,3
zhao2026,feat__evoked_checkerboard,PLS,atlas,7,3,0.42857142857142855,1.0,0.47619047619047616,6,1.5595499875723215,0.3333333333333333,6,-0.085351687736123,0.3333333333333333,6,-0.0436156543164329,0.6666666666666666,6,0.3410216646153193,0.3333333333333333,6,-0.0044085411942554,0.6666666666666666,6,-0.0251679222025738,0.5,6,0.0113410735517365,0.5,6
shainer2025,feat__regsc_loom,Ridge,atlas,7,3,0.42857142857142855,1.0,0.47619047619047616,6,0.0102182322515564,0.6666666666666666,6,-0.0057951910984231,0.5,6,-0.0592417004831842,0.1666666666666666,6,0.0049911981140022,0.6666666666666666,6,-0.0352784114315636,0.3333333333333333,6,-0.0264917598556029,0.3333333333333333,6,9.799316179393005e-06,0.6666666666666666,6
mclachlan2025,feat__dAIC_delta_lateearly_ang_acc_neg,PLS,atlas,7,3,0.42857142857142855,1.0,0.4642857142857143,4,0.3386161575334865,0.5,4,-0.0353901263319908,0.25,4,-0.0169746057682416,0.25,4,0.1267275123616185,0.5,4,-0.0176612510548591,0.5,4,-0.0160107932955948,0.5,4,0.0275982083256537,0.75,4
condylis2022,resp__task_CW__b06,Ridge,measured+atlas,7,3,0.42857142857142855,1.0,0.46031746031746035,9,-0.0003986920996005,0.4444444444444444,9,0.0034393806315809,0.3333333333333333,9,-0.0001204390969082,0.4444444444444444,9,-0.0001584689046492,0.4444444444444444,9,0.0015162412257544,0.5555555555555556,9,0.0016351665355004,0.5555555555555556,9,-1.2458860621045793e-05,0.4444444444444444,9
condylis2022,resp__task_CW__b02,Ridge,atlas,7,3,0.42857142857142855,1.0,0.4603174603174603,9,-0.0015213300444559,0.5555555555555556,9,0.0007756204667152,0.5555555555555556,9,-0.0036262215111546,0.2222222222222222,9,-0.000518548369626,0.5555555555555556,9,-0.0013044091323269,0.2222222222222222,9,0.0036650241528271,0.4444444444444444,9,4.193089391870008e-05,0.6666666666666666,9
shainer2025,feat__regsc_dot_large_ccw,Ridge,atlas,7,3,0.42857142857142855,1.0,0.4523809523809524,6,0.0157031524403296,0.6666666666666666,6,-0.0083179218405302,0.3333333333333333,6,-0.0518044358609088,0.1666666666666666,6,0.0075501615600042,0.6666666666666666,6,-0.022253888473695,0.3333333333333333,6,-0.010952693007593,0.3333333333333333,6,0.0001327532732763,0.6666666666666666,6
shainer2025,feat__regsc_dot_large_ccw,PLS,atlas,7,3,0.42857142857142855,1.0,0.4523809523809524,6,0.0181944171651408,0.6666666666666666,6,-0.0250864125018545,0.3333333333333333,6,-0.0522356334949936,0.1666666666666666,6,0.0086719062026227,0.6666666666666666,6,-0.0185749250581044,0.3333333333333333,6,-0.0074982794614937,0.5,6,0.0001384885676676,0.5,6
zhao2026,resp__checkerboard__b07,Ridge,measured+atlas,7,3,0.42857142857142855,1.0,0.4523809523809524,6,0.1115566906818868,0.3333333333333333,6,-0.0461352662202101,0.3333333333333333,6,-0.0548931141367181,0.5,6,0.0395663646564664,0.3333333333333333,6,-0.0170256991685562,0.5,6,-0.0042932304364377,0.5,6,0.0031574067600519,0.6666666666666666,6
condylis2022,resp__task_CW__b08,Ridge,atlas,7,3,0.42857142857142855,1.0,0.44444444444444453,9,-0.0027428901488907,0.1111111111111111,9,-0.0004114894390268,0.5555555555555556,9,0.0192396858013237,0.7777777777777778,9,-0.0012801300620076,0.1111111111111111,9,0.007650027164371,0.5555555555555556,9,0.0046399585063431,0.5555555555555556,9,-1.415303889807435e-05,0.4444444444444444,9
condylis2022,resp__task_CW__b04,Lasso,measured+atlas,7,3,0.42857142857142855,1.0,0.44444444444444453,9,-0.0016958991357831,0.4444444444444444,9,-0.0007661249687319,0.5555555555555556,9,-0.0036615436231525,0.3333333333333333,9,-0.0005795245409836,0.4444444444444444,9,0.0162026541578445,0.4444444444444444,9,0.0121843140082136,0.3333333333333333,9,0.0002784819042338,0.5555555555555556,9
zhao2026,resp__checkerboard__b08,Lasso,atlas,7,3,0.42857142857142855,1.0,0.42857142857142855,6,0.2635571384403437,0.5,6,-0.2225054251901471,0.3333333333333333,6,-0.1905992240363764,0.3333333333333333,6,0.0960191224698504,0.5,6,-0.0714055807508188,0.3333333333333333,6,-0.0342881022952217,0.5,6,0.0014802060826889,0.5,6
condylis2022,resp__task_CW__b09,Ridge,atlas,7,3,0.42857142857142855,1.0,0.3968253968253968,9,-5.275205131882732e-05,0.3333333333333333,9,0.0004454551112203,0.3333333333333333,9,-0.0060647885749327,0.2222222222222222,9,4.900218755020546e-05,0.3333333333333333,9,-0.0039958873682034,0.3333333333333333,9,-0.0009341743530877,0.3333333333333333,9,7.023019037682061e-05,0.8888888888888888,9
mclachlan2025,feat__dAIC_late5_ang_acc_neg,Ridge,measured+atlas,7,3,0.42857142857142855,1.0,0.39285714285714285,4,0.0144742815489359,0.5,4,0.0365709050289669,0.5,4,-0.0208314433952748,0.25,4,0.0067993500820202,0.5,4,-0.0203110931861144,0.25,4,-0.0027052999267054,0.25,4,-0.0007675469743814,0.5,4
bugeon2022,mi__running_vs_stat_sync,PLS,atlas,7,3,0.42857142857142855,1.0,0.39285714285714285,4,0.0031590321705262,0.5,4,-0.0312384779644849,0.25,4,-0.0237377423465378,0.25,4,0.0020061452905751,0.5,4,-0.0015220205700171,0.5,4,0.0043141605988902,0.5,4,-0.0031034856403038,0.25,4
mclachlan2025,feat__dAIC_slope_ang_acc_neg,Ridge,atlas,7,3,0.42857142857142855,1.0,0.39285714285714285,4,0.2371062083423362,0.5,4,-0.0271749880045653,0.25,4,-0.0558482108776217,0.25,4,0.087698590796801,0.5,4,-0.032757955628799,0.25,4,-0.0346994881113924,0.25,4,0.0012407156721864,0.75,4
xu2020,resp__Eat-Hed__b09,Lasso,measured+atlas,7,3,0.42857142857142855,1.0,0.380952380952381,3,0.0012113379266059,0.6666666666666666,3,-0.0071588445856656,0.3333333333333333,3,0.0025248821812096,0.3333333333333333,3,0.0005806367115992,0.6666666666666666,3,-0.0084124864791779,0.3333333333333333,3,-0.0109635487324702,0.0,3,-0.0010336982920659,0.3333333333333333,3
shainer2025,feat__regsc_dot_large_cw,Ridge,measured+atlas,7,3,0.42857142857142855,1.0,0.38095238095238093,6,-0.0012114416589542,0.5,6,0.0141684340850812,0.5,6,0.0255924229113017,0.3333333333333333,6,-0.0005719525914183,0.5,6,0.0040722816944009,0.3333333333333333,6,-0.0016365719360449,0.3333333333333333,6,-1.3574607532026994e-05,0.1666666666666666,6
xu2020,resp__Eat-Hed__b06,Lasso,measured+atlas,7,3,0.42857142857142855,1.0,0.38095238095238093,3,0.0036201632652208,0.6666666666666666,3,-0.0218059465590505,0.0,3,-0.0216391890652822,0.0,3,0.001820897941653,0.6666666666666666,3,-0.0200786848465387,0.3333333333333333,3,-0.0043751659708688,0.3333333333333333,3,0.0006125009490104,0.6666666666666666,3
zhao2026,resp__checkerboard__b08,Ridge,atlas,7,3,0.42857142857142855,1.0,0.38095238095238093,6,0.1792801117861892,0.5,6,-0.205555025961726,0.3333333333333333,6,-0.1885441376486982,0.3333333333333333,6,0.0650044849259765,0.5,6,-0.0968176282858822,0.3333333333333333,6,-0.0822866976538839,0.1666666666666666,6,0.0016367778785572,0.5,6
zhao2026,resp__checkerboard__b07,PLS,atlas,7,3,0.42857142857142855,1.0,0.38095238095238093,6,2.79432714188631,0.5,6,-0.2381808376215212,0.1666666666666666,6,-0.2698423146087217,0.1666666666666666,6,0.533380497033409,0.5,6,-0.1596160871756109,0.1666666666666666,6,-0.0425082941749608,0.5,6,0.0246364917839932,0.6666666666666666,6
condylis2022,resp__task_CW__b02,Ridge,measured+atlas,7,3,0.42857142857142855,1.0,0.36507936507936506,9,-0.0030629300133031,0.4444444444444444,9,0.0012810544507721,0.4444444444444444,9,-0.0052453483128013,0.2222222222222222,9,-0.0011555882683082,0.4444444444444444,9,-0.0024436040400706,0.2222222222222222,9,0.0017227528762459,0.2222222222222222,9,1.4502775045320702e-05,0.5555555555555556,9
mclachlan2025,feat__dAIC_slope_ang_acc_neg,PLS,atlas,7,3,0.42857142857142855,1.0,0.35714285714285715,4,2.7593503834662108,0.5,4,-0.0380530210423705,0.25,4,-0.0468165021129791,0.25,4,0.5309081216727514,0.5,4,-0.0214393524227057,0.25,4,-0.0193325362999902,0.25,4,0.0096378316396072,0.5,4
mclachlan2025,feat__dAIC_median_ang_acc_pos,PLS,atlas,7,3,0.42857142857142855,1.0,0.35714285714285715,4,6.433545422693912,0.75,4,-0.0316528117407179,0.0,4,-0.0484154555758618,0.0,4,0.909098147950737,0.75,4,-0.0433283470158167,0.25,4,-0.0483298378023886,0.0,4,0.0095985675363956,0.75,4
mclachlan2025,feat__dAIC_median_coupling,PLS,atlas,7,3,0.42857142857142855,1.0,0.35714285714285715,4,2.0266295872262106,0.5,4,0.0250308103550484,0.75,4,-0.0643943812131724,0.0,4,0.3663564124686216,0.5,4,-0.0581463147883544,0.25,4,-0.0341515678383751,0.25,4,-0.0120113322527366,0.25,4
mclachlan2025,feat__dAIC_ang_acc_pos,Ridge,atlas,7,3,0.42857142857142855,1.0,0.35714285714285715,4,0.3047198522047637,0.25,4,-0.0373967802174486,0.25,4,-0.0657375451171711,0.25,4,0.0697779711017918,0.25,4,-0.0498328061060087,0.25,4,-0.032215480293435,0.5,4,0.0026947375416761,0.75,4
zhao2026,resp__checkerboard__b06,PLS,measured+atlas,7,3,0.42857142857142855,1.0,0.3571428571428571,6,0.3968771144965515,0.1666666666666666,6,-0.1806635578605749,0.1666666666666666,6,-0.1104555465957023,0.6666666666666666,6,0.0428949089690395,0.1666666666666666,6,-0.0925527000923826,0.5,6,-0.0391428652744012,0.5,6,0.00022546330254,0.3333333333333333,6
xu2020,resp__Eat-Hed__b04,PLS,atlas,7,3,0.42857142857142855,1.0,0.33333333333333337,3,0.013777845496613,0.6666666666666666,3,-0.0254890195858645,0.3333333333333333,3,-0.0220064036762709,0.3333333333333333,3,0.006844354097079,0.6666666666666666,3,-0.0146229099062556,0.0,3,0.0032425572254288,0.3333333333333333,3,-0.0025709386807323,0.0,3
xu2020,resp__Eat-Hed__b00,Lasso,measured+atlas,7,3,0.42857142857142855,1.0,0.3333333333333333,3,0.0359968365639906,0.6666666666666666,3,-0.0194634058656336,0.3333333333333333,3,-0.0575303808524036,0.0,3,0.016870068291744,0.6666666666666666,3,-0.0277638109563728,0.0,3,0.0084975758081781,0.6666666666666666,3,-0.001381429467788,0.0,3
zhao2026,resp__checkerboard__b06,PLS,atlas,7,3,0.42857142857142855,1.0,0.3333333333333333,6,0.7141184304554474,0.3333333333333333,6,-0.2725770973905502,0.1666666666666666,6,-0.2252576988783885,0.3333333333333333,6,0.1560815068998351,0.3333333333333333,6,-0.113794196691022,0.3333333333333333,6,-0.0497513655596055,0.5,6,0.0071698353076345,0.3333333333333333,6
mclachlan2025,feat__dAIC_median_ang_acc_pos,Ridge,atlas,7,3,0.42857142857142855,1.0,0.32142857142857145,4,2.1110113916087307,0.75,4,-0.0725023850128003,0.0,4,-0.1070668784636605,0.0,4,0.4121028723497996,0.75,4,-0.0747208509939826,0.0,4,-0.0736976561286744,0.0,4,0.0016082139766406,0.75,4
shainer2025,feat__regsc_dot_large_cw,Ridge,atlas,7,3,0.42857142857142855,1.0,0.3095238095238095,6,-0.0033275160593434,0.3333333333333333,6,0.0033810323329759,0.3333333333333333,6,0.0234679283484735,0.3333333333333333,6,-0.0016090706790619,0.3333333333333333,6,0.0063516534347299,0.3333333333333333,6,-0.0103357182262062,0.3333333333333333,6,-4.196471845458831e-06,0.1666666666666666,6
zhao2026,feat__evoked_checkerboard,PLS,measured+atlas,7,3,0.42857142857142855,1.0,0.3095238095238095,6,0.7232227350372638,0.1666666666666666,6,-0.1294085952989517,0.3333333333333333,6,-0.1458493566335613,0.3333333333333333,6,0.066302621867389,0.1666666666666666,6,-0.0684723272024859,0.3333333333333333,6,-0.0366011704997342,0.3333333333333333,6,0.0034625339102893,0.5,6
condylis2022,resp__task_CW__b08,Ridge,measured+atlas,7,3,0.42857142857142855,1.0,0.30158730158730157,9,-0.0022326927256674,0.1111111111111111,9,-8.70201838924747e-05,0.5555555555555556,9,0.0160387230155458,0.4444444444444444,9,-0.0010262004090712,0.1111111111111111,9,0.0055329497568031,0.2222222222222222,9,0.0025968237792236,0.3333333333333333,9,-4.732562757702668e-06,0.3333333333333333,9
condylis2022,resp__task_CW__b15,PLS,atlas,7,3,0.42857142857142855,1.0,0.2857142857142857,9,1.1102230246251563e-16,0.5555555555555556,9,1.3029700775114682e-16,0.5555555555555556,9,-0.0014678627282849,0.1111111111111111,9,1.2335811384723962e-16,0.4444444444444444,9,-0.0010135115266082,0.1111111111111111,9,-0.0002304824637229,0.1111111111111111,9,-6.167905692361981e-18,0.1111111111111111,9
mclachlan2025,feat__dAIC_ang_acc_pos,Ridge,measured+atlas,7,3,0.42857142857142855,1.0,0.2857142857142857,4,0.5841619250861512,0.5,4,-0.0760574534034186,0.0,4,-0.0903099405107746,0.0,4,0.1528426742581554,0.5,4,-0.0608182678795559,0.0,4,-0.042747368572623,0.25,4,1.1322049284834268e-05,0.75,4
condylis2022,resp__task_CW__b04,PLS,measured+atlas,7,3,0.42857142857142855,1.0,0.2698412698412698,9,0.0,0.4444444444444444,9,1.9660199394403812e-17,0.4444444444444444,9,-0.0002343132236827,0.1111111111111111,9,-3.7007434154171876e-17,0.3333333333333333,9,9.71238726858016e-05,0.2222222222222222,9,-9.962563500544154e-05,0.1111111111111111,9,1.5419764230904953e-17,0.2222222222222222,9
mclachlan2025,feat__dAIC_median_ang_acc_pos,Ridge,measured+atlas,7,3,0.42857142857142855,1.0,0.25,4,1.533788872096754,0.5,4,-0.066520805837336,0.0,4,-0.0841920778827974,0.0,4,0.2559051211315418,0.5,4,-0.0562398751510191,0.0,4,-0.0573954915708068,0.0,4,0.0001299410873929,0.75,4
condylis2022,resp__task_CW__b11,PLS,atlas,7,3,0.42857142857142855,1.0,0.23809523809523814,9,-4.9343245538895844e-17,0.2222222222222222,9,-1.9669836747048131e-16,0.4444444444444444,9,0.0002063211358665,0.3333333333333333,9,-2.4671622769447922e-17,0.2222222222222222,9,0.0002613852250593,0.2222222222222222,9,-0.0002805456547944,0.1111111111111111,9,3.0839528461809906e-18,0.1111111111111111,9
condylis2022,resp__task_CW__b07,PLS,atlas,7,3,0.42857142857142855,1.0,0.22222222222222227,9,-2.4671622769447922e-17,0.1111111111111111,9,-2.1221450522782942e-16,0.4444444444444444,9,0.0010491876462851,0.3333333333333333,9,-3.7007434154171876e-17,0.2222222222222222,9,0.001057196282689,0.2222222222222222,9,0.0004897746159126,0.2222222222222222,9,-1.5419764230904953e-17,0.0,9
condylis2022,resp__task_CW__b13,PLS,atlas,7,3,0.42857142857142855,1.0,0.22222222222222224,9,1.1102230246251563e-16,0.5555555555555556,9,4.70302809042601e-17,0.3333333333333333,9,-0.0009206176339379,0.2222222222222222,9,7.401486830834377e-17,0.4444444444444444,9,-0.0006975045269792,0.0,9,-0.0001831841375779,0.0,9,-6.167905692361981e-18,0.0,9
condylis2022,resp__task_CW__b09,PLS,atlas,7,3,0.42857142857142855,1.0,0.20634920634920637,9,2.4671622769447922e-17,0.4444444444444444,9,-8.943463253924871e-17,0.2222222222222222,9,-0.0012582243130754,0.2222222222222222,9,0.0,0.1111111111111111,9,-0.0010452899509063,0.1111111111111111,9,0.0003823707249563,0.1111111111111111,9,6.167905692361981e-18,0.2222222222222222,9
condylis2022,resp__task_CW__b10,PLS,atlas,7,3,0.42857142857142855,1.0,0.1904761904761905,9,-7.401486830834377e-17,0.2222222222222222,9,-3.307539427529112e-16,0.4444444444444444,9,-0.0004515713393655,0.2222222222222222,9,2.4671622769447922e-17,0.2222222222222222,9,3.30294622803552e-05,0.1111111111111111,9,2.887340986584213e-05,0.1111111111111111,9,-6.167905692361981e-18,0.0,9
condylis2022,resp__task_CW__b05,PLS,atlas,7,3,0.42857142857142855,1.0,0.19047619047619047,9,3.7007434154171876e-17,0.3333333333333333,9,-1.7164125059526072e-16,0.3333333333333333,9,-0.0011036963884975,0.1111111111111111,9,8.635067969306772e-17,0.3333333333333333,9,-0.0005391680250126,0.1111111111111111,9,0.0003495735963446,0.1111111111111111,9,-2.1587669923266933e-17,0.0,9
condylis2022,resp__task_CW__b07,PLS,measured+atlas,7,3,0.42857142857142855,1.0,0.1746031746031746,9,-2.4671622769447922e-17,0.2222222222222222,9,-2.804469619495838e-16,0.4444444444444444,9,0.0003256385738314,0.1111111111111111,9,-4.9343245538895844e-17,0.2222222222222222,9,0.0003137798916633,0.1111111111111111,9,0.0001575691230863,0.1111111111111111,9,-1.5419764230904953e-17,0.0,9
shainer2025,feat__regsc_loom,Lasso,measured+atlas,7,3,0.42857142857142855,0.6666666666666666,0.5595238095238095,6,-0.0024436807966651,0.3333333333333333,6,0.0101889161009184,0.5,4,-0.0062561073044973,0.75,4,-0.0012297519124019,0.3333333333333333,6,-0.0020116684524334,0.6666666666666666,6,0.0074392275345877,0.8333333333333334,6,2.0701726877759657e-05,0.5,6
condylis2022,resp__task_CW__b06,Lasso,measured+atlas,7,3,0.42857142857142855,0.5555555555555556,0.49523809523809526,9,-0.0009040761716823,0.5555555555555556,9,-0.0103511702247825,0.4,5,-0.000828311200532,0.4,5,-0.0003519328762618,0.5555555555555556,9,0.0136165967370325,0.4444444444444444,9,0.012584850592606,0.5555555555555556,9,9.344999819255184e-05,0.5555555555555556,9
shainer2025,feat__rs_dotmax,Lasso,atlas,7,3,0.42857142857142855,0.5,0.28571428571428564,6,0.0071247203434742,0.3333333333333333,6,-0.0471171666438969,0.0,3,0.0079861820796948,0.6666666666666666,3,0.0034208369469144,0.3333333333333333,6,-0.0023133975812547,0.3333333333333333,6,-0.0008545625730156,0.1666666666666666,6,-3.928251326821656e-05,0.1666666666666666,6
mclachlan2025,feat__dAIC_median_coupling,Lasso,measured+atlas,7,3,0.42857142857142855,0.25,0.21428571428571427,4,-0.0027273268199717,0.0,4,-0.0281754107317368,0.0,1,0.0354166760490061,1.0,1,-0.0013512776706748,0.0,4,0.0070021545090797,0.25,4,0.0035133634286965,0.25,4,-6.583336400647899e-06,0.0,4
mclachlan2025,feat__dAIC_late5_ang_acc_pos,Lasso,atlas,7,3,0.42857142857142855,0.25,0.21428571428571427,4,0.1186695469629069,0.5,4,-0.0650079532979131,0.0,1,-0.0752993296199679,0.0,1,0.0418526325803101,0.5,4,0.0003761453847463,0.25,4,-0.0087336495376973,0.0,4,-7.836269771965831e-09,0.25,4
mclachlan2025,feat__dAIC_late5_ang_acc_pos,Lasso,measured+atlas,7,3,0.42857142857142855,0.25,0.21428571428571427,4,0.1186695469629069,0.5,4,-0.0650079532979131,0.0,1,-0.0752993296199679,0.0,1,0.0418526325803101,0.5,4,0.0003761453847463,0.25,4,-0.0087336495376973,0.0,4,-7.836269771965831e-09,0.25,4
condylis2022,resp__task_CW__b12,Lasso,measured+atlas,7,3,0.42857142857142855,0.2222222222222222,0.15079365079365079,9,0.0019509452776124,0.2222222222222222,9,-0.0046412228096136,0.5,2,-0.0009937744173581,0.0,2,0.0009251572773487,0.2222222222222222,9,-8.670233848593088e-05,0.0,9,-4.634779384501655e-05,0.0,9,7.881199067755813e-06,0.1111111111111111,9
condylis2022,resp__task_CW__b12,Lasso,atlas,7,3,0.42857142857142855,0.2222222222222222,0.15079365079365079,9,0.0025835034195148,0.2222222222222222,9,-0.0119629889731276,0.5,2,-0.00288420412035,0.0,2,0.0012152798225434,0.2222222222222222,9,-0.000379838816224,0.0,9,-0.0002287094711156,0.0,9,6.9970825975978415e-06,0.1111111111111111,9
condylis2022,resp__task_CW__b07,Lasso,atlas,7,3,0.42857142857142855,0.1111111111111111,0.2698412698412699,9,-0.0053106273455558,0.1111111111111111,9,-0.0277110196961239,0.0,1,0.002335014512474,1.0,1,-0.002494355885597,0.1111111111111111,9,0.0064276640029549,0.2222222222222222,9,0.0021127009754617,0.2222222222222222,9,-2.722137585460373e-05,0.2222222222222222,9
zhao2026,resp__grating_up__b02,Lasso,measured+atlas,5,2,0.4,1.0,0.19999999999999993,6,-0.0308043810352275,0.1666666666666666,6,,,0,,,0,-0.0139939542455121,0.1666666666666666,6,0.0059979423868312,0.1666666666666666,6,0.0425314693778746,0.3333333333333333,6,-0.001911412523552,0.1666666666666666,6
zhao2026,resp__checkerboard__b03,Lasso,atlas,5,2,0.4,1.0,0.16666666666666666,6,-0.1842175713900654,0.0,6,,,0,,,0,-0.0633097715046215,0.0,6,0.0204421768707483,0.1666666666666666,6,0.0690190563404848,0.5,6,-0.0007896397180148,0.1666666666666666,6
mclachlan2025,feat__dAIC_early5_ang_acc_neg,Lasso,atlas,5,2,0.4,1.0,0.1,4,0.1116694002484697,0.25,4,,,0,,,0,0.0506814457709669,0.25,4,-0.00142351492767,0.0,4,-0.0001394154473394,0.0,4,-0.0043502495365349,0.0,4
mclachlan2025,feat__dAIC_early5_ang_acc_neg,Lasso,measured+atlas,5,2,0.4,1.0,0.1,4,0.1116694002484697,0.25,4,,,0,,,0,0.0506814457709669,0.25,4,-0.00142351492767,0.0,4,-0.0001394154473394,0.0,4,-0.0043502495365349,0.0,4
mclachlan2025,feat__dAIC_median_ang_acc_neg,Lasso,atlas,5,2,0.4,1.0,0.1,4,-0.0001124931246586,0.0,4,,,0,,,0,-5.621557458540538e-05,0.0,4,0.0045966627696885,0.25,4,-0.0032813358001028,0.0,4,7.566655496615836e-10,0.25,4
mclachlan2025,feat__dAIC_median_ang_acc_neg,Lasso,measured+atlas,5,2,0.4,1.0,0.1,4,-0.0001124931246586,0.0,4,,,0,,,0,-5.621557458540538e-05,0.0,4,0.0045966627696885,0.25,4,-0.0032813358001028,0.0,4,7.566655496615836e-10,0.25,4
zhao2026,resp__checkerboard__b04,Lasso,atlas,5,2,0.4,1.0,0.09999999999999995,6,-0.0741929796697717,0.0,6,,,0,,,0,-0.0252420341297882,0.0,6,0.0254166666666666,0.1666666666666666,6,0.0510339369665995,0.1666666666666666,6,-0.0004659379618874,0.1666666666666666,6
xu2020,resp__Eat-Hed__b02,Ridge,atlas,7,2,0.2857142857142857,1.0,0.5714285714285714,3,0.0139791393150478,0.6666666666666666,3,-0.0234703508099448,0.6666666666666666,3,-0.0198950668564758,0.6666666666666666,3,0.0069942199499317,0.6666666666666666,3,-0.0112217541576527,0.6666666666666666,3,-0.0100426779399214,0.6666666666666666,3,-0.0016049973258712,0.0,3
xu2020,resp__Eat-Hed__b03,Ridge,atlas,7,2,0.2857142857142857,1.0,0.5714285714285714,3,0.008111317189127,0.6666666666666666,3,-0.0316171709552545,0.3333333333333333,3,-0.0394537082176757,0.6666666666666666,3,0.0041034973969258,0.6666666666666666,3,-0.0174511912407607,0.6666666666666666,3,-0.0093548662323028,0.6666666666666666,3,-0.001073692299976,0.3333333333333333,3
bugeon2022,mi__running_vs_stat_sync,Lasso,measured+atlas,7,2,0.2857142857142857,1.0,0.5357142857142857,4,-0.0078505581111799,0.5,4,-0.0069006337578691,0.5,4,-0.0064612178604471,0.5,4,-0.0041283871707661,0.5,4,0.0003252520452717,0.75,4,0.002264315350984,0.5,4,-8.996340925791768e-06,0.5,4
condylis2022,resp__task_CW__b13,Ridge,measured+atlas,7,2,0.2857142857142857,1.0,0.5238095238095238,9,-6.6268542679203e-05,0.5555555555555556,9,-0.0012433684064482,0.7777777777777778,9,0.0013195298649648,0.3333333333333333,9,-2.4876971268603417e-05,0.5555555555555556,9,-0.0003208055261143,0.4444444444444444,9,0.0008023136798368,0.4444444444444444,9,-6.953063133718289e-06,0.5555555555555556,9
zhao2026,resp__checkerboard__b07,Lasso,measured+atlas,7,2,0.2857142857142857,1.0,0.5238095238095238,6,0.0165978230871182,0.6666666666666666,6,-0.0134975075123375,0.6666666666666666,6,-0.0143965929839122,0.5,6,0.0053411193145957,0.6666666666666666,6,-0.0111917359536407,0.3333333333333333,6,-0.018527610798269,0.3333333333333333,6,-0.0006651615062311,0.5,6
xu2020,resp__Eat-Hed__b02,Ridge,measured+atlas,7,2,0.2857142857142857,1.0,0.5238095238095238,3,0.0116330874207031,0.6666666666666666,3,-0.0105094133108824,0.6666666666666666,3,-0.014533922491677,0.6666666666666666,3,0.0057440472265081,0.6666666666666666,3,-0.0147776599400577,0.3333333333333333,3,-0.0070895801337628,0.6666666666666666,3,-0.0008706774033288,0.0,3
xu2020,resp__Eat-Hed__b14,Ridge,measured+atlas,7,2,0.2857142857142857,1.0,0.5238095238095238,3,-0.0026326296396836,0.6666666666666666,3,-0.022781713121891,0.3333333333333333,3,-0.0145685689893784,0.3333333333333333,3,-0.0014742390972761,0.6666666666666666,3,0.0045572916666666,0.6666666666666666,3,0.0021583133400429,0.6666666666666666,3,-0.0011848595616494,0.3333333333333333,3
zhao2026,resp__checkerboard__b11,PLS,atlas,7,2,0.2857142857142857,1.0,0.5238095238095238,6,0.4194807190988285,0.8333333333333334,6,-0.0169122791248829,0.5,6,-0.0607685969532465,0.5,6,0.1559433725579182,0.8333333333333334,6,-0.0149566431510875,0.3333333333333333,6,-0.0030117927771989,0.1666666666666666,6,-0.0062489582616469,0.5,6
mclachlan2025,feat__dAIC_ang_acc_neg,Ridge,measured+atlas,7,2,0.2857142857142857,1.0,0.5,4,-0.0250791696367143,0.0,4,0.0138169271500012,0.75,4,-0.0028849933266465,0.75,4,-0.0098303109999141,0.0,4,0.0010708010163539,0.75,4,-0.0018844267865798,0.75,4,-1.2708156744312138e-05,0.5,4
mclachlan2025,feat__dAIC_delta_lateearly_ang_acc_neg,PLS,measured+atlas,7,2,0.2857142857142857,1.0,0.5,4,-0.1042039465423244,0.25,4,0.0061428414803978,0.75,4,-0.0069895535600162,0.75,4,-0.0303277423136718,0.25,4,-0.0070726744610939,0.5,4,-0.0072053658609994,0.5,4,0.0085996828548446,0.5,4
zhao2026,resp__checkerboard__b07,Lasso,atlas,7,2,0.2857142857142857,1.0,0.5,6,0.0620811952681062,0.5,6,-0.0235634495630874,0.5,6,-0.0229535804285526,0.5,6,0.0218908126336787,0.5,6,-0.0328264886201394,0.5,6,-0.007041466375033,0.5,6,-0.002120947598622,0.5,6
shainer2025,feat__peak_dot_size_cw,Ridge,atlas,7,2,0.2857142857142857,1.0,0.49999999999999994,6,0.00150841554429,0.3333333333333333,6,-0.034565577290879,0.5,6,-0.0156992136215203,0.5,6,0.0004513032814164,0.3333333333333333,6,-0.0121217980516136,0.5,6,-0.00473755875607,0.6666666666666666,6,-2.3739076164079145e-07,0.6666666666666666,6
condylis2022,resp__task_CW__b01,Ridge,measured+atlas,7,2,0.2857142857142857,1.0,0.4920634920634921,9,-0.0022899666998596,0.5555555555555556,9,0.0004087949416793,0.5555555555555556,9,-0.0043697033024267,0.4444444444444444,9,-0.0007911982837683,0.5555555555555556,9,-0.0031327630913313,0.3333333333333333,9,-0.001596824718977,0.3333333333333333,9,7.482995056980036e-05,0.6666666666666666,9
xu2020,resp__Eat-Hed__b13,Ridge,measured+atlas,7,2,0.2857142857142857,1.0,0.4761904761904762,3,0.0027578566187234,0.6666666666666666,3,-0.0144516938510811,0.3333333333333333,3,-0.0096620532480741,0.3333333333333333,3,0.0012413073697334,0.6666666666666666,3,-0.0018275996597259,0.6666666666666666,3,-0.009165020481806,0.3333333333333333,3,-0.0006061723282771,0.3333333333333333,3
zhao2026,resp__checkerboard__b02,Ridge,measured+atlas,7,2,0.2857142857142857,1.0,0.47619047619047616,6,0.0012453790990225,0.8333333333333334,6,-0.0384859497853926,0.3333333333333333,6,-0.0589113706299468,0.3333333333333333,6,0.0006776214821885,0.8333333333333334,6,-0.0505699378516838,0.1666666666666666,6,-0.0467891850256462,0.1666666666666666,6,-0.000321714842632,0.6666666666666666,6
bugeon2022,feat__mean_activity,Ridge,measured+atlas,7,2,0.2857142857142857,1.0,0.4642857142857143,4,0.0005614820904086,0.5,4,-0.003310013352295,0.5,4,-0.0098655870641047,0.5,4,0.0009143380617886,0.5,4,-0.0007514357796643,0.5,4,-0.0084865099042074,0.75,4,-3.119510556032212e-05,0.0,4
bugeon2022,feat__speed_r,Ridge,atlas,7,2,0.2857142857142857,1.0,0.4642857142857143,4,0.0075322267997136,0.5,4,-0.0095725769230008,0.5,4,-0.0185810286250086,0.5,4,0.0040526018119945,0.5,4,-0.0154022478651223,0.5,4,-0.0081455232842551,0.5,4,-0.0006393446429236,0.25,4
mclachlan2025,feat__dAIC_early5_ang_acc_neg,PLS,atlas,7,2,0.2857142857142857,1.0,0.4642857142857143,4,0.109959246096222,0.75,4,-0.0423835256724351,0.25,4,-0.018631681238192,0.25,4,0.0362209769281862,0.75,4,-0.0069805993676939,0.25,4,-0.0044864405461194,0.5,4,-0.0027458132730282,0.5,4
condylis2022,resp__task_CW__b03,Ridge,atlas,7,2,0.2857142857142857,1.0,0.46031746031746035,9,-0.0013744437722888,0.5555555555555556,9,0.0007664592952343,0.5555555555555556,9,-0.0087409463117675,0.3333333333333333,9,-0.0005216371940265,0.5555555555555556,9,-0.0017906221835519,0.3333333333333333,9,-0.0048308462305406,0.3333333333333333,9,5.266286052676983e-05,0.5555555555555556,9
shainer2025,feat__baseline,Ridge,measured+atlas,7,2,0.2857142857142857,1.0,0.4523809523809524,6,-0.0022941155419933,0.5,6,0.0040754830228647,0.6666666666666666,6,-0.0058684269507669,0.5,6,-0.0011061189767421,0.5,6,-0.0014261454976235,0.3333333333333333,6,-0.0091747288661272,0.1666666666666666,6,1.229508973158803e-05,0.5,6
xu2020,resp__Eat-Hed__b11,Ridge,measured+atlas,7,2,0.2857142857142857,1.0,0.42857142857142866,3,0.0017740541901509,0.6666666666666666,3,-0.0225905689689841,0.3333333333333333,3,-0.0239690100355229,0.3333333333333333,3,0.0006489086975276,0.6666666666666666,3,-0.0134208243194519,0.3333333333333333,3,-0.0070486467116429,0.3333333333333333,3,-0.0021063498315438,0.3333333333333333,3
bugeon2022,feat__speed_r,Lasso,measured+atlas,7,2,0.2857142857142857,1.0,0.42857142857142855,4,-0.0684178718533273,0.5,4,0.0012284972392091,0.5,4,-0.0030216636400427,0.25,4,-0.0223936847977972,0.5,4,-0.0026355596084158,0.25,4,-0.0030266464236339,0.25,4,0.0002779146718775,0.75,4
mclachlan2025,feat__dAIC_delta_lateearly_ang_acc_pos,PLS,atlas,7,2,0.2857142857142857,1.0,0.42857142857142855,4,0.1306021919408033,0.5,4,-0.0342814799138811,0.25,4,-0.0146566621779896,0.75,4,0.0424161451139205,0.5,4,-0.0152246563966817,0.5,4,-0.0033077223490863,0.5,4,-0.0268526979420805,0.0,4
shainer2025,feat__peak_dot_size_cw,PLS,measured+atlas,7,2,0.2857142857142857,1.0,0.4285714285714285,6,-0.0044300009787556,0.1666666666666666,6,0.0120066584326506,0.6666666666666666,6,-0.0067492402492705,0.5,6,-0.0021704288422921,0.1666666666666666,6,-0.0038652788957475,0.3333333333333333,6,-0.0001584885308287,0.5,6,1.7952021721112654e-06,0.6666666666666666,6
shainer2025,feat__regsc_dot_small_ccw,PLS,measured+atlas,7,2,0.2857142857142857,1.0,0.38095238095238093,6,-0.0092314565472517,0.3333333333333333,6,0.0114956320190595,0.6666666666666666,6,-0.0236664411115347,0.3333333333333333,6,-0.0042203021529168,0.3333333333333333,6,-0.0128130219365024,0.3333333333333333,6,-0.0059732352974595,0.3333333333333333,6,2.953334872773476e-05,0.3333333333333333,6
zhao2026,resp__checkerboard__b10,PLS,measured+atlas,7,2,0.2857142857142857,1.0,0.38095238095238093,6,0.0402098235828528,0.5,6,-0.0860770891774711,0.3333333333333333,6,-0.0390779755407119,0.5,6,0.0115207469460019,0.5,6,-0.0231836314772822,0.3333333333333333,6,-0.0428856644531247,0.3333333333333333,6,-0.0050987459929197,0.1666666666666666,6
zhao2026,resp__checkerboard__b08,Ridge,measured+atlas,7,2,0.2857142857142857,1.0,0.38095238095238093,6,0.1110123307910734,0.5,6,-0.1206155997114059,0.1666666666666666,6,-0.0395743522328616,0.3333333333333333,6,0.0397208362516759,0.5,6,-0.0294296422272613,0.3333333333333333,6,-0.0386033344961916,0.3333333333333333,6,-0.0008656627556824,0.5,6
mclachlan2025,feat__dAIC_median_coupling,Ridge,atlas,7,2,0.2857142857142857,1.0,0.35714285714285715,4,-0.1733000404389474,0.25,4,0.0325277615992908,0.5,4,-0.0162332429761389,0.5,4,-0.045620661148564,0.25,4,-0.0255826924495737,0.25,4,-0.0050721579292697,0.5,4,0.00031076893539,0.25,4
zhao2026,resp__checkerboard__b08,PLS,measured+atlas,7,2,0.2857142857142857,1.0,0.35714285714285715,6,0.7672829788744475,0.3333333333333333,6,-0.081773754663252,0.3333333333333333,6,-0.0270037359748149,0.5,6,0.1707613950509522,0.3333333333333333,6,-0.0497812211304274,0.3333333333333333,6,-0.0407414317708434,0.3333333333333333,6,-0.0024985369704342,0.3333333333333333,6
bugeon2022,feat__mean_activity,Ridge,atlas,7,2,0.2857142857142857,1.0,0.35714285714285715,4,0.0470547325248855,0.5,4,-0.0206761056946963,0.25,4,-0.0316805569931551,0.25,4,0.0217578572890025,0.5,4,-0.0132290272909823,0.5,4,-0.0281848039601934,0.5,4,-3.119510556032212e-05,0.0,4
mclachlan2025,feat__dAIC_early5_ang_acc_neg,Ridge,measured+atlas,7,2,0.2857142857142857,1.0,0.35714285714285715,4,0.0307997865241828,0.5,4,-0.0513923339659114,0.25,4,-0.0351471576092178,0.25,4,0.010090145794795,0.5,4,-0.0203214609331665,0.25,4,-0.0159141460536724,0.25,4,-0.0042679532497722,0.5,4
zhao2026,resp__checkerboard__b10,Ridge,measured+atlas,7,2,0.2857142857142857,1.0,0.3571428571428571,6,0.0810039429248046,0.6666666666666666,6,-0.1081498618652251,0.3333333333333333,6,-0.1214654105421624,0.1666666666666666,6,0.0336848947954672,0.6666666666666666,6,-0.0953509490215839,0.1666666666666666,6,-0.0736451224062102,0.1666666666666666,6,-0.004716349681374,0.3333333333333333,6
condylis2022,resp__task_CW__b09,Ridge,measured+atlas,7,2,0.2857142857142857,1.0,0.34920634920634924,9,-0.000816231147138,0.2222222222222222,9,0.0006762538737893,0.4444444444444444,9,-0.0034154734879474,0.3333333333333333,9,-0.0003545003874305,0.2222222222222222,9,-0.0040163063831475,0.2222222222222222,9,-0.0019750264163203,0.2222222222222222,9,3.799815723432637e-05,0.7777777777777778,9
condylis2022,resp__task_CW__b03,Ridge,measured+atlas,7,2,0.2857142857142857,1.0,0.33333333333333337,9,-0.0022471177271463,0.5555555555555556,9,0.0003602019846785,0.5555555555555556,9,-0.0101167230876005,0.0,9,-0.0008488988807257,0.5555555555555556,9,-0.0055893855939169,0.0,9,-0.0032346779558398,0.0,9,7.070753264879554e-05,0.6666666666666666,9
xu2020,resp__Eat-Hed__b02,Lasso,atlas,7,2,0.2857142857142857,1.0,0.33333333333333337,3,0.0195116134862856,0.6666666666666666,3,-0.0242523571776193,0.3333333333333333,3,-0.0797084433000837,0.3333333333333333,3,0.0095052571609414,0.6666666666666666,3,-0.0554915311767622,0.3333333333333333,3,-0.0292609868569518,0.0,3,-0.0029917628561304,0.0,3
shainer2025,feat__baseline,PLS,measured+atlas,7,2,0.2857142857142857,1.0,0.3333333333333333,6,-0.0032253170686408,0.1666666666666666,6,0.0110778829718893,0.6666666666666666,6,-0.0138046804799287,0.3333333333333333,6,-0.0015871802352915,0.1666666666666666,6,-0.0049394450996808,0.3333333333333333,6,-0.0081368713372598,0.0,6,6.852272256534231e-05,0.6666666666666666,6
xu2020,resp__Eat-Hed__b03,Lasso,atlas,7,2,0.2857142857142857,1.0,0.3333333333333333,3,0.0025643454308514,0.6666666666666666,3,-0.0270655841338155,0.3333333333333333,3,-0.0628114598031323,0.0,3,0.0013465903211274,0.6666666666666666,3,-0.0419028409218947,0.0,3,-0.0044501151813894,0.3333333333333333,3,-0.0016196655813144,0.3333333333333333,3
zhao2026,resp__checkerboard__b10,Ridge,atlas,7,2,0.2857142857142857,1.0,0.3333333333333333,6,0.0224509100146361,0.5,6,-0.1864748062678292,0.3333333333333333,6,-0.2274868002676678,0.1666666666666666,6,0.0046567824898192,0.5,6,-0.1341789493575207,0.1666666666666666,6,-0.0950535721281519,0.1666666666666666,6,-0.0066087019472504,0.5,6
mclachlan2025,feat__dAIC_late5_ang_acc_neg,Ridge,atlas,7,2,0.2857142857142857,1.0,0.32142857142857145,4,0.0197033854088984,0.5,4,-0.007999169955454,0.25,4,-0.0449342339135695,0.25,4,0.0093112210674969,0.5,4,-0.0340596343869494,0.25,4,-0.039814571232978,0.25,4,-0.0007521978386541,0.25,4
mclachlan2025,feat__dAIC_early5_ang_acc_neg,Ridge,atlas,7,2,0.2857142857142857,1.0,0.32142857142857145,4,0.0589504406161944,0.5,4,-0.0698542143212766,0.25,4,-0.0558313386327527,0.25,4,0.0211114197681991,0.5,4,-0.0356829863539429,0.25,4,-0.0212252227845936,0.0,4,-0.0083748336721715,0.5,4
zhao2026,resp__checkerboard__b10,PLS,atlas,7,2,0.2857142857142857,1.0,0.3095238095238095,6,0.3164453130572909,0.5,6,-0.1230024834314165,0.3333333333333333,6,-0.1477431646341546,0.1666666666666666,6,0.1189912517921707,0.5,6,-0.0829104728311077,0.1666666666666666,6,-0.0695471447665658,0.1666666666666666,6,-0.0101855997360255,0.3333333333333333,6
xu2020,resp__Eat-Hed__b07,Lasso,measured+atlas,7,2,0.2857142857142857,1.0,0.2857142857142857,3,0.0013172897441774,0.3333333333333333,3,-0.0134261747442197,0.0,3,-0.0140978933269026,0.3333333333333333,3,0.000546419117475,0.3333333333333333,3,-0.0091890534861185,0.3333333333333333,3,-0.002170523562318,0.3333333333333333,3,-0.0007944844803438,0.3333333333333333,3
zhao2026,resp__checkerboard__b05,PLS,measured+atlas,7,2,0.2857142857142857,1.0,0.28571428571428564,6,0.2950354653756824,0.3333333333333333,6,-0.0574038203480988,0.3333333333333333,6,-0.0613592224938164,0.3333333333333333,6,0.0848751151159613,0.3333333333333333,6,-0.0409019904257999,0.1666666666666666,6,-0.0040864478706325,0.3333333333333333,6,-0.0030150261296866,0.1666666666666666,6
zhao2026,resp__checkerboard__b08,PLS,atlas,7,2,0.2857142857142857,1.0,0.28571428571428564,6,1.0845669992384888,0.5,6,-0.270794438239355,0.1666666666666666,6,-0.2395121699459852,0.1666666666666666,6,0.2717255576162454,0.5,6,-0.1827963592844545,0.1666666666666666,6,-0.1175837302027777,0.1666666666666666,6,-0.0121104987981674,0.3333333333333333,6
xu2020,resp__Eat-Hed__b00,Lasso,atlas,7,2,0.2857142857142857,1.0,0.23809523809523808,3,0.0312878552735949,0.3333333333333333,3,-0.027520876195635,0.3333333333333333,3,-0.0522009830872222,0.0,3,0.0150191270825974,0.3333333333333333,3,-0.0313190125292951,0.0,3,-0.0213209195087494,0.3333333333333333,3,-0.0013745855140075,0.3333333333333333,3
condylis2022,resp__task_CW__b12,PLS,atlas,7,2,0.2857142857142857,1.0,0.22222222222222227,9,-1.7270135938613544e-16,0.3333333333333333,9,-2.821816854255606e-16,0.5555555555555556,9,0.0007669583843812,0.2222222222222222,9,-8.635067969306772e-17,0.2222222222222222,9,0.0002972651605231,0.1111111111111111,9,-9.166961615395297e-05,0.0,9,-9.251858538542969e-18,0.1111111111111111,9
condylis2022,resp__task_CW__b02,PLS,atlas,7,2,0.2857142857142857,1.0,0.22222222222222224,9,-3.7007434154171876e-17,0.4444444444444444,9,1.52655665885959e-16,0.5555555555555556,9,-0.001554972247241,0.0,9,-4.9343245538895844e-17,0.4444444444444444,9,-0.0010736389729018,0.0,9,-0.0008417508417508,0.0,9,6.167905692361981e-18,0.1111111111111111,9
mclachlan2025,feat__dAIC_ang_acc_pos,PLS,measured+atlas,7,2,0.2857142857142857,1.0,0.21428571428571427,4,0.3049993017890057,0.5,4,-0.0366856932777665,0.0,4,-0.0457255622543531,0.0,4,0.0320135384637993,0.5,4,-0.0345511676529249,0.0,4,-0.0301134080648961,0.0,4,-0.0003678003828231,0.5,4
condylis2022,resp__task_CW__b03,PLS,measured+atlas,7,2,0.2857142857142857,1.0,0.126984126984127,9,-5.551115123125784e-16,0.1111111111111111,9,-1.3762139576082671e-16,0.5555555555555556,9,8.024940420208213e-05,0.1111111111111111,9,-2.4671622769447924e-16,0.0,9,0.0,0.0,9,0.0,0.0,9,6.167905692361981e-18,0.1111111111111111,9
zhao2026,resp__grating_up__b00,Lasso,measured+atlas,7,2,0.2857142857142857,0.8333333333333334,0.4714285714285714,6,-0.0056652009428599,0.5,6,0.0042819973506469,0.6,5,-0.0851495396547575,0.2,5,-0.0025670490930189,0.5,6,-0.0033584236163601,0.5,6,-0.0191308844179992,0.5,6,0.0002287407361278,0.5,6
zhao2026,resp__grating_up__b00,Lasso,atlas,7,2,0.2857142857142857,0.8333333333333334,0.4714285714285714,6,-0.0491589416605995,0.3333333333333333,6,-0.0142652930523827,0.4,5,-0.1241155668299059,0.4,5,-0.0214581823802497,0.3333333333333333,6,0.0108105526161081,0.6666666666666666,6,-0.0548867406370846,0.6666666666666666,6,0.0002175481119147,0.5,6
zhao2026,resp__checkerboard__b08,Lasso,measured+atlas,7,2,0.2857142857142857,0.8333333333333334,0.3142857142857142,6,0.1378445203793279,0.6666666666666666,6,-0.0294788180978626,0.2,5,-0.0419391719391719,0.0,5,0.0441945554364074,0.6666666666666666,6,-0.0699651465524481,0.0,6,-0.0487711712501628,0.1666666666666666,6,-0.0006027567627204,0.5,6
shainer2025,feat__regsc_loom,Lasso,atlas,7,2,0.2857142857142857,0.6666666666666666,0.4047619047619047,6,0.0052584913828215,0.5,6,-0.0253325103387999,0.5,4,-0.0831247242420062,0.0,4,0.0025722028163254,0.5,6,-0.0334660453420781,0.3333333333333333,6,-0.0115745879184443,0.5,6,-3.874080221728341e-05,0.5,6
shainer2025,feat__regsc_dim_on,Lasso,measured+atlas,7,2,0.2857142857142857,0.6666666666666666,0.3333333333333333,6,-0.0021074545889112,0.3333333333333333,6,-0.0014973088447809,0.5,4,-0.0200688385100397,0.0,4,-0.0010607785358306,0.3333333333333333,6,0.0050743539182333,0.3333333333333333,6,0.014226851322463,0.5,6,-0.0002976962870783,0.3333333333333333,6
mclachlan2025,feat__dAIC_delta_lateearly_ang_acc_neg,Lasso,measured+atlas,7,2,0.2857142857142857,0.25,0.07142857142857142,4,-0.0003914760045757,0.0,4,0.0,0.0,1,0.0,0.0,1,-0.000195650885323,0.0,4,0.0348595213319458,0.25,4,0.0142442391009471,0.25,4,-6.12471873678716e-05,0.0,4
mclachlan2025,feat__dAIC_median_coupling,Lasso,atlas,5,1,0.2,1.0,0.05,4,-0.0046898551374605,0.0,4,,,0,,,0,-0.0023191805992309,0.0,4,-0.0092528470298553,0.0,4,-0.0036128509776528,0.0,4,6.434417026246475e-06,0.25,4
zhao2026,resp__checkerboard__b03,Lasso,measured+atlas,5,1,0.2,1.0,0.03333333333333332,6,-0.1635575314656178,0.0,6,,,0,,,0,-0.0556563704286464,0.0,6,0.0,0.0,6,0.0081481481481481,0.1666666666666666,6,-0.0015501643397291,0.0,6
xu2020,resp__Eat-Hed__b01,Ridge,atlas,7,1,0.14285714285714285,1.0,0.6666666666666666,3,0.0001115925998431,0.6666666666666666,3,-0.0429834884903559,0.6666666666666666,3,-0.0527144293961056,0.6666666666666666,3,-6.391123930734229e-05,0.6666666666666666,3,-0.0218778520484045,0.6666666666666666,3,-0.0201242735118623,0.6666666666666666,3,-0.0003196314105327,0.6666666666666666,3
zhao2026,resp__checkerboard__b03,Ridge,measured+atlas,7,1,0.14285714285714285,1.0,0.4761904761904761,6,-0.0662600483410079,0.6666666666666666,6,0.0704640338609621,0.6666666666666666,6,-0.0640631864324856,0.3333333333333333,6,-0.0237942643467388,0.6666666666666666,6,-0.1066392668178383,0.1666666666666666,6,-0.0859547306361031,0.1666666666666666,6,-0.0008203911424541,0.6666666666666666,6
bugeon2022,feat__pupil_r,Lasso,measured+atlas,7,1,0.14285714285714285,1.0,0.4642857142857143,4,-0.0001696375787602,0.25,4,0.002089596302702,0.75,4,-0.0025590895897848,0.5,4,-8.89727091591963e-05,0.25,4,-0.001116532923038,0.5,4,-0.0035414228624704,0.5,4,-3.932005418545714e-06,0.5,4
mclachlan2025,feat__dAIC_late5_ang_acc_neg,PLS,measured+atlas,7,1,0.14285714285714285,1.0,0.4642857142857143,4,-0.141705248537114,0.25,4,0.0085238809011282,0.5,4,-0.0200379964261918,0.5,4,-0.0422757506374975,0.25,4,-0.0127430117570715,0.5,4,-0.0178427109766752,0.5,4,-0.0007152307597716,0.75,4
condylis2022,resp__task_CW__b13,Ridge,atlas,7,1,0.14285714285714285,1.0,0.4444444444444445,9,-0.0046475378641283,0.3333333333333333,9,-0.0027456715174646,0.7777777777777778,9,-0.0055327996582092,0.5555555555555556,9,-0.0021139829441355,0.3333333333333333,9,-0.0047903245262773,0.3333333333333333,9,0.0002027351703071,0.4444444444444444,9,-4.1170985885001045e-05,0.3333333333333333,9
zhao2026,resp__checkerboard__b03,Ridge,atlas,7,1,0.14285714285714285,1.0,0.4285714285714285,6,-0.667905842098755,0.6666666666666666,6,0.042104304151451,0.5,6,-0.1327821813583771,0.3333333333333333,6,-0.1860109042291388,0.6666666666666666,6,-0.1373839968086,0.1666666666666666,6,-0.1090112702421354,0.1666666666666666,6,-0.0060402967188431,0.5,6
mclachlan2025,feat__dAIC_ang_acc_neg,PLS,measured+atlas,7,1,0.14285714285714285,1.0,0.39285714285714285,4,-0.0542668797940262,0.25,4,0.0170202536603011,0.75,4,-0.0001531600207686,0.25,4,-0.0093347636969712,0.25,4,-0.0063664683529745,0.25,4,-0.0084752113860995,0.5,4,-0.0136666293157986,0.5,4
xu2020,resp__Eat-Hed__b15,PLS,measured+atlas,7,1,0.14285714285714285,1.0,0.38095238095238093,3,-0.045192183743796,0.3333333333333333,3,-0.0120314279168418,0.3333333333333333,3,-0.0094052753376436,0.3333333333333333,3,-0.0211065606919901,0.3333333333333333,3,-0.0047623926784748,0.3333333333333333,3,-0.0012183624176252,0.3333333333333333,3,9.014425018393409e-05,0.6666666666666666,3
xu2020,resp__Eat-Hed__b06,Ridge,measured+atlas,7,1,0.14285714285714285,1.0,0.38095238095238093,3,-0.0115234676427283,0.3333333333333333,3,-0.0201875224866788,0.3333333333333333,3,-0.015019838101668,0.3333333333333333,3,-0.0056660557333193,0.3333333333333333,3,-0.0084927663601946,0.6666666666666666,3,0.0044072940295041,0.6666666666666666,3,-0.0015793354009209,0.0,3
shainer2025,feat__peak_dot_size_ccw,Ridge,atlas,7,1,0.14285714285714285,1.0,0.38095238095238093,6,-0.0027299345695469,0.5,6,-0.0198982761033959,0.3333333333333333,6,-0.0384009719185258,0.3333333333333333,6,-0.0013426470968801,0.5,6,-0.0252834068485445,0.3333333333333333,6,-0.0144812870051958,0.3333333333333333,6,1.7465305272301723e-06,0.3333333333333333,6
condylis2022,resp__task_CW__b06,Ridge,atlas,7,1,0.14285714285714285,1.0,0.3809523809523809,9,-0.0028146802482086,0.4444444444444444,9,2.494665587105291e-05,0.3333333333333333,9,-0.0052296942274708,0.3333333333333333,9,-0.0013297547535037,0.4444444444444444,9,-0.0010772604222826,0.3333333333333333,9,-0.0004729536875202,0.3333333333333333,9,-1.5276939235540448e-05,0.4444444444444444,9
condylis2022,resp__task_CW__b05,Ridge,measured+atlas,7,1,0.14285714285714285,1.0,0.36507936507936506,9,-0.0021973761037189,0.5555555555555556,9,-0.0014163523890931,0.5555555555555556,9,-0.0057277591079141,0.1111111111111111,9,-0.0010166535970507,0.5555555555555556,9,-0.0048669740874921,0.1111111111111111,9,-0.0012819130261708,0.1111111111111111,9,6.523310646268839e-05,0.5555555555555556,9
condylis2022,resp__task_CW__b00,Ridge,measured+atlas,7,1,0.14285714285714285,1.0,0.34920634920634924,9,-0.0023412749419494,0.3333333333333333,9,0.0019397049407206,0.5555555555555556,9,-0.0059440623104211,0.4444444444444444,9,-0.0009636792508034,0.3333333333333333,9,-0.004336316945916,0.2222222222222222,9,-0.0106089578283374,0.2222222222222222,9,-1.1583835633941868e-05,0.3333333333333333,9
condylis2022,resp__task_CW__b05,Ridge,atlas,7,1,0.14285714285714285,1.0,0.34920634920634924,9,-0.0022250033188248,0.5555555555555556,9,-0.0006348560639648,0.6666666666666666,9,-0.0065116072774093,0.1111111111111111,9,-0.0010335444863628,0.5555555555555556,9,-0.0054683116671687,0.0,9,-0.001542688132392,0.0,9,7.60334186159105e-05,0.5555555555555556,9
zhao2026,resp__checkerboard__b09,PLS,measured+atlas,7,1,0.14285714285714285,1.0,0.3333333333333333,6,0.047962852670051,0.5,6,-0.1579443373632828,0.1666666666666666,6,-0.1121072605555364,0.3333333333333333,6,-0.0057690717314719,0.5,6,-0.087468085999832,0.3333333333333333,6,-0.063952477515859,0.1666666666666666,6,-0.0084433402887814,0.3333333333333333,6
zhao2026,resp__checkerboard__b09,PLS,atlas,7,1,0.14285714285714285,1.0,0.3333333333333333,6,0.0437631288042186,0.5,6,-0.2687824162575417,0.3333333333333333,6,-0.2805468689840213,0.0,6,-0.006041010001101,0.5,6,-0.1429266397917191,0.3333333333333333,6,-0.0854891257372644,0.3333333333333333,6,-0.0143686131065569,0.3333333333333333,6
shainer2025,feat__peak_dot_size_ccw,PLS,measured+atlas,7,1,0.14285714285714285,1.0,0.3095238095238095,6,-0.020039209230119,0.0,6,-0.0332279951931527,0.5,6,-0.0368001687001272,0.3333333333333333,6,-0.0097872301947878,0.0,6,-0.0283061829098144,0.3333333333333333,6,-0.014822317513425,0.3333333333333333,6,3.914871776689958e-05,0.6666666666666666,6
mclachlan2025,feat__dAIC_delta_lateearly_ang_acc_pos,PLS,measured+atlas,7,1,0.14285714285714285,1.0,0.2857142857142857,4,-0.1459986711760005,0.25,4,-0.0045111918267242,0.25,4,0.0046333610761983,0.5,4,-0.0623460794871785,0.25,4,-0.007419714850014,0.25,4,-0.0106326711192763,0.0,4,-0.0106416530841687,0.5,4
mclachlan2025,feat__dAIC_coupling,Ridge,atlas,7,1,0.14285714285714285,1.0,0.25,4,-0.3320212713879827,0.0,4,-0.0050027543408248,0.5,4,-0.0237680733801013,0.25,4,-0.1312749302709147,0.0,4,-0.0253269954425916,0.25,4,-0.0387378802510354,0.25,4,0.0003753704618744,0.5,4
bugeon2022,mi__running_vs_stat_sync,Lasso,atlas,7,1,0.14285714285714285,1.0,0.25,4,-0.0442723469169247,0.25,4,-0.0457059571953148,0.0,4,-0.0332119199946163,0.25,4,-0.0235898294742996,0.25,4,-0.0146023539451287,0.25,4,-0.0037069029019689,0.25,4,0.0009443432793838,0.5,4
mclachlan2025,feat__dAIC_late5_ang_acc_pos,Ridge,measured+atlas,7,1,0.14285714285714285,1.0,0.25,4,-0.0753970837333882,0.5,4,-0.0476501981658183,0.0,4,-0.0747023313623012,0.0,4,-0.0277465918256968,0.5,4,-0.0555772567714594,0.0,4,-0.0374785047439899,0.0,4,3.043164617327898e-06,0.75,4
condylis2022,resp__task_CW__b05,Lasso,measured+atlas,7,1,0.14285714285714285,1.0,0.2380952380952381,9,-0.0009616795418738,0.3333333333333333,9,-0.0003884977191807,0.2222222222222222,9,-0.0092606551943466,0.0,9,-0.0004713362366373,0.3333333333333333,9,-0.003841459738657,0.0,9,-0.0013756543890402,0.2222222222222222,9,2.242052929052946e-05,0.5555555555555556,9
xu2020,resp__Eat-Hed__b04,Lasso,atlas,7,1,0.14285714285714285,1.0,0.23809523809523808,3,-0.0213836506821558,0.3333333333333333,3,-0.0435554539433006,0.0,3,-0.0434921444260845,0.3333333333333333,3,-0.0104834072732921,0.3333333333333333,3,-0.0153162921680638,0.3333333333333333,3,0.0025238677568817,0.3333333333333333,3,-0.0026863695605434,0.0,3
condylis2022,resp__task_CW__b02,PLS,measured+atlas,7,1,0.14285714285714285,1.0,0.22222222222222224,9,-3.7007434154171876e-17,0.4444444444444444,9,1.4456028966473392e-16,0.5555555555555556,9,-0.0003380368290048,0.0,9,-4.9343245538895844e-17,0.4444444444444444,9,-0.0003013938433082,0.0,9,-0.0001761599220661,0.0,9,0.0,0.1111111111111111,9
mclachlan2025,feat__dAIC_coupling,Ridge,measured+atlas,7,1,0.14285714285714285,1.0,0.21428571428571427,4,-0.0957709493112898,0.0,4,0.0005124048611332,0.5,4,-0.0075857451074683,0.25,4,-0.0396615835864308,0.0,4,-0.0119970631999065,0.25,4,-0.0036811084638884,0.5,4,-9.964449606825188e-07,0.0,4
mclachlan2025,feat__dAIC_early5_ang_acc_neg,PLS,measured+atlas,7,1,0.14285714285714285,1.0,0.21428571428571427,4,-0.1183905276578249,0.0,4,-0.0422675233193057,0.0,4,-0.0285078242792414,0.25,4,-0.0466300161045534,0.0,4,-0.0209764413465166,0.25,4,-0.0067488864507043,0.25,4,0.0044238017983268,0.75,4
xu2020,resp__Eat-Hed__b14,PLS,measured+atlas,7,1,0.14285714285714285,1.0,0.19047619047619047,3,-0.0570961478164075,0.0,3,-0.0196469810154852,0.0,3,-0.0176613523661314,0.0,3,-0.0263985447755564,0.0,3,-0.0023786435798629,0.3333333333333333,3,-0.0043194763981582,0.3333333333333333,3,3.650703247153516e-05,0.6666666666666666,3
condylis2022,resp__task_CW__b10,PLS,measured+atlas,7,1,0.14285714285714285,1.0,0.17460317460317462,9,-4.9343245538895844e-17,0.2222222222222222,9,-3.5889501247431275e-16,0.4444444444444444,9,-0.0001143366904125,0.2222222222222222,9,2.4671622769447922e-17,0.2222222222222222,9,-3.302946228034287e-05,0.0,9,-1.300554275361786e-05,0.0,9,0.0,0.1111111111111111,9
condylis2022,resp__task_CW__b03,PLS,atlas,7,1,0.14285714285714285,1.0,0.126984126984127,9,-5.304398895431303e-16,0.1111111111111111,9,-1.1757570226065022e-16,0.4444444444444444,9,-0.0003430005426557,0.0,9,-2.4671622769447924e-16,0.1111111111111111,9,-0.0001682045367166,0.0,9,0.0,0.0,9,9.251858538542969e-18,0.2222222222222222,9
condylis2022,resp__task_CW__b11,PLS,measured+atlas,7,1,0.14285714285714285,1.0,0.12698412698412698,9,-2.4671622769447922e-17,0.2222222222222222,9,-4.577742506049908e-17,0.4444444444444444,9,-0.0001450170662804,0.0,9,-4.9343245538895844e-17,0.1111111111111111,9,-0.0003137798916633,0.0,9,0.0,0.0,9,3.0839528461809906e-18,0.1111111111111111,9
shainer2025,feat__regsc_dim_on,Lasso,atlas,7,1,0.14285714285714285,0.6666666666666666,0.3095238095238095,6,-0.0027339328197853,0.5,6,-0.004267913147096,0.5,4,-0.0203656684137187,0.0,4,-0.001382282952998,0.5,6,-0.0079212792308596,0.1666666666666666,6,0.0054701054084451,0.3333333333333333,6,-0.0003127901052117,0.1666666666666666,6
condylis2022,resp__task_CW__b08,Lasso,atlas,7,1,0.14285714285714285,0.6666666666666666,0.2619047619047619,9,-0.0028873142842383,0.1111111111111111,9,-0.0434804830491138,0.3333333333333333,6,-0.0667174573130112,0.1666666666666666,6,-0.001397009463536,0.1111111111111111,9,-0.0070553437032494,0.2222222222222222,9,0.0021584407813715,0.5555555555555556,9,-8.211525587912642e-05,0.3333333333333333,9
condylis2022,resp__task_CW__b09,Lasso,measured+atlas,7,1,0.14285714285714285,0.5555555555555556,0.3079365079365079,9,-0.0093735023107147,0.1111111111111111,9,0.0144526392828848,0.4,5,-0.0177811620151174,0.2,5,-0.0046469014256754,0.1111111111111111,9,-0.0099580566864863,0.5555555555555556,9,-0.0109466388562037,0.4444444444444444,9,-6.292778138796634e-05,0.3333333333333333,9
shainer2025,feat__regsc_dot_small_cw,Lasso,atlas,7,1,0.14285714285714285,0.5,0.23809523809523805,6,-0.0031689853022322,0.1666666666666666,6,-0.0328774448633991,0.3333333333333333,3,-0.0223482749455861,0.3333333333333333,3,-0.0015261282898129,0.1666666666666666,6,-0.0082502406344482,0.1666666666666666,6,-0.0018809162681347,0.1666666666666666,6,3.055298261599171e-05,0.3333333333333333,6
condylis2022,resp__task_CW__b09,Lasso,atlas,7,1,0.14285714285714285,0.4444444444444444,0.24603174603174605,9,-0.012271432483308,0.0,9,0.006518308395639,0.25,4,-0.0315777556740256,0.25,4,-0.0059978170967843,0.0,9,-0.0090630635794592,0.5555555555555556,9,-0.0101598764918968,0.4444444444444444,9,-8.425809220138297e-05,0.2222222222222222,9
condylis2022,resp__task_CW__b03,Lasso,atlas,7,1,0.14285714285714285,0.2222222222222222,0.22222222222222227,9,-0.007188275581881,0.1111111111111111,9,-0.0072644505028927,0.0,2,0.0768989990400444,1.0,2,-0.0033433600774543,0.1111111111111111,9,-0.0062187074445363,0.2222222222222222,9,-0.0041981865836586,0.1111111111111111,9,-0.0002716302125735,0.0,9
condylis2022,resp__task_CW__b15,Ridge,atlas,7,0,0.0,1.0,0.492063492063492,9,-0.0033971939690547,0.3333333333333333,9,-0.003911354923131,0.5555555555555556,9,-0.0044542791862779,0.5555555555555556,9,-0.0016315682804664,0.3333333333333333,9,-0.0058600045292671,0.5555555555555556,9,-0.0039345195312023,0.5555555555555556,9,-3.053290773832873e-05,0.5555555555555556,9
shainer2025,feat__peak_dot_size_ccw,Ridge,measured+atlas,7,0,0.0,1.0,0.47619047619047616,6,-0.0005179740532669,0.5,6,-0.0184832415626902,0.3333333333333333,6,-0.0009827645078879,0.5,6,-0.0002601372748036,0.5,6,-0.0020139362191481,0.5,6,-0.0060584874716459,0.5,6,-2.194175232663372e-06,0.5,6
zhao2026,resp__checkerboard__b02,Ridge,atlas,7,0,0.0,1.0,0.47619047619047616,6,-0.0062898311248195,0.8333333333333334,6,-0.042639918671668,0.5,6,-0.0472317922262304,0.3333333333333333,6,-0.0027835902170125,0.8333333333333334,6,-0.058545498446292,0.1666666666666666,6,-0.0470269398875841,0.1666666666666666,6,-0.0005579535265287,0.5,6
bugeon2022,feat__pupil_r,Ridge,atlas,7,0,0.0,1.0,0.4642857142857143,4,-0.0124358751448035,0.5,4,-0.0039594569992824,0.5,4,-0.0136574026102899,0.5,4,-0.0016050342432629,0.5,4,-0.0065735936847102,0.5,4,-0.00372991337324,0.5,4,-0.0003896095975853,0.25,4
bugeon2022,feat__pupil_r,Lasso,atlas,7,0,0.0,1.0,0.4642857142857143,4,-0.0449511302794533,0.5,4,-0.0157040864055982,0.5,4,-0.0240112681502331,0.5,4,-0.0158374313188913,0.5,4,-0.0165346939797593,0.5,4,-0.0082179485595384,0.5,4,-0.0005435354613875,0.25,4
xu2020,resp__Eat-Hed__b12,Ridge,measured+atlas,7,0,0.0,1.0,0.42857142857142866,3,-0.0036823455028177,0.6666666666666666,3,-0.0233864017799875,0.3333333333333333,3,-0.0241869261476391,0.3333333333333333,3,-0.0021079582376008,0.6666666666666666,3,-0.0101006526613484,0.3333333333333333,3,-0.0021757168727856,0.3333333333333333,3,-0.002012612638541,0.3333333333333333,3
xu2020,resp__Eat-Hed__b10,Lasso,measured+atlas,7,0,0.0,1.0,0.42857142857142855,3,-0.003150808437608,0.3333333333333333,3,-0.0073063013881833,0.3333333333333333,3,-0.0030106060341312,0.6666666666666666,3,-0.0013074414415726,0.3333333333333333,3,-0.0095518093958446,0.6666666666666666,3,-0.0077121932566954,0.3333333333333333,3,-0.0010721494655351,0.3333333333333333,3
bugeon2022,feat__speed_r,Lasso,atlas,7,0,0.0,1.0,0.42857142857142855,4,-0.0577252962361907,0.5,4,-0.0049177476351991,0.5,4,-0.0201659447795671,0.5,4,-0.0176280495186906,0.5,4,-0.018555498223053,0.5,4,-0.0148345097564589,0.25,4,-0.0001945397661744,0.25,4
condylis2022,resp__task_CW__b15,Ridge,measured+atlas,7,0,0.0,1.0,0.4126984126984126,9,-0.0025265134643523,0.3333333333333333,9,-0.0015341299788265,0.6666666666666666,9,-0.0004786784391893,0.3333333333333333,9,-0.0012141780197341,0.3333333333333333,9,-0.0035481195614664,0.3333333333333333,9,-0.0030334204360399,0.4444444444444444,9,-2.616605445149917e-05,0.4444444444444444,9
xu2020,resp__Eat-Hed__b15,Ridge,measured+atlas,7,0,0.0,1.0,0.380952380952381,3,-0.0009167784978664,0.6666666666666666,3,-0.0181656093827799,0.3333333333333333,3,-0.0074852377691736,0.3333333333333333,3,-0.0006442182167669,0.6666666666666666,3,-0.0008262137754642,0.3333333333333333,3,-0.005418359490929,0.0,3,-0.0014872798781447,0.3333333333333333,3
xu2020,resp__Eat-Hed__b09,Ridge,measured+atlas,7,0,0.0,1.0,0.380952380952381,3,-0.0030013857303768,0.6666666666666666,3,-0.017595751800606,0.3333333333333333,3,-0.0211365617070365,0.3333333333333333,3,-0.0019592202542775,0.6666666666666666,3,-0.0241674131287181,0.3333333333333333,3,-0.0314725137682435,0.3333333333333333,3,-0.0028495951603378,0.0,3
xu2020,resp__Eat-Hed__b07,Ridge,measured+atlas,7,0,0.0,1.0,0.380952380952381,3,-0.006944951300483,0.6666666666666666,3,-0.0281838842886945,0.3333333333333333,3,-0.0289203277311076,0.3333333333333333,3,-0.0037144767439922,0.6666666666666666,3,-0.0193050227037137,0.3333333333333333,3,-0.0062800895698144,0.3333333333333333,3,-0.0032068195679983,0.0,3
shainer2025,feat__regsc_dim_off,PLS,measured+atlas,7,0,0.0,1.0,0.38095238095238093,6,-0.009821770332531,0.1666666666666666,6,-0.027371133778921,0.3333333333333333,6,-0.0118678525970083,0.6666666666666666,6,-0.004524789208213,0.1666666666666666,6,-0.0082762717909252,0.5,6,-0.0136193936314912,0.5,6,-0.0001351385412438,0.3333333333333333,6
shainer2025,feat__baseline,PLS,atlas,7,0,0.0,1.0,0.35714285714285715,6,-0.0072386139159758,0.3333333333333333,6,-0.0131619380609826,0.3333333333333333,6,-0.0192364904506232,0.3333333333333333,6,-0.0035008534850229,0.3333333333333333,6,-0.0141537238760112,0.3333333333333333,6,-0.0066559606551381,0.3333333333333333,6,-3.87289286685281e-05,0.5,6
shainer2025,feat__peak_dot_size_cw,PLS,atlas,7,0,0.0,1.0,0.35714285714285715,6,-0.0015384045533531,0.1666666666666666,6,-0.0299125092453814,0.5,6,-0.035967666866395,0.3333333333333333,6,-0.0011424467048715,0.1666666666666666,6,-0.0212143117948079,0.3333333333333333,6,-0.0041079467721372,0.5,6,-8.663784710575643e-07,0.5,6
mclachlan2025,feat__dAIC_late5_ang_acc_pos,PLS,atlas,7,0,0.0,1.0,0.35714285714285715,4,-1.0657533468951896,0.5,4,-0.0356184901507627,0.25,4,-0.046628006694259,0.5,4,-0.1484400987252345,0.5,4,-0.0405582217704123,0.5,4,-0.0347334900069018,0.0,4,-0.0020278512239175,0.25,4
zhao2026,resp__checkerboard__b09,Ridge,measured+atlas,7,0,0.0,1.0,0.35714285714285715,6,-0.0316289530991759,0.5,6,-0.0880303819848135,0.3333333333333333,6,-0.0695784522814556,0.1666666666666666,6,-0.0262406071429265,0.5,6,-0.0690575921726715,0.3333333333333333,6,-0.0399679096148517,0.3333333333333333,6,-0.0045183515161679,0.3333333333333333,6
zhao2026,resp__checkerboard__b09,Ridge,atlas,7,0,0.0,1.0,0.3571428571428571,6,-0.0928187799966678,0.6666666666666666,6,-0.2190252517457915,0.3333333333333333,6,-0.2346580630674068,0.1666666666666666,6,-0.0465084164052903,0.6666666666666666,6,-0.146268476526413,0.1666666666666666,6,-0.1022235017806974,0.1666666666666666,6,-0.0103886692021218,0.3333333333333333,6
shainer2025,feat__peak_dot_size_cw,Ridge,measured+atlas,7,0,0.0,1.0,0.3333333333333333,6,-0.0068801355406601,0.1666666666666666,6,-0.0058501843381321,0.3333333333333333,6,-0.0047045733271447,0.3333333333333333,6,-0.0033833123715842,0.1666666666666666,6,-0.0029630337919428,0.3333333333333333,6,-0.0024573475683098,0.3333333333333333,6,-2.7109816451894214e-07,0.6666666666666666,6
condylis2022,resp__task_CW__b07,Ridge,atlas,7,0,0.0,1.0,0.3333333333333333,9,-0.0039964067574287,0.3333333333333333,9,-0.010099184062844,0.3333333333333333,9,-0.0176394146022001,0.2222222222222222,9,-0.0018735902855883,0.3333333333333333,9,-0.0072113297712223,0.3333333333333333,9,-0.0103803751119953,0.4444444444444444,9,-4.014375071264503e-05,0.3333333333333333,9
condylis2022,resp__task_CW__b12,Ridge,measured+atlas,7,0,0.0,1.0,0.3174603174603175,9,-0.0005701297876117,0.4444444444444444,9,-0.0052219394586888,0.5555555555555556,9,-0.0097192118297647,0.2222222222222222,9,-0.0002724852119871,0.4444444444444444,9,-0.0066553647344655,0.1111111111111111,9,-0.0070346553409274,0.1111111111111111,9,-4.1832816535978624e-05,0.3333333333333333,9
zhao2026,resp__checkerboard__b11,Ridge,measured+atlas,7,0,0.0,1.0,0.3095238095238095,6,-0.0130727677410401,0.6666666666666666,6,-0.0328533599896923,0.1666666666666666,6,-0.0391123672603094,0.1666666666666666,6,-0.0059609970502504,0.6666666666666666,6,-0.038858024691358,0.1666666666666666,6,-0.0517342587125499,0.0,6,-0.0026090894411809,0.3333333333333333,6
condylis2022,resp__task_CW__b12,Ridge,atlas,7,0,0.0,1.0,0.2857142857142857,9,-0.0014559163361173,0.2222222222222222,9,-0.0059980287210774,0.5555555555555556,9,-0.0086092142662443,0.2222222222222222,9,-0.0006839401950845,0.2222222222222222,9,-0.0055174519890238,0.2222222222222222,9,-0.0066005426204414,0.1111111111111111,9,-5.201170435791763e-05,0.4444444444444444,9
xu2020,resp__Eat-Hed__b11,PLS,measured+atlas,7,0,0.0,1.0,0.2857142857142857,3,-0.0503127556206383,0.0,3,-0.0191095366519357,0.0,3,-0.0174892787698796,0.0,3,-0.0225552290756721,0.0,3,-0.0074512405354245,0.6666666666666666,3,-0.0088747137363323,0.6666666666666666,3,-0.0005129748244052,0.6666666666666666,3
xu2020,resp__Eat-Hed__b10,Ridge,measured+atlas,7,0,0.0,1.0,0.2857142857142857,3,-0.006656524967768,0.3333333333333333,3,-0.0210347025800696,0.3333333333333333,3,-0.0196703530777445,0.3333333333333333,3,-0.0038009742861096,0.3333333333333333,3,-0.0139915861051018,0.3333333333333333,3,-0.0120120391498244,0.3333333333333333,3,-0.0036721969588547,0.0,3
shainer2025,feat__regsc_dot_large_ccw,PLS,measured+atlas,7,0,0.0,1.0,0.2857142857142857,6,-0.0157025886456029,0.0,6,-0.0149435759974744,0.5,6,-0.0201360020826206,0.5,6,-0.0074451236762634,0.0,6,-0.0158241198632619,0.3333333333333333,6,-0.0031747505889627,0.3333333333333333,6,-9.627969259507392e-05,0.3333333333333333,6
shainer2025,feat__regsc_dot_small_cw,PLS,measured+atlas,7,0,0.0,1.0,0.26190476190476186,6,-0.0101978864615848,0.0,6,-0.0056739205014232,0.5,6,-0.0392809405752391,0.3333333333333333,6,-0.0049090420541646,0.0,6,-0.0330982817634057,0.3333333333333333,6,-0.0192806306586753,0.3333333333333333,6,-7.425038634183145e-05,0.3333333333333333,6
zhao2026,resp__checkerboard__b11,Ridge,atlas,7,0,0.0,1.0,0.26190476190476186,6,-0.0136337384000864,0.1666666666666666,6,-0.0613522255560247,0.3333333333333333,6,-0.1337875637319464,0.3333333333333333,6,-0.0072398928628943,0.1666666666666666,6,-0.0993771520954061,0.3333333333333333,6,-0.0789298731017918,0.3333333333333333,6,-0.0055852845005177,0.1666666666666666,6
mclachlan2025,feat__dAIC_slope_ang_acc_neg,PLS,measured+atlas,7,0,0.0,1.0,0.25,4,-1.0657017762288927,0.25,4,-0.0077087544025445,0.25,4,-0.0186867413795567,0.25,4,-0.1374760919462206,0.25,4,-0.0082943476596234,0.25,4,-0.0095772930223705,0.25,4,-0.0088434643557695,0.25,4
bugeon2022,mi__running_vs_stat_sync_pooled,Ridge,atlas,7,0,0.0,1.0,0.25,4,-0.0205104344169622,0.5,4,-0.0243176145993569,0.25,4,-0.0391632060647379,0.0,4,-0.0108530418596288,0.5,4,-0.0275322775362067,0.25,4,-0.0325204620485606,0.0,4,-0.0025830171935884,0.25,4
xu2020,resp__Eat-Hed__b05,Lasso,measured+atlas,7,0,0.0,1.0,0.23809523809523808,3,-0.0065985735984352,0.0,3,-0.0034220394004549,0.3333333333333333,3,-0.0096833008603308,0.3333333333333333,3,-0.0032793092406181,0.0,3,-0.0028866426953758,0.3333333333333333,3,-0.0017413276453676,0.6666666666666666,3,-0.0015808760186673,0.0,3
xu2020,resp__Eat-Hed__b08,Ridge,measured+atlas,7,0,0.0,1.0,0.23809523809523808,3,-0.017407290776094,0.0,3,-0.020497825833861,0.3333333333333333,3,-0.0268379367813296,0.3333333333333333,3,-0.0086276623680938,0.0,3,-0.0173570032224625,0.3333333333333333,3,-0.0044390368387283,0.6666666666666666,3,-0.0022644267244654,0.0,3
xu2020,resp__Eat-Hed__b04,Ridge,atlas,7,0,0.0,1.0,0.23809523809523808,3,-0.008623290906884,0.3333333333333333,3,-0.0425944321175087,0.3333333333333333,3,-0.0643286467854613,0.3333333333333333,3,-0.0041134876926829,0.3333333333333333,3,-0.0330163334347394,0.0,3,-0.0269684186508567,0.3333333333333333,3,-0.0024586967356721,0.0,3
mclachlan2025,feat__dAIC_late5_ang_acc_pos,PLS,measured+atlas,7,0,0.0,1.0,0.21428571428571427,4,-0.8787962119293963,0.25,4,-0.0245981300415908,0.0,4,-0.0353849130727005,0.25,4,-0.204616254395176,0.25,4,-0.0239582063315384,0.25,4,-0.0084277573962797,0.25,4,-0.0022063098250654,0.25,4
bugeon2022,mi__running_vs_stat_sync,Ridge,atlas,7,0,0.0,1.0,0.21428571428571427,4,-0.0353656811890807,0.25,4,-0.0409840675499162,0.0,4,-0.0379767433192789,0.25,4,-0.0187535971199832,0.25,4,-0.018828747363872,0.25,4,-0.0104983406293893,0.25,4,-0.0009026110592094,0.25,4
xu2020,resp__Eat-Hed__b12,PLS,measured+atlas,7,0,0.0,1.0,0.19047619047619047,3,-0.0581962656643278,0.0,3,-0.0195136151878051,0.0,3,-0.0186884044679934,0.0,3,-0.0265899073739466,0.0,3,-0.0081475276613484,0.3333333333333333,3,-0.0072740609038507,0.3333333333333333,3,-0.0003637158655503,0.6666666666666666,3
xu2020,resp__Eat-Hed__b05,PLS,atlas,7,0,0.0,1.0,0.19047619047619047,3,-0.0031006900490527,0.6666666666666666,3,-0.047064262467337,0.0,3,-0.0497995861370591,0.0,3,-0.0016415418853702,0.6666666666666666,3,-0.0413047029926086,0.0,3,-0.0351159073416601,0.0,3,-0.0043551627096482,0.0,3
bugeon2022,mi__running_vs_stat_sync_pooled,Lasso,measured+atlas,7,0,0.0,1.0,0.17857142857142858,4,-0.0015934150431784,0.25,4,-0.0070394760637573,0.25,4,-0.0137298748756329,0.0,4,-0.0012697586853733,0.25,4,-0.0087442774264907,0.25,4,-0.0069633912835847,0.25,4,-0.0007255230913181,0.0,4
condylis2022,resp__task_CW__b10,Lasso,atlas,5,0,0.0,1.0,0.17777777777777778,9,-0.0037418810628352,0.2222222222222222,9,,,0,,,0,-0.0017603530006451,0.2222222222222222,9,-0.0223628919263147,0.1111111111111111,9,-0.0188811342391699,0.1111111111111111,9,-0.0001145474917816,0.2222222222222222,9
condylis2022,resp__task_CW__b10,Lasso,measured+atlas,5,0,0.0,1.0,0.17777777777777778,9,-0.0037418810628352,0.2222222222222222,9,,,0,,,0,-0.0017603530006451,0.2222222222222222,9,-0.0223628919263147,0.1111111111111111,9,-0.0188811342391699,0.1111111111111111,9,-0.0001145474917816,0.2222222222222222,9
condylis2022,resp__task_CW__b07,Ridge,measured+atlas,7,0,0.0,1.0,0.17460317460317462,9,-0.0057999359801773,0.1111111111111111,9,-0.0099829808506693,0.2222222222222222,9,-0.0228442264879776,0.2222222222222222,9,-0.0027499591180511,0.1111111111111111,9,-0.0103896040475062,0.2222222222222222,9,-0.011845799042963,0.1111111111111111,9,-7.791598632453687e-05,0.2222222222222222,9
mclachlan2025,feat__dAIC_ang_acc_neg,Lasso,atlas,5,0,0.0,1.0,0.15,4,-1.8090450905061672e-06,0.25,4,,,0,,,0,-8.658708987474562e-06,0.25,4,-0.0140407472907965,0.0,4,-0.0105746946841481,0.0,4,-1.369758362290696e-09,0.25,4
condylis2022,resp__task_CW__b12,PLS,measured+atlas,7,0,0.0,1.0,0.14285714285714285,9,-1.3569392523196361e-16,0.2222222222222222,9,-2.353441515741868e-16,0.4444444444444444,9,-0.0019985860336248,0.1111111111111111,9,-8.635067969306772e-17,0.1111111111111111,9,-0.0012617289622558,0.0,9,-0.0002121226145847,0.0,9,-9.251858538542969e-18,0.1111111111111111,9
xu2020,resp__Eat-Hed__b08,PLS,measured+atlas,7,0,0.0,1.0,0.14285714285714285,3,-0.0508208214687176,0.0,3,-0.0296725282197224,0.0,3,-0.0264689170629212,0.0,3,-0.0234016392938053,0.0,3,-0.0141616526951505,0.3333333333333333,3,-0.0174789663196957,0.3333333333333333,3,-0.0015613535995304,0.3333333333333333,3
xu2020,resp__Eat-Hed__b08,Lasso,measured+atlas,7,0,0.0,1.0,0.14285714285714285,3,-0.0047150724981004,0.3333333333333333,3,-0.0191163460156159,0.0,3,-0.0288514340731098,0.0,3,-0.002448318466161,0.3333333333333333,3,-0.0185890177122769,0.0,3,-0.0065089156833335,0.3333333333333333,3,-0.0017058945802824,0.0,3
xu2020,resp__Eat-Hed__b00,PLS,atlas,7,0,0.0,1.0,0.14285714285714285,3,-0.0180917352933941,0.3333333333333333,3,-0.045280373128917,0.0,3,-0.0425678327035734,0.3333333333333333,3,-0.0082854682776069,0.3333333333333333,3,-0.0323353628650621,0.0,3,-0.065770081070664,0.0,3,-0.0014660705634592,0.0,3
xu2020,resp__Eat-Hed__b15,Ridge,atlas,7,0,0.0,1.0,0.14285714285714285,3,-0.0291093380204251,0.3333333333333333,3,-0.0709449602954605,0.0,3,-0.0526800341071238,0.0,3,-0.0157277348258885,0.3333333333333333,3,-0.0149440294303227,0.3333333333333333,3,-0.0499010580803877,0.0,3,-0.0056950196124908,0.0,3
xu2020,resp__Eat-Hed__b14,Ridge,atlas,7,0,0.0,1.0,0.14285714285714285,3,-0.0250936422820797,0.3333333333333333,3,-0.0728706571473636,0.0,3,-0.0565627863559845,0.0,3,-0.0135927642212293,0.3333333333333333,3,-0.0125997160627366,0.3333333333333333,3,-0.0256341961401436,0.0,3,-0.0050965503548846,0.0,3
xu2020,resp__Eat-Hed__b10,Ridge,atlas,7,0,0.0,1.0,0.14285714285714285,3,-0.0190610590834851,0.3333333333333333,3,-0.0691362794037238,0.0,3,-0.0598647595586138,0.0,3,-0.0106796810587377,0.3333333333333333,3,-0.0443694226608977,0.3333333333333333,3,-0.0425978412226728,0.0,3,-0.0055132856729821,0.0,3
bugeon2022,mi__running_vs_stat_sync_pooled,Lasso,atlas,7,0,0.0,1.0,0.14285714285714285,4,-0.0571909689796432,0.25,4,-0.0421967672110958,0.0,4,-0.0632606213716456,0.0,4,-0.028808360498218,0.25,4,-0.0508365227872113,0.25,4,-0.0457668485843089,0.0,4,-0.0029490863083232,0.25,4
xu2020,resp__Eat-Hed__b07,Lasso,atlas,7,0,0.0,1.0,0.14285714285714285,3,-0.0096022217279931,0.3333333333333333,3,-0.0868380172232432,0.0,3,-0.0843603214133682,0.0,3,-0.0054655742154313,0.3333333333333333,3,-0.0399398569891382,0.0,3,-0.0199303474539043,0.3333333333333333,3,-0.003686373387876,0.0,3
xu2020,resp__Eat-Hed__b08,Lasso,atlas,7,0,0.0,1.0,0.14285714285714285,3,-0.0245690281584275,0.3333333333333333,3,-0.0923533720625994,0.0,3,-0.0864713630720436,0.0,3,-0.01320261065676,0.3333333333333333,3,-0.0646692292849738,0.0,3,-0.0389973664938071,0.3333333333333333,3,-0.0050430860486428,0.0,3
xu2020,resp__Eat-Hed__b05,Lasso,atlas,7,0,0.0,1.0,0.14285714285714285,3,-0.0414142724096376,0.0,3,-0.0804112675330338,0.0,3,-0.1081983324426079,0.3333333333333333,3,-0.0201498443983301,0.0,3,-0.0588690078815125,0.3333333333333333,3,-0.0374665271197857,0.3333333333333333,3,-0.0048448567897035,0.0,3
mclachlan2025,feat__dAIC_late5_ang_acc_pos,Ridge,atlas,7,0,0.0,1.0,0.14285714285714285,4,-3.975020020384388,0.5,4,-0.0562126628422037,0.0,4,-0.11939678362136,0.0,4,-0.7026484513527291,0.5,4,-0.0860578657699485,0.0,4,-0.0556169616935175,0.0,4,-0.0035222466814142,0.0,4
mclachlan2025,feat__dAIC_ang_acc_pos,Lasso,atlas,5,0,0.0,1.0,0.1,4,-0.0139643170396276,0.25,4,,,0,,,0,-0.0058018591484207,0.25,4,-0.0445867151728371,0.0,4,-0.019014220164981,0.0,4,-6.11585351251165e-08,0.0,4
mclachlan2025,feat__dAIC_ang_acc_pos,Lasso,measured+atlas,5,0,0.0,1.0,0.1,4,-0.0139643169109181,0.25,4,,,0,,,0,-0.0058018590954473,0.25,4,-0.0445867151728371,0.0,4,-0.019014220164981,0.0,4,-6.115853130872484e-08,0.0,4
xu2020,resp__Eat-Hed__b10,PLS,measured+atlas,7,0,0.0,1.0,0.09523809523809523,3,-0.0530892245548487,0.0,3,-0.0226027764960114,0.0,3,-0.0202682982666959,0.0,3,-0.0236075731210909,0.0,3,-0.0164454040472327,0.3333333333333333,3,-0.0155528974145873,0.0,3,-0.0013262349138046,0.3333333333333333,3
xu2020,resp__Eat-Hed__b09,PLS,measured+atlas,7,0,0.0,1.0,0.09523809523809523,3,-0.0463026484919936,0.0,3,-0.0229121933793441,0.0,3,-0.0241009446427304,0.0,3,-0.0210219457249921,0.0,3,-0.0208421359518658,0.3333333333333333,3,-0.028807837251078,0.3333333333333333,3,-0.0017476378832281,0.0,3
xu2020,resp__Eat-Hed__b07,PLS,measured+atlas,7,0,0.0,1.0,0.09523809523809523,3,-0.0459063825962196,0.0,3,-0.029529849216838,0.0,3,-0.0318719462625262,0.0,3,-0.0208445545911865,0.0,3,-0.0161899520574184,0.3333333333333333,3,-0.0186941784464335,0.0,3,-0.0015850638995137,0.3333333333333333,3
xu2020,resp__Eat-Hed__b09,PLS,atlas,7,0,0.0,1.0,0.09523809523809523,3,-0.0217183931533698,0.3333333333333333,3,-0.0608353678809087,0.0,3,-0.0363346733181564,0.0,3,-0.0118937950864079,0.3333333333333333,3,-0.035966443009735,0.0,3,-0.0568445820395343,0.0,3,-0.0055830652514975,0.0,3
xu2020,resp__Eat-Hed__b04,PLS,measured+atlas,7,0,0.0,1.0,0.09523809523809523,3,-0.0294208051361938,0.0,3,-0.0350699093337209,0.0,3,-0.0378414088809744,0.0,3,-0.0141546445955171,0.0,3,-0.0256599851270957,0.3333333333333333,3,-0.0191482888945133,0.3333333333333333,3,-0.0015665073691519,0.0,3
xu2020,resp__Eat-Hed__b03,PLS,measured+atlas,7,0,0.0,1.0,0.09523809523809523,3,-0.0233714146426689,0.0,3,-0.0349486488113242,0.0,3,-0.0420424265617003,0.0,3,-0.0112677532328913,0.0,3,-0.0254446730777898,0.0,3,-0.0172906369957061,0.3333333333333333,3,-0.0011789606763216,0.3333333333333333,3
xu2020,resp__Eat-Hed__b08,PLS,atlas,7,0,0.0,1.0,0.09523809523809523,3,-0.0254250064302474,0.3333333333333333,3,-0.0699334331448878,0.0,3,-0.0454055558276755,0.0,3,-0.0136144910796203,0.3333333333333333,3,-0.0307237794641247,0.0,3,-0.0340605054171287,0.0,3,-0.0053866549202898,0.0,3
xu2020,resp__Eat-Hed__b06,PLS,atlas,7,0,0.0,1.0,0.09523809523809523,3,-0.0117492189963705,0.3333333333333333,3,-0.0617625853036816,0.0,3,-0.045487911270598,0.0,3,-0.0063583116870611,0.3333333333333333,3,-0.0311135594127456,0.0,3,-0.0338622330756248,0.0,3,-0.0044416343799624,0.0,3
xu2020,resp__Eat-Hed__b13,Ridge,atlas,7,0,0.0,1.0,0.09523809523809523,3,-0.0378166043498164,0.3333333333333333,3,-0.0730304816003961,0.0,3,-0.0504122694576883,0.0,3,-0.0198774229575062,0.3333333333333333,3,-0.0242133627974581,0.0,3,-0.0492677545324707,0.0,3,-0.0059993274084348,0.0,3
xu2020,resp__Eat-Hed__b09,Ridge,atlas,7,0,0.0,1.0,0.09523809523809523,3,-0.0151053606283101,0.3333333333333333,3,-0.0623067667482983,0.0,3,-0.0524398580790608,0.0,3,-0.00862814575353,0.3333333333333333,3,-0.0496325082815034,0.0,3,-0.0608404568560703,0.0,3,-0.004657694618648,0.0,3
xu2020,resp__Eat-Hed__b07,PLS,atlas,7,0,0.0,1.0,0.09523809523809523,3,-0.024168228043512,0.3333333333333333,3,-0.0737551285262702,0.0,3,-0.0539752995552989,0.0,3,-0.0127611461809891,0.3333333333333333,3,-0.0316748143703804,0.0,3,-0.033981554953881,0.0,3,-0.005275057694744,0.0,3
xu2020,resp__Eat-Hed__b00,Ridge,measured+atlas,7,0,0.0,1.0,0.09523809523809523,3,-0.0123177916979569,0.3333333333333333,3,-0.0378307777198937,0.0,3,-0.0557392838393825,0.0,3,-0.005899461347155,0.3333333333333333,3,-0.0439037641405264,0.0,3,-0.0502213292204471,0.0,3,-0.0010022743040212,0.0,3
xu2020,resp__Eat-Hed__b15,Lasso,atlas,7,0,0.0,1.0,0.09523809523809523,3,-0.0244896173320992,0.3333333333333333,3,-0.0760702568954878,0.0,3,-0.0599628322532254,0.0,3,-0.0134802733536532,0.3333333333333333,3,-0.0181788156886604,0.0,3,-0.0471414185003126,0.0,3,-0.0059290796848052,0.0,3
xu2020,resp__Eat-Hed__b13,Lasso,atlas,7,0,0.0,1.0,0.09523809523809523,3,-0.0422490369028859,0.3333333333333333,3,-0.0895068606130508,0.0,3,-0.0645784880686441,0.0,3,-0.0230580734435045,0.3333333333333333,3,-0.0339884946254731,0.0,3,-0.0513422275413145,0.0,3,-0.0090617036687078,0.0,3
xu2020,resp__Eat-Hed__b11,Ridge,atlas,7,0,0.0,1.0,0.09523809523809523,3,-0.0252223084042709,0.3333333333333333,3,-0.0779856276094384,0.0,3,-0.0656822245028617,0.0,3,-0.0139026595164689,0.3333333333333333,3,-0.046563387303948,0.0,3,-0.0517961429270632,0.0,3,-0.006697833528071,0.0,3
xu2020,resp__Eat-Hed__b14,Lasso,atlas,7,0,0.0,1.0,0.09523809523809523,3,-0.0221067393840184,0.3333333333333333,3,-0.0750836753230358,0.0,3,-0.0657012288943206,0.0,3,-0.0121601060542858,0.3333333333333333,3,-0.0199312409861186,0.0,3,-0.0271915080591408,0.0,3,-0.0055787460853119,0.0,3
xu2020,resp__Eat-Hed__b10,Lasso,atlas,7,0,0.0,1.0,0.09523809523809523,3,-0.0420733383659968,0.3333333333333333,3,-0.0927662660350981,0.0,3,-0.0707463882952612,0.0,3,-0.0226162824214681,0.3333333333333333,3,-0.0585492967764106,0.0,3,-0.0453745119446621,0.0,3,-0.0088572885354554,0.0,3
xu2020,resp__Eat-Hed__b12,Ridge,atlas,7,0,0.0,1.0,0.09523809523809523,3,-0.0320538237141583,0.3333333333333333,3,-0.0821490922126098,0.0,3,-0.0733935866939765,0.0,3,-0.0174896914026477,0.3333333333333333,3,-0.04251699961691,0.0,3,-0.0402349588004736,0.0,3,-0.006597801323246,0.0,3
xu2020,resp__Eat-Hed__b11,Lasso,atlas,7,0,0.0,1.0,0.09523809523809523,3,-0.0240877488910283,0.3333333333333333,3,-0.0985684620919316,0.0,3,-0.0761015670699925,0.0,3,-0.0135258741937481,0.3333333333333333,3,-0.0416477410368217,0.0,3,-0.0493579982124243,0.0,3,-0.0075455592190178,0.0,3
xu2020,resp__Eat-Hed__b07,Ridge,atlas,7,0,0.0,1.0,0.09523809523809523,3,-0.0207101696192752,0.3333333333333333,3,-0.076168642210008,0.0,3,-0.0767447428221798,0.0,3,-0.0110739897278771,0.3333333333333333,3,-0.047414424463674,0.0,3,-0.0359884340496326,0.0,3,-0.0046994496255156,0.0,3
xu2020,resp__Eat-Hed__b09,Lasso,atlas,7,0,0.0,1.0,0.09523809523809523,3,-0.0209525551491797,0.3333333333333333,3,-0.0899919397358011,0.0,3,-0.0768552710303467,0.0,3,-0.0116494552566469,0.3333333333333333,3,-0.0683317347778078,0.0,3,-0.0622105442909231,0.0,3,-0.006153796799026,0.0,3
xu2020,resp__Eat-Hed__b12,Lasso,atlas,7,0,0.0,1.0,0.09523809523809523,3,-0.0314663289634355,0.3333333333333333,3,-0.0952334419630572,0.0,3,-0.0803538248696933,0.0,3,-0.0172371904381585,0.3333333333333333,3,-0.0344089076865873,0.0,3,-0.0336301157090928,0.0,3,-0.0071603643353628,0.0,3
xu2020,resp__Eat-Hed__b05,Ridge,atlas,7,0,0.0,1.0,0.09523809523809523,3,-0.0222191095664061,0.0,3,-0.0612040844202586,0.3333333333333333,3,-0.0807111144342891,0.0,3,-0.0108804083540066,0.0,3,-0.0475538579412294,0.0,3,-0.0233971891463079,0.3333333333333333,3,-0.0032567483387837,0.0,3
xu2020,resp__Eat-Hed__b06,Lasso,atlas,7,0,0.0,1.0,0.09523809523809523,3,-0.0236375664026377,0.0,3,-0.1000143049842042,0.0,3,-0.0937887335792915,0.0,3,-0.0118877650409774,0.0,3,-0.0498142823542004,0.3333333333333333,3,-0.0239219607702329,0.3333333333333333,3,-0.0041847351048637,0.0,3
xu2020,resp__Eat-Hed__b13,PLS,measured+atlas,7,0,0.0,1.0,0.047619047619047616,3,-0.0633876587374685,0.0,3,-0.0200917337643735,0.0,3,-0.0158336703387244,0.0,3,-0.0288671279445978,0.0,3,-0.0091591245831079,0.3333333333333333,3,-0.0208007015101672,0.0,3,-0.0008388176892367,0.0,3
xu2020,resp__Eat-Hed__b06,PLS,measured+atlas,7,0,0.0,1.0,0.047619047619047616,3,-0.0377875614758922,0.0,3,-0.0289312710354113,0.0,3,-0.0333106770655671,0.0,3,-0.017367507041931,0.0,3,-0.0265964076865873,0.0,3,-0.030218684723808,0.0,3,-0.001506976360319,0.3333333333333333,3
xu2020,resp__Eat-Hed__b05,PLS,measured+atlas,7,0,0.0,1.0,0.047619047619047616,3,-0.0359696989670664,0.0,3,-0.034902144238002,0.0,3,-0.0408573919495159,0.0,3,-0.0168484985768712,0.0,3,-0.0308581074229313,0.0,3,-0.0326148926583372,0.0,3,-0.001259403122545,0.3333333333333333,3
xu2020,resp__Eat-Hed__b15,PLS,atlas,7,0,0.0,1.0,0.047619047619047616,3,-0.0433326256203621,0.0,3,-0.0662816379045984,0.0,3,-0.0485724790815864,0.0,3,-0.0226401110411508,0.0,3,-0.0189254537925905,0.3333333333333333,3,-0.0523007840766948,0.0,3,-0.0048747509515652,0.0,3
xu2020,resp__Eat-Hed__b14,PLS,atlas,7,0,0.0,1.0,0.047619047619047616,3,-0.0517601910823568,0.0,3,-0.0749616649594541,0.0,3,-0.0513243675810373,0.0,3,-0.0263388308392294,0.0,3,-0.0137667672277807,0.0,3,-0.0261761769852042,0.3333333333333333,3,-0.0046285145106523,0.0,3
xu2020,resp__Eat-Hed__b06,Ridge,atlas,7,0,0.0,1.0,0.047619047619047616,3,-0.0303598116170463,0.0,3,-0.0666639020589544,0.0,3,-0.062859963009807,0.0,3,-0.0152766651852482,0.0,3,-0.042971742890301,0.0,3,-0.0227628863685875,0.3333333333333333,3,-0.0031196689231828,0.0,3
xu2020,resp__Eat-Hed__b02,PLS,measured+atlas,7,0,0.0,1.0,0.0,3,-0.0309613827402862,0.0,3,-0.0410743828553702,0.0,3,-0.0465328966018462,0.0,3,-0.0150415593342899,0.0,3,-0.0316748143703803,0.0,3,-0.017496671168813,0.0,3,-0.0015570788939429,0.0,3
xu2020,resp__Eat-Hed__b10,PLS,atlas,7,0,0.0,1.0,0.0,3,-0.0343708170062943,0.0,3,-0.0665227086486849,0.0,3,-0.0466076778538694,0.0,3,-0.0178985365916938,0.0,3,-0.0357212020574183,0.0,3,-0.047740600105902,0.0,3,-0.0059036082193482,0.0,3
xu2020,resp__Eat-Hed__b01,PLS,measured+atlas,7,0,0.0,1.0,0.0,3,-0.0328701636413827,0.0,3,-0.0444640680613043,0.0,3,-0.0489823140248023,0.0,3,-0.0160266377064547,0.0,3,-0.0323455739025599,0.0,3,-0.0288315962922833,0.0,3,-0.0014867647259352,0.0,3
xu2020,resp__Eat-Hed__b11,PLS,atlas,7,0,0.0,1.0,0.0,3,-0.0438765642449247,0.0,3,-0.078632505247363,0.0,3,-0.0551218163195179,0.0,3,-0.0229132116475132,0.0,3,-0.0438694339282494,0.0,3,-0.0506243506186202,0.0,3,-0.0067898712032871,0.0,3
xu2020,resp__Eat-Hed__b13,PLS,atlas,7,0,0.0,1.0,0.0,3,-0.0578263522625672,0.0,3,-0.0810200809076941,0.0,3,-0.0572096160353469,0.0,3,-0.029447106174489,0.0,3,-0.026521937533802,0.0,3,-0.0522025294233945,0.0,3,-0.0063091674473841,0.0,3
xu2020,resp__Eat-Hed__b08,Ridge,atlas,7,0,0.0,1.0,0.0,3,-0.0305444194270135,0.0,3,-0.0665693731790514,0.0,3,-0.059487844244856,0.0,3,-0.0157461743098401,0.0,3,-0.0449759230777898,0.0,3,-0.0392228414520016,0.0,3,-0.0038295050842256,0.0,3
xu2020,resp__Eat-Hed__b00,PLS,measured+atlas,7,0,0.0,1.0,0.0,3,-0.0318719433552381,0.0,3,-0.0373888772241792,0.0,3,-0.0601241885278153,0.0,3,-0.0146261790234232,0.0,3,-0.036246718383811,0.0,3,-0.0310001062560963,0.0,3,-0.0008581760667263,0.0,3
xu2020,resp__Eat-Hed__b12,PLS,atlas,7,0,0.0,1.0,0.0,3,-0.0592260349368009,0.0,3,-0.0856357222375159,0.0,3,-0.0626122637059893,0.0,3,-0.0305968276377333,0.0,3,-0.0331024230439877,0.0,3,-0.0356288694139174,0.0,3,-0.0061985561935562,0.0,3
xu2020,resp__Eat-Hed__b00,Ridge,atlas,7,0,0.0,1.0,0.0,3,-0.0277722205193586,0.0,3,-0.0629282099508306,0.0,3,-0.0728854498883605,0.0,3,-0.0132657431844914,0.0,3,-0.0507740318528033,0.0,3,-0.0592895446939078,0.0,3,-0.0011832758759615,0.0,3
condylis2022,resp__task_CW__b11,Lasso,atlas,5,0,0.0,1.0,0.0,9,0.0,0.0,9,,,0,,,0,0.0,0.0,9,0.0,0.0,9,0.0,0.0,9,0.0,0.0,9
condylis2022,resp__task_CW__b11,Lasso,measured+atlas,5,0,0.0,1.0,0.0,9,0.0,0.0,9,,,0,,,0,0.0,0.0,9,0.0,0.0,9,0.0,0.0,9,0.0,0.0,9
condylis2022,resp__task_CW__b14,Lasso,atlas,5,0,0.0,1.0,0.0,9,-0.0018655704821745,0.0,9,,,0,,,0,-0.000872498396243,0.0,9,-0.0031956004756242,0.0,9,-0.0007908703023871,0.0,9,-1.5055781789908976e-05,0.0,9
condylis2022,resp__task_CW__b14,Lasso,measured+atlas,5,0,0.0,1.0,0.0,9,-0.0018655647911127,0.0,9,,,0,,,0,-0.0008724957443606,0.0,9,-0.0031956004756242,0.0,9,-0.0007908703023871,0.0,9,-1.5055803150279238e-05,0.0,9
mclachlan2025,feat__dAIC_late5_ang_acc_neg,Lasso,measured+atlas,5,0,0.0,1.0,0.0,4,0.0,0.0,4,,,0,,,0,0.0,0.0,4,0.0,0.0,4,0.0,0.0,4,0.0,0.0,4
zhao2026,resp__checkerboard__b04,Lasso,measured+atlas,5,0,0.0,1.0,0.0,6,0.0,0.0,6,,,0,,,0,0.0,0.0,6,0.0,0.0,6,0.0,0.0,6,0.0,0.0,6
zhao2026,resp__checkerboard__b05,Lasso,measured+atlas,5,0,0.0,1.0,0.0,6,0.0,0.0,6,,,0,,,0,0.0,0.0,6,0.0,0.0,6,0.0,0.0,6,0.0,0.0,6
zhao2026,resp__checkerboard__b10,Lasso,measured+atlas,5,0,0.0,1.0,0.0,6,-0.0296886290313396,0.0,6,,,0,,,0,-0.014000057270586,0.0,6,-0.0424382716049382,0.0,6,-0.0060438109457717,0.0,6,-0.0024965881231174,0.0,6
zhao2026,resp__checkerboard__b11,Lasso,measured+atlas,5,0,0.0,1.0,0.0,6,0.0,0.0,6,,,0,,,0,0.0,0.0,6,0.0,0.0,6,0.0,0.0,6,0.0,0.0,6
condylis2022,resp__task_CW__b08,Lasso,measured+atlas,7,0,0.0,0.6666666666666666,0.19047619047619047,9,-0.0007285990360149,0.2222222222222222,9,-0.0043989185629655,0.0,6,-0.0079459063996253,0.0,6,-0.0003851052169679,0.2222222222222222,9,-0.0081905030360605,0.2222222222222222,9,-0.0106811712978859,0.2222222222222222,9,-4.7276312416537504e-05,0.4444444444444444,9
zhao2026,resp__checkerboard__b02,Lasso,measured+atlas,7,0,0.0,0.6666666666666666,0.0,6,0.0,0.0,6,0.0,0.0,4,0.0,0.0,4,0.0,0.0,6,0.0,0.0,6,0.0,0.0,6,0.0,0.0,6
mclachlan2025,feat__dAIC_slope_ang_acc_neg,Lasso,measured+atlas,7,0,0.0,0.5,0.0,4,-0.0002837745051769,0.0,4,0.0,0.0,2,0.0,0.0,2,-0.0001416448179794,0.0,4,-0.0168322882346689,0.0,4,-0.0177151346889113,0.0,4,-0.0001361665596886,0.0,4
condylis2022,resp__task_CW__b03,Lasso,measured+atlas,7,0,0.0,0.4444444444444444,0.23809523809523814,9,-0.0046079648684466,0.1111111111111111,9,-0.000766977134867,0.5,4,-0.0120058192301464,0.5,4,-0.0017840105322889,0.1111111111111111,9,-0.0105264911640847,0.2222222222222222,9,-0.0027140968372294,0.2222222222222222,9,-7.463015516567497e-05,0.0,9
mclachlan2025,feat__dAIC_ang_acc_neg,Lasso,measured+atlas,7,0,0.0,0.25,0.0,4,0.0,0.0,4,0.0,0.0,1,0.0,0.0,1,0.0,0.0,4,0.0,0.0,4,0.0,0.0,4,0.0,0.0,4
mclachlan2025,feat__dAIC_coupling,Lasso,measured+atlas,7,0,0.0,0.25,0.0,4,0.0,0.0,4,0.0,0.0,1,0.0,0.0,1,0.0,0.0,4,0.0,0.0,4,0.0,0.0,4,0.0,0.0,4
mclachlan2025,feat__dAIC_median_ang_acc_pos,Lasso,measured+atlas,7,0,0.0,0.25,0.0,4,-0.0340239938474519,0.0,4,-0.0894559203464035,0.0,1,-0.0516827507122674,0.0,1,-0.0127728139296947,0.0,4,-0.0280703343086623,0.0,4,-0.0240949482049318,0.0,4,-5.600238024872084e-06,0.0,4
mclachlan2025,feat__dAIC_median_ang_acc_pos,Lasso,atlas,7,0,0.0,0.25,0.0,4,-0.0317138959595981,0.0,4,-0.1185188683926374,0.0,1,-0.1339021869776323,0.0,1,-0.0118497032379863,0.0,4,-0.0423379590969133,0.0,4,-0.0300086503306285,0.0,4,-4.638822236062434e-05,0.0,4
condylis2022,resp__task_CW__b00,Lasso,atlas,7,0,0.0,0.2222222222222222,0.13492063492063494,9,-0.0078784348386809,0.1111111111111111,9,-0.0217183022773846,0.0,2,-0.0061029346185637,0.5,2,-0.0036669082653338,0.1111111111111111,9,-0.008114728863648,0.1111111111111111,9,-0.0039552658799502,0.1111111111111111,9,-0.0002454164029507,0.0,9
condylis2022,resp__task_CW__b01,Lasso,measured+atlas,7,0,0.0,0.2222222222222222,0.031746031746031744,9,-0.0042644923619063,0.1111111111111111,9,-0.0075410527757033,0.0,2,-0.0152414858567723,0.0,2,-0.0023727640827515,0.1111111111111111,9,-0.0158962722862917,0.0,9,-0.0081457641088753,0.0,9,-0.0002255576283164,0.0,9
condylis2022,resp__task_CW__b02,Lasso,atlas,7,0,0.0,0.2222222222222222,0.031746031746031744,9,-0.0028943144588723,0.1111111111111111,9,-0.0160451500046712,0.0,2,-0.016028776391861,0.0,2,-0.0012072045502125,0.1111111111111111,9,-0.0071846143004995,0.0,9,-0.0038320122509153,0.0,9,-0.0001652363550358,0.0,9
condylis2022,resp__task_CW__b01,Lasso,atlas,7,0,0.0,0.2222222222222222,0.031746031746031744,9,-0.0105315168287556,0.1111111111111111,9,-0.0302545919350343,0.0,2,-0.0209536706066184,0.0,2,-0.0047408370479372,0.1111111111111111,9,-0.0167578611303339,0.0,9,-0.0077348710304902,0.0,9,-0.0002917821086084,0.0,9
shainer2025,feat__regsc_dot_large_cw,Lasso,atlas,7,0,0.0,0.16666666666666666,0.21428571428571425,6,-0.0033468628957972,0.3333333333333333,6,-0.1224447637178298,0.0,1,-0.0534923045850475,0.0,1,-0.0015700732131417,0.3333333333333333,6,-0.0045813772557634,0.3333333333333333,6,-0.0072592136729926,0.3333333333333333,6,-4.5859544646078186e-05,0.1666666666666666,6
shainer2025,feat__regsc_dot_large_cw,Lasso,measured+atlas,7,0,0.0,0.16666666666666666,0.16666666666666666,6,-0.0019186040339311,0.3333333333333333,6,-0.0511675377621984,0.0,1,-0.0395647215299753,0.0,1,-0.0009152565021344,0.3333333333333333,6,-0.0089764399683484,0.3333333333333333,6,-0.0062661368106847,0.1666666666666666,6,-4.828674664302442e-05,0.0,6
zhao2026,resp__checkerboard__b02,Lasso,atlas,7,0,0.0,0.16666666666666666,0.0714285714285714,6,-0.0022111065835087,0.1666666666666666,6,-0.1323293460013253,0.0,1,-0.0737798659271587,0.0,1,-0.0011019998168531,0.1666666666666666,6,-0.0395061728395061,0.0,6,-0.0904355991636693,0.0,6,-0.0002139713607524,0.1666666666666666,6
