dataset,target,source,fold,heldout,alpha,r2,pearson,spearman,rmse,nrmse,calibration_slope,calibration_intercept,auroc,auprc,brier
bugeon2022,mi__running_vs_stat_sync,function_only,0,SB025,31.622776601683793,0.427499809923934,0.77026736539164,0.7512095323593508,0.17487135149084398,0.7566374231235934,1.482260438319129,0.10834550091966585,0.9465558931117862,0.948779648188063,0.2267531123134228
bugeon2022,mi__running_vs_stat_sync,genes_only,0,SB025,562.341325190349,0.2579035857971548,0.5209112127099951,0.5492356157882708,0.19909530347644708,0.8614501809138027,1.0240759295188238,-0.02737016203479898,0.8846797693595387,0.8698511483682183,0.23086931798823457
bugeon2022,mi__running_vs_stat_sync,joint,0,SB025,177.82794100389228,0.49863198842274314,0.7760887070823959,0.7597584325011728,0.1636474188203456,0.7080734506906174,1.4205116574526209,0.07267072539189474,0.9601339202678405,0.9544167859887305,0.2240760146333346
bugeon2022,mi__running_vs_stat_sync_pooled,function_only,0,SB025,17.78279410038923,0.4550308603112557,0.6802129347411742,0.7019650595335075,0.2041973900158138,0.7382202514729626,1.1371693019671605,-0.020393008149854147,0.906751813503627,0.8879439852157905,0.22258641113010855
bugeon2022,mi__running_vs_stat_sync_pooled,genes_only,0,SB025,316.22776601683796,0.014888494069175251,0.3988150875186313,0.4160955335381022,0.27454082070454777,0.9925278363470226,0.7215510613436126,-0.047316541257172204,0.7671895343790687,0.7905433441303045,0.23577735188682636
bugeon2022,mi__running_vs_stat_sync_pooled,joint,0,SB025,177.82794100389228,0.44614034085722354,0.6742966283930882,0.6679914316362449,0.20585626977395707,0.7442174810757752,1.151522734703776,-0.020152051572743464,0.9011718023436047,0.8961539679453163,0.22311683276321279
bugeon2022,feat__pupil_r,function_only,0,SB025,1.0,0.8036808574721657,0.9068151134382044,0.8787911127828922,0.030876173641753938,0.44307916055960006,1.1278860470040204,-0.011697452688338016,0.9689379378758757,0.9776431966069487,0.23777548874949286
bugeon2022,feat__pupil_r,genes_only,0,SB025,316.22776601683796,-0.6531979474517879,0.47323464485045175,0.5343286748231599,0.08959929223968871,1.2857674546372453,0.5226414714343108,-0.01293759865255823,0.8485956971913944,0.8406226765570151,0.24117574445867626
bugeon2022,feat__pupil_r,joint,0,SB025,17.78279410038923,0.7184470757815913,0.8695333933075711,0.8536054156957641,0.03697619100607004,0.5306156087134338,0.9699716294137282,-0.011897411457525564,0.9729679459358919,0.9784334541610525,0.2364207592205608
bugeon2022,feat__speed_r,function_only,0,SB025,0.5623413251903491,0.6970655203595915,0.9166667462955423,0.8543682143884216,0.028938776417913453,0.5503948397549576,0.7202713902337461,0.006240208014098083,0.9787959575919152,0.9749082158014181,0.2359226643587559
bugeon2022,feat__speed_r,genes_only,0,SB025,316.22776601683796,-1.366287371443887,0.4380621501984347,0.4777173336599138,0.08087970413689093,1.5382741535090152,0.3867173561345877,0.0032511301016316593,0.8315456630913262,0.8283451392872685,0.24216833513551803
bugeon2022,feat__speed_r,joint,0,SB025,10.0,0.5655057269092005,0.8865914442120945,0.8207064416906226,0.0346575484629931,0.6591617958242665,0.6700240152733106,0.007004473084849226,0.9674499348998699,0.9636542848873771,0.2355980386625122
bugeon2022,feat__mean_activity,function_only,0,SB025,17.78279410038923,-0.033415040443703914,-0.2310691035321771,-0.28597515436941723,142.21681404256404,1.0165702338961582,-3.6777436984533307,376.529487467596,0.24496248992497985,0.4134599075947329,0.4999999999999066
bugeon2022,feat__mean_activity,genes_only,0,SB025,562.341325190349,-0.019557406198741578,0.012014689900650296,-0.013761868156981697,141.26006383278758,1.009731353479096,0.08286924659808688,71.20585990961196,0.48502697005394013,0.5042058320479985,0.4999999999958812
bugeon2022,feat__mean_activity,joint,0,SB025,562.341325190349,-0.017747658097953645,0.017058251947031235,-0.012851889556021855,141.13463750754113,1.0088348021841531,0.11708657426704853,68.41810893261425,0.48093496186992374,0.5002680635498996,0.4999999999729476
bugeon2022,mi__running_vs_stat_sync,function_only,1,SB026,17.78279410038923,0.7463426739611819,0.9104791211082504,0.9201859767529059,0.14759385776109804,0.5036440469588487,1.1835152170926622,0.07196487280694622,1.0,1.0,0.196083954469365
bugeon2022,mi__running_vs_stat_sync,genes_only,1,SB026,316.22776601683796,0.16436305741308876,0.5662897128838646,0.5758650168728909,0.2678880833791222,0.9141317971612236,1.3685788534329042,0.11641250295995849,0.8645124716553287,0.8632548508793026,0.23213712079877477
bugeon2022,mi__running_vs_stat_sync,joint,1,SB026,177.82794100389228,0.7180624901333084,0.8839654970039252,0.8908256467941508,0.15560409039193834,0.5309778807678974,1.152521328060761,0.06288923928996695,0.9988662131519274,0.9988793967199284,0.19806413097418413
bugeon2022,mi__running_vs_stat_sync_pooled,function_only,1,SB026,31.622776601683793,0.5697188821003296,0.8659113092638321,0.887982002249719,0.20881257492347002,0.6559581677949952,0.8821115551563488,-0.10501003124357336,0.9948979591836734,0.9957983193277312,0.18292569476225085
bugeon2022,mi__running_vs_stat_sync_pooled,genes_only,1,SB026,562.341325190349,0.24154294961653955,0.5015725006941796,0.5472005999250094,0.27723368716279406,0.8708943968006083,1.2479803122558089,-0.024221094589285976,0.8809523809523809,0.9046730884398055,0.23041542007484309
bugeon2022,mi__running_vs_stat_sync_pooled,joint,1,SB026,177.82794100389228,0.6249832405087692,0.8525435283091425,0.8753955755530558,0.19494219107392702,0.6123861196082703,0.8864020813989989,-0.07532286007455033,0.9824263038548753,0.9898891063274626,0.18258683789582802
bugeon2022,feat__pupil_r,function_only,1,SB026,1.0,0.968725634898057,0.984993548871238,0.986159730033746,0.022825518488086945,0.17684559678278242,1.0040263975791957,-0.005304346326226273,1.0,1.0,0.21750519429889076
bugeon2022,feat__pupil_r,genes_only,1,SB026,316.22776601683796,0.160130838227165,0.5537206979824004,0.5587551556055493,0.11828569285493326,0.916443758099656,1.4901824685605485,0.02407811736817231,0.8577097505668935,0.8101066214001986,0.24282044950607146
bugeon2022,feat__pupil_r,joint,1,SB026,17.78279410038923,0.9593271708840831,0.9803588160251148,0.9773468316460443,0.026030265124728627,0.20167505823796505,1.0253130395819163,0.002466165085219477,1.0,1.0,0.21840235278987516
bugeon2022,feat__speed_r,function_only,1,SB026,1.0,0.9352511399266655,0.9797046854501248,0.9834720659917512,0.031357905631188975,0.2544579730963123,1.14212286991174,0.001015716768054762,1.0,1.0,0.2224928217179849
bugeon2022,feat__speed_r,genes_only,1,SB026,316.22776601683796,0.12467286343489203,0.5375906324156263,0.5545556805399325,0.11529651533963413,0.9355891921943637,1.59648750711287,0.015337376695625557,0.865079365079365,0.821949026803628,0.24360341053593146
bugeon2022,feat__speed_r,joint,1,SB026,17.78279410038923,0.9183030423974115,0.9688596888762941,0.9692538432695914,0.035223615132423454,0.28582679650666537,1.1371274567096674,-0.0008994469615862445,1.0,1.0,0.22301484983094255
bugeon2022,feat__mean_activity,function_only,1,SB026,1000.0,-0.055909458993076644,0.329659765577001,0.20859092613423325,67.98784223933959,1.0275745515499326,1.5609241627511712,-74.34102715585296,0.6746031746031746,0.7641364528415269,0.49999999999990663
bugeon2022,feat__mean_activity,genes_only,1,SB026,1000.0,-0.2063736610442084,0.04278575630612813,0.030041244844394455,72.67061592647545,1.0983504272517823,0.14145331443119358,48.94041853329792,0.4478458049886621,0.5090870859224663,0.49999999999990663
bugeon2022,feat__mean_activity,joint,1,SB026,1000.0,-0.1496169711883264,0.23945742534404874,0.20441544806899142,70.9405418006712,1.0722019264990583,0.6796281039729275,-0.2439640669996292,0.5969387755102041,0.608297816249583,0.49999999999990663
bugeon2022,mi__running_vs_stat_sync,function_only,2,SB028,5.623413251903491,-0.007758535726166915,0.6732092678110366,0.6712200093931431,0.2876514434268586,1.0038717725482338,0.7401401061782912,-0.12943638305150384,0.9023444088379153,0.9022639284681722,0.20890015204233695
bugeon2022,mi__running_vs_stat_sync,genes_only,2,SB028,316.22776601683796,0.22073798604291583,0.4943787974547143,0.5142286131124281,0.2529473117792177,0.8827581854345193,1.252581144022879,0.036669505667785485,0.8185191431944678,0.7858403603479194,0.2347361471247736
bugeon2022,mi__running_vs_stat_sync,joint,2,SB028,100.0,0.20759303742191137,0.6763746772383583,0.6770527514914114,0.2550718055757961,0.89017243417922,0.8112881492069709,-0.10627357655979318,0.900489121268342,0.8962665541101232,0.21095538287417576
bugeon2022,mi__running_vs_stat_sync_pooled,function_only,2,SB028,3.1622776601683795,-0.02864268952937854,0.630154643770388,0.6639093461772907,0.329373569657096,1.0142202371886708,0.8516064878169615,0.22727906667054137,0.9193793219767246,0.9196444443799217,0.21086971179632363
bugeon2022,mi__running_vs_stat_sync_pooled,genes_only,2,SB028,316.22776601683796,-0.539423601721315,0.4293877657582816,0.45575230082040113,0.4029355121026538,1.2407351053757747,1.1080722049223897,0.269801829246403,0.7952437173216393,0.8008807002018481,0.23499198961717044
bugeon2022,mi__running_vs_stat_sync_pooled,joint,2,SB028,100.0,0.06947634888274412,0.6629823130057997,0.6890380022583514,0.31327099224255944,0.9646365383456743,0.8759436458718942,0.21227437610161315,0.9205599595209986,0.9276904152838994,0.20835987825246927
bugeon2022,feat__pupil_r,function_only,2,SB028,1.7782794100389228,0.7899558715106783,0.9725259622343616,0.9730166978105984,0.056175714487728255,0.4583057150918964,1.3027908329276954,0.014802694069506976,1.0,1.0,0.22719156727832499
bugeon2022,feat__pupil_r,genes_only,2,SB028,316.22776601683796,-0.14214721208616177,0.5652719462269703,0.586992495478301,0.1309948958391848,1.0687128763458993,1.6735491205840562,0.04929130789954099,0.8888514083319278,0.8853016699577928,0.24315692857479212
bugeon2022,feat__pupil_r,joint,2,SB028,17.78279410038923,0.7683961063407511,0.9651570041020668,0.9646078362795162,0.05898835158077108,0.48125242197361445,1.2961185507014144,0.01769006557580598,0.9991566874683757,0.9992081089642066,0.22723682860147493
bugeon2022,feat__speed_r,function_only,2,SB028,1.7782794100389228,0.8511930755603024,0.9627217558662908,0.9612562829134734,0.039179569621367004,0.38575500571835397,0.8975168358648257,-0.012478887971277074,0.9996626749873503,0.9996712148610883,0.22346912811141306
bugeon2022,feat__speed_r,genes_only,2,SB028,316.22776601683796,0.027267944786180887,0.5381285927757518,0.5664934597743648,0.10017162166764282,0.9862717958020824,1.373768343847819,0.030177112412432698,0.846517119244392,0.8301238281304686,0.244115580622778
bugeon2022,feat__speed_r,joint,2,SB028,17.78279410038923,0.851184823952848,0.9539226736983218,0.9526645548749415,0.03918065589456389,0.3857657009691524,0.9146651787293947,-0.012206550350864652,0.9994940124810254,0.9995129870129871,0.22433291165480548
bugeon2022,feat__mean_activity,function_only,2,SB028,31.622776601683793,-1.1316721655553614,0.18818767049116655,0.22010932019625679,89.68656667497072,1.460024714022092,0.3065197224493912,23.89919206564453,0.6365322988699612,0.6778958915833382,0.49999999999990663
bugeon2022,feat__mean_activity,genes_only,2,SB028,1000.0,-0.29365123637265333,0.16970232056060947,0.2169536238545862,69.8675952540146,1.1373879005742111,0.6324450408278282,0.849991871916041,0.6780232754258727,0.6840882344314629,0.49999999999990663
bugeon2022,feat__mean_activity,joint,2,SB028,562.341325190349,-0.7893265560034326,0.24896842875252134,0.31333926233849296,82.16975564639247,1.3376571145115532,0.4842881035997753,5.384695253649475,0.7299713273739248,0.7206184190718278,0.49999999999990663
bugeon2022,mi__running_vs_stat_sync,function_only,3,SB030,3.1622776601683795,0.5594071797549639,0.7735466786516056,0.7763730514627377,0.16924158291268107,0.6637716627286677,1.340285592304849,0.003910919121656682,0.9607111111111111,0.9635081976334336,0.21990678914136766
bugeon2022,mi__running_vs_stat_sync,genes_only,3,SB030,177.82794100389228,0.030309585885704315,0.31177455224499967,0.3330514627375615,0.25107583861742505,0.984728599212336,0.5948371564572417,-0.03514386657290801,0.7322666666666667,0.6916076459126892,0.2371985804362274
bugeon2022,mi__running_vs_stat_sync,joint,3,SB030,177.82794100389228,0.4866615153044104,0.6997451521627321,0.7173660046978434,0.18267969712513438,0.7164764369409249,1.003752728131051,-0.013840832107461603,0.9438222222222223,0.9410034030484543,0.21607206554177205
bugeon2022,mi__running_vs_stat_sync_pooled,function_only,3,SB030,3.1622776601683795,0.5956687393962203,0.7942175911645435,0.8339590006406151,0.17883375909471344,0.635870474704483,1.1159300456588985,-0.05962898455084598,0.9855999999999999,0.9850476719413592,0.20947824297180911
bugeon2022,mi__running_vs_stat_sync_pooled,genes_only,3,SB030,316.22776601683796,0.019694771125577715,0.4244534060272705,0.4289312406576981,0.2784591577452946,0.990103645517706,0.9015128877163431,-0.09508253056009354,0.7695999999999998,0.7709164085162746,0.2377826406725586
bugeon2022,mi__running_vs_stat_sync_pooled,joint,3,SB030,177.82794100389228,0.5901322934952526,0.8290722403971789,0.8272741832158874,0.18005396787295783,0.6402091115423403,1.023319749746466,-0.09094897656545062,0.9808,0.9833005808778735,0.2037397176942396
bugeon2022,feat__pupil_r,function_only,3,SB030,0.5623413251903491,0.46188119144484197,0.8726391392337551,0.896019645526372,0.0642496696929768,0.7335658174580316,0.6337489634620939,0.006237230576670254,0.9985777777777778,0.9986111887397786,0.22154080346953406
bugeon2022,feat__pupil_r,genes_only,3,SB030,177.82794100389228,0.015142373226372907,0.37723839739142484,0.3932906256673073,0.08691976421540189,0.9923999328653433,0.6182505732965141,0.004192549520623517,0.7244444444444444,0.702264586739351,0.24536827125116303
bugeon2022,feat__pupil_r,joint,3,SB030,5.623413251903491,0.43062932152622246,0.8681371635249865,0.888209481101858,0.06608902766264511,0.754566550054252,0.6311539605833119,0.004015075013718634,0.9969777777777777,0.9972552574040945,0.22166433202809183
bugeon2022,feat__speed_r,function_only,3,SB030,0.31622776601683794,0.678941426144344,0.8617894283436691,0.8844682895579759,0.06004914487416912,0.5666203083631904,1.2731672639832323,0.004995501205944494,0.9964444444444445,0.9964550939698463,0.23359779762346505
bugeon2022,feat__speed_r,genes_only,3,SB030,177.82794100389228,0.18866513805174812,0.4362639764936722,0.43731368780696145,0.09545853387136928,0.9007412846833104,1.1027016413233708,-0.007214561985013809,0.7850666666666667,0.7668988978240137,0.24529652566041127
bugeon2022,feat__speed_r,joint,3,SB030,3.1622776601683795,0.6567401207878003,0.8539997475391501,0.8717349989323084,0.06209065106998545,0.5858838444655406,1.263782569469938,0.009480192575191351,0.9950222222222221,0.9951076563942957,0.233739283999093
bugeon2022,feat__mean_activity,function_only,3,SB030,3.1622776601683795,-0.44945752031390196,-0.1629675015334702,0.004036942131112536,153.35679691726966,1.2039341843779832,-0.5709875001566055,150.14314397389492,0.5132444444444445,0.6038006156221019,0.5745586832319931
bugeon2022,feat__mean_activity,genes_only,3,SB030,3162.2776601683795,-0.13900683059940588,0.11418572491377277,0.0933013025838138,135.94506522410396,1.0672426296767705,2.3945392536499317,-49.94260725659661,0.5614222222222223,0.6008779449572833,0.4999999999999066
bugeon2022,feat__mean_activity,joint,3,SB030,562.341325190349,-0.19512729105892435,0.04033321062902341,0.007733290625667307,139.25389935151188,1.0932187754785891,0.2183145710772835,105.34777123048829,0.5002666666666666,0.5374300073960301,0.4947601111140292
celegans_atanas2023,feat__r_velocity,function_only,0,2022-07-15-06;2022-08-02-01;2023-01-09-28;2023-01-16-01;2023-01-17-01;2023-01-19-01;2023-01-23-01;2023-01-23-08,0.1778279410038923,0.956256983979,0.97878810565746,0.974400186032148,0.049357883391516776,0.20914831106329612,0.9815513317838761,-0.008108315840616432,0.9999646917590566,0.9999647656256693,0.19359865703803306
celegans_atanas2023,feat__r_velocity,genes_only,0,2022-07-15-06;2022-08-02-01;2023-01-09-28;2023-01-16-01;2023-01-17-01;2023-01-19-01;2023-01-23-01;2023-01-23-08,316.22776601683796,0.4691950727824058,0.68945616133795,0.6100489350596147,0.17193711629413413,0.7285636054683872,1.1233643551014487,0.001076930285602976,0.8541328296024291,0.822653761916228,0.2273392511797974
celegans_atanas2023,feat__r_velocity,joint,0,2022-07-15-06;2022-08-02-01;2023-01-09-28;2023-01-16-01;2023-01-17-01;2023-01-19-01;2023-01-23-01;2023-01-23-08,0.5623413251903491,0.9627210059147887,0.9819161114771582,0.9765324113476962,0.04556530254965547,0.1930776892468299,0.9838290130481294,-0.007395190667588324,1.0,0.9999999999999999,0.19338461099124418
celegans_atanas2023,feat__r_reversal,function_only,0,2022-07-15-06;2022-08-02-01;2023-01-09-28;2023-01-16-01;2023-01-17-01;2023-01-19-01;2023-01-23-01;2023-01-23-08,0.31622776601683794,0.9567895767846415,0.9790870784273882,0.9752028204634833,0.054947098431005294,0.2078711697543253,1.0215073812701925,-0.00891811044917174,1.0,0.9999999999999999,0.1899712172851188
celegans_atanas2023,feat__r_reversal,genes_only,0,2022-07-15-06;2022-08-02-01;2023-01-09-28;2023-01-16-01;2023-01-17-01;2023-01-19-01;2023-01-23-01;2023-01-23-08,316.22776601683796,0.5009817684056258,0.7169652173797769,0.6259120223135249,0.1867276838067718,0.7064122249725004,1.1653559620457612,-0.007002499765731998,0.8594996822258314,0.8688278164084431,0.22440166789701774
celegans_atanas2023,feat__r_reversal,joint,0,2022-07-15-06;2022-08-02-01;2023-01-09-28;2023-01-16-01;2023-01-17-01;2023-01-19-01;2023-01-23-01;2023-01-23-08,1.7782794100389228,0.9651698800775613,0.9834533399913976,0.9777786731251745,0.04933191660598056,0.1866282934663851,1.0294628917708304,-0.007890039776989799,1.0,0.9999999999999999,0.19027802515441145
celegans_atanas2023,feat__r_head_angle,function_only,0,2022-07-15-06;2022-08-02-01;2023-01-09-28;2023-01-16-01;2023-01-17-01;2023-01-19-01;2023-01-23-01;2023-01-23-08,100.0,0.17354942418419217,0.4295813654416798,0.44787673330832245,0.14017422039134514,0.9090932712351841,1.0294289549852658,-0.016346092328194943,0.7829602429206977,0.7582635994183125,0.24246877053784255
celegans_atanas2023,feat__r_head_angle,genes_only,0,2022-07-15-06;2022-08-02-01;2023-01-09-28;2023-01-16-01;2023-01-17-01;2023-01-19-01;2023-01-23-01;2023-01-23-08,562.341325190349,0.12404008285537038,0.37743518472394877,0.36973644159022095,0.14431179312338993,0.9359273033378541,0.8752790840643215,-0.017578485384719532,0.7389485205847044,0.7187830282479677,0.24371408146025897
celegans_atanas2023,feat__r_head_angle,joint,0,2022-07-15-06;2022-08-02-01;2023-01-09-28;2023-01-16-01;2023-01-17-01;2023-01-19-01;2023-01-23-01;2023-01-23-08,177.82794100389228,0.22942786316880726,0.49243061605556554,0.47870492729609926,0.13535252336630962,0.877822383413181,0.9033864962038498,-0.014718404973176663,0.8115246098439375,0.7949241775820877,0.23908116923940442
celegans_atanas2023,feat__r_pumping,function_only,0,2022-07-15-06;2022-08-02-01;2023-01-09-28;2023-01-16-01;2023-01-17-01;2023-01-19-01;2023-01-23-01;2023-01-23-08,1.0,-0.030889483095186687,0.0721564572210291,0.08216773007010769,0.22182506556193632,1.0153272788050902,0.3264180496547696,0.022171664093979176,0.5665383800579056,0.5766305226853566,0.24878005818666998
celegans_atanas2023,feat__r_pumping,genes_only,0,2022-07-15-06;2022-08-02-01;2023-01-09-28;2023-01-16-01;2023-01-17-01;2023-01-19-01;2023-01-23-01;2023-01-23-08,1000.0,0.020819506298373702,0.2652379100283733,0.18824798935747689,0.21619016881836386,0.9895354939023979,0.5649243052177084,0.019788730836381836,0.6145840689216864,0.6325271493330921,0.24492447861510108
celegans_atanas2023,feat__r_pumping,joint,0,2022-07-15-06;2022-08-02-01;2023-01-09-28;2023-01-16-01;2023-01-17-01;2023-01-19-01;2023-01-23-01;2023-01-23-08,3.1622776601683795,-0.014006894081542098,0.2630578723885534,0.19424249836089624,0.22000118387816872,1.0069790931654239,0.4904982992301823,0.020308960301060823,0.6240555045547631,0.6456215011868426,0.24402140919040088
celegans_atanas2023,feat__r_angular_velocity,function_only,0,2022-07-15-06;2022-08-02-01;2023-01-09-28;2023-01-16-01;2023-01-17-01;2023-01-19-01;2023-01-23-01;2023-01-23-08,1.0,0.06432844019079464,0.2619173346401894,0.26600567737062203,0.13481382029538924,0.9673011732628977,0.8045361743372911,0.003567690663748722,0.6680495727702845,0.6519388107198024,0.24695636355220307
celegans_atanas2023,feat__r_angular_velocity,genes_only,0,2022-07-15-06;2022-08-02-01;2023-01-09-28;2023-01-16-01;2023-01-17-01;2023-01-19-01;2023-01-23-01;2023-01-23-08,1778.2794100389228,0.09625901273331905,0.31291144288397427,0.2251042693877972,0.13249353601632466,0.95065292681068,1.085031863702781,-0.005731198892424796,0.6421244968575666,0.6716964756261923,0.2470200595903952
celegans_atanas2023,feat__r_angular_velocity,joint,0,2022-07-15-06;2022-08-02-01;2023-01-09-28;2023-01-16-01;2023-01-17-01;2023-01-19-01;2023-01-23-01;2023-01-23-08,3.1622776601683795,0.08857635659866925,0.31202203236906023,0.28174044410143145,0.13305550463019974,0.954685101689689,0.7690437464979534,0.002327624852729318,0.6852623402302097,0.6903633841478534,0.2455091790891422
celegans_atanas2023,feat__r_velocity,function_only,1,2022-07-15-12;2023-01-06-01;2023-01-06-08;2023-01-09-08;2023-01-10-14;2023-01-17-14;2023-01-19-08;2023-03-07-01,0.1778279410038923,0.9475227680267531,0.9735475439526868,0.9697183417592047,0.048661438924535755,0.22907909545122804,1.0057270054506993,-0.0034659189831412916,0.9998743177247917,0.999875967336087,0.2007415287434494
celegans_atanas2023,feat__r_velocity,genes_only,1,2022-07-15-12;2023-01-06-01;2023-01-06-08;2023-01-09-08;2023-01-10-14;2023-01-17-14;2023-01-19-08;2023-03-07-01,316.22776601683796,0.504216607212558,0.711328739171464,0.6716344208752613,0.14957033794619043,0.7041188768828557,0.96626996264024,-0.006110205423268104,0.891545173800632,0.8756527396846058,0.223195523112594
celegans_atanas2023,feat__r_velocity,joint,1,2022-07-15-12;2023-01-06-01;2023-01-06-08;2023-01-09-08;2023-01-10-14;2023-01-17-14;2023-01-19-08;2023-03-07-01,1.0,0.9573175455410847,0.9785788932673314,0.9729774598295422,0.043885816226717875,0.20659732442244602,1.0092180685573913,-0.0034109494474905888,0.9999102269462798,0.9999108266587298,0.20038477522273349
celegans_atanas2023,feat__r_reversal,function_only,1,2022-07-15-12;2023-01-06-01;2023-01-06-08;2023-01-09-08;2023-01-10-14;2023-01-17-14;2023-01-19-08;2023-03-07-01,0.31622776601683794,0.9488763239447904,0.9743223060502154,0.9703328878457128,0.052268833270903835,0.22610545339457724,0.9839363762508792,-0.0036319919200613325,0.9999281815570239,0.9999293785310734,0.1957382467680882
celegans_atanas2023,feat__r_reversal,genes_only,1,2022-07-15-12;2023-01-06-01;2023-01-06-08;2023-01-09-08;2023-01-10-14;2023-01-17-14;2023-01-19-08;2023-03-07-01,316.22776601683796,0.529397896960779,0.7287355423790182,0.6689124955567927,0.15858375634455593,0.686004448261926,0.9543075220150763,0.002846527042482505,0.8861767451881644,0.893285997386843,0.22087514546381637
celegans_atanas2023,feat__r_reversal,joint,1,2022-07-15-12;2023-01-06-01;2023-01-06-08;2023-01-09-08;2023-01-10-14;2023-01-17-14;2023-01-19-08;2023-03-07-01,1.0,0.9607019025712751,0.9803368374777929,0.973885356763732,0.04582658886104755,0.19823747735578381,0.984661622863417,-0.003145137121900378,0.9999102269462798,0.9999114239203294,0.19550675012424212
celegans_atanas2023,feat__r_head_angle,function_only,1,2022-07-15-12;2023-01-06-01;2023-01-06-08;2023-01-09-08;2023-01-10-14;2023-01-17-14;2023-01-19-08;2023-03-07-01,10.0,0.14564513378314026,0.38840828458660115,0.38883568270949564,0.1392168597920788,0.9243131862120733,1.0460666156833434,-0.011125083854106425,0.7554761562769319,0.7583250915047849,0.24347131675304354
celegans_atanas2023,feat__r_head_angle,genes_only,1,2022-07-15-12;2023-01-06-01;2023-01-06-08;2023-01-09-08;2023-01-10-14;2023-01-17-14;2023-01-19-08;2023-03-07-01,1000.0,0.19713304087432781,0.45472925804450787,0.41160833561442395,0.13495670848620545,0.8960284365548958,1.1376152742253474,-0.014150176073047764,0.7682418845159437,0.7721415598393617,0.24270005067433692
celegans_atanas2023,feat__r_head_angle,joint,1,2022-07-15-12;2023-01-06-01;2023-01-06-08;2023-01-09-08;2023-01-10-14;2023-01-17-14;2023-01-19-08;2023-03-07-01,31.622776601683793,0.27179031051915503,0.529019190484681,0.5008177082721408,0.12852893573189672,0.8533520313863294,1.0843236834036027,-0.013171652750411583,0.8206154840563055,0.836435443560338,0.23948070526608345
celegans_atanas2023,feat__r_pumping,function_only,1,2022-07-15-12;2023-01-06-01;2023-01-06-08;2023-01-09-08;2023-01-10-14;2023-01-17-14;2023-01-19-08;2023-03-07-01,1.0,-0.09612822087468342,-0.18386125451437227,-0.15308917560160357,0.2483226305933016,1.0469614228162567,-1.0447335407487448,0.005853902264099392,0.4068335248491812,0.44821344643965066,0.2516483877415188
celegans_atanas2023,feat__r_pumping,genes_only,1,2022-07-15-12;2023-01-06-01;2023-01-06-08;2023-01-09-08;2023-01-10-14;2023-01-17-14;2023-01-19-08;2023-03-07-01,1778.2794100389228,0.1631638697924358,0.40702969146154894,0.3464336636257509,0.2169730689787471,0.9147874781611889,1.1301676863988273,0.004027632187156897,0.7145575983912669,0.7192255506749322,0.24134737154016403
celegans_atanas2023,feat__r_pumping,joint,1,2022-07-15-12;2023-01-06-01;2023-01-06-08;2023-01-09-08;2023-01-10-14;2023-01-17-14;2023-01-19-08;2023-03-07-01,1.7782794100389228,0.09695844996672609,0.32592571939781373,0.24337624380385897,0.22539251379691,0.9502849835842189,0.776586036290086,0.00523247223134088,0.6556844297615627,0.6813649513096549,0.24166606291516013
celegans_atanas2023,feat__r_angular_velocity,function_only,1,2022-07-15-12;2023-01-06-01;2023-01-06-08;2023-01-09-08;2023-01-10-14;2023-01-17-14;2023-01-19-08;2023-03-07-01,1.0,0.09639498581924788,0.3420801730559476,0.29848813784793693,0.10545677812598371,0.9505814084887532,0.7045077717550392,0.002374650251386226,0.6855968112611319,0.6821226279701369,0.24594603511526994
celegans_atanas2023,feat__r_angular_velocity,genes_only,1,2022-07-15-12;2023-01-06-01;2023-01-06-08;2023-01-09-08;2023-01-10-14;2023-01-17-14;2023-01-19-08;2023-03-07-01,1778.2794100389228,0.09421991954116904,0.3188475290798028,0.2734328790613978,0.10558362426552118,0.9517247923861717,0.8197962254346287,-0.002835360578682863,0.6598588767595519,0.6619467607084901,0.24701259324925917
celegans_atanas2023,feat__r_angular_velocity,joint,1,2022-07-15-12;2023-01-06-01;2023-01-06-08;2023-01-09-08;2023-01-10-14;2023-01-17-14;2023-01-19-08;2023-03-07-01,3.1622776601683795,0.0963438546017823,0.3872180053695393,0.327899624908886,0.10545976176213755,0.9506083028155848,0.6258861996350416,0.0032794175343635015,0.7045927894283253,0.7205181968887263,0.24423049905332847
celegans_atanas2023,feat__r_velocity,function_only,2,2022-06-28-01;2022-07-20-01;2022-07-26-01;2023-01-09-22;2023-01-10-07;2023-01-16-15;2023-01-17-07;2023-01-18-01,0.1778279410038923,0.9680387284959104,0.9851943288389243,0.9807512743029985,0.041539713899326265,0.1787771559898369,1.0542319706002454,-0.0019921055450324585,1.0,0.9999999999999999,0.1984456073369345
celegans_atanas2023,feat__r_velocity,genes_only,2,2022-06-28-01;2022-07-20-01;2022-07-26-01;2023-01-09-22;2023-01-10-07;2023-01-16-15;2023-01-17-07;2023-01-18-01,316.22776601683796,0.4834999090294537,0.6961477144536313,0.5905704678781912,0.16698854399724997,0.7186794076402221,0.9993251046147618,-0.0077536775108152725,0.8343602146741049,0.8014045437566041,0.22485143351124637
celegans_atanas2023,feat__r_velocity,joint,2,2022-06-28-01;2022-07-20-01;2022-07-26-01;2023-01-09-22;2023-01-10-07;2023-01-16-15;2023-01-17-07;2023-01-18-01,0.01778279410038923,0.9714313752790185,0.9863548691315557,0.9820489505035037,0.03927318686099868,0.16902255684001352,1.0396543327295924,-0.003009568141654289,1.0,0.9999999999999999,0.19764388258344787
celegans_atanas2023,feat__r_reversal,function_only,2,2022-06-28-01;2022-07-20-01;2022-07-26-01;2023-01-09-22;2023-01-10-07;2023-01-16-15;2023-01-17-07;2023-01-18-01,0.31622776601683794,0.9700997329807783,0.9853493624420265,0.9797573835150462,0.04293087901680009,0.1729169367615006,0.9720466999832273,-0.002061351109105044,0.9998587670362262,0.9998633599781375,0.1915089421908864
celegans_atanas2023,feat__r_reversal,genes_only,2,2022-06-28-01;2022-07-20-01;2022-07-26-01;2023-01-09-22;2023-01-10-07;2023-01-16-15;2023-01-17-07;2023-01-18-01,316.22776601683796,0.4964560144621002,0.7057214315002296,0.6007866171096194,0.17617770729594015,0.7096083324861986,0.9574120523117311,0.00389145434514629,0.8418543888143493,0.8686347688444793,0.2219415453376484
celegans_atanas2023,feat__r_reversal,joint,2,2022-06-28-01;2022-07-20-01;2022-07-26-01;2023-01-09-22;2023-01-10-07;2023-01-16-15;2023-01-17-07;2023-01-18-01,1.7782794100389228,0.9727925126337507,0.986565728588648,0.9811096523643418,0.04095212720498294,0.16494692287530008,0.9783489943478447,-0.0025729728664639663,0.9998940752771697,0.9998966799834687,0.19208121447345008
celegans_atanas2023,feat__r_head_angle,function_only,2,2022-06-28-01;2022-07-20-01;2022-07-26-01;2023-01-09-22;2023-01-10-07;2023-01-16-15;2023-01-17-07;2023-01-18-01,100.0,0.182902051348666,0.4402084240075464,0.4490292043192617,0.14472899840214215,0.903934703748632,1.1483166601834365,0.013591253415580757,0.7752277381540852,0.8094177324780767,0.2419921037946956
celegans_atanas2023,feat__r_head_angle,genes_only,2,2022-06-28-01;2022-07-20-01;2022-07-26-01;2023-01-09-22;2023-01-10-07;2023-01-16-15;2023-01-17-07;2023-01-18-01,1000.0,0.24110705599262405,0.5158301736307466,0.4518981436709387,0.13947897716658716,0.8711446171548649,1.4192748154356605,0.0024799252366957737,0.8077466280629899,0.8039594324646783,0.24196865934007472
celegans_atanas2023,feat__r_head_angle,joint,2,2022-06-28-01;2022-07-20-01;2022-07-26-01;2023-01-09-22;2023-01-10-07;2023-01-16-15;2023-01-17-07;2023-01-18-01,177.82794100389228,0.31027206882585645,0.5641233677938864,0.5382938463060343,0.13297114340873295,0.8304986039515826,1.1271500417658382,0.009156504326969546,0.8426311701151048,0.8640322449784738,0.2375157982236164
celegans_atanas2023,feat__r_pumping,function_only,2,2022-06-28-01;2022-07-20-01;2022-07-26-01;2023-01-09-22;2023-01-10-07;2023-01-16-15;2023-01-17-07;2023-01-18-01,3.1622776601683795,-0.017953878094214115,0.10820662842186193,0.1372772047186588,0.19458869287533792,1.0089370040213899,0.5303458649153899,0.024181221235984277,0.5851987853965115,0.5796173818332622,0.24915078986600359
celegans_atanas2023,feat__r_pumping,genes_only,2,2022-06-28-01;2022-07-20-01;2022-07-26-01;2023-01-09-22;2023-01-10-07;2023-01-16-15;2023-01-17-07;2023-01-18-01,1000.0,0.08293082057087298,0.3443642295979368,0.22365636519594972,0.18469477062444126,0.9576372901154262,0.6886563728384901,0.02051809979096759,0.6242232186992444,0.6181206751880974,0.24374042172337823
celegans_atanas2023,feat__r_pumping,joint,2,2022-06-28-01;2022-07-20-01;2022-07-26-01;2023-01-09-22;2023-01-10-07;2023-01-16-15;2023-01-17-07;2023-01-18-01,10.0,0.04877167409258154,0.33948158865285605,0.24461956174120683,0.18810309323548516,0.9753093488209545,0.601132666449622,0.0226485563861192,0.6356366075842101,0.6339007694820771,0.24315679966228856
celegans_atanas2023,feat__r_angular_velocity,function_only,2,2022-06-28-01;2022-07-20-01;2022-07-26-01;2023-01-09-22;2023-01-10-07;2023-01-16-15;2023-01-17-07;2023-01-18-01,1.0,0.15996490471395408,0.4249689918775905,0.38730842416548067,0.12763817338162847,0.9165342848328052,1.2142375311559823,-0.02128199596581308,0.7429383518113127,0.7446604890037656,0.24462721549911864
celegans_atanas2023,feat__r_angular_velocity,genes_only,2,2022-06-28-01;2022-07-20-01;2022-07-26-01;2023-01-09-22;2023-01-10-07;2023-01-16-15;2023-01-17-07;2023-01-18-01,3162.2776601683795,0.10078681685592672,0.34794408953125666,0.2508914215224669,0.1320575384646494,0.9482685184752044,1.334399273252349,-0.021801966097779405,0.6468822823246946,0.6466157877177757,0.24733195299441565
celegans_atanas2023,feat__r_angular_velocity,joint,2,2022-06-28-01;2022-07-20-01;2022-07-26-01;2023-01-09-22;2023-01-10-07;2023-01-16-15;2023-01-17-07;2023-01-18-01,3.1622776601683795,0.22172837573312532,0.48742028602162185,0.42834772782680997,0.12285630893324549,0.8821970438942183,1.122243820097494,-0.01816245222355157,0.7640879881364312,0.7533082324728275,0.2429170478144568
celegans_atanas2023,feat__r_velocity,function_only,3,2022-06-14-13;2022-06-28-07;2022-12-21-06;2023-01-05-18;2023-01-06-15;2023-01-09-15;2023-01-16-08;2023-01-16-22,0.1778279410038923,0.9477736634484886,0.9753043120324763,0.9673215598243906,0.05291538984380729,0.22853082188418336,0.9737575948063799,0.012794136385702443,0.9998753760971355,0.9998773649013951,0.19462406879993135
celegans_atanas2023,feat__r_velocity,genes_only,3,2022-06-14-13;2022-06-28-07;2022-12-21-06;2023-01-05-18;2023-01-06-15;2023-01-09-15;2023-01-16-08;2023-01-16-22,177.82794100389228,0.5279027119821322,0.7271781591893339,0.6848849359198984,0.15909369601031925,0.6870933619340168,1.0376079517139136,0.0019393444802120804,0.908810909932525,0.8851801850206236,0.2216973812053523
celegans_atanas2023,feat__r_velocity,joint,3,2022-06-14-13;2022-06-28-07;2022-12-21-06;2023-01-05-18;2023-01-06-15;2023-01-09-15;2023-01-16-08;2023-01-16-22,0.5623413251903491,0.9488267040782523,0.9758059885950056,0.968377788424987,0.05237920629863054,0.2262151540487633,0.9748758384966929,0.01273273088030637,1.0,0.9999999999999999,0.19457618350311046
celegans_atanas2023,feat__r_reversal,function_only,3,2022-06-14-13;2022-06-28-07;2022-12-21-06;2023-01-05-18;2023-01-06-15;2023-01-09-15;2023-01-16-08;2023-01-16-22,0.31622776601683794,0.9468620805039396,0.9746852876904185,0.9661631427060126,0.05834577915961814,0.2305166360496364,1.020115664334341,0.014366728841650661,0.9997329487795759,0.9997371366786614,0.19317184080987654
celegans_atanas2023,feat__r_reversal,genes_only,3,2022-06-14-13;2022-06-28-07;2022-12-21-06;2023-01-05-18;2023-01-06-15;2023-01-09-15;2023-01-16-08;2023-01-16-22,177.82794100389228,0.5610424601508552,0.7508020229138577,0.6836099796037397,0.16769434872472735,0.6625387081866811,1.0488974657039267,0.011891689486320661,0.9070038633409888,0.916200399818247,0.2188335950743833
celegans_atanas2023,feat__r_reversal,joint,3,2022-06-14-13;2022-06-28-07;2022-12-21-06;2023-01-05-18;2023-01-06-15;2023-01-09-15;2023-01-16-08;2023-01-16-22,1.0,0.9516382521578953,0.9769204655249212,0.9681444215001948,0.05566191768855437,0.21991304609259216,1.0049208610869476,0.013431329283088489,0.999715145364881,0.9997183073099024,0.19243365235289242
celegans_atanas2023,feat__r_head_angle,function_only,3,2022-06-14-13;2022-06-28-07;2022-12-21-06;2023-01-05-18;2023-01-06-15;2023-01-09-15;2023-01-16-08;2023-01-16-22,10.0,-0.0473436286556701,0.11235023499010423,0.09893191955154222,0.15393962500192607,1.0233980792642443,0.31562080563245654,0.01301114049156167,0.5679467321832328,0.6070328491130199,0.24810036497527854
celegans_atanas2023,feat__r_head_angle,genes_only,3,2022-06-14-13;2022-06-28-07;2022-12-21-06;2023-01-05-18;2023-01-06-15;2023-01-09-15;2023-01-16-08;2023-01-16-22,1000.0,0.181637157318982,0.43133390323354337,0.41710592698865473,0.13607513625486856,0.9046340932499376,1.0323857588851086,0.009538491162685285,0.7769143121650735,0.766727194614196,0.2426053840486483
celegans_atanas2023,feat__r_head_angle,joint,3,2022-06-14-13;2022-06-28-07;2022-12-21-06;2023-01-05-18;2023-01-06-15;2023-01-09-15;2023-01-16-08;2023-01-16-22,5.623413251903491,0.09864101313989782,0.34738398155561395,0.32908692623335817,0.14280871892744665,0.9493992768314696,0.711710612362056,0.01004428483247533,0.7279104132172551,0.7414037959460991,0.24270569099716047
celegans_atanas2023,feat__r_pumping,function_only,3,2022-06-14-13;2022-06-28-07;2022-12-21-06;2023-01-05-18;2023-01-06-15;2023-01-09-15;2023-01-16-08;2023-01-16-22,5.623413251903491,0.02227892436476686,0.22200175673762357,0.19849266044018166,0.2270133342741878,0.9887977930935707,1.2084481915838161,-0.03937858168495669,0.6215350104149977,0.6185580354074413,0.24776587399397648
celegans_atanas2023,feat__r_pumping,genes_only,3,2022-06-14-13;2022-06-28-07;2022-12-21-06;2023-01-05-18;2023-01-06-15;2023-01-09-15;2023-01-16-08;2023-01-16-22,1778.2794100389228,0.1857089685866874,0.4598466484723189,0.3978918291028339,0.20717326228191882,0.9023807574445606,1.2290370346541584,-0.03283242659109961,0.7317648524987093,0.6967151057013727,0.24153746052889843
celegans_atanas2023,feat__r_pumping,joint,3,2022-06-14-13;2022-06-28-07;2022-12-21-06;2023-01-05-18;2023-01-06-15;2023-01-09-15;2023-01-16-08;2023-01-16-22,562.341325190349,0.20712190200866043,0.478973010583763,0.42657544559749305,0.20443115845948687,0.8904370264002012,1.1492923436464408,-0.03226119990711826,0.7435240079047162,0.714875682889686,0.24032753790323547
celegans_atanas2023,feat__r_angular_velocity,function_only,3,2022-06-14-13;2022-06-28-07;2022-12-21-06;2023-01-05-18;2023-01-06-15;2023-01-09-15;2023-01-16-08;2023-01-16-22,1.0,-0.09623150944523307,0.11020043557717826,0.11575989368353747,0.14555508020492497,1.0470107494335779,0.2511546768925425,0.017186849242820823,0.5466182413786964,0.5104857998326946,0.2500367703180814
celegans_atanas2023,feat__r_angular_velocity,genes_only,3,2022-06-14-13;2022-06-28-07;2022-12-21-06;2023-01-05-18;2023-01-06-15;2023-01-09-15;2023-01-16-08;2023-01-16-22,1778.2794100389228,-0.03569874211097446,0.12091041280186186,0.024128029245962714,0.14147931609537734,1.0176928525326658,0.3620389834826056,0.017568021590889875,0.5038010290373692,0.5311873865292522,0.24959548478365998
celegans_atanas2023,feat__r_angular_velocity,joint,3,2022-06-14-13;2022-06-28-07;2022-12-21-06;2023-01-05-18;2023-01-06-15;2023-01-09-15;2023-01-16-08;2023-01-16-22,3.1622776601683795,-0.06956866425404029,0.17698363875198478,0.11721524672887314,0.143774068570158,1.034199528252964,0.3591423619405202,0.015796971924359818,0.5481493350424611,0.534036138880451,0.24899871032874607
celegans_atanas2023,feat__r_velocity,function_only,4,2022-06-14-01;2022-06-14-07;2023-01-05-01;2023-01-13-07;2023-01-19-15;2023-01-19-22;2023-01-23-15;2023-01-23-21,0.1778279410038923,0.9315664550357715,0.9654724842913807,0.9638207760261287,0.05815595909137232,0.2615980599385493,0.9760129060449353,0.0002236908826884494,0.9995152255099109,0.9995143762831491,0.19712620153792904
celegans_atanas2023,feat__r_velocity,genes_only,4,2022-06-14-01;2022-06-14-07;2023-01-05-01;2023-01-13-07;2023-01-19-15;2023-01-19-22;2023-01-23-15;2023-01-23-21,177.82794100389228,0.4460704731531485,0.6722783374242101,0.626531719030165,0.165457691740689,0.7442644199757691,0.9047705292584884,0.009239100988209771,0.8838516230968113,0.8583941822640221,0.22266997413479536
celegans_atanas2023,feat__r_velocity,joint,4,2022-06-14-01;2022-06-14-07;2023-01-05-01;2023-01-13-07;2023-01-19-15;2023-01-19-22;2023-01-23-15;2023-01-23-21,0.31622776601683794,0.9402267822587088,0.9697872679927602,0.9659516155254328,0.05435168610062641,0.24448561867879554,0.9837183714709401,0.00018486808812619214,0.9995152255099109,0.9995148150686588,0.19711273679225175
celegans_atanas2023,feat__r_reversal,function_only,4,2022-06-14-01;2022-06-14-07;2023-01-05-01;2023-01-13-07;2023-01-19-15;2023-01-19-22;2023-01-23-15;2023-01-23-21,0.31622776601683794,0.9280937482346577,0.9633923958677857,0.9610114616255961,0.06508778124532746,0.26815341087659084,0.9956788319937235,-0.001088978501538093,0.9987970410801494,0.9987871732358307,0.19486461216354495
celegans_atanas2023,feat__r_reversal,genes_only,4,2022-06-14-01;2022-06-14-07;2023-01-05-01;2023-01-13-07;2023-01-19-15;2023-01-19-22;2023-01-23-15;2023-01-23-21,177.82794100389228,0.49284470678389913,0.7050758803953785,0.6384787391137461,0.17285686136980474,0.7121483646066471,0.9226332043797794,-0.009794830850149821,0.8782856937661591,0.8779589127015198,0.21995030808462113
celegans_atanas2023,feat__r_reversal,joint,4,2022-06-14-01;2022-06-14-07;2023-01-05-01;2023-01-13-07;2023-01-19-15;2023-01-19-22;2023-01-23-15;2023-01-23-21,1.7782794100389228,0.9413809464899595,0.9702767721694122,0.9647992721467483,0.058767273574551346,0.24211372020097813,0.993766042068382,-0.0013335201018357108,0.9986893134156852,0.9986733655635682,0.19435533849293282
celegans_atanas2023,feat__r_head_angle,function_only,4,2022-06-14-01;2022-06-14-07;2023-01-05-01;2023-01-13-07;2023-01-19-15;2023-01-19-22;2023-01-23-15;2023-01-23-21,3.1622776601683795,-0.02875698769562951,0.18384994133455757,0.16833272278208122,0.14952477538059855,1.014276583423709,0.43134320058397496,0.016645665790571963,0.6208345303073829,0.6191938360736617,0.24668582743403825
celegans_atanas2023,feat__r_head_angle,genes_only,4,2022-06-14-01;2022-06-14-07;2023-01-05-01;2023-01-13-07;2023-01-19-15;2023-01-19-22;2023-01-23-15;2023-01-23-21,562.341325190349,-0.024008530861905575,0.22314831436994606,0.16825019823452633,0.14917929381847259,1.0119330663873045,0.4672574599416203,0.018477925808360347,0.6093166475150817,0.6161508247450214,0.24652672526832672
celegans_atanas2023,feat__r_head_angle,joint,4,2022-06-14-01;2022-06-14-07;2023-01-05-01;2023-01-13-07;2023-01-19-15;2023-01-19-22;2023-01-23-15;2023-01-23-21,5.623413251903491,0.025686691882505608,0.31151654900346637,0.22516948871497527,0.14551443484781423,0.987073101702339,0.5482494808455429,0.0160816671448607,0.6535298764722781,0.6699638866343476,0.24383567081516375
celegans_atanas2023,feat__r_pumping,function_only,4,2022-06-14-01;2022-06-14-07;2023-01-05-01;2023-01-13-07;2023-01-19-15;2023-01-19-22;2023-01-23-15;2023-01-23-21,177.82794100389228,0.011950901755516719,0.12976467902343514,0.12563327180079312,0.2936878452131939,0.9940065886289663,1.2871455955533748,-0.02108840720966633,0.576271186440678,0.5704576015961524,0.24896479267129304
celegans_atanas2023,feat__r_pumping,genes_only,4,2022-06-14-01;2022-06-14-07;2023-01-05-01;2023-01-13-07;2023-01-19-15;2023-01-19-22;2023-01-23-15;2023-01-23-21,1778.2794100389228,0.10872291657856648,0.33726778318564193,0.3164038412370533,0.2789350437065021,0.9440747234278652,1.1717411094608816,-0.015732962078917497,0.7047184717035334,0.6886629503101646,0.24293684777209434
celegans_atanas2023,feat__r_pumping,joint,4,2022-06-14-01;2022-06-14-07;2023-01-05-01;2023-01-13-07;2023-01-19-15;2023-01-19-22;2023-01-23-15;2023-01-23-21,1000.0,0.11701859889596888,0.34902657116833413,0.33612731361910647,0.27763389610408623,0.9396709004210219,1.1347530231525136,-0.017155070620966623,0.7127262280953749,0.6970257301149949,0.2422271132625403
celegans_atanas2023,feat__r_angular_velocity,function_only,4,2022-06-14-01;2022-06-14-07;2023-01-05-01;2023-01-13-07;2023-01-19-15;2023-01-19-22;2023-01-23-15;2023-01-23-21,1.7782794100389228,0.17060818954100665,0.4447628746220045,0.3415627173676837,0.13126498502377626,0.9107095093648055,1.4299184598885641,0.007998252406840854,0.7099073542085607,0.7305586215894142,0.24550894485443714
celegans_atanas2023,feat__r_angular_velocity,genes_only,4,2022-06-14-01;2022-06-14-07;2023-01-05-01;2023-01-13-07;2023-01-19-15;2023-01-19-22;2023-01-23-15;2023-01-23-21,1778.2794100389228,0.07693572966559836,0.30030958707619,0.260018746031094,0.13847934234349202,0.9607623381053159,1.0787753710650632,0.015389344766620128,0.6648502585463947,0.6594543386177246,0.24709547394548984
celegans_atanas2023,feat__r_angular_velocity,joint,4,2022-06-14-01;2022-06-14-07;2023-01-05-01;2023-01-13-07;2023-01-19-15;2023-01-19-22;2023-01-23-15;2023-01-23-21,5.623413251903491,0.2029063464684704,0.4701642361753708,0.3715357169924867,0.1286837468386555,0.8928010156358858,1.2548018383035875,0.010134721406808492,0.7368392703246194,0.7599045183770489,0.24412788648525133
condylis2022,feat__sample_task_CW,function_only,0,bb001L,0.01,0.9999999486126566,0.9999999843380142,0.9998979591836733,7.761878895236276e-05,0.00022668776636254576,1.0001313978293334,-1.4301240417293088e-05,1.0,1.0,0.17656226263897964
condylis2022,feat__sample_task_CW,genes_only,0,bb001L,316.22776601683796,-0.10816511353832325,0.22028352647333763,0.15848192952778006,0.36044666871935016,1.0526942165376663,1.3889836737539512,0.08995460915986174,0.6591695501730104,0.6430147058823529,0.2462136612036495
condylis2022,feat__sample_task_CW,joint,0,bb001L,0.01,0.9999999453065798,0.999999982993383,0.9998979591836733,8.007672822323376e-05,0.00023386624428894695,1.0001304228668106,-1.1431028540790041e-05,1.0,1.0,0.17656182061074746
condylis2022,feat__sample_task_CCW,function_only,0,bb001L,0.01,0.9999998833969135,0.999999944001081,0.9999999999999999,8.075972198924252e-05,0.0003414719409968386,1.0000007535742288,-1.6191617992040884e-05,1.0,1.0,0.19671016761097324
condylis2022,feat__sample_task_CCW,genes_only,0,bb001L,316.22776601683796,-0.12741636299629477,0.10704133545008174,0.02377228942916701,0.2511203794549936,1.0617986452179908,0.5493388130113669,0.13251861578648777,0.5224913494809689,0.5681226441936872,0.24879069988335795
condylis2022,feat__sample_task_CCW,joint,0,bb001L,0.01,0.9999998745497859,0.9999999407312192,0.9999999999999999,8.376748863238573e-05,0.00035418951714001135,1.0000038830946618,-2.037859429669245e-05,1.0,1.0,0.19671093243208151
condylis2022,feat__sample_passive_CW,function_only,0,bb001L,0.01,0.9999999936966665,0.9999999972480127,0.9999999999999999,2.9013054556462858e-05,7.939353610918415e-05,1.000027938931256,-6.676464680603289e-06,1.0,1.0,0.1751055279176957
condylis2022,feat__sample_passive_CW,genes_only,0,bb001L,562.341325190349,-0.031061564643465323,0.14348307722329526,0.10224696027208378,0.371065526181852,1.0154120171821006,1.3041407642406202,0.051706397331140526,0.5657439446366782,0.5562880324543611,0.2491881614624774
condylis2022,feat__sample_passive_CW,joint,0,bb001L,0.01,0.9999999935402724,0.9999999971616985,0.9999999999999999,2.9370775352826043e-05,8.037243058952215e-05,1.000027378638487,-7.10660553772187e-06,1.0,1.0,0.17510548380154978
condylis2022,feat__sample_passive_CCW,function_only,0,bb001L,0.01,0.999999990666912,0.9999999969092621,0.9999999999999999,3.213513028480316e-05,9.660790862887503e-05,1.0000555588476332,-6.0241679935496525e-06,1.0,1.0,0.18529142013473915
condylis2022,feat__sample_passive_CCW,genes_only,0,bb001L,562.341325190349,-0.03766396770134084,0.026789528515792495,-0.052942151820512026,0.338840842252966,1.0186579247692045,0.25809859390231144,0.13176874062132551,0.4913494809688581,0.5500316255534472,0.24895278994106795
condylis2022,feat__sample_passive_CCW,joint,0,bb001L,0.01,0.9999999902877824,0.9999999967788024,0.9999999999999999,3.2781331161587685e-05,9.855058366106e-05,1.0000564319767014,-5.768512524795098e-06,1.0,1.0,0.1852913788688112
condylis2022,feat__dsi_task,function_only,0,bb001L,1.7782794100389228,0.5708753956084983,0.762115451528714,0.9323469387755101,0.3685770987068891,0.6550760294728974,1.0517414618902747,-0.05674882034074582,1.0,1.0,0.17561322370735571
condylis2022,feat__dsi_task,genes_only,0,bb001L,5623.413251903491,-5.354876986252144e-05,0.07269313876078537,0.1352264289992471,0.5626628824990372,1.0000267740247297,8.110078358643502,-0.12097963260962069,0.5674740484429065,0.5777213101229272,0.2498578071622464
condylis2022,feat__dsi_task,joint,0,bb001L,1.7782794100389228,0.552112262380194,0.7539927022994154,0.935204081632653,0.37654876304047535,0.6692441539664087,1.0307424239225513,-0.0743263683106371,1.0,1.0,0.1765544760009637
condylis2022,feat__task_vs_passive,function_only,0,bb001L,0.01,0.9999999984568707,0.999999999987456,0.9999999999999999,6.8993675010827595e-06,3.928268466667348e-05,1.000037793411399,-1.7729655090819027e-07,1.0,1.0,0.21049070603623593
condylis2022,feat__task_vs_passive,genes_only,0,bb001L,3162.2776601683795,-0.06289968336642437,-0.013329368597496146,-0.02675818085505272,0.18107323336045675,1.0309702630795519,-0.49563459213773003,0.05130599378651062,0.5190311418685121,0.5176470588235293,0.2500265758342968
condylis2022,feat__task_vs_passive,joint,0,bb001L,0.01,0.999999998458027,0.9999999999826117,0.9999999999999999,6.89678210817985e-06,3.9267964306563876e-05,1.0000379796698715,-4.3643010835853985e-07,1.0,1.0,0.21049071443023568
condylis2022,feat__choice_hit_minus_cr,function_only,0,bb001L,562.341325190349,-0.07236539281194254,0.33114311989043155,0.28857142857142853,0.2770343697726811,1.0355507678544429,2.964873897960138,0.02873517676566024,0.7058823529411764,0.7112824184384665,0.24757147031080945
condylis2022,feat__choice_hit_minus_cr,genes_only,0,bb001L,10000.0,-0.17493232644725842,0.2487147217779433,0.22246320665599364,0.289980426178517,1.083942953498234,41.048212748222085,-0.697301388137039,0.6124567474048442,0.6067873303167421,0.24993098967942118
condylis2022,feat__choice_hit_minus_cr,joint,0,bb001L,1000.0,-0.09388701716773284,0.3541991302880806,0.2819387755102041,0.2798005032666849,1.0458905378477976,3.315124913442097,0.04463215437165553,0.6920415224913494,0.6984154921395406,0.24754002301277822
condylis2022,feat__sample_task_CW,function_only,1,cc028,0.01,0.9999999779609788,0.999999989462428,1.0,7.101626859213241e-05,0.00014845545175326305,0.9999762418648487,-6.910391120272786e-06,1.0,1.0,0.15048457119383157
condylis2022,feat__sample_task_CW,genes_only,1,cc028,177.82794100389228,-0.012426939163478368,0.03249493225404094,-0.01520643943544429,0.4813306803843687,1.006194284996315,0.25150921829423106,0.09120674869684252,0.49128511966701355,0.5288875136177417,0.2493349320332718
condylis2022,feat__sample_task_CW,joint,1,cc028,0.01,0.9999999775422862,0.9999999893833277,1.0,7.168767077878688e-05,0.00014985897966178177,0.9999758352052628,-9.410444478006932e-06,1.0,1.0,0.15048456382705028
condylis2022,feat__sample_task_CCW,function_only,1,cc028,0.01,0.9999999718681745,0.9999999898580625,1.0,8.370799041093456e-05,0.00016772544697118237,1.000085630000602,6.961523044810243e-07,1.0,1.0,0.1485956248275907
condylis2022,feat__sample_task_CCW,genes_only,1,cc028,177.82794100389228,-0.020203059127904544,0.020534425636678403,-0.026301174099716475,0.5040936987366985,1.0100510180796891,0.2002984282772055,0.1112427899418931,0.4989594172736732,0.5520933549372828,0.2489015769285602
condylis2022,feat__sample_task_CCW,joint,1,cc028,0.01,0.9999999709919221,0.9999999897501459,1.0,8.500166533593543e-05,0.00017031757950197168,1.00008725648538,4.088603468657726e-06,1.0,1.0,0.14859572931276874
condylis2022,feat__sample_passive_CW,function_only,1,cc028,0.01,0.9999999880128949,0.9999999954329002,1.0,5.7421394925047584e-05,0.00010948563896491281,1.0000531405463593,-3.0292626894501735e-06,1.0,1.0,0.14326380858780127
condylis2022,feat__sample_passive_CW,genes_only,1,cc028,316.22776601683796,-0.012952253505121192,-0.0011574692050757627,-0.05643829914775657,0.5278506597377254,1.0064552913573748,-0.01281900316777585,0.11137899194638601,0.465270551508845,0.49890613630851316,0.2502150771919562
condylis2022,feat__sample_passive_CW,joint,1,cc028,0.01,0.999999987862936,0.9999999954229336,1.0,5.7779449942964394e-05,0.00011016834412162985,1.0000542142901143,-2.504794376697664e-06,1.0,1.0,0.14326386956898643
condylis2022,feat__sample_passive_CCW,function_only,1,cc028,0.01,0.9999999869077474,0.9999999937062737,1.0,5.9070146791455044e-05,0.00011442138185913998,1.0000218101830358,-5.3164476662834294e-06,1.0,1.0,0.14361774252278922
condylis2022,feat__sample_passive_CCW,genes_only,1,cc028,316.22776601683796,-0.010798049631943307,0.017309550152449078,-0.014366876681121193,0.5190307152400306,1.0053845282418201,0.22362672482288673,0.10004025768627492,0.5052029136316337,0.5325065510074998,0.24945540214774284
condylis2022,feat__sample_passive_CCW,joint,1,cc028,0.01,0.999999986821537,0.9999999936528394,1.0,5.9264311286036356e-05,0.00011479748672741481,1.0000210771102733,-5.70640852745861e-06,1.0,1.0,0.1436177443044321
condylis2022,feat__dsi_task,function_only,1,cc028,1.0,0.3387863187280098,0.6079771374347251,0.825920169819188,0.27307167698264756,0.8131504665608035,0.7765121672495501,-0.00023414757659980575,0.9945369406867846,0.9951130451254442,0.21234455103055785
condylis2022,feat__dsi_task,genes_only,1,cc028,1778.2794100389228,-0.018331989756185996,-0.07398262804049234,-0.12376528642301006,0.3388835089440777,1.0091243678309039,-1.8468279564739267,0.010956953554281059,0.4185744016649323,0.45914005876055214,0.25058524270308274
condylis2022,feat__dsi_task,joint,1,cc028,1.0,0.327916255311238,0.6042812671351471,0.7847219589856337,0.2753071164277062,0.8198071387129775,0.7708265033744427,0.013928898507455949,0.9752861602497398,0.9784094134156085,0.21341113476967627
condylis2022,feat__task_vs_passive,function_only,1,cc028,0.01,0.9999999979205385,0.9999999999494817,1.0,9.94504144686195e-06,4.560111326444682e-05,1.0000444636043868,-4.856703185622073e-07,1.0,1.0,0.20088602677912193
condylis2022,feat__task_vs_passive,genes_only,1,cc028,10000.0,0.0010280067286136951,0.08928626067015133,0.06100720170699718,0.21797556322799813,0.9994858644634377,14.926331942807844,-0.05918735429039697,0.5481269510926119,0.5582237330699136,0.24995582110688422
condylis2022,feat__task_vs_passive,joint,1,cc028,0.01,0.9999999979225639,0.9999999999512056,1.0,9.94019707471199e-06,4.557890030894676e-05,1.0000444924222096,-3.568087837548668e-07,1.0,1.0,0.2008860196509307
condylis2022,feat__choice_hit_minus_cr,function_only,1,cc028,316.22776601683796,-0.010676873740684822,0.15370869307775759,0.16705583563928586,0.22727861422364234,1.005324262977744,0.6397330176501339,0.044821777140483174,0.6155046826222685,0.6256780428615843,0.24736254270583155
condylis2022,feat__choice_hit_minus_cr,genes_only,1,cc028,10000.0,-0.027821172464002952,0.05453232024380276,0.09178194340117765,0.2291981924988882,1.0138151569467238,13.631681643133938,-0.22333366384108275,0.5344693028095735,0.5202455768214611,0.2500172878196472
condylis2022,feat__choice_hit_minus_cr,joint,1,cc028,562.341325190349,0.00014413683185521275,0.1606590235245782,0.18737159319207009,0.2260586383835224,0.9999279289825338,0.694722122256863,0.040501561793958474,0.6303329864724245,0.6381228490294777,0.24720067487797773
condylis2022,feat__sample_task_CW,function_only,2,cc028L,0.01,0.9999999858087348,0.9999999930666185,1.0,6.088218012516179e-05,0.0001191270964999656,1.0000174171992888,2.815338309024209e-06,1.0,1.0,0.1432416968293048
condylis2022,feat__sample_task_CW,genes_only,2,cc028L,177.82794100389228,-0.06927888540605864,0.08457486828205195,0.09202386721393994,0.5284758359503571,1.0340594206339762,0.7442048018754256,-0.11139218669791982,0.5569405971068022,0.5599022331892243,0.24868528263587
condylis2022,feat__sample_task_CW,joint,2,cc028L,0.01,0.999999985786989,0.9999999930618807,1.0,6.092880836441186e-05,0.00011921833315977881,1.000018232326979,1.5544488287290298e-06,1.0,1.0,0.1432417621025679
condylis2022,feat__sample_task_CCW,function_only,2,cc028L,0.01,0.9999999801322277,0.9999999913093847,1.0,7.131476847024556e-05,0.00014095308544801463,1.0000479250697094,-6.503540094395303e-06,1.0,1.0,0.14489566341334956
condylis2022,feat__sample_task_CCW,genes_only,2,cc028L,316.22776601683796,-0.03892660566416617,0.08500367862548283,0.09862355093287382,0.5157002283174624,1.0192774919814818,0.9962188425922943,-0.10831887972443448,0.5632502308402585,0.5655274082131667,0.24906743386746635
condylis2022,feat__sample_task_CCW,joint,2,cc028L,0.01,0.9999999802540872,0.9999999913102473,1.0,7.109572652231207e-05,0.0001405201507408558,1.0000474644522115,-4.930940443139385e-06,1.0,1.0,0.1448955674982545
condylis2022,feat__sample_passive_CW,function_only,2,cc028L,0.01,0.9999999914793727,0.9999999960568206,0.9999975574159906,4.358248581637612e-05,9.230724409055446e-05,1.0000140242746436,-9.252532958034888e-06,1.0,1.0,0.14578897135310098
condylis2022,feat__sample_passive_CW,genes_only,2,cc028L,316.22776601683796,-0.10771762030227827,0.03606720305782927,0.02513622012274467,0.4969248834904227,1.0524816484374375,0.3756929192911791,-0.08538681578757244,0.523084025854109,0.5253465832413201,0.2502021282298292
condylis2022,feat__sample_passive_CW,joint,2,cc028L,0.01,0.9999999911919342,0.9999999959110945,0.9999975574159906,4.431150362350703e-05,9.385129609696636e-05,1.0000150623548543,-8.8124346970454e-06,1.0,1.0,0.14578901958140972
condylis2022,feat__sample_passive_CCW,function_only,2,cc028L,0.01,0.9999999898143539,0.9999999962537429,0.9999975574159906,5.147113837451052e-05,0.00010092396192091197,1.0000496707992528,7.242373257665571e-06,1.0,1.0,0.14265445211725913
condylis2022,feat__sample_passive_CCW,genes_only,2,cc028L,562.341325190349,-0.022368127566872786,0.10438061575208543,0.07841049747636047,0.5156715045257259,1.0111222119817485,1.7825811296313874,-0.16723401203773577,0.5315481686672822,0.5269621428960458,0.2501103361739975
condylis2022,feat__sample_passive_CCW,joint,2,cc028L,0.01,0.9999999896248088,0.9999999961376289,0.9999975574159906,5.194784484437469e-05,0.000101858681982123,1.000049547521391,6.708406642962872e-06,1.0,1.0,0.14265441826540298
condylis2022,feat__dsi_task,function_only,2,cc028L,1.7782794100389228,0.5097116149912085,0.718933737202858,0.9116175401957732,0.2733911062582576,0.7002059589908386,0.9768035446747774,-0.03266479177964265,1.0,1.0,0.19744261353529172
condylis2022,feat__dsi_task,genes_only,2,cc028L,10000.0,-0.03383397949380518,0.04006971676249235,-0.02979278468885203,0.3969940346828552,1.016776268157607,4.995887287993211,-0.17747181464926182,0.47937827023699603,0.48913262660536777,0.2500596032377707
condylis2022,feat__dsi_task,joint,2,cc028L,1.7782794100389228,0.5203810630877911,0.7243704763717717,0.8989380866018161,0.27040003342883845,0.6925452598276536,0.9848561376692988,-0.02564134547688904,0.9972299168975068,0.9970693113085392,0.19743467122077105
condylis2022,feat__task_vs_passive,function_only,2,cc028L,0.01,0.9999999984216961,0.9999999999844685,1.0,8.008278903520386e-06,3.972787282994329e-05,1.0000393194081494,-2.223080835764926e-07,1.0,1.0,0.2059861076145842
condylis2022,feat__task_vs_passive,genes_only,2,cc028L,10000.0,0.00036067183789711965,0.07970196071290539,0.045768402842433664,0.20154199111481977,0.9998196478126368,10.860099970615728,-0.057256369340272485,0.5227762388427208,0.5342984115811515,0.24996901493360985
condylis2022,feat__task_vs_passive,joint,2,cc028L,0.01,0.9999999984020679,0.999999999980301,1.0,8.057921782252161e-06,3.997414371997202e-05,1.000039472986771,-1.3657982506899462e-07,1.0,1.0,0.20598610854325414
condylis2022,feat__choice_hit_minus_cr,function_only,2,cc028L,316.22776601683796,0.022952508357635182,0.17748329936811025,0.18397664889686802,0.2472418107266541,0.9884571268570795,0.7273216041387562,0.018866828012384783,0.5946445060018467,0.6062589139689791,0.24807510698069174
condylis2022,feat__choice_hit_minus_cr,genes_only,2,cc028L,10000.0,-0.00030383769228925495,-0.024990198252434946,-0.03723969912019905,0.2501670146785929,1.000151907304231,-4.569641795715914,0.14595938612107018,0.4692212988611881,0.49145612930946797,0.2500634417878452
condylis2022,feat__choice_hit_minus_cr,joint,2,cc028L,1000.0,0.029825869228027213,0.18127040123162674,0.18971183615146467,0.24637062407697527,0.984974177714429,0.8943470014804423,0.014136155489060007,0.5974145891043396,0.6118115392580197,0.24839706334522663
condylis2022,feat__sample_task_CW,function_only,3,cc029,0.01,0.9999999611544307,0.9999999860777732,1.0,0.0001050833646679666,0.00019709279369001934,1.0000973151464645,-6.488667951389258e-06,1.0,1.0,0.14423844315535275
condylis2022,feat__sample_task_CW,genes_only,3,cc029,316.22776601683796,-0.07990217386914655,0.25211066578632124,0.20161249675933776,0.554058258070852,1.0391834168543568,2.645459726883301,0.02361124489139307,0.6338775510204082,0.6195350295350296,0.24759579558040054
condylis2022,feat__sample_task_CW,joint,3,cc029,0.01,0.9999999609738949,0.9999999859232279,1.0,0.00010532727037929777,0.000197550259609531,1.0000972188509571,-7.223411803690951e-06,1.0,1.0,0.14423825276211127
condylis2022,feat__sample_task_CCW,function_only,3,cc029,0.01,0.9999999457650308,0.9999999738061377,1.0,0.00010691430939924392,0.0002328840252169247,1.0000165226422797,-2.1496930214726392e-05,1.0,1.0,0.1524097516770067
condylis2022,feat__sample_task_CCW,genes_only,3,cc029,316.22776601683796,-0.03564340894632401,0.14354330815758126,0.0981219368766566,0.46719830542560964,1.0176656665829953,1.3191735578328199,0.07869532932183156,0.5236734693877552,0.5537887090607876,0.24909665321763705
condylis2022,feat__sample_task_CCW,joint,3,cc029,0.01,0.9999999450466086,0.9999999734331888,1.0,0.00010762009866872113,0.00023442139703323583,1.0000171140977427,-2.1338260207682595e-05,1.0,1.0,0.15241005402884264
condylis2022,feat__sample_passive_CW,function_only,3,cc029,0.01,0.9999999931916169,0.9999999978902854,1.0,4.46197282104973e-05,8.25129268593523e-05,1.0000467356013456,-2.7296685202285304e-06,1.0,1.0,0.14008968080460238
condylis2022,feat__sample_passive_CW,genes_only,3,cc029,1000.0,-0.13265943463522212,0.23588910054797255,0.0954690053810031,0.5755122888579665,1.0642647389775879,4.565515232039714,-0.06847960547599106,0.5440816326530612,0.571133246995316,0.2491770335223795
condylis2022,feat__sample_passive_CW,joint,3,cc029,0.01,0.9999999931529296,0.9999999978837253,1.0,4.474631996045655e-05,8.274702635355154e-05,1.000046634296385,-2.239306835910694e-06,1.0,1.0,0.14008966425772648
condylis2022,feat__sample_passive_CCW,function_only,3,cc029,0.01,0.999999992224099,0.9999999963205626,1.0,3.911891901922213e-05,8.818106937822178e-05,1.000016078020592,-8.865875628847866e-06,1.0,1.0,0.1519611653490896
condylis2022,feat__sample_passive_CCW,genes_only,3,cc029,1000.0,-0.06596439550017541,0.08552143891448467,-0.02812159548894084,0.4580183032767513,1.0324555174414876,1.285398715257068,0.09575454567567757,0.4771428571428571,0.5212715855572999,0.24981859439950252
condylis2022,feat__sample_passive_CCW,joint,3,cc029,0.01,0.9999999920898557,0.9999999962740346,1.0,3.9455148945105626e-05,8.893899201935606e-05,1.0000161649658585,-9.52319602419309e-06,1.0,1.0,0.15196117372883475
condylis2022,feat__dsi_task,function_only,3,cc029,1.7782794100389228,-0.11272280355836384,0.6262475302684671,0.9273382243113825,0.364679763774977,1.0548567692117858,0.4712794648363843,0.03819988661859535,1.0,1.0,0.183323133474221
condylis2022,feat__dsi_task,genes_only,3,cc029,10000.0,-0.07417851267827769,0.09838578231188709,-0.014512402267288149,0.3583079143290209,1.036425835586929,10.363586214261465,0.0042659783483763114,0.47632653061224495,0.4868479821006417,0.2500211599223579
condylis2022,feat__dsi_task,joint,3,cc029,1.7782794100389228,-0.10596054690247758,0.6318510478323394,0.9103698985195273,0.3635699562505677,1.0516465884012935,0.47386734576339945,0.036539046807920236,1.0,1.0,0.1830176273180743
condylis2022,feat__task_vs_passive,function_only,3,cc029,0.01,0.9999999984422219,0.9999999999940878,1.0,7.74467982376147e-06,3.9468697526251774e-05,1.000039185225152,-3.3539177720326406e-07,1.0,1.0,0.2017849489440313
condylis2022,feat__task_vs_passive,genes_only,3,cc029,3162.2776601683795,-0.002169913894476183,0.10010459213340796,0.08078608775941855,0.19643612281427097,1.0010843690140514,4.6561506013388945,-0.04254609639227386,0.5359183673469388,0.5238552161859598,0.24994444556694312
condylis2022,feat__task_vs_passive,joint,3,cc029,0.01,0.9999999984228903,0.9999999999870851,1.0,7.79258625424211e-06,3.9712839886843825e-05,1.0000391662214225,-5.155940205281782e-07,1.0,1.0,0.20178495472806574
condylis2022,feat__choice_hit_minus_cr,function_only,3,cc029,562.341325190349,0.016683302233293062,0.1945991682525671,0.19710714756402933,0.17388805127351697,0.991623264024948,0.6351559119598968,0.00027378943384927696,0.6326530612244898,0.6456885846923788,0.24766176930191278
condylis2022,feat__choice_hit_minus_cr,genes_only,3,cc029,10000.0,-0.0027768564664738538,-0.10038753940943222,-0.1604725775569905,0.17560027209627288,1.0013874656969883,-9.294839603893797,0.26456161830615255,0.41551020408163264,0.4499587725878838,0.25010506607443944
condylis2022,feat__choice_hit_minus_cr,joint,3,cc029,1000.0,0.009267251944739763,0.16351128088911343,0.1548346000087862,0.1745425404284866,0.995355588744023,0.5881622214499581,0.005219155712045676,0.6212244897959184,0.6243345719784744,0.24830723848235492
condylis2022,feat__sample_task_CW,function_only,4,cc029L,0.01,0.9999999709848755,0.9999999897595184,1.0,7.61157639872344e-05,0.00017033826484740794,1.0000918203614184,-1.1407940776444783e-05,1.0,0.9999999999999999,0.15753621602258844
condylis2022,feat__sample_task_CW,genes_only,4,cc029L,316.22776601683796,0.014269827616854358,0.15478532325538413,0.14518560506587644,0.4436509511180052,0.9928394494472578,0.9891516055760465,0.045388510272677415,0.6016646848989299,0.5928754797677949,0.24728273913386958
condylis2022,feat__sample_task_CW,joint,4,cc029L,0.01,0.9999999710654661,0.9999999893150753,1.0,7.600998336769337e-05,0.00017010154007131395,1.0000865163916208,-1.1038826106805426e-05,1.0,0.9999999999999999,0.15753601513440912
condylis2022,feat__sample_task_CCW,function_only,4,cc029L,0.01,0.9999999588672717,0.9999999794948204,1.0,7.71322695001228e-05,0.0002028120517401884,0.9999903836881221,-6.64383814927872e-07,1.0,0.9999999999999999,0.16677071912959235
condylis2022,feat__sample_task_CCW,genes_only,4,cc029L,562.341325190349,0.026496634881239767,0.21255341098335584,0.20237868949764173,0.3752416871502978,0.9866627413223026,1.8577263259657013,-0.0589935840303391,0.5897740784780023,0.6287821049044211,0.24816544619522093
condylis2022,feat__sample_task_CCW,joint,4,cc029L,0.01,0.9999999590830281,0.9999999795696439,1.0,7.692970980839355e-05,0.00020227944007265017,0.9999981207064841,-2.485098672296375e-06,1.0,0.9999999999999999,0.16677122699940955
condylis2022,feat__sample_passive_CW,function_only,4,cc029L,0.01,0.999999988292773,0.9999999942247413,1.0,4.0070009530052157e-05,0.0001081999397535171,1.0000005331129704,-4.689325938737273e-06,1.0,0.9999999999999999,0.16844804684338163
condylis2022,feat__sample_passive_CW,genes_only,4,cc029L,562.341325190349,0.05405670482995084,0.2752061753016473,0.2407983930098044,0.36018446577755914,0.9725961624255673,2.1289613834704926,-0.137345667030919,0.6349583828775268,0.6216434336023478,0.2477800986128634
condylis2022,feat__sample_passive_CW,joint,4,cc029L,0.01,0.9999999880103704,0.9999999941020816,1.0,4.0550415731066485e-05,0.00010949716734633765,1.0000007011381378,-5.22456135823978e-06,1.0,0.9999999999999999,0.16844803249206158
condylis2022,feat__sample_passive_CCW,function_only,4,cc029L,0.01,0.9999999867591175,0.9999999962005405,1.0,4.884798230836618e-05,0.0001150690337260739,1.000074362352207,-4.1379666584996774e-06,1.0,0.9999999999999999,0.1641706436376781
condylis2022,feat__sample_passive_CCW,genes_only,4,cc029L,1000.0,0.022043327865397533,0.20034793059365008,0.11911679995551028,0.41980535149932524,0.9889169187196644,2.88627484639872,-0.1816421009220957,0.558858501783591,0.6037841468875952,0.2490993232498411
condylis2022,feat__sample_passive_CCW,joint,4,cc029L,0.01,0.9999999864067326,0.999999996057573,1.0,4.949371962514169e-05,0.0001165901685932862,1.0000748329386109,-4.268088948841251e-06,1.0,0.9999999999999999,0.16417060428717686
condylis2022,feat__dsi_task,function_only,4,cc029L,1.7782794100389228,0.47277181648662003,0.6918943960791973,0.9398084815321478,0.3382893862101513,0.7261048020162908,0.9338088338181026,0.03048524725966714,1.0,0.9999999999999999,0.19119029916908922
condylis2022,feat__dsi_task,genes_only,4,cc029L,1000.0,-0.03595536082289752,-0.20623525819194424,-0.1326665944854631,0.4741978539624504,1.0178189233937687,-3.64709539023896,0.15773799520997073,0.40368608799048755,0.48885579937304074,0.25185163783875814
condylis2022,feat__dsi_task,joint,4,cc029L,1.7782794100389228,0.49056401140538974,0.7019821188013602,0.939671682626539,0.33253232905271796,0.7137478466464354,0.9644150571237468,0.020126885782978738,1.0,0.9999999999999999,0.19142212040465087
condylis2022,feat__task_vs_passive,function_only,4,cc029L,0.01,0.999999998051728,0.9999999999901049,1.0,1.082241762521519e-05,4.413923439973541e-05,1.0000431511839705,-8.889389229421215e-08,1.0,0.9999999999999999,0.1946124282563042
condylis2022,feat__task_vs_passive,genes_only,4,cc029L,1000.0,-0.045219699743087816,-0.15095715268643708,-0.1278371568520642,0.25067053394612404,1.022359868018381,-3.428438979620202,0.06894115390600086,0.39655172413793105,0.44814756329594735,0.250532377579707
condylis2022,feat__task_vs_passive,joint,4,cc029L,0.01,0.9999999979724977,0.9999999999833334,1.0,1.1040281939903775e-05,4.502779409003714e-05,1.0000441409989544,-4.766981767219909e-07,1.0,0.9999999999999999,0.19461249152054036
condylis2022,feat__choice_hit_minus_cr,function_only,4,cc029L,562.341325190349,-0.005356735551334868,0.10843996978394693,0.1376392417432089,0.20014943136806443,1.002674790518472,0.4536856665682016,0.021003516013721146,0.5766944114149821,0.5854303312681585,0.24838522175502914
condylis2022,feat__choice_hit_minus_cr,genes_only,4,cc029L,10000.0,-0.003714104314734845,0.011608253136138476,0.04797071240452068,0.19998585455028448,1.0018553310257317,1.2221253641039187,0.006882641708579782,0.5071343638525565,0.48886271150139216,0.25004647215979225
condylis2022,feat__choice_hit_minus_cr,joint,4,cc029L,1000.0,-0.001956142064349242,0.10851641840452836,0.15270666406097325,0.19981064447041977,1.0009775931829394,0.4943355349407231,0.02247149538861791,0.587395957193817,0.5953574480450281,0.2483385560908592
condylis2022,feat__sample_task_CW,function_only,5,cc030L,0.01,0.9999999492338487,0.9999999754152187,0.9999990360205386,5.5158428933531e-05,0.00022531345119479243,1.000039291818387,-2.599468872446505e-06,1.0,1.0,0.19026542104353855
condylis2022,feat__sample_task_CW,genes_only,5,cc030L,316.22776601683796,-0.11088674019487188,0.0898538144503891,0.06740839121524439,0.25802373610347673,1.0539861195413325,0.8188603515071512,-0.06524831204407161,0.524521032902957,0.5344532364095705,0.25024924467849646
condylis2022,feat__sample_task_CW,joint,5,cc030L,0.01,0.9999999439308443,0.999999972768685,0.9999990360205386,5.7967794351297646e-05,0.00023678926423339596,1.0000381427676643,-3.8114900284635685e-06,1.0,1.0,0.19026535296996488
condylis2022,feat__sample_task_CCW,function_only,5,cc030L,0.01,0.9999999212836925,0.9999999612517537,0.9999971080616157,5.9401015391994085e-05,0.0002805642662914718,1.0000348594798312,-1.1483408980506778e-06,1.0,1.0,0.19920841238447523
condylis2022,feat__sample_task_CCW,genes_only,5,cc030L,562.341325190349,-0.12266811981650227,0.10529025088862294,0.023791348627779874,0.22432992289765374,1.0595603426921456,1.1575307972263102,-0.0926712147453872,0.5104123281965847,0.5483047510048373,0.25009547663909254
condylis2022,feat__sample_task_CCW,joint,5,cc030L,0.01,0.9999999121081214,0.999999956832455,0.9999971080616157,6.276765234438994e-05,0.00029646564474747046,1.000038329714915,1.2262003993702625e-06,1.0,1.0,0.19920850796422712
condylis2022,feat__sample_passive_CW,function_only,5,cc030L,0.01,0.99999998278068,0.9999999919817142,0.9999990360205386,2.8153171755298887e-05,0.00013122240655716493,1.000033335020821,1.5840960996793125e-06,1.0,1.0,0.20100698452360663
condylis2022,feat__sample_passive_CW,genes_only,5,cc030L,562.341325190349,-0.21833653313025958,0.02977650036651964,-0.02028482374058285,0.23681159624042245,1.1037828287842233,0.34044123735639625,-0.02936007032820072,0.487036651395252,0.511253681800589,0.2505073690779197
condylis2022,feat__sample_passive_CW,joint,5,cc030L,0.01,0.9999999824874846,0.9999999918695666,0.9999990360205386,2.8391843794985015e-05,0.00013233486094410717,1.0000333370670902,2.3105302474070432e-06,1.0,1.0,0.20100700375758412
condylis2022,feat__sample_passive_CCW,function_only,5,cc030L,0.01,0.9999999752100617,0.9999999899678994,0.9999995180102692,3.138191578802906e-05,0.0001574482084392969,1.0000627600934424,-5.573633754856351e-06,1.0,1.0,0.20436236367159386
condylis2022,feat__sample_passive_CCW,genes_only,5,cc030L,1778.2794100389228,-0.3137824952678161,0.04789020400373462,-0.026617776779601456,0.22845647153056442,1.1462035138903706,1.0713308304258684,-0.12002542647952877,0.47912328196584747,0.5057916015049523,0.2506642686888632
condylis2022,feat__sample_passive_CCW,joint,5,cc030L,0.01,0.9999999744434714,0.9999999896894463,0.9999995180102692,3.1863439945013264e-05,0.00015986409395595888,1.0000629284325624,-6.207292084929022e-06,1.0,1.0,0.2043623751512098
condylis2022,feat__dsi_task,function_only,5,cc030L,1.0,0.39318066144752006,0.7015541608000897,0.9244423258318059,0.31833190324161087,0.7789860965059069,1.7785614727709471,-0.03762221317050794,1.0,1.0,0.22143200054693016
condylis2022,feat__dsi_task,genes_only,5,cc030L,10000.0,-0.010084353748614161,-0.022363302781227865,0.04352791065122272,0.41070432983256616,1.0050295287919009,-4.839247085777082,0.10539402235469687,0.5362869637650979,0.5126527680514392,0.2500356796668134
condylis2022,feat__dsi_task,joint,5,cc030L,1.0,0.3921032582109768,0.686146418819521,0.8523795592011117,0.31861437588221614,0.7796773318405814,1.6822386155591553,-0.013775095192428904,0.9860474802165764,0.988017692700921,0.2208850250703628
condylis2022,feat__task_vs_passive,function_only,5,cc030L,0.01,0.9999999972857584,0.9999999999770242,0.9999995180102692,6.926501808403791e-06,5.209838360940874e-05,1.0000512873432352,-4.991367342322715e-08,1.0,1.0,0.21795938062981327
condylis2022,feat__task_vs_passive,genes_only,5,cc030L,1778.2794100389228,-0.018250879902042216,0.06948462768368305,0.03271915874311086,0.13415816201957348,1.0090841787912068,1.8174175975738396,0.022034966514403922,0.5144210745522699,0.51910074821701,0.24993254216768718
condylis2022,feat__task_vs_passive,joint,5,cc030L,0.01,0.9999999971793927,0.9999999999653192,0.9999995180102692,7.0609154632239e-06,5.310938950312906e-05,1.000051514279838,4.3966827194162884e-07,1.0,1.0,0.21795938953506
condylis2022,feat__choice_hit_minus_cr,function_only,5,cc030L,562.341325190349,0.009131205131662878,0.1319548000504178,0.13662866498966375,0.1442071445936111,0.9954239272062217,0.7452070182179148,-0.005924348820697064,0.577259475218659,0.5865083083175759,0.24920620861636508
condylis2022,feat__choice_hit_minus_cr,genes_only,5,cc030L,10000.0,-0.02449029473608766,-0.02564811656422467,-0.06369981483270826,0.14663330593575954,1.012171079769593,-2.4140698430140612,0.08892652975800812,0.4653790087463557,0.481381396547588,0.2500976468825629
condylis2022,feat__choice_hit_minus_cr,joint,5,cc030L,562.341325190349,-0.014756044572113325,0.11635589754700085,0.10201216252886516,0.14593502111992748,1.0073510036517082,0.6234461535753626,-0.009949726976542663,0.5590379008746356,0.5824677651582513,0.2494028702014319
condylis2022,feat__sample_task_CW,function_only,6,cc032,0.01,0.9999999616785421,0.9999999876695773,1.0,5.2610780086350394e-05,0.00019575867269015676,1.0001138943547991,-1.0248075126656914e-05,1.0,0.9999999999999999,0.1922442065074153
condylis2022,feat__sample_task_CW,genes_only,6,cc032,316.22776601683796,-0.0649624184597204,0.05818252065562424,-0.04015904888444665,0.27734533844124737,1.031970163547278,0.330413665403432,0.1225261166367658,0.4336734693877551,0.5064935064935064,0.25085417913714475
condylis2022,feat__sample_task_CW,joint,6,cc032,0.01,0.9999999584023157,0.9999999865307214,1.0,5.481359757494015e-05,0.00020395510366945854,1.0001147093693619,-7.017258071505585e-06,1.0,0.9999999999999999,0.192244072215955
condylis2022,feat__sample_task_CCW,function_only,6,cc032,0.01,0.9999999360468075,0.9999999701901796,1.0,5.3859108545636286e-05,0.0002528896845402808,0.9999453571510556,-4.585158959526421e-06,1.0,0.9999999999999999,0.20450133296045903
condylis2022,feat__sample_task_CCW,genes_only,6,cc032,316.22776601683796,-0.014853052018261037,0.09776836428502365,-0.1052444039730326,0.21455054756349703,1.007399152277155,0.5518583578049178,0.01069079666717672,0.4285714285714285,0.5008928571428571,0.25048985954419967
condylis2022,feat__sample_task_CCW,joint,6,cc032,0.01,0.9999999306879721,0.9999999680326711,1.0,5.60702314769536e-05,0.0002632717758091479,0.9999489286720964,-8.18530267513646e-06,1.0,0.9999999999999999,0.20450141177052195
condylis2022,feat__sample_passive_CW,function_only,6,cc032,0.01,0.9999999818944421,0.9999999927841384,1.0,3.9124232551301614e-05,0.0001345568948660385,1.0000584024240806,-9.664286345250789e-06,1.0,0.9999999999999999,0.19132628663499143
condylis2022,feat__sample_passive_CW,genes_only,6,cc032,316.22776601683796,-0.058667998987601555,-0.16261271072580002,-0.29209278659056886,0.2991711893523795,1.02891593387425,-1.2597127689654557,0.19305896752171678,0.2755102040816326,0.4116402116402116,0.25343011434315565
condylis2022,feat__sample_passive_CW,joint,6,cc032,0.01,0.9999999815587719,0.9999999927056105,1.0,3.948524117665884e-05,0.00013579848342842705,1.0000595959323326,-1.0092697070044759e-05,1.0,0.9999999999999999,0.19132638269516541
condylis2022,feat__sample_passive_CCW,function_only,6,cc032,0.01,0.9999999765317066,0.9999999903619433,1.0,3.911555178142987e-05,0.0001531936468108745,1.0000635025884492,4.451247035298728e-07,1.0,0.9999999999999999,0.19397811555489616
condylis2022,feat__sample_passive_CCW,genes_only,6,cc032,562.341325190349,-0.05298585175879933,-0.04994153625908517,-0.10455200657847318,0.26201127117426987,1.0261509887684908,-0.44692586419629565,0.08302536313944,0.4642857142857143,0.5157563025210083,0.25012567165849814
condylis2022,feat__sample_passive_CCW,joint,6,cc032,0.01,0.9999999763379073,0.9999999902770068,1.0,3.927672630571808e-05,0.00015382487689773834,1.0000632567946772,9.706337026522365e-07,1.0,0.9999999999999999,0.19397809873613886
condylis2022,feat__dsi_task,function_only,6,cc032,1.7782794100389228,0.2390395275393271,0.5944882412734939,0.7469043151969983,0.3261228794994147,0.8723304835075992,1.0531026365585991,0.11837148546949014,0.9540816326530612,0.9623156448814343,0.2153258687371938
condylis2022,feat__dsi_task,genes_only,6,cc032,3162.2776601683795,-0.4859142601985811,0.01705478658981937,0.027003498387817577,0.45571895669460966,1.2189808284754244,0.6932694367685325,0.2630455516232508,0.5637755102040817,0.5619480519480519,0.24978494043016292
condylis2022,feat__dsi_task,joint,6,cc032,1.7782794100389228,0.2527323080080983,0.5891271958356036,0.7540337711069419,0.32317542019141215,0.864446465657593,1.0243693102102907,0.11096165288437301,0.9540816326530612,0.9635531135531135,0.21466070779546484
condylis2022,feat__task_vs_passive,function_only,6,cc032,0.01,0.9999999983519493,0.9999999999937367,1.0,8.069341605729339e-06,4.059619011683313e-05,1.0000400450559281,-5.295143007999504e-07,1.0,0.9999999999999999,0.201538201446044
condylis2022,feat__task_vs_passive,genes_only,6,cc032,3162.2776601683795,-0.03080511241410755,0.13655421643873558,0.24866957856034205,0.20180926719212705,1.0152857294396174,5.320412040280276,0.025318447147845397,0.6377551020408163,0.6428571428571428,0.249783918833307
condylis2022,feat__task_vs_passive,joint,6,cc032,0.01,0.9999999983548504,0.9999999999877791,1.0,8.062236326739203e-06,4.056044404598741e-05,1.0000397693424365,-3.9832088963163075e-07,1.0,0.9999999999999999,0.20153818415596783
condylis2022,feat__choice_hit_minus_cr,function_only,6,cc032,562.341325190349,-0.11852026983702801,0.4336753536060155,0.5876172607879926,0.20487077573032048,1.0576011865658432,3.2528153551528503,0.024315858857209934,0.8928571428571429,0.9197555550040021,0.24605305604511157
condylis2022,feat__choice_hit_minus_cr,genes_only,6,cc032,10000.0,-0.2492768498553548,0.07101539431130487,0.054303738516160625,0.21651472043862063,1.117710539380593,7.425316585169539,-0.046661562769928826,0.5612244897959184,0.5714285714285714,0.24998702910935316
condylis2022,feat__choice_hit_minus_cr,joint,6,cc032,1000.0,-0.14537821816449292,0.39392938457235127,0.4761726078799251,0.20731586705556415,1.0702234430961917,2.9556793380639843,0.04280545747463168,0.826530612244898,0.8566483120054548,0.24641262691759103
condylis2022,feat__sample_task_CW,function_only,7,cc034,0.01,0.9999999605936534,0.9999999810621562,0.9999971773778122,5.873787972447573e-05,0.0001985103186895742,1.0000335800781106,-4.366866349745877e-06,1.0,0.9999999999999999,0.1813229229979937
condylis2022,feat__sample_task_CW,genes_only,7,cc034,177.82794100389228,-0.5915350253620437,0.055414359931857414,0.032957040523370354,0.3732873557109909,1.2615605515992032,0.22975509674550618,-0.08698606165188011,0.5502400548696845,0.5386904688098751,0.25034196499312467
condylis2022,feat__sample_task_CW,joint,7,cc034,0.01,0.9999999590856885,0.9999999801887961,0.9999971773778122,5.985119178137381e-05,0.00020227286395427317,1.0000331515045526,-2.556239212099926e-06,1.0,0.9999999999999999,0.1813229222567662
condylis2022,feat__sample_task_CCW,function_only,7,cc034,0.01,0.999999946307401,0.9999999742297055,0.9999971773778122,6.41460772641703e-05,0.00023171663523646787,1.0000462140935684,3.559553083110557e-06,1.0,0.9999999999999999,0.1821954704987169
condylis2022,feat__sample_task_CCW,genes_only,7,cc034,177.82794100389228,-0.6264180911241861,0.023042707143534274,0.04996388219212817,0.3530441241728387,1.2753109781980378,0.10423386998510614,-0.0693418786344437,0.5485253772290809,0.5370509461858524,0.2501652344910291
condylis2022,feat__sample_task_CCW,joint,7,cc034,0.01,0.9999999438849296,0.9999999731124403,0.9999971773778122,6.557716619378932e-05,0.00023688619704973095,1.0000469916441643,-7.028422898239096e-07,1.0,0.9999999999999999,0.1821954807597598
condylis2022,feat__sample_passive_CW,function_only,7,cc034,0.01,0.9999999871200093,0.9999999945472033,1.0,3.9850955377774925e-05,0.00011349004706860424,1.00004369460891,-1.9143130172956964e-06,1.0,0.9999999999999999,0.17621288710410604
condylis2022,feat__sample_passive_CW,genes_only,7,cc034,316.22776601683796,-0.22865251320882218,0.04490948073859187,0.042286462349169454,0.3892203134574073,1.108445990205127,0.29021668345733526,-0.0626614864181523,0.5205761316872428,0.5221461946506585,0.2504177051731143
condylis2022,feat__sample_passive_CW,joint,7,cc034,0.01,0.9999999868950841,0.9999999944880845,1.0,4.019741091470351e-05,0.0001144767048493392,1.0000441968902611,-3.036276013650649e-06,1.0,0.9999999999999999,0.17621289921294694
condylis2022,feat__sample_passive_CCW,function_only,7,cc034,0.01,0.9999999837196031,0.9999999930905457,0.9999971773778122,4.236563186950762e-05,0.00012759465848495832,1.0000495337475173,1.5829412374122517e-06,1.0,0.9999999999999999,0.17796344199680322
condylis2022,feat__sample_passive_CCW,genes_only,7,cc034,316.22776601683796,-0.21435900216700432,0.005247213572431809,0.053100291753752665,0.3658935406154284,1.1019795833678996,0.03701912735187791,-0.017795037674705867,0.5336076817558298,0.5205398843942863,0.25047447266593853
condylis2022,feat__sample_passive_CCW,joint,7,cc034,0.01,0.9999999833905712,0.9999999929426613,0.9999971773778122,4.279160180758932e-05,0.00012887757311117715,1.0000497548962237,2.1027799392878995e-06,1.0,0.9999999999999999,0.17796346301601643
condylis2022,feat__dsi_task,function_only,7,cc034,1.7782794100389228,0.4755249443153935,0.739610399480033,0.916021344668984,0.3557882396671409,0.7242065007181802,1.4843260970158414,0.05516288489359987,1.0,0.9999999999999999,0.1992446721654899
condylis2022,feat__dsi_task,genes_only,7,cc034,10000.0,-0.008954088725358078,-0.007968436851066674,-0.055958973445798206,0.4934746777653958,1.0044670670167593,-1.4676990937921752,0.07896846807988366,0.4593621399176955,0.4787257886705945,0.2500415742259019
condylis2022,feat__dsi_task,joint,7,cc034,1.7782794100389228,0.47695364783557315,0.7316802887959295,0.9038078584624331,0.3553033142655582,0.723219435691753,1.4584112862023477,0.025922521365365297,0.9986282578875172,0.9986652236652236,0.19959792237023624
condylis2022,feat__task_vs_passive,function_only,7,cc034,0.01,0.9999999977684526,0.999999999957878,1.0,9.250603859285786e-06,4.723925735707874e-05,1.0000453017748456,-4.2505819994855255e-07,1.0,0.9999999999999999,0.2045760167713223
condylis2022,feat__task_vs_passive,genes_only,7,cc034,1000.0,-0.07489495877517505,0.022468121731428013,-0.001693501549559083,0.20302524114068304,1.036771411046908,0.46752996323075113,-0.04249757217964617,0.48593964334705075,0.4919813539798107,0.25013923984100644
condylis2022,feat__task_vs_passive,joint,7,cc034,0.01,0.9999999976384519,0.9999999999537681,1.0,9.516240711019127e-06,4.859576205595408e-05,1.0000455289542054,-1.2508410602860109e-06,1.0,0.9999999999999999,0.20457603779690633
condylis2022,feat__choice_hit_minus_cr,function_only,7,cc034,562.341325190349,0.018310663361763346,0.3390313097756186,0.3942765689898259,0.4402760956397311,0.990802370119197,7.194333242624873,-0.1880098885456839,0.75480109739369,0.7424758262792299,0.24784960215146865
condylis2022,feat__choice_hit_minus_cr,genes_only,7,cc034,10000.0,-0.018030658714376147,-0.05209300398861497,-0.022041058339171894,0.4483513671112663,1.0089750535616797,-11.388456491765425,0.3627820966109958,0.5020576131687242,0.49747169297544763,0.2500792344685965
condylis2022,feat__choice_hit_minus_cr,joint,7,cc034,1000.0,0.013403443215770472,0.2879277944727158,0.3289921404085181,0.44137513908619563,0.9932756700834815,6.178511388731769,-0.1628834125124492,0.7119341563786008,0.7027783277305248,0.24814855827879184
condylis2022,feat__sample_task_CW,function_only,8,jn039,0.01,0.9999999748313585,0.9999999877709338,0.9999945376831584,3.734716014688439e-05,0.00015864627797881585,1.000006817777251,-8.39496682344051e-06,1.0,1.0,0.20219890118687792
condylis2022,feat__sample_task_CW,genes_only,8,jn039,316.22776601683796,-1.2254401104540542,0.35888729897968796,0.20125986164506493,0.3511847527849299,1.4917909070761717,1.8393142320738147,0.21219548717531747,0.6206095041322314,0.6345693779904307,0.24584412010060844
condylis2022,feat__sample_task_CW,joint,8,jn039,0.01,0.9999999742392336,0.9999999871796094,0.9999945376831584,3.7783926394125556e-05,0.0001605016088580331,1.0000027503417406,-3.435450196819705e-06,1.0,1.0,0.20219850201454082
condylis2022,feat__sample_task_CCW,function_only,8,jn039,0.01,0.9999999631217749,0.9999999846366262,1.0,4.3161454961842176e-05,0.00019203704097595529,1.000044640037278,-8.352379752156093e-07,1.0,1.0,0.20291025983346625
condylis2022,feat__sample_task_CCW,genes_only,8,jn039,562.341325190349,-1.5195981041097726,0.3569305616720419,0.23535883180666836,0.3567604533962949,1.5873241962772922,2.539555589611694,0.19331006550586027,0.6353305785123967,0.6394984326018809,0.24706268981711696
condylis2022,feat__sample_task_CCW,joint,8,jn039,0.01,0.9999999634614267,0.9999999839653763,1.0,4.296223472573352e-05,0.0001911506560132922,1.0000476810321883,-5.841620637313848e-06,1.0,1.0,0.20291061390525114
condylis2022,feat__sample_passive_CW,function_only,8,jn039,0.01,0.999999988537627,0.9999999955308335,0.9999945376831584,2.72712935349599e-05,0.00010706247272504296,1.0000358208902398,-4.109158748718315e-06,1.0,1.0,0.196903021212543
condylis2022,feat__sample_passive_CW,genes_only,8,jn039,562.341325190349,-1.446809783471326,0.24275692721808453,0.16601635705498657,0.3984451753279863,1.5642281749962552,1.7826508789722926,0.269246275981297,0.5888429752066116,0.6092670307075201,0.2477955617905173
condylis2022,feat__sample_passive_CW,joint,8,jn039,0.01,0.9999999885594338,0.9999999954665252,0.9999945376831584,2.7245339729840743e-05,0.00010696058248836905,1.0000361372248818,-4.8743559558196525e-06,1.0,1.0,0.19690308586231942
condylis2022,feat__sample_passive_CCW,function_only,8,jn039,0.01,0.9999999872911719,0.9999999944992288,1.0,2.816350317409554e-05,0.00011273343816915553,1.0000411215829546,-1.541996859224068e-05,1.0,1.0,0.1971166449223319
condylis2022,feat__sample_passive_CCW,genes_only,8,jn039,562.341325190349,-1.4018369378132496,0.23866680043453267,0.1699015191043115,0.3871735510971007,1.5497860942059138,1.9772847103425193,0.25137889209321707,0.5661157024793388,0.584382962357579,0.24847989518381916
condylis2022,feat__sample_passive_CCW,joint,8,jn039,0.01,0.9999999870350424,0.9999999943296389,1.0,2.8445886473532797e-05,0.00011386376773186393,1.000040286116423,-1.3819206866086368e-05,1.0,1.0,0.19711650804114156
condylis2022,feat__dsi_task,function_only,8,jn039,1.7782794100389228,0.1574669776285541,0.4014929421175359,0.8749457182263856,0.22489389066459814,0.917895975786237,1.1661484408847445,-0.0026280312483828805,1.0,1.0,0.2305337301332431
condylis2022,feat__dsi_task,genes_only,8,jn039,1778.2794100389228,-0.04967164418171044,-0.03467946360858991,-0.04193538703752627,0.251021502440043,1.0245348428302192,-0.6005650317387491,-0.003274345702004512,0.47107438016528924,0.49112704168214844,0.25029320620157985
condylis2022,feat__dsi_task,joint,8,jn039,1.7782794100389228,0.13141395578519333,0.3778189721694253,0.8050171380190908,0.22834453158688556,0.931979637228044,1.055981402226617,-0.025878068257761844,0.9881198347107438,0.9888779998516686,0.23102788226080537
condylis2022,feat__task_vs_passive,function_only,8,jn039,0.01,0.9999999982407741,0.9999999999901833,1.0,6.079217293666606e-06,4.1943127284476675e-05,1.0000413014371605,-2.1232404115876482e-07,1.0,1.0,0.2130063795390419
condylis2022,feat__task_vs_passive,genes_only,8,jn039,5623.413251903491,-0.021079711103826337,0.21214090811881514,0.17594404440485634,0.14645920823004177,1.010484889095199,13.275815712363816,-0.131874580520627,0.6128615702479339,0.5662812624433858,0.24985671012087068
condylis2022,feat__task_vs_passive,joint,8,jn039,0.01,0.9999999982535508,0.9999999999857097,1.0,6.057101226066201e-06,4.179053904925069e-05,1.0000407447750208,-4.792131565867791e-07,1.0,1.0,0.21300635704110385
condylis2022,feat__choice_hit_minus_cr,function_only,8,jn039,562.341325190349,-2.4350630323158566,-0.057659009838281615,-0.018257794043343482,0.07955280476605965,1.8533923039000133,-0.08998912926553986,0.004888419423634288,0.5253099173553719,0.5428272929686799,0.24986361726411044
condylis2022,feat__choice_hit_minus_cr,genes_only,8,jn039,10000.0,-0.480983817891121,-0.2560440860398113,-0.23632738667007025,0.05223520425948222,1.2169567855195658,-5.607135813718652,0.15936646574111502,0.3897210743801653,0.4653801843317973,0.2501540955100427
condylis2022,feat__choice_hit_minus_cr,joint,8,jn039,1000.0,-2.130087704067487,-0.14664564536842886,-0.11744800557156318,0.07593926580132541,1.7692053877155247,-0.24027717972483825,0.012381880067581529,0.4767561983471075,0.508016271112675,0.2503798157602558
shainer2025,feat__regsc_dot_small_cw,function_only,0,20210225_F1,31.622776601683793,0.15590939420002436,0.4555623087548663,0.38339249153780464,0.07633106403610393,0.9187440371396465,0.6706584680554296,0.006575937965178537,0.7025,0.7546305564313394,0.24460756990839322
shainer2025,feat__regsc_dot_small_cw,genes_only,0,20210225_F1,316.22776601683796,-0.09005846313817423,-0.01710920830655054,0.0023586775266801513,0.08674244881399214,1.0440586492682933,-0.07407055459451539,0.015267762527550155,0.4970833333333333,0.4930554554932365,0.25029312821054706
shainer2025,feat__regsc_dot_small_cw,joint,0,20210225_F1,56.23413251903491,0.06843961532139642,0.41806626691636384,0.33475313024064524,0.08018853675231344,0.9651737587896692,0.584855561508164,0.01206672427650656,0.6780555555555556,0.7464787727273963,0.24487471878786754
shainer2025,feat__regsc_dot_small_ccw,function_only,0,20210225_F1,17.78279410038923,-0.017969553643841563,0.41203393281266654,0.348484006708026,0.10087949807134236,1.008944772335671,0.7724797482899546,-0.03562176223426528,0.7169444444444444,0.7481134824670649,0.244067115262321
shainer2025,feat__regsc_dot_small_ccw,genes_only,0,20210225_F1,1778.2794100389228,-0.3456349669332881,0.03833204401146702,0.08124081597361123,0.11598428517743632,1.1600150718444875,0.6042025040555165,-0.04163974541468292,0.5593055555555555,0.561729879004184,0.24994985086030652
shainer2025,feat__regsc_dot_small_ccw,joint,0,20210225_F1,31.622776601683793,-0.13627620741500102,0.3741297021445365,0.30077677294566707,0.10658043164737466,1.0659625731667468,0.6837486294113748,-0.03878720900764584,0.6861111111111111,0.721654919004729,0.2445405352342689
shainer2025,feat__regsc_dot_large_cw,function_only,0,20210225_F1,31.622776601683793,0.12481094356296663,0.3764678779870403,0.36667592621171435,0.09635121390045033,0.9355153961427027,0.7503249119084631,0.006129167276974867,0.7455555555555555,0.7653833649295195,0.24390589356656014
shainer2025,feat__regsc_dot_large_cw,genes_only,0,20210225_F1,1778.2794100389228,-0.010616203633466492,-0.010700949752410404,-0.019924482351523328,0.10353790660946437,1.0052940881223968,-0.6517055737041672,0.02937141509312652,0.48000000000000004,0.4909773659699874,0.2500475965491421
shainer2025,feat__regsc_dot_large_cw,joint,0,20210225_F1,56.23413251903491,0.10737980309162631,0.3605147665883602,0.3534450651769087,0.09730599680221635,0.9447857941835494,0.7070007469475855,0.005213628681103291,0.7366666666666667,0.7640494666536726,0.24397427973756106
shainer2025,feat__regsc_dot_large_ccw,function_only,0,20210225_F1,31.622776601683793,0.1657312475408893,0.4852436876571229,0.3817237157525438,0.07883963041641616,0.9133831356226039,0.6662245609994905,0.011859787632140427,0.7072222222222222,0.748868835171641,0.24428286513343764
shainer2025,feat__regsc_dot_large_ccw,genes_only,0,20210225_F1,316.22776601683796,-0.09181200498840458,-0.0010924143557017876,0.031910730805863825,0.09019148210144508,1.0448980835292532,-0.004621193266687572,0.017925896170989296,0.4940277777777778,0.47994311105153276,0.2506178959152283
shainer2025,feat__regsc_dot_large_ccw,joint,0,20210225_F1,56.23413251903491,0.0857711268891368,0.4613580146146563,0.355772297498894,0.08253137060871835,0.9561531640326666,0.619575582745075,0.018333192483152926,0.6836111111111111,0.7358159472201851,0.24478994065305623
shainer2025,feat__regsc_dim_off,function_only,0,20210225_F1,5.623413251903491,0.20239228813301835,0.47828233223299743,0.3880942827453522,0.2330836980446404,0.8930888600026704,0.8314974414345633,-0.018562643431220112,0.7180555555555556,0.6538695078159874,0.241262197841324
shainer2025,feat__regsc_dim_off,genes_only,0,20210225_F1,562.341325190349,-0.023683610048003345,0.125614861361639,0.030729845030591077,0.2640584700443054,1.0117725090355827,0.8453063868344838,-0.03462135430872532,0.5101388888888889,0.4918611526821985,0.25028569657065536
shainer2025,feat__regsc_dim_off,joint,0,20210225_F1,17.78279410038923,0.1864244570610183,0.4878831044569347,0.4021482144510633,0.23540526397517103,0.90198422543454,0.8137663900694716,-0.03129056801450586,0.7213888888888889,0.6513476860499291,0.2405870729762404
shainer2025,feat__regsc_dim_on,function_only,0,20210225_F1,10.0,0.6984657884119412,0.8399060822024809,0.7427842423120055,0.1173556786109604,0.5491213086242756,0.9124917706451217,-0.0016755318756687834,0.9222222222222223,0.9189950622463061,0.21613773024921581
shainer2025,feat__regsc_dim_on,genes_only,0,20210225_F1,562.341325190349,0.011508004945967376,0.15081511797580913,0.07927404813654124,0.21248211991692778,0.9942293473061343,1.0749195821444237,0.02935726791862865,0.5284722222222222,0.5131126148552599,0.2504140847203146
shainer2025,feat__regsc_dim_on,joint,0,20210225_F1,17.78279410038923,0.69068781333542,0.8435422993572269,0.732948547794685,0.11885961738067415,0.5561584186737493,0.9360096521780495,0.02212329766947741,0.9211111111111111,0.9166977772730349,0.21756928897080166
shainer2025,feat__regsc_grating,function_only,0,20210225_F1,177.82794100389228,-0.11221815367282018,-0.002484865299477477,0.0007407636038149326,0.2457618601181567,1.054617539045921,-0.017817016181795743,0.07399676104910022,0.49611111111111106,0.4740939108409176,0.25151653730716983
shainer2025,feat__regsc_grating,genes_only,0,20210225_F1,10000.0,-0.06129083120573231,-0.016985746197024275,0.026791152650008875,0.24006934186905537,1.0301897064116996,-1.2784882823908175,0.23620910889187538,0.5279166666666667,0.5116152429479417,0.25100225479889804
shainer2025,feat__regsc_grating,joint,0,20210225_F1,562.341325190349,-0.09400258520380755,-0.011935857853642397,0.002070022737327284,0.24374104563159799,1.0459457850168041,-0.09408505802900366,0.08418690208811927,0.5058333333333334,0.5005023814720677,0.2511412815792901
shainer2025,feat__regsc_loom,function_only,0,20210225_F1,3.1622776601683795,0.5781297738453389,0.7761932054318202,0.662182989186909,0.10470338099770889,0.6495153779160483,1.2066510846894007,0.004576764010935833,0.8819444444444446,0.9080583991260359,0.23463210639646478
shainer2025,feat__regsc_loom,genes_only,0,20210225_F1,562.341325190349,0.0210279780770376,0.17261109279448753,0.14950529585597208,0.15949842836373815,0.9894301500918681,1.7260562271638482,-0.02330883610386239,0.5954166666666667,0.5450561505618721,0.2496387609619402
shainer2025,feat__regsc_loom,joint,0,20210225_F1,10.0,0.5718936262088151,0.7791767468855134,0.6597405269709969,0.10547441245254517,0.6542983828391091,1.1929008253717506,0.0161846421161094,0.883888888888889,0.9121403200479715,0.2339136061785411
shainer2025,feat__regsc_dot_small_cw,function_only,1,20210225_F2,56.23413251903491,0.44816680949847487,0.7033236854437667,0.6307979161657028,0.0874390499033146,0.7428547573329182,1.319869829385769,0.0010859637174962119,0.9117857142857143,0.9257832832638281,0.23884716492670327
shainer2025,feat__regsc_dot_small_cw,genes_only,1,20210225_F2,5623.413251903491,-0.08484477572785498,0.11231512325173529,0.1474484315566077,0.12259854668516568,1.0415588200910317,9.172837490954253,-0.17724417676053444,0.6085204081632654,0.6160801550799162,0.24997831905189918
shainer2025,feat__regsc_dot_small_cw,joint,1,20210225_F2,100.0,0.44678968883064385,0.7035506839034871,0.631563091785995,0.08754808565357171,0.743781090886261,1.356013796630066,-0.002692962453440309,0.9125,0.9257069715492061,0.23914233056521375
shainer2025,feat__regsc_dot_small_ccw,function_only,1,20210225_F2,31.622776601683793,0.46015991910203136,0.6883149769802551,0.6378451885577902,0.08366758384763986,0.7347381036046022,0.9837398300875098,0.014036508844348825,0.904438775510204,0.9222947071250645,0.2360650458345977
shainer2025,feat__regsc_dot_small_ccw,genes_only,1,20210225_F2,177.82794100389228,-0.12525804278511377,0.017746139872392448,0.09190422660281967,0.12079549212642474,1.0607818073314372,0.1501207612973782,0.05945635188041705,0.5630867346938775,0.5793389257633603,0.2498475599469554
shainer2025,feat__regsc_dot_small_ccw,joint,1,20210225_F2,56.23413251903491,0.4203540210391985,0.6802655020845055,0.6381795523944435,0.0866974009786926,0.7613448489026645,0.9819907183017763,0.024122256223437635,0.9058673469387755,0.9221687119332711,0.23612498732909099
shainer2025,feat__regsc_dot_large_cw,function_only,1,20210225_F2,56.23413251903491,0.3282856170841272,0.5796799460223099,0.5209624354963277,0.11056700295705855,0.8195818341727167,1.177133872536872,-0.005738758020274195,0.8382653061224489,0.8820775259165621,0.23995978293747555
shainer2025,feat__regsc_dot_large_cw,genes_only,1,20210225_F2,10000.0,-0.03103417394765473,0.07428404945672186,0.062316244187242714,0.13698396858589404,1.0153985296091232,14.220634928336128,-0.22361407360571522,0.5417857142857143,0.5421518929142326,0.25001113569233857
shainer2025,feat__regsc_dot_large_cw,joint,1,20210225_F2,100.0,0.3218748673259362,0.5750255897711669,0.5231610214905578,0.11109336819060067,0.8234835351505277,1.1945068534166643,-0.007757977361466787,0.836530612244898,0.880435213103126,0.24020602906210428
shainer2025,feat__regsc_dot_large_ccw,function_only,1,20210225_F2,31.622776601683793,0.43689396099552347,0.6670088714575099,0.6068722530511522,0.09324929950565682,0.7504039172308561,1.136998795498331,-0.003345647193624333,0.8871428571428571,0.9123959842742285,0.2381573330557122
shainer2025,feat__regsc_dot_large_ccw,genes_only,1,20210225_F2,562.341325190349,-0.016610153632634628,0.10794960897868132,0.10711685595285352,0.12529325936747393,1.008270873136913,1.0885647955167785,0.016954098310516082,0.5562755102040816,0.5572268697594656,0.2498072236736738
shainer2025,feat__regsc_dot_large_ccw,joint,1,20210225_F2,56.23413251903491,0.43345294916568355,0.6667412497904052,0.615416686759989,0.09353377811080169,0.7526931983386046,1.1314052573632558,-0.01857547308124805,0.889030612244898,0.9112459386517213,0.23825040618584928
shainer2025,feat__regsc_dim_off,function_only,1,20210225_F2,3.1622776601683795,0.19697146548675726,0.468297440026746,0.3599968913200052,0.16144698875916724,0.8961185939954199,0.7618268098837688,0.020135385376786386,0.7258673469387754,0.7535835015091594,0.23912588622626957
shainer2025,feat__regsc_dim_off,genes_only,1,20210225_F2,562.341325190349,0.01422621221869036,0.14548960939862013,0.05259992585911182,0.1788764195373686,0.9928614141814386,1.4340497128040492,-0.047478583023928,0.5298469387755101,0.5156748597083189,0.25024176218157107
shainer2025,feat__regsc_dim_off,joint,1,20210225_F2,10.0,0.15397323106494565,0.4482225756644915,0.32518953377111715,0.16571297443768432,0.9197971346583237,0.7094242420704088,0.004853717467467149,0.7052551020408163,0.7354092113767701,0.23974138209156348
shainer2025,feat__regsc_dim_on,function_only,1,20210225_F2,10.0,0.7054329072494487,0.8405538647305965,0.6234414188396687,0.0830453931744879,0.5427403548168322,1.0391888280931345,0.0002628278821305919,0.8668877551020409,0.8542485162801163,0.23303177829243654
shainer2025,feat__regsc_dim_on,genes_only,1,20210225_F2,316.22776601683796,0.020882224208511935,0.15990524193964104,0.04835826811663639,0.15140523755576615,0.9895038028116364,0.7180506228375373,-0.009931503128189903,0.519923469387755,0.5243032532778118,0.24971211948398045
shainer2025,feat__regsc_dim_on,joint,1,20210225_F2,17.78279410038923,0.6898870440353877,0.83218652071929,0.5908952480819469,0.08520859154184178,0.5568778644914509,1.018410968222888,-0.006823019731883351,0.8454081632653061,0.8319296262861418,0.23314949483301511
shainer2025,feat__regsc_grating,function_only,1,20210225_F2,1000.0,-0.01900218280726751,-0.05783127722722477,0.007591209237905949,0.20621763270479984,1.0094563798388176,-1.268653620251395,0.2829793773855275,0.5104591836734693,0.509173123417602,0.2507994187152443
shainer2025,feat__regsc_grating,genes_only,1,20210225_F2,3162.2776601683795,-0.009224290618240705,0.06915981843730014,0.07075477893195305,0.20522586143181717,1.0046015581355427,2.5177140161116967,-0.15105566631614314,0.542704081632653,0.5474035590986082,0.2507385787436099
shainer2025,feat__regsc_grating,joint,1,20210225_F2,1000.0,-0.013363260634982055,0.026548916894823884,0.05787394384774237,0.20564626082913057,1.0066594561345268,0.3587796748974565,0.09585673559903853,0.5434693877551021,0.5120323571595546,0.2505987560213858
shainer2025,feat__regsc_loom,function_only,1,20210225_F2,3.1622776601683795,0.7182932261186508,0.8494015223404966,0.5802692146450702,0.0497753805585732,0.5307605617181268,1.0247463909715935,-0.005749865805509474,0.8466326530612245,0.8807678440666922,0.23912479027457723
shainer2025,feat__regsc_loom,genes_only,1,20210225_F2,316.22776601683796,0.005767902758019416,0.13319291102860373,0.08933065437840748,0.09351038258299431,0.9971118779860048,0.5852564785262956,0.008574589500923773,0.5530357142857143,0.5447485257461951,0.24974565142397165
shainer2025,feat__regsc_loom,joint,1,20210225_F2,10.0,0.7100718435339881,0.8431488671790446,0.5675941141777742,0.050496484144907997,0.5384497715291825,1.010176141676783,-0.002889768405312823,0.8394387755102042,0.8708235804184582,0.23910565706222708
shainer2025,feat__regsc_dot_small_cw,function_only,2,20210225_F3,56.23413251903491,0.345078658444006,0.5961518416204511,0.47621684107528645,0.06418325022034015,0.8092721059937,0.8651546781890708,0.0013741237900629355,0.8033835535729315,0.8465400777953869,0.24279645103638034
shainer2025,feat__regsc_dot_small_cw,genes_only,2,20210225_F3,316.22776601683796,-0.06731610365535112,0.09786705879126692,0.11091454925910393,0.08193579379640491,1.0331099184638757,0.4666158719125252,0.0071853594152842155,0.558749263530006,0.5394747490939749,0.24971968002796485
shainer2025,feat__regsc_dot_small_cw,joint,2,20210225_F3,56.23413251903491,0.3214167436013914,0.5897958303663753,0.47962921752081433,0.06533241381573857,0.8237616502250492,0.8512791676342678,-0.003871703981603979,0.8074236175406111,0.8482951799626097,0.24282048220323332
shainer2025,feat__regsc_dot_small_ccw,function_only,2,20210225_F3,31.622776601683793,0.36132837332711354,0.615888708416545,0.46035337769676704,0.07192168316250877,0.7991693354093943,1.044519958241847,-0.013617858098160364,0.7994276576045788,0.853028656828489,0.24268462966199272
shainer2025,feat__regsc_dot_small_ccw,genes_only,2,20210225_F3,316.22776601683796,-0.06935665827353499,0.08162565269707257,0.05297067991311478,0.09306412963498496,1.0340970255492326,0.355459395250143,0.010703144202092488,0.5332463597340291,0.5323187584556008,0.2497495928985134
shainer2025,feat__regsc_dot_small_ccw,joint,2,20210225_F3,56.23413251903491,0.34677354682903794,0.5996726509213495,0.45774075533292063,0.07273658600092163,0.8082242591981789,0.9904661697431183,-0.009816539118067664,0.8062452655500378,0.8545196080022578,0.24260388849237072
shainer2025,feat__regsc_dot_large_cw,function_only,2,20210225_F3,31.622776601683793,0.23893604105155675,0.49364244090685006,0.4111915348680137,0.09608506116142215,0.8723897975874221,1.155484959771321,-0.005905010511371617,0.774177257806582,0.8005739644897117,0.24462141722798966
shainer2025,feat__regsc_dot_large_cw,genes_only,2,20210225_F3,1000.0,-0.0023417465816129024,0.07483860447239495,0.08295730276750056,0.11026894064065645,1.0011701886110131,1.1609644699701038,-0.015022010887752929,0.5717111354263109,0.5737712106980111,0.24985987900413079
shainer2025,feat__regsc_dot_large_cw,joint,2,20210225_F3,56.23413251903491,0.2296970837641642,0.4824679440542922,0.38587857350056937,0.09666651548757502,0.8776690243034945,1.1287918328222555,-0.003824177718183449,0.7604578739163371,0.7965143919390851,0.2446246792825653
shainer2025,feat__regsc_dot_large_ccw,function_only,2,20210225_F3,31.622776601683793,0.28734569233708407,0.5624809416815754,0.4146790722644834,0.07519155655152295,0.8441885498198336,0.8509970539630353,0.017545764181538994,0.7743455938052352,0.8145107614786313,0.24308433434068952
shainer2025,feat__regsc_dot_large_ccw,genes_only,2,20210225_F3,316.22776601683796,0.01182111599925817,0.16126766858565078,0.19282044053757808,0.0885416075505093,0.9940718706303648,0.7784676345570462,0.0027935896100162974,0.621244003030048,0.5890883320334335,0.24921466554443134
shainer2025,feat__regsc_dot_large_ccw,joint,2,20210225_F3,56.23413251903491,0.31371040517475124,0.5679345417861946,0.4389927739846127,0.07378758987522695,0.8284259742486582,0.8718945379722557,0.009386107015234669,0.783435737732514,0.8173141671905205,0.24307756510356654
shainer2025,feat__regsc_dim_off,function_only,2,20210225_F3,3.1622776601683795,0.23761174695953335,0.5114825907029147,0.4111025193639028,0.21979526143357245,0.8731484713577695,0.8421909349164469,0.04184160399870904,0.7371433381028533,0.7572153725911535,0.23440130757564978
shainer2025,feat__regsc_dim_off,genes_only,2,20210225_F3,1000.0,-0.015743712458281545,0.17758260111006471,0.06968594842292097,0.25370106980924134,1.0078411146853512,3.2458302044155936,-0.08162996639244464,0.5348876357208989,0.5845099031277944,0.24968311527883652
shainer2025,feat__regsc_dim_off,joint,2,20210225_F3,5.623413251903491,0.25001622923224154,0.5146035418618523,0.4104960362989293,0.21799983255317684,0.8660160337787055,0.861556660285012,0.03342044779456435,0.7379008500967931,0.7598803620370835,0.23437972723412007
shainer2025,feat__regsc_dim_on,function_only,2,20210225_F3,5.623413251903491,0.6335941265281704,0.7965188558322236,0.5938461538461538,0.12360415728484622,0.6053146896187478,0.9890148667097519,-0.006346719885676323,0.8628061610975507,0.8210043030401056,0.22591246528429063
shainer2025,feat__regsc_dim_on,genes_only,2,20210225_F3,562.341325190349,0.021024993859382057,0.22762682721213318,0.10211296591189964,0.20204014274369575,0.9894316581406871,2.3565096358512556,0.03560451800516506,0.5834525713323795,0.537594997452141,0.24899468271719227
shainer2025,feat__regsc_dim_on,joint,2,20210225_F3,17.78279410038923,0.6384689176415196,0.8001924741840614,0.5945686687939179,0.1227791677717197,0.6012745482347805,0.9946981971022003,-0.00902595970051372,0.8655837050753303,0.830001614215299,0.22572664147979812
shainer2025,feat__regsc_grating,function_only,2,20210225_F3,1000.0,0.0041291985982144785,0.09176799935903869,0.13088794697169773,0.19315279808459992,0.9979332649989653,1.9981035883744434,-0.109601167267903,0.6237690430098477,0.5826790320566824,0.2504881034095084
shainer2025,feat__regsc_grating,genes_only,2,20210225_F3,1778.2794100389228,0.001297485461653869,0.0452583010264614,0.06610758469131034,0.19342721373045366,0.9993510466938164,0.7744095496792502,0.03246378927303364,0.5582863395337093,0.5440500799485769,0.2506880868893502
shainer2025,feat__regsc_grating,joint,2,20210225_F3,1000.0,0.008004448451978341,0.0908181277998301,0.12237224586636418,0.1927766223048146,0.9959897346548163,0.9668009471982267,0.00710868546218228,0.6088713071290295,0.6111510965992603,0.25014492586280557
shainer2025,feat__regsc_loom,function_only,2,20210225_F3,3.1622776601683795,0.5543574959174105,0.7587226070357831,0.4750779968047936,0.08080222044510586,0.6675646066675689,0.8524052410230968,-0.0012688201087182715,0.7927783856577729,0.8486308083304104,0.23648156595385217
shainer2025,feat__regsc_loom,genes_only,2,20210225_F3,562.341325190349,0.026806349741393176,0.18820941874349992,0.08065089416860527,0.11940695560696805,0.9865057781090418,1.8362244789711721,-0.022061890271846817,0.5390539516875684,0.5585534487795946,0.2496550358442259
shainer2025,feat__regsc_loom,joint,2,20210225_F3,5.623413251903491,0.561511334024525,0.7616684345648801,0.4811320901758229,0.08015104306567598,0.6621847672426704,0.8596855179234315,-0.0008304115450510369,0.7951350896389193,0.8507239261246025,0.23644753266178722
shainer2025,feat__regsc_dot_small_cw,function_only,3,20210226_F1,31.622776601683793,0.2924057038507404,0.5792504921006367,0.4840225354329677,0.08421333311118649,0.8411862434295533,0.8326022759386881,-0.010142078926121997,0.8134566326530611,0.8523907670637492,0.24072281300952084
shainer2025,feat__regsc_dot_small_cw,genes_only,3,20210226_F1,562.341325190349,-0.021290096241378675,-0.10997089445806679,-0.053785706762131104,0.10117268022524094,1.010588984810826,-1.5306035209733238,0.06609984123832872,0.4759247448979592,0.5083068167167667,0.2502047425294223
shainer2025,feat__regsc_dot_small_cw,joint,3,20210226_F1,56.23413251903491,0.30757374065696585,0.5766031661386585,0.47834276682123167,0.08330584229762798,0.8321215412000829,0.8509035410770511,-0.00659314583341727,0.8058035714285715,0.8436389429552344,0.24089891374509811
shainer2025,feat__regsc_dot_small_ccw,function_only,3,20210226_F1,31.622776601683793,0.44977551043648767,0.706729177859504,0.5593129185222108,0.07899219941197007,0.7417711840946497,1.0836892951343111,0.02064532440330261,0.8558673469387754,0.8939940463939544,0.23952689789672496
shainer2025,feat__regsc_dot_small_ccw,genes_only,3,20210226_F1,316.22776601683796,-0.03370151233228702,0.06066726085661884,0.08492915071154211,0.10827091922187261,1.016711125302007,0.4734810568589876,0.03616840723330525,0.5518176020408163,0.584761665597234,0.24995537101289558
shainer2025,feat__regsc_dot_small_ccw,joint,3,20210226_F1,56.23413251903491,0.4974881765871012,0.7198312342197198,0.5619521089256319,0.07548964628043124,0.7088806834746318,1.1315820251483681,0.007329698483593382,0.8542729591836735,0.8886139368825073,0.23961216149410441
shainer2025,feat__regsc_dot_large_cw,function_only,3,20210226_F1,31.622776601683793,0.1463379510166679,0.40801040640068237,0.3299394638980528,0.11417981187851646,0.9239383361293743,0.7844908626145706,0.014458094712389395,0.7120535714285714,0.7815577631981014,0.2432922093918047
shainer2025,feat__regsc_dot_large_cw,genes_only,3,20210226_F1,1000.0,-0.008128240345498527,0.0681246440948993,-0.022875710004041937,0.12408069751650334,1.0040558950223752,1.3558672017778277,0.008750949801810822,0.44913903061224486,0.4685523132901944,0.2501317451557809
shainer2025,feat__regsc_dot_large_cw,joint,3,20210226_F1,56.23413251903491,0.14706185426216423,0.41988866260332486,0.3797640206990182,0.11413138951585115,0.9235465043645783,0.8122950132272365,0.01938130793314136,0.7372448979591838,0.7958636852666436,0.24326240402008595
shainer2025,feat__regsc_dot_large_ccw,function_only,3,20210226_F1,31.622776601683793,0.4306270003658935,0.6681949060007623,0.5571328318171981,0.08635535840730867,0.7545680881299951,1.1045656040311567,-0.017672103918188197,0.8683035714285715,0.8934693561012212,0.23910256549727252
shainer2025,feat__regsc_dot_large_ccw,genes_only,3,20210226_F1,316.22776601683796,-0.03384713499556824,-0.04786171176910108,0.07999994867819822,0.11636410164656968,1.0167827373522333,-0.45497291712671245,0.04850467134891474,0.5648915816326531,0.6134627891445588,0.25014574901994185
shainer2025,feat__regsc_dot_large_ccw,joint,3,20210226_F1,56.23413251903491,0.4347439305982984,0.6664083360680972,0.5633346669202669,0.08604258982041436,0.7518351344489185,1.1424803997451276,0.0011457835875244788,0.8714923469387755,0.8917402813369988,0.23939673390262572
shainer2025,feat__regsc_dim_off,function_only,3,20210226_F1,3.1622776601683795,0.5165661721493882,0.7475712331419307,0.5666218494008698,0.18930200126729388,0.6952940585443406,1.3317232873097724,-0.047797442328647854,0.8236607142857143,0.8334998241257187,0.22934316911206362
shainer2025,feat__regsc_dim_off,genes_only,3,20210226_F1,316.22776601683796,-0.04855724524747096,-0.06692391030900596,-0.07822158992094799,0.27879357425288703,1.0239908423612822,-0.4299794968766693,0.06267608681596047,0.45647321428571425,0.4840511968834186,0.2511655900781956
shainer2025,feat__regsc_dim_off,joint,3,20210226_F1,10.0,0.4826508489711655,0.7101081597222093,0.515603622984043,0.19582969945563344,0.719269873569743,1.2605485398023673,-0.010029862714882092,0.7994260204081634,0.8021763452112854,0.2301392691854262
shainer2025,feat__regsc_dim_on,function_only,3,20210226_F1,5.623413251903491,0.6910271598237534,0.83232219949148,0.6248519390572634,0.12857905295434294,0.5558532541719758,0.9626352345931359,-0.00789997196125561,0.8632015306122449,0.8381689769007435,0.22078280146926696
shainer2025,feat__regsc_dim_on,genes_only,3,20210226_F1,316.22776601683796,-0.05440162208439281,-0.12537974181668834,-0.09328305306347108,0.23752706520877537,1.0268406020776915,-1.0558247171963415,-0.08793010283076921,0.4960140306122449,0.5374760987331056,0.2502821779128487
shainer2025,feat__regsc_dim_on,joint,3,20210226_F1,17.78279410038923,0.6802614077967202,0.8292754475909646,0.6069180368725857,0.13079995643754766,0.5654543237083923,0.9676325667406315,-0.020054869748341895,0.8533163265306123,0.8299232377680097,0.22094167323113184
shainer2025,feat__regsc_grating,function_only,3,20210226_F1,316.22776601683796,-0.02075522246277317,-0.07412400297359163,-0.03559103042545796,0.21355022285579228,1.0103243154814767,-0.9828311987407328,0.23036566433319886,0.44706632653061223,0.471666789217893,0.25148675847855323
shainer2025,feat__regsc_grating,genes_only,3,20210226_F1,1778.2794100389228,-0.008275490609993774,0.004756942604261166,0.060699154915392045,0.21224077797236046,1.0041292200710292,0.13409757206000794,0.09251430072826165,0.5293367346938775,0.4901889828688106,0.251202183500626
shainer2025,feat__regsc_grating,joint,3,20210226_F1,562.341325190349,-0.02239682541277177,-0.03434461157455391,-0.03660105856195605,0.21372187215755514,1.011136402966038,-0.39408769251903947,0.16068074381222958,0.4272959183673469,0.4537475449409455,0.2517395283069494
shainer2025,feat__regsc_loom,function_only,3,20210226_F1,3.1622776601683795,0.5744320676031578,0.7583199597257625,0.5231801457326312,0.09590608081500883,0.6523556793583182,0.9696777203131116,3.971213429742442e-05,0.8125,0.8486547022440174,0.23578304994914726
shainer2025,feat__regsc_loom,genes_only,3,20210226_F1,316.22776601683796,-0.043879337395767104,-0.07935730897065799,0.014533267366260826,0.15020584987995736,1.021704133974981,-0.5588495090816581,0.0534684617708286,0.5004783163265306,0.49658304370070205,0.2502003648834847
shainer2025,feat__regsc_loom,joint,3,20210226_F1,10.0,0.561984078940615,0.75195469385422,0.5107764755264936,0.09729861192371841,0.6618277125154448,0.9719455395849138,-0.006788214441009349,0.8026147959183674,0.8402761691639605,0.2360062610548725
shainer2025,feat__regsc_dot_small_cw,function_only,4,20210226_F2,56.23413251903491,0.33037913116232964,0.5891486543361828,0.3165313549832027,0.06557798527250117,0.8183036531880807,0.9123959746981566,-0.007185238971300935,0.6923828125,0.7416094766854922,0.24473770159386252
shainer2025,feat__regsc_dot_small_cw,genes_only,4,20210226_F2,562.341325190349,-0.07811066697660651,-0.06704112123380694,0.02968569447806995,0.08320994814481598,1.0383210808558692,-0.5725458520884318,0.033744026270201684,0.52783203125,0.5042239793475055,0.25008641338916593
shainer2025,feat__regsc_dot_small_cw,joint,4,20210226_F2,100.0,0.339841016863375,0.5863063439479095,0.3361142217245241,0.06511302145986822,0.8125016819183513,0.959871918144526,-0.0038251153143529838,0.6982421875,0.7491748408392487,0.24491976320113565
shainer2025,feat__regsc_dot_small_ccw,function_only,4,20210226_F2,31.622776601683793,0.49313425073702943,0.7177842818842624,0.5012178051511759,0.0511031281166475,0.7119450465091022,0.8474245366379999,-0.002032250083590435,0.791015625,0.778036685780043,0.24237723031325087
shainer2025,feat__regsc_dot_small_ccw,genes_only,4,20210226_F2,316.22776601683796,-0.13874914408055283,0.1543173766851757,0.20998708156394924,0.07659757913846968,1.067121897464776,3.32682984883346,-0.12980711411232773,0.6689453125,0.6177225590567874,0.2498809846970066
shainer2025,feat__regsc_dot_small_ccw,joint,4,20210226_F2,56.23413251903491,0.4262467871501454,0.714818164262368,0.5111002239641658,0.054370531373109994,0.7574649911605605,0.8101613676701622,-0.010820778636631096,0.80078125,0.7878708849984687,0.24171652531329388
shainer2025,feat__regsc_dot_large_cw,function_only,4,20210226_F2,31.622776601683793,0.088080534672077,0.3286461696796536,0.15764277715565508,0.11165781657972845,0.9549447446383088,0.72872334476682,0.010391585695077534,0.6171875,0.6583705940522838,0.2458024039099881
shainer2025,feat__regsc_dot_large_cw,genes_only,4,20210226_F2,1778.2794100389228,-0.008343978124540019,-0.16182969857266602,-0.16213837136461295,0.11741274529354367,1.0041633224268314,-12.106567837152804,0.29984151714295304,0.39404296875,0.4394336079800415,0.2501090056937264
shainer2025,feat__regsc_dot_large_cw,joint,4,20210226_F2,56.23413251903491,0.0880521786917291,0.3332755869609948,0.21556550951847703,0.11165955255662144,0.9549595914449324,0.7299728979733786,0.011919097808564661,0.6416015625,0.6715152605805352,0.24568247417676178
shainer2025,feat__regsc_dot_large_ccw,function_only,4,20210226_F2,31.622776601683793,0.4203042416865366,0.6894620051499373,0.5308090705487123,0.0762801925588477,0.7613775399247675,1.407198971535306,-0.024801657597756103,0.8037109375,0.8431832980364686,0.24337857686244946
shainer2025,feat__regsc_dot_large_ccw,genes_only,4,20210226_F2,316.22776601683796,-0.09502430860569255,-0.14657136439364876,-0.14719516783971154,0.10483917615204624,1.0464340918489958,-1.164675040033492,0.06329092138375488,0.38916015625,0.43391641547660054,0.250861661933647
shainer2025,feat__regsc_dot_large_ccw,joint,4,20210226_F2,56.23413251903491,0.38540068075233214,0.6457471058562807,0.4572088465845465,0.07854304908704055,0.7839638507197884,1.3640159803696483,-0.01254975944975531,0.7431640625,0.7701632904183092,0.2444403688233241
shainer2025,feat__regsc_dim_off,function_only,4,20210226_F2,3.1622776601683795,-0.21347914008535462,0.4478718268678751,0.30606103023516235,0.18572498045818078,1.1015802921580249,0.6337462320065143,-0.07796816147119807,0.6767578125,0.6422684769279626,0.24196837215271977
shainer2025,feat__regsc_dim_off,genes_only,4,20210226_F2,1000.0,-0.44885757274286986,0.07589196622973117,0.1314182597441471,0.20293969871541898,1.2036849973002417,1.944717389041315,-0.1819974798666049,0.619140625,0.5791868985155778,0.2500161160572058
shainer2025,feat__regsc_dim_off,joint,4,20210226_F2,10.0,-0.23517433667265375,0.4345031595589322,0.2825027995520717,0.1873778681754187,1.111383973547397,0.5979858412575676,-0.07515673103849999,0.6630859375,0.6246299359618283,0.24223432205338571
shainer2025,feat__regsc_dim_on,function_only,4,20210226_F2,10.0,0.6884214100150741,0.8384323553833881,0.6794372900335945,0.09017016884059306,0.5581922518103134,1.1577701268983884,-0.0026425913782157917,0.908203125,0.8924574062626862,0.22975906753242697
shainer2025,feat__regsc_dim_on,genes_only,4,20210226_F2,562.341325190349,-0.08018145828301848,-0.16341552117931155,-0.05521134352117308,0.16789100861005554,1.0393177850251794,-1.352910311354475,-0.10369793969012177,0.50634765625,0.5120276588819761,0.2503851583199409
shainer2025,feat__regsc_dim_on,joint,4,20210226_F2,17.78279410038923,0.6635623211125917,0.8270568166077124,0.676147816349384,0.09369823132609317,0.5800324808864094,1.1748490962360854,-0.008747989417404109,0.9072265625,0.8971647963060747,0.23022827092841636
shainer2025,feat__regsc_grating,function_only,4,20210226_F2,316.22776601683796,-0.04204407288065415,-0.04272357724096351,-0.12826147816349384,0.17575158067596355,1.0208055999398462,-0.5350973330215634,0.16915807831121168,0.3935546875,0.42209475766587234,0.25165345373660614
shainer2025,feat__regsc_grating,genes_only,4,20210226_F2,1778.2794100389228,-0.036337279691304625,-0.03806641666484476,-0.08530609727545863,0.17526966492288198,1.018006522414894,-0.6269180129922552,0.180763010129184,0.4423828125,0.49385942489667295,0.25137250268464895
shainer2025,feat__regsc_grating,joint,4,20210226_F2,562.341325190349,-0.08703554186990625,-0.06200172540087448,-0.14778835386338185,0.17950562733883557,1.0426099663139994,-0.4323460302085621,0.15966013992739428,0.37109375,0.42787250682112377,0.2525150879949516
shainer2025,feat__regsc_loom,function_only,4,20210226_F2,3.1622776601683795,0.6435677365757408,0.8047361150677519,0.5875279955207167,0.05811706156421383,0.5970194832808524,0.9551962615703561,0.006174372165402203,0.8916015625,0.9074495839250296,0.23699967091556
shainer2025,feat__regsc_loom,genes_only,4,20210226_F2,562.341325190349,-0.05165488604935509,-0.09055032492971807,0.07720208819887081,0.09982786101510466,1.0255022603718376,-0.6376866815392501,0.05684493574206303,0.56884765625,0.5857972951252216,0.24966699574038564
shainer2025,feat__regsc_loom,joint,4,20210226_F2,10.0,0.6414806308348893,0.8021187778161075,0.6279535274356103,0.05828696678741463,0.598764869675689,0.948319024938214,0.0018059194260251154,0.912109375,0.9202593305389996,0.23658132265863524
shainer2025,feat__regsc_dot_small_cw,function_only,5,20210226_F3,56.23413251903491,0.5239655853748442,0.7351189567086784,0.5205917077574831,0.06688556954458383,0.689952472722096,1.2018584522411508,-0.0027910541025329104,0.829375,0.8709931464502442,0.24139919605222726
shainer2025,feat__regsc_dot_small_cw,genes_only,5,20210226_F3,316.22776601683796,-0.004276453009691705,0.11530869723851903,0.12586134807200652,0.09714934885625814,1.002135945363189,2.0889807321371885,-0.01281482702321905,0.55125,0.5447568932966644,0.24991663254178836
shainer2025,feat__regsc_dot_small_cw,joint,5,20210226_F3,56.23413251903491,0.4708040080995449,0.7299132121948935,0.548392249461768,0.07052149771976772,0.7274585843122185,1.1711880256480478,0.019760587872635564,0.845,0.8703212530629831,0.24125594719857651
shainer2025,feat__regsc_dot_small_ccw,function_only,5,20210226_F3,31.622776601683793,0.5576544781093282,0.7910135989889046,0.5501215362177928,0.05960569448624046,0.6650906117821842,1.0706624409764405,0.020955795959148305,0.851875,0.8956043361905136,0.24011231643365
shainer2025,feat__regsc_dot_small_ccw,genes_only,5,20210226_F3,316.22776601683796,-0.013378091656387703,-0.0032107009104703575,0.016707289383324823,0.09021789514346974,1.0066668225553936,-0.03467218068662171,0.05204558484374465,0.4928125,0.5001879339667771,0.2502533646825835
shainer2025,feat__regsc_dot_small_ccw,joint,5,20210226_F3,56.23413251903491,0.6088112678969728,0.7825616802319715,0.5538926314327383,0.056053160300838935,0.6254508230822765,1.077425235321131,-0.0019096448100892316,0.8406250000000001,0.8880185767087758,0.24069076232310027
shainer2025,feat__regsc_dot_large_cw,function_only,5,20210226_F3,31.622776601683793,0.27462033786754625,0.5725489555274733,0.37042155705257307,0.09367744417802563,0.8516922343894323,1.0396592807526244,-0.026227012844728982,0.7225,0.7934220495375142,0.2431070753532599
shainer2025,feat__regsc_dot_large_cw,genes_only,5,20210226_F3,1778.2794100389228,-0.08249077854841724,-0.04604322756045104,-0.06419537617903505,0.11443646889452362,1.0404281707685226,-0.578352421598562,0.015578473562820265,0.47125000000000006,0.5047313828387817,0.25020195367765685
shainer2025,feat__regsc_dot_large_cw,joint,5,20210226_F3,56.23413251903491,0.16639262657811582,0.5240655738764571,0.32267518577679,0.1004229834331458,0.9130210147673089,0.9162005613173914,-0.03286108887529316,0.70625,0.7591419202841567,0.24366026067554145
shainer2025,feat__regsc_dot_large_ccw,function_only,5,20210226_F3,31.622776601683793,0.4671032891211957,0.7153822162901526,0.5585874019029099,0.07306119781150824,0.7299977471664932,1.1208624671554832,-0.025534515141590438,0.8393750000000002,0.8718146901253053,0.24098380038529
shainer2025,feat__regsc_dot_large_ccw,genes_only,5,20210226_F3,316.22776601683796,0.0028109440645016637,0.0984076876744604,0.05142658150248317,0.09994337703291001,0.9985935388913606,2.9950878853985676,-0.07234392248555749,0.5321875,0.5390461362304386,0.25002409796054587
shainer2025,feat__regsc_dot_large_ccw,joint,5,20210226_F3,56.23413251903491,0.49676381185828,0.710215367836275,0.5380165289256198,0.0709988313439623,0.7093914209600111,1.127136428382691,-0.007588102036810248,0.8337500000000001,0.8642925844861081,0.24117110861214924
shainer2025,feat__regsc_dim_off,function_only,5,20210226_F3,5.623413251903491,0.409870158231492,0.6948664586391232,0.693666226821307,0.23456454542036453,0.7681990899269816,1.4519336572722639,0.026873152467513737,0.8737499999999999,0.8577364376586506,0.229905231908501
shainer2025,feat__regsc_dim_off,genes_only,5,20210226_F3,316.22776601683796,-0.07571533613224068,-0.006167950314839386,-0.008913801624339482,0.3166921224494862,1.037166976009743,-0.05816065214575645,0.10060269244063166,0.520625,0.5164497580118854,0.24945818777471257
shainer2025,feat__regsc_dim_off,joint,5,20210226_F3,10.0,0.326409003919385,0.672659102074965,0.6137023404403084,0.2506032605258493,0.8207258958240584,1.3767535024780244,0.09022304534779509,0.8550000000000001,0.8367692258638855,0.22934031751986836
shainer2025,feat__regsc_dim_on,function_only,5,20210226_F3,10.0,0.7802589224870714,0.8925069421820906,0.7644211403569691,0.10225494328236327,0.46876548242262234,1.0754144198684152,0.02933580901157593,0.92,0.8957696791840665,0.21947204685965754
shainer2025,feat__regsc_dim_on,genes_only,5,20210226_F3,316.22776601683796,-0.005784287803138444,-0.0659493609452709,-0.11611600913766819,0.2187666471075511,1.0028879737009098,-1.9120499220917104,-0.12718877935679238,0.42874999999999996,0.4682478276996473,0.25029733932297277
shainer2025,feat__regsc_dim_on,joint,5,20210226_F3,17.78279410038923,0.7750235371580514,0.8926926687658974,0.7643308563094658,0.1034658975317215,0.47431683803116864,1.0834203575318897,0.0345149159761139,0.92,0.8956646407613789,0.2197289020669809
shainer2025,feat__regsc_grating,function_only,5,20210226_F3,562.341325190349,-0.03154537290128934,0.12331031968590372,0.2013334259323564,0.20892154116183356,1.0156502217255996,1.9793659792472873,-0.07076300813355041,0.6243749999999999,0.618308583969781,0.2502733938440183
shainer2025,feat__regsc_grating,genes_only,5,20210226_F3,1778.2794100389228,-0.05503730928735329,-0.20695116956606188,-0.1747794007020663,0.21128709019030217,1.0271500909200637,-19.80496701152692,2.3809777235022627,0.3615625,0.41127905615159327,0.2509250892371139
shainer2025,feat__regsc_grating,joint,5,20210226_F3,1000.0,-0.05524788700457384,0.05467212526729516,0.11821654281547328,0.2113081748158758,1.0272525916220965,0.9769511286380543,0.05214894080646278,0.57125,0.5947092364263318,0.2504256336275281
shainer2025,feat__regsc_loom,function_only,5,20210226_F3,3.1622776601683795,0.6909610395860348,0.834540380584653,0.6433919022154315,0.07300508180862718,0.5559127273316008,1.0193491560506458,0.008962992095161612,0.88875,0.9007767191114975,0.23369191533939587
shainer2025,feat__regsc_loom,genes_only,5,20210226_F3,316.22776601683796,-0.027240901026234887,-0.19971451578372787,-0.1057235323804855,0.13310140088293693,1.0135289344713303,-3.60139381114988,0.1529616902700088,0.4646875000000001,0.5314140715746158,0.25026720224345833
shainer2025,feat__regsc_loom,joint,5,20210226_F3,10.0,0.6708427637638585,0.822143180108119,0.6279880547260225,0.075343914180897,0.5737222640190359,1.0159235472096597,0.008746382463692534,0.8856250000000001,0.8947478310701247,0.23388529164315183
xu2020,state_mean__Drink-Aft,function_only,0,1,10.0,0.2906072711471742,0.5618351943712954,0.5196554530656539,0.17480480583581048,0.8422545510984133,0.8257250917957706,0.021336384499744277,0.814453125,0.8469335142518005,0.2309526250974559
xu2020,state_mean__Drink-Aft,genes_only,0,1,56.23413251903491,0.17125174845886715,0.42139096026353884,0.30389310906131306,0.1889388704119292,0.9103561124818939,1.0125496181940055,-0.016911215271423308,0.69921875,0.7636208629559826,0.24153264923758358
xu2020,state_mean__Drink-Aft,joint,0,1,10.0,0.300701974336433,0.5715449504387564,0.5274009766684753,0.17355660774528295,0.8362404113990356,0.7964621144102675,0.015181750713559369,0.8212890625,0.8537215039763836,0.2290917418492605
xu2020,state_mean__Drink-T,function_only,0,1,10.0,0.6392356416699827,0.8061933694196723,0.8087493217580032,0.2117189545494477,0.6006366275278011,1.0962874250920462,0.012982372394369926,0.998046875,0.9981617647058824,0.19447686630543576
xu2020,state_mean__Drink-T,genes_only,0,1,100.0,0.07035912429404267,0.4042558721250543,0.38106348345089525,0.33986428909110683,0.9641788608451665,1.444157812119354,0.0671373286778462,0.7197265625,0.7580870280386822,0.241136626474525
xu2020,state_mean__Drink-T,joint,0,1,17.78279410038923,0.5808101942777952,0.7698598545447022,0.7769397721106891,0.22821978116740987,0.647448689642528,1.080744337691053,0.021682605946955376,0.9853515625,0.9847918334781957,0.19909488381164953
xu2020,state_mean__Eat-Hed,function_only,0,1,3.1622776601683795,0.6487451676225322,0.8336375593333962,0.8155995659251221,0.29062386832406517,0.5926675563720653,1.1927270475035163,0.04005470910741034,0.974609375,0.9774659415193168,0.18414504006039117
xu2020,state_mean__Eat-Hed,genes_only,0,1,56.23413251903491,0.124073940004778,0.4384982498494774,0.4307921866521975,0.4589378205980737,0.9359092156783422,1.212014024662836,0.0846553847478608,0.791015625,0.8427171002132028,0.2289595568909767
xu2020,state_mean__Eat-Hed,joint,0,1,10.0,0.633317073966398,0.816872058310971,0.8191128594682583,0.296937788259346,0.6055434963998098,1.1115915480883698,0.056424166539918656,0.9736328125,0.9751011878593329,0.18247112775371918
xu2020,state_mean__Eat-Hng,function_only,0,1,10.0,0.5346159224366595,0.7334244138110573,0.7011258817145958,0.3112082581829525,0.6821906460523336,1.0167813867700095,0.0237299625822252,0.9423828125,0.9486232255892468,0.19324902982067726
xu2020,state_mean__Eat-Hng,genes_only,0,1,177.82794100389228,0.15437904243272438,0.4235450263310051,0.4033369506239826,0.4195012135810057,0.9195765099020138,1.564954220848081,-0.10623678973540682,0.80859375,0.8577034331197567,0.23517807688598547
xu2020,state_mean__Eat-Hng,joint,0,1,17.78279410038923,0.5309314743266893,0.7302551379554594,0.7016549104720564,0.31243774819250303,0.6848857756379922,0.9808250838009512,0.02331228006769652,0.9365234375,0.9413953808444184,0.19097872722644682
xu2020,state_mean__Fear,function_only,0,1,1.7782794100389228,0.8280042745711508,0.9107136947550946,0.9112859468258274,0.23813810967992638,0.41472367358067486,1.0123689821819046,0.016216088617647548,0.99609375,0.9963448660714286,0.15339534893787815
xu2020,state_mean__Fear,genes_only,0,1,56.23413251903491,0.2059334622258473,0.4884974812345514,0.5384020618556701,0.5116800949423017,0.8911041116342058,1.1950622778989133,0.04022540558762461,0.8349609375,0.8570690660214058,0.22552963380191332
xu2020,state_mean__Fear,joint,0,1,3.1622776601683795,0.837368623698785,0.9152729044461427,0.909278350515464,0.23156464029944063,0.4032758067385751,1.0115907853638262,0.004881047589607583,0.9912109375,0.9916731471373348,0.1533968337488238
xu2020,state_mean__Feed-Aft,function_only,0,1,10.0,0.08810054490229158,0.7123369407694959,0.7145822029300055,0.2562526314175984,0.9549342674189214,1.000612782254452,-0.173789256379723,0.9169921875,0.9382724590328602,0.2166413735566386
xu2020,state_mean__Feed-Aft,genes_only,0,1,31.622776601683793,-0.5288704035424712,0.418348739871482,0.37327726532826916,0.33180291141825125,1.2364749910657622,0.6276887206310557,-0.18665000288124656,0.7255859375,0.7622959210336095,0.23330772833137287
xu2020,state_mean__Feed-Aft,joint,0,1,31.622776601683793,-0.03690595559878651,0.7131910069109,0.7133749321758003,0.2732527492356582,1.0182857926884072,0.8872693039033461,-0.1901723241782199,0.9306640625,0.9225213088248808,0.21249629387153635
xu2020,state_mean__Ghrelin,function_only,0,1,56.23413251903491,0.5404795433135519,0.7738329692186003,0.7955299667125704,0.5852234932924396,0.6778793821067164,1.4508194033136503,-0.054434501384294,0.9765625,0.9750136738344654,0.1611068208162473
xu2020,state_mean__Ghrelin,genes_only,0,1,17.78279410038923,0.2484344917442678,0.5043875390633712,0.5227851842516174,0.7484326887755549,0.8669287792281388,0.8800407440868019,0.033704870782327825,0.8193359375,0.8009658993770674,0.19291580192676944
xu2020,state_mean__Ghrelin,joint,0,1,56.23413251903491,0.540265417260543,0.742065922544596,0.7716363413199526,0.5853598278127393,0.6780373018782906,1.1538555759130773,0.015675753154827526,0.9677734375,0.9683955222690304,0.15090699242545186
xu2020,state_mean__Leptin,function_only,0,1,17.78279410038923,0.055149612008084326,0.48392344297227036,0.523046663049376,0.38073695473222136,0.9720341495992265,0.8171781009776448,0.13604251935079734,0.8408203125,0.8927451406014977,0.22004269862562031
xu2020,state_mean__Leptin,genes_only,0,1,177.82794100389228,0.035515675176418515,0.2163742456843174,0.16709169831795984,0.384672460988487,0.9820816283887286,0.9581063629677,0.04091113970000399,0.62109375,0.6248512910833897,0.24548964226712844
xu2020,state_mean__Leptin,joint,0,1,31.622776601683793,0.11754969704093121,0.44765142889289466,0.47858111774281065,0.36794985603810615,0.9393882599620687,0.7525151010440403,0.07982632418426118,0.8173828125,0.868896514336494,0.2216628071195606
xu2020,state_mean__Saline,function_only,0,1,17.78279410038923,-0.18954290875557178,0.437868626383921,0.4491996744438415,0.384580323362346,1.0906616839097376,0.4442819004264751,-0.0350304471823337,0.8017578125,0.7540003596841673,0.21097198787607707
xu2020,state_mean__Saline,genes_only,0,1,1000.0,-0.007156037228878365,0.218074418233361,0.19472327726532826,0.35387133484141775,1.003571640304351,2.0411718976459277,-0.16615480753478057,0.626953125,0.5938992857665262,0.2482509156575241
xu2020,state_mean__Saline,joint,0,1,17.78279410038923,-0.30999296758566874,0.43801114814284203,0.4664541508410201,0.40358171935662795,1.1445492420941261,0.39552039585798904,-0.021842306890240564,0.818359375,0.7641792061080281,0.2065391211628882
xu2020,state_mean__Spout-Aft,function_only,0,1,1.7782794100389228,0.34760491285801054,0.6500320043879905,0.605860010851872,0.23324133601446637,0.8077097790280064,0.7341002580645842,0.04332179228355337,0.88671875,0.9064792768473541,0.20866147151762388
xu2020,state_mean__Spout-Aft,genes_only,0,1,56.23413251903491,0.028364969906096715,0.36242057839264885,0.398290830168204,0.28464382148863027,0.9857154914513486,0.8278179433142004,0.08345053147785428,0.806640625,0.8205269045475561,0.23456908448522226
xu2020,state_mean__Spout-Aft,joint,0,1,1.7782794100389228,0.31242562119841455,0.6449247029281833,0.6061448724905046,0.2394473428368286,0.8292010484778848,0.7176033647930008,0.05554074772385627,0.904296875,0.9262712295949009,0.20735043892274746
xu2020,state_mean__Tone-Aft,function_only,0,1,3.1622776601683795,0.7705491615919972,0.8787515220937934,0.8563483450895278,0.24161361446268845,0.47901026962591636,0.974197192175407,-0.010378470192469798,0.9951171875,0.9954274891774892,0.16446099846653242
xu2020,state_mean__Tone-Aft,genes_only,0,1,56.23413251903491,0.10191845437729852,0.3902260720074479,0.39793814432989694,0.47800722833889087,0.9476716444102042,0.9996967305864454,0.11322702706750097,0.7646484375,0.7913970139005709,0.229314720351399
xu2020,state_mean__Tone-Aft,joint,0,1,5.623413251903491,0.7783814162061538,0.8826131146727306,0.855127509495388,0.23745409603355289,0.4707638301664302,0.9784400735876572,-0.0027165317925691964,0.994140625,0.994314700311943,0.1631999509216792
xu2020,state_mean__Drink-Aft,function_only,1,2,10.0,0.45956994334960044,0.741261242268516,0.7054365495069176,0.15763164235701255,0.7351394810818956,1.2921343726719219,-0.0685940907269189,0.9453125,0.9521920710882726,0.2272915231085536
xu2020,state_mean__Drink-Aft,genes_only,1,2,56.23413251903491,0.12610420098168196,0.40089814917420513,0.36475620068397147,0.20044880840565185,0.9348239401139484,1.29243029102477,-0.044726791732165164,0.73974609375,0.8018613553901761,0.24212051981520633
xu2020,state_mean__Drink-Aft,joint,1,2,17.78279410038923,0.4551199075263458,0.737955837850456,0.6955965755156593,0.15827930096619902,0.7381599369165004,1.2674084132643155,-0.06913612489592498,0.9375,0.9467547722256231,0.22679008659574723
xu2020,state_mean__Drink-T,function_only,1,2,10.0,-0.006231703577526337,0.6569677821194385,0.6201134270129682,0.23713434736545438,1.003111012584855,0.5204023891060363,0.0691102728549124,0.8369140625,0.8761072188983543,0.2079865985244887
xu2020,state_mean__Drink-T,genes_only,1,2,100.0,-0.1340417286157658,0.27651222771418277,0.2777123536373954,0.2517444950986883,1.0649139536160521,0.39799833918105504,0.02778088019337591,0.67578125,0.7140501686180685,0.23828812803728616
xu2020,state_mean__Drink-T,joint,1,2,17.78279410038923,0.05846015739986077,0.6654184269096846,0.6400101145107105,0.2293848950046001,0.9703297597168571,0.5346175004347042,0.06311254320075811,0.8466796875,0.8820123370165883,0.20734065794798173
xu2020,state_mean__Eat-Hed,function_only,1,2,17.78279410038923,0.40540276905354444,0.6709845961932231,0.6592999313658202,0.39924897644787477,0.7711013104282464,0.9334157264914126,0.11542633710627345,0.9345703125,0.9421027127064995,0.18717790037369925
xu2020,state_mean__Eat-Hed,genes_only,1,2,56.23413251903491,0.10854410598735631,0.33073161563565434,0.3293404521595429,0.48885752041090413,0.9441694201832636,0.9235337422283408,0.022623680223385453,0.724609375,0.7250654098061472,0.23880687447586213
xu2020,state_mean__Eat-Hed,joint,1,2,31.622776601683793,0.3950807548398736,0.6481435361450507,0.6272947296174548,0.4026994820457919,0.7777655463941494,0.9179190369223449,0.08936168801811237,0.919921875,0.9309662618662287,0.1905432564394774
xu2020,state_mean__Eat-Hng,function_only,1,2,17.78279410038923,0.5499649887849152,0.7744941151451096,0.7838962540187119,0.3209999412460682,0.6708464885599417,1.3683286580567982,-0.03451995985772148,0.9462890625,0.9648792613636363,0.20103476311168342
xu2020,state_mean__Eat-Hng,genes_only,1,2,100.0,0.00015495188461644993,0.24002580409637475,0.26053188648295,0.47846277200914267,0.9999225210541087,0.729014774673641,0.14157914565839402,0.6689453125,0.679769882727901,0.24120782250718975
xu2020,state_mean__Eat-Hng,joint,1,2,31.622776601683793,0.5213450535264958,0.756042767975047,0.7641007116280749,0.33104960780019627,0.6918489332733725,1.3848304328420966,-0.039028592073597206,0.9462890625,0.9609178999720711,0.2033230923747539
xu2020,state_mean__Fear,function_only,1,2,3.1622776601683795,0.852871435911945,0.9240283663066786,0.938662717191056,0.24324438349078037,0.38357341420853314,1.033038077354244,-0.01575773322989285,0.9990234375,0.9990530303030303,0.13892396604783547
xu2020,state_mean__Fear,genes_only,1,2,56.23413251903491,0.10166938466097286,0.32157104596348174,0.3201650134353437,0.6010525214351595,0.9478030467012616,0.8854609621991489,0.032241668917606436,0.666015625,0.7043021423668352,0.24098777651110148
xu2020,state_mean__Fear,joint,1,2,5.623413251903491,0.8429240093879968,0.9190611564066653,0.9347325073149585,0.25133283301934867,0.39632813502388115,1.0454209013852624,-0.021676868486033556,0.9990234375,0.9990530303030303,0.14247379390396875
xu2020,state_mean__Feed-Aft,function_only,1,2,17.78279410038923,-0.18533836467729903,0.5674748216337426,0.5381280930534985,0.3829358933312201,1.0887324578015294,0.825651878162462,0.22836157803719362,0.845703125,0.852609156370286,0.21624423953667
xu2020,state_mean__Feed-Aft,genes_only,1,2,56.23413251903491,-0.22076593263800315,0.40031517190963706,0.34522046343181834,0.38861638324195713,1.1048827687275522,1.498647672085311,0.24775740420784498,0.7138671875,0.7462887658764654,0.2412539939009128
xu2020,state_mean__Feed-Aft,joint,1,2,17.78279410038923,-0.12047258514087344,0.6046885927897016,0.5763320449373261,0.37231070407691597,1.0585237763671171,0.8834940170231643,0.23158200109139884,0.8623046875,0.8777170253490612,0.21411828851127904
xu2020,state_mean__Ghrelin,function_only,1,2,31.622776601683793,0.31910864442039555,0.5910505792472202,0.6097741905810918,0.7063865609209772,0.825161411832869,0.8331800169115712,0.10785159340896319,0.8662109375,0.8984151302788546,0.17472164448041744
xu2020,state_mean__Ghrelin,genes_only,1,2,31.622776601683793,0.30077894350219603,0.551864293128702,0.5458024827544942,0.7158314365698176,0.8361943891800342,1.0463726038023078,0.04576649918353885,0.857421875,0.8403221351169625,0.19176468004996566
xu2020,state_mean__Ghrelin,joint,1,2,56.23413251903491,0.4292405784346155,0.6683182283551515,0.6938336462652513,0.6467405065508781,0.7554862153368856,0.9790844740802009,0.112068761175439,0.916015625,0.9381884949210899,0.16557717779901543
xu2020,state_mean__Leptin,function_only,1,2,10.0,-0.7952620653544664,0.3609319712187086,0.3457934472419897,0.5386623781775756,1.3398738990463004,0.2972641428160261,0.14924535658045868,0.6904296875,0.727034600473143,0.22539417973219114
xu2020,state_mean__Leptin,genes_only,1,2,100.0,-0.3272659160990281,0.09082602775721811,0.11501087326813124,0.4631606855160387,1.1520702739383677,0.2931970361482243,0.15990136936838042,0.568359375,0.6159774832056849,0.2485668485748213
xu2020,state_mean__Leptin,joint,1,2,17.78279410038923,-0.7244876840037966,0.3760281456956563,0.3506195137810208,0.5279378088632336,1.3131975038032997,0.3140522512704168,0.149063984344045,0.69921875,0.7333997866742212,0.22343071262069447
xu2020,state_mean__Saline,function_only,1,2,10.0,0.11800949925823923,0.36689953677500703,0.36629700538236465,0.622705593739252,0.9391434931569832,0.861491580274377,-0.043911642437766345,0.728515625,0.7305805277879771,0.22879100125652907
xu2020,state_mean__Saline,genes_only,1,2,177.82794100389228,-0.05235321351776978,-0.015261801406419192,0.01728883847795955,0.6801920927329428,1.0258426845840427,-0.10348866772803085,0.16045942531877266,0.4892578125,0.5560264997276785,0.25208151748811614
xu2020,state_mean__Saline,joint,1,2,17.78279410038923,0.1063746226015847,0.35279918451089914,0.3483943214247011,0.6267993824106255,0.9453176066252653,0.8654792343321797,-0.04957172038633078,0.7060546875,0.7187072213949653,0.23129161639826312
xu2020,state_mean__Spout-Aft,function_only,1,2,5.623413251903491,0.3619870660028095,0.7635577571330905,0.7318932196654988,0.3241326668786195,0.798757118274414,1.224817275360821,-0.20034087843729684,0.916015625,0.906399934501477,0.2043364349948322
xu2020,state_mean__Spout-Aft,genes_only,1,2,56.23413251903491,-0.05265720117813388,0.24762468171329333,0.23312116638876756,0.4163432652361222,1.0259908387373378,0.956003433270512,-0.13533945527358562,0.677734375,0.7124942148085616,0.24245285169082587
xu2020,state_mean__Spout-Aft,joint,1,2,10.0,0.372573991499793,0.7420923500841118,0.7058266806343242,0.32143215481173143,0.79210227148842,1.19281427478862,-0.17638907091765876,0.9130859375,0.9024364560852705,0.20504159104691702
xu2020,state_mean__Tone-Aft,function_only,1,2,3.1622776601683795,0.8278919167819037,0.9132117230992701,0.9177822893316487,0.2586895923757498,0.41485911249187274,1.0796400295341175,0.014835738056652514,0.9921875,0.99375,0.14747503920840702
xu2020,state_mean__Tone-Aft,genes_only,1,2,56.23413251903491,0.06224187574431317,0.2562796168155102,0.2419388632406384,0.603842588570297,0.9683791221689361,0.8834025916767851,-0.0095977033465218,0.62158203125,0.6563045916805513,0.24244811734808897
xu2020,state_mean__Tone-Aft,joint,1,2,5.623413251903491,0.8167086848069376,0.9058176837481062,0.9122192280579217,0.266961888761925,0.4281253498596814,1.05347229269405,0.019253451788913724,0.9912109375,0.993140243902439,0.14739373242063228
xu2020,state_mean__Drink-Aft,function_only,2,3,5.623413251903491,0.29882450871184263,0.5928101976190577,0.6185152057245081,0.18541008802323014,0.8373622222681316,0.7338709066082882,0.02555710786983899,0.8967009194159005,0.9173357741008696,0.22018058661767895
xu2020,state_mean__Drink-Aft,genes_only,2,3,56.23413251903491,-0.04062203490048866,0.22279407464837256,0.22099481490886663,0.2258741364593028,1.0201088348265048,0.8631710814471631,0.063485986523398,0.6652244456462955,0.6959246140682731,0.24614440842610352
xu2020,state_mean__Drink-Aft,joint,2,3,10.0,0.3255129677544635,0.6001144536867198,0.6266659212880143,0.18184727542330445,0.8212715946868272,0.8168658025004799,0.03190153081448138,0.9113034072471605,0.9326744185031535,0.22208345204041247
xu2020,state_mean__Drink-T,function_only,2,3,10.0,0.37345248166252765,0.6682077084010036,0.657753801431127,0.42917048733832275,0.7915475464778862,1.6106369158807337,-0.11648938422289676,0.8945375878853434,0.9099021931421858,0.2127431680977038
xu2020,state_mean__Drink-T,genes_only,2,3,100.0,0.030577552264515973,0.188055752456746,0.23674861290064994,0.5338378689782687,0.984592528781276,1.348553059536639,-0.05555203126599374,0.6544077879935101,0.628681150098811,0.2471177639243578
xu2020,state_mean__Drink-T,joint,2,3,17.78279410038923,0.3574446757245616,0.6545850363784205,0.643766771019678,0.43461839683464526,0.8015954866845673,1.6663805933937745,-0.08268174477325621,0.8907517577068685,0.8986515968145601,0.21506140218152037
xu2020,state_mean__Eat-Hed,function_only,2,3,0.5623413251903491,-0.032509012872474985,0.5118273755335344,0.4676431127012523,0.395545306923383,1.0161245065774027,0.5352213009901357,-0.006738454031194304,0.7404002163331531,0.7222697900252446,0.22174345019930045
xu2020,state_mean__Eat-Hed,genes_only,2,3,56.23413251903491,-0.045160474276939144,0.2927504948608683,0.273508406617815,0.3979612616383769,1.0223309025318414,0.7733319754839542,-0.077443663324325,0.6554894537587885,0.6798449872756405,0.24486537531451225
xu2020,state_mean__Eat-Hed,joint,2,3,1.0,-0.13625496836829143,0.5141999495738903,0.4685543381037568,0.41494182047104106,1.0659526107489272,0.5114443647024709,-0.01838421929316078,0.7463493780421849,0.7335912732562042,0.2211014874136557
xu2020,state_mean__Eat-Hng,function_only,2,3,3.1622776601683795,0.2066565017017653,0.6048163753089233,0.5960699910554563,0.39498259895086046,0.890698320585964,0.6028508369562511,0.030979983118343934,0.8826392644672796,0.8816703712645051,0.1864905845870104
xu2020,state_mean__Eat-Hng,genes_only,2,3,56.23413251903491,-0.013677227725640506,0.1809219618564873,0.15375047170653677,0.44647502960076013,1.0068153890962677,0.7080779797634497,-0.04456329247321821,0.6322336398053001,0.6633502188913301,0.24550284286377086
xu2020,state_mean__Eat-Hng,joint,2,3,3.1622776601683795,0.19403420809307004,0.5832877679900773,0.5741894007155636,0.39811233535501,0.8977559756990177,0.6040567049120417,0.024617093747226353,0.8761492698756084,0.868392905924374,0.19040170979044832
xu2020,state_mean__Fear,function_only,2,3,1.0,0.6634329882406439,0.8310711630037475,0.8252068425760288,0.26102052739750076,0.5801439577879443,0.8602619837854953,0.07140174688942696,0.9745808545159546,0.9708835022821031,0.16766437055307992
xu2020,state_mean__Fear,genes_only,2,3,56.23413251903491,0.14053264685774547,0.3917329336569906,0.40589230063641857,0.41711286189410307,0.927074621127358,1.0152055259049657,-0.05562268116933257,0.7593293672255272,0.7881507623784372,0.2391347106131957
xu2020,state_mean__Fear,joint,2,3,1.7782794100389228,0.6516559698912661,0.8275131598391896,0.8156305903398928,0.26554802482252143,0.5902067689438892,0.8449820682159146,0.07658454992754171,0.9745808545159544,0.9665142982397508,0.1675983139628779
xu2020,state_mean__Feed-Aft,function_only,2,3,5.623413251903491,0.29993504348275846,0.5865587978039402,0.5573848389982111,0.25800271846510053,0.8366988445747376,0.7364772894304231,-0.0029878782739515015,0.8588426176311519,0.8789316774179413,0.2136370794728753
xu2020,state_mean__Feed-Aft,genes_only,2,3,56.23413251903491,0.09847482553141851,0.3178007473983274,0.2781177062786473,0.29278177676997125,0.9494867953071986,0.8961766405086327,0.007531991768584614,0.6679286100594917,0.6851315752681562,0.24285935330170758
xu2020,state_mean__Feed-Aft,joint,2,3,5.623413251903491,0.22526486785164157,0.5651868788333908,0.5412734794275492,0.27141368277360367,0.8801903953937088,0.6529000464191334,0.006177113585830244,0.8501892915089236,0.8654621045070119,0.21330520624219917
xu2020,state_mean__Ghrelin,function_only,2,3,31.622776601683793,0.4014785812451057,0.6547290425488999,0.6600140599989764,0.5810976116546118,0.773641660430267,0.8018850579238109,-0.0074619988881298015,0.9378042184964845,0.9347406915067371,0.1591694513832644
xu2020,state_mean__Ghrelin,genes_only,2,3,31.622776601683793,0.27866050304777024,0.5523733721943291,0.571167814351102,0.637938919413411,0.849317076803657,1.1030826347240974,-0.1339533666078882,0.8858842617631152,0.8539382944302418,0.1970542529975926
xu2020,state_mean__Ghrelin,joint,2,3,56.23413251903491,0.4847688064893858,0.711373682886052,0.7099393579396334,0.5391508774732111,0.7177960667969994,0.8607265689173241,-0.0496333032436366,0.9680908599242835,0.9673878686156927,0.1480432447758392
xu2020,state_mean__Leptin,function_only,2,3,56.23413251903491,0.18995381850967363,0.7254726799377865,0.7570515346953062,0.6000537854526646,0.9000256560164807,2.2667881431484567,-0.39853902943566355,0.9383450513791238,0.9450220869557711,0.21079673481153144
xu2020,state_mean__Leptin,genes_only,2,3,316.22776601683796,-0.15155515153965893,0.21303947919598107,0.2749039843192454,0.715447320576453,1.0731053776476032,3.881974948860679,-0.5539719377868366,0.6860465116279069,0.7052237277977038,0.24846384316873632
xu2020,state_mean__Leptin,joint,2,3,100.0,0.15244428185676895,0.7158511263527458,0.7432880794083134,0.6137894500522235,0.9206278934187736,2.5327108179355227,-0.4248593038728256,0.9340183883180098,0.9425601964372665,0.21538729690643843
xu2020,state_mean__Saline,function_only,2,3,31.622776601683793,0.5181062958927611,0.8377783360271138,0.8682841610329358,0.4835277901851686,0.6941856409533801,2.032527733547215,0.02510412110728253,0.9908058409951326,0.9921514239745923,0.18866377285164565
xu2020,state_mean__Saline,genes_only,2,3,10000.0,-0.00231777098277397,0.17249828582951657,0.13401816911250872,0.6973463446224913,1.001158214759234,52.73713535307471,-4.537949133912233,0.5984315846403461,0.593743621153849,0.25034906684402836
xu2020,state_mean__Saline,joint,2,3,100.0,0.43186984491740166,0.840110502582751,0.8631437716598185,0.5250126094547725,0.7537440912411634,2.6522944198790372,-0.08142663317897643,0.9891833423472147,0.9902413995226197,0.20148733139213942
xu2020,state_mean__Spout-Aft,function_only,2,3,1.0,0.32326934587886136,0.6747529738183803,0.6635621645796065,0.21481396464094693,0.8226364045651978,0.7422774240987223,0.06600871493793357,0.9010275824770146,0.9064927088323071,0.21163651227514588
xu2020,state_mean__Spout-Aft,genes_only,2,3,100.0,0.008262226669759176,0.34341307631888973,0.4248046848117922,0.2600476978521203,0.995860318178531,1.4499510632729193,0.09746044073118328,0.7574364521362899,0.757038825639833,0.24382240343006484
xu2020,state_mean__Spout-Aft,joint,2,3,1.0,0.2536990723194157,0.6502389026252698,0.645622763864043,0.2255857055258889,0.8638871035470251,0.7232527975687524,0.07491206173099314,0.8977825851811789,0.9011739482153682,0.21281579628341787
xu2020,state_mean__Tone-Aft,function_only,2,3,1.0,0.6679811714361432,0.8409148337532519,0.8405970483005368,0.23091936123832446,0.5762107501272428,0.8321759771639018,-0.01069573675075834,0.9816116819902649,0.9870690228303218,0.1698744380623517
xu2020,state_mean__Tone-Aft,genes_only,2,3,100.0,0.08020001822441924,0.2976530340481009,0.3260024318636792,0.38434894148420307,0.9590620322851856,1.0531850869004782,-0.04554031130351982,0.7268793942671714,0.7498672753679005,0.2420933513262127
xu2020,state_mean__Tone-Aft,joint,2,3,1.7782794100389228,0.6647427617816246,0.8371029480564185,0.8359011627906978,0.23204278675335735,0.5790140224698381,0.846661884776767,-0.0174095758806531,0.9767441860465116,0.9838870656662515,0.17226740721651043
zhao2026,feat__evoked_checkerboard,function_only,0,M186,100.0,-0.4369446317629875,-0.6232237173609599,-0.7857142857142859,0.6798061460494468,1.1987262538869832,-3.4941445106160227,1.912828889332098,,,
zhao2026,feat__evoked_checkerboard,genes_only,0,M186,10000.0,-0.17727181894021293,0.6880759159232374,0.5357142857142858,0.6153234177655108,1.085021575332058,70.6528767852258,-25.285504198210827,,,
zhao2026,feat__evoked_checkerboard,joint,0,M186,1000.0,-0.1730013106994801,0.22093792059476314,0.03571428571428572,0.6142063728206838,1.0830518504186877,3.7225077096603245,-0.7381222868492335,,,
zhao2026,feat__evoked_grating_up,function_only,0,M186,17.78279410038923,-0.15487846496520086,0.2764571196747645,0.21428571428571433,0.2858556777849651,1.0746527183032284,0.36948044220051784,0.09402544798199045,,,
zhao2026,feat__evoked_grating_up,genes_only,0,M186,10000.0,-0.009595322010793828,-0.41494678947797825,-0.3571428571428572,0.26727131227712414,1.0047862071123406,-46.46022761078621,6.9528403937904155,,,
zhao2026,feat__evoked_grating_up,joint,0,M186,56.23413251903491,-0.1824085602651253,0.24282757646501915,-0.14285714285714288,0.28924273790974925,1.087386113694779,0.3317710825140367,0.08580350924491346,,,
zhao2026,feat__evoked_grating_down,function_only,0,M186,17.78279410038923,0.4813465138595783,0.8182329065369949,0.642857142857143,0.22358271223146764,0.720176010525955,1.2899157030741832,-0.14710638971530812,,,
zhao2026,feat__evoked_grating_down,genes_only,0,M186,562.341325190349,-0.2793115560285757,-0.4954269955188474,-0.25,0.35114600430765575,1.1310665568481522,-5.741944891794357,0.5319409653463464,,,
zhao2026,feat__evoked_grating_down,joint,0,M186,31.622776601683793,0.40759239609428866,0.8282107274218855,0.7500000000000002,0.23895156632051093,0.7696801958618235,2.2754962761107738,-0.13210474518761658,,,
zhao2026,feat__evoked_grating_left,function_only,0,M186,31.622776601683793,0.5555076875159626,0.9761327001725493,0.7857142857142859,0.3987936649078502,0.666702566728636,2.651150954867688,-0.11126783842853062,,,
zhao2026,feat__evoked_grating_left,genes_only,0,M186,1000.0,0.008958816911980194,0.3980168693087177,0.0,0.5954728631093775,0.9955105137991794,16.450769859651945,-2.542622759716885,,,
zhao2026,feat__evoked_grating_left,joint,0,M186,100.0,0.4034380566147554,0.9063572208927592,0.7857142857142859,0.46200204292554853,0.7723742249604463,3.2727892267592487,-0.22714423972825598,,,
zhao2026,feat__evoked_grating_right,function_only,0,M186,10.0,0.5952848803537383,0.8619536240886996,0.6071428571428572,0.36070242543253517,0.6361722405487638,1.7344978546866874,-0.22806193100474623,,,
zhao2026,feat__evoked_grating_right,genes_only,0,M186,10000.0,0.0019401475239636534,0.727308191187225,0.642857142857143,0.5664383395276087,0.9990294552577096,132.58478522165376,-25.50642103916031,,,
zhao2026,feat__evoked_grating_right,joint,0,M186,56.23413251903491,0.567121543224742,0.9431144803035294,0.7142857142857144,0.3730416593306921,0.6579349943373822,2.453029838373548,-0.3581786529555289,,,
zhao2026,feat__evoked_checkerboard,function_only,1,M190,56.23413251903491,-0.8270162694949472,1.0,0.9999999999999999,0.7358688999257683,1.3516716574258096,,,,,
zhao2026,feat__evoked_checkerboard,genes_only,1,M190,1778.2794100389228,-0.7367490080900339,1.0,0.9999999999999999,0.7174601286742306,1.3178577343870066,,,,,
zhao2026,feat__evoked_checkerboard,joint,1,M190,562.341325190349,-1.0232873591241396,1.0,0.9999999999999999,0.7743869496658718,1.4224230591201434,,,,,
zhao2026,feat__evoked_grating_up,function_only,1,M190,17.78279410038923,-18.957194248294947,1.0,0.9999999999999999,0.25420448367429405,4.467347562882644,,,,,
zhao2026,feat__evoked_grating_up,genes_only,1,M190,10000.0,-10.7739354088788,1.0,0.9999999999999999,0.19525145939227764,3.4313168621485506,,,,,
zhao2026,feat__evoked_grating_up,joint,1,M190,56.23413251903491,-6.010834111832108,1.0,0.9999999999999999,0.15066705856273668,2.6477979740882223,,,,,
zhao2026,feat__evoked_grating_down,function_only,1,M190,17.78279410038923,-1166.537147971905,1.0,0.9999999999999999,0.3549854921654785,34.169242715447204,,,,,
zhao2026,feat__evoked_grating_down,genes_only,1,M190,1778.2794100389228,-223.21766991204524,-1.0,-0.9999999999999999,0.15556438200785624,14.973899621303762,,,,,
zhao2026,feat__evoked_grating_down,joint,1,M190,31.622776601683793,-371.10716148056827,-1.0,-0.9999999999999999,0.20040532855028548,19.290079352064204,,,,,
zhao2026,feat__evoked_grating_left,function_only,1,M190,17.78279410038923,-18.567694435213845,-1.0,-0.9999999999999999,0.13662563133996455,4.423538677794822,,,,,
zhao2026,feat__evoked_grating_left,genes_only,1,M190,1000.0,-75.44298049224311,1.0,0.9999999999999999,0.27004190232400493,8.743167646070452,,,,,
zhao2026,feat__evoked_grating_left,joint,1,M190,56.23413251903491,-23.565022136500435,-1.0,-0.9999999999999999,0.15308087388020006,4.956311343621358,,,,,
zhao2026,feat__evoked_grating_right,function_only,1,M190,10.0,-8.021189748430354,1.0,0.9999999999999999,0.37516896251084053,3.003529548428966,,,,,
zhao2026,feat__evoked_grating_right,genes_only,1,M190,562.341325190349,-26.679742510833524,-1.0,-0.9999999999999999,0.6571674075905174,5.261154104413814,,,,,
zhao2026,feat__evoked_grating_right,joint,1,M190,56.23413251903491,-24.4229607158499,-1.0,-0.9999999999999999,0.6298078314230637,5.0421186732803935,,,,,
zhao2026,feat__evoked_checkerboard,function_only,2,M192,177.82794100389228,-0.019015876114553354,0.3287010636996872,0.44415584415584414,1.0227802754405346,1.009463162335576,5.8465227927619186,-1.5181166665980728,0.7755102040816327,0.7647186147186147,0.25187598070365264
zhao2026,feat__evoked_checkerboard,genes_only,2,M192,1000.0,-0.05832985645277944,-0.0030932457071633076,0.01818181818181818,1.042323172389844,1.0287516009468418,-0.14510007609690037,0.6450109193666163,0.4489795918367347,0.5142857142857142,0.25822177962587956
zhao2026,feat__evoked_checkerboard,joint,2,M192,562.341325190349,-0.037332911796472246,0.18125831697771994,0.17142857142857143,1.031931684748804,1.0184954156963226,3.9484469233349038,-0.8406628725787327,0.5306122448979592,0.6609977324263039,0.2560993245941349
zhao2026,feat__evoked_grating_up,function_only,2,M192,31.622776601683793,0.6507222843493771,0.8512916943131456,0.8220779220779221,0.31345476319322046,0.5909972213549789,1.3802104534078092,-0.01999982633308111,0.9591836734693877,0.9682539682539681,0.20232604494992956
zhao2026,feat__evoked_grating_up,genes_only,2,M192,3162.2776601683795,-0.14622738998876983,-0.0620441018747979,-0.011688311688311687,0.5678384881334837,1.0706200960118615,-2.6486361605407343,0.6289667392382755,0.5306122448979592,0.6333333333333333,0.250807297562663
zhao2026,feat__evoked_grating_up,joint,2,M192,100.0,0.40952461351797054,0.7232892443890563,0.6545454545454545,0.40755885571449746,0.76842396271837,1.4764523667087537,0.038996240931153336,0.9387755102040817,0.9379251700680271,0.2138778005006484
zhao2026,feat__evoked_grating_down,function_only,2,M192,17.78279410038923,0.38940223890329073,0.8042806282095049,0.7441558441558441,0.5364734839073548,0.7814075512144291,2.3184176703367876,-0.02604743835696284,0.979591836734694,0.982142857142857,0.20646080080238954
zhao2026,feat__evoked_grating_down,genes_only,2,M192,1000.0,-0.10453712546272675,0.05802514749512317,0.18571428571428572,0.7215406715519277,1.0509696120533214,1.5901071284085126,0.18964091368549338,0.7142857142857142,0.8102564102564103,0.24760119647948245
zhao2026,feat__evoked_grating_down,joint,2,M192,31.622776601683793,0.31771385153540477,0.6636549591685187,0.7324675324675325,0.5670925404249383,0.826006143114328,1.6247372675544327,0.0896574518328768,0.979591836734694,0.982142857142857,0.20267894709476328
zhao2026,feat__evoked_grating_left,function_only,2,M192,17.78279410038923,0.43462584223139933,0.6668659399926044,0.5571428571428572,0.3960093519067591,0.7519136637716154,1.0092287505415507,-0.05539542431789267,0.8367346938775511,0.8441043083900226,0.21564652740686865
zhao2026,feat__evoked_grating_left,genes_only,2,M192,10000.0,-0.013232146104022569,0.6936927880632879,0.42337662337662335,0.5301416740270822,1.0065943304530256,98.24056857717098,-14.466598922783488,0.6938775510204082,0.7892857142857141,0.2510096411921292
zhao2026,feat__evoked_grating_left,joint,2,M192,31.622776601683793,0.1050530667279087,0.4687608018514916,0.4727272727272727,0.4982371506944845,0.9460163493664858,0.630917528652584,0.018649621190648086,0.7959183673469388,0.8500927643784786,0.21670006682420076
zhao2026,feat__evoked_grating_right,function_only,2,M192,10.0,0.2329029869193725,0.5320783651150912,0.3064935064935065,0.47105895574431594,0.8758407464132821,0.7061758537599144,0.10569333782775009,0.7346938775510203,0.7988455988455987,0.2155351833100649
zhao2026,feat__evoked_grating_right,genes_only,2,M192,10000.0,-0.06939321832976542,0.31074900447359566,0.21688311688311687,0.5561844364575127,1.0341147026929793,39.13194621274858,-6.278909958010994,0.6326530612244897,0.765079365079365,0.25153913671253664
zhao2026,feat__evoked_grating_right,joint,2,M192,56.23413251903491,0.17170005558734636,0.4804998408070938,0.22857142857142856,0.4894901255643683,0.9101098529351134,0.66406575170502,0.1093375398995307,0.673469387755102,0.8108320251177392,0.21955581657069195
zhao2026,feat__evoked_checkerboard,function_only,3,M194,31.622776601683793,-1.2690811887850746,-0.19090564732469253,0.5,0.7326191424854008,1.5063469682565644,-0.2130693293470671,0.6314023510951149,,,
zhao2026,feat__evoked_checkerboard,genes_only,3,M194,3162.2776601683795,-0.038107172441732784,0.11501334082677958,-0.5,0.4955350065756256,1.0188754450066326,3.5395230126740587,-0.8821160489812073,,,
zhao2026,feat__evoked_checkerboard,joint,3,M194,562.341325190349,-0.11630145134047765,-0.39650303242306206,-0.5,0.5138590256411085,1.0565516794439764,-3.15035618256982,2.074466435737404,,,
zhao2026,feat__evoked_grating_up,function_only,3,M194,10.0,0.06584039423040444,0.9996440588204287,1.0,1.0041843367340606,0.966519325087604,4.874932981113855,-0.7136633522880681,,,
zhao2026,feat__evoked_grating_up,genes_only,3,M194,1000.0,-0.624747240309586,-0.9857829568462334,-0.5,1.3243287429658583,1.274655734034276,-32.53295358602528,4.879794082812449,,,
zhao2026,feat__evoked_grating_up,joint,3,M194,56.23413251903491,-0.004900518514380892,0.989863646740608,0.5,1.0415123789960188,1.0024472647039575,7.174625752955978,-1.779458488418697,,,
zhao2026,feat__evoked_grating_down,function_only,3,M194,10.0,-1.0729491522251262,0.8396256634298495,1.0,0.5067448399351377,1.4397739934494396,0.40423996719259053,0.16665087883431623,,,
zhao2026,feat__evoked_grating_down,genes_only,3,M194,316.22776601683796,-1.6722456170578837,-0.7336322327875544,-0.5,0.5753514303611184,1.6347004670711691,-3.0364862735114406,0.4085792868360124,,,
zhao2026,feat__evoked_grating_down,joint,3,M194,31.622776601683793,0.44068675783097644,0.834837636473629,1.0,0.26322222826577246,0.747872477208411,0.6404115792054373,0.1863232263920915,,,
zhao2026,feat__evoked_grating_left,function_only,3,M194,31.622776601683793,0.7280934725422157,0.9725165004475255,1.0,0.25808764029088377,0.5214465720058823,1.0408038824036252,-0.2503017230566503,,,
zhao2026,feat__evoked_grating_left,genes_only,3,M194,1000.0,-0.13509427241733674,-0.5284740993056434,-0.5,0.5273189228133228,1.0654080309499971,-10.809680404396039,1.5889373631500365,,,
zhao2026,feat__evoked_grating_left,joint,3,M194,56.23413251903491,0.8395453276760261,0.9671349006643114,1.0,0.19825930256648353,0.40056793721330913,1.1650483764143544,-0.20353504978731196,,,
zhao2026,feat__evoked_grating_right,function_only,3,M194,10.0,0.6377712416359649,0.9960036295759931,1.0,0.4261533383698684,0.6018544328681247,1.8753173978981847,-0.04869917666435041,,,
zhao2026,feat__evoked_grating_right,genes_only,3,M194,1000.0,-0.41539960577750934,0.1370772754028286,-0.5,0.84239148148781,1.1897056803148884,4.9977325009504,-0.17706753231461952,,,
zhao2026,feat__evoked_grating_right,joint,3,M194,56.23413251903491,0.5003361384764831,0.9738279905673881,1.0,0.500510740322375,0.706869055428306,1.7462671108108554,0.18592617809018333,,,
zhao2026,feat__evoked_checkerboard,function_only,4,M195,100.0,-0.30553634882606184,0.114042389490318,0.1398601398601399,0.4231905287820872,1.1426006952645409,0.31462792757277874,0.09179836870337241,0.625,0.6220238095238095,0.26402836865992885
zhao2026,feat__evoked_checkerboard,genes_only,4,M195,1000.0,-0.43779307728501027,-0.48632340005580044,-0.4265734265734266,0.44410907686015116,1.199080096272658,-4.630394497694587,2.216374712552114,0.3125,0.48214285714285715,0.26510352202778986
zhao2026,feat__evoked_checkerboard,joint,4,M195,562.341325190349,-0.5139239640083177,-0.26630294880270466,-0.4055944055944056,0.45571517147647383,1.2304161751213054,-1.29322518908664,0.7928723170065427,0.3125,0.475,0.26920891461078705
zhao2026,feat__evoked_grating_up,function_only,4,M195,10.0,0.4364676291717988,0.6830664825934037,0.18181818181818185,0.31590333106664137,0.7506879317169838,0.8575925303059092,-0.0346248635242994,0.625,0.7095238095238094,0.2335845761718949
zhao2026,feat__evoked_grating_up,genes_only,4,M195,1778.2794100389228,-0.053959748629751836,-0.10922756703766756,-0.07692307692307693,0.4320229159968893,1.0266254178738918,-4.908563044232136,0.9852064990203416,0.375,0.5,0.252607510649373
zhao2026,feat__evoked_grating_up,joint,4,M195,31.622776601683793,0.15597551960937717,0.6102544495344209,0.06993006993006995,0.3866092964626481,0.9187080495928026,0.9468812745058752,-0.18011050493201755,0.5,0.6428571428571428,0.24808281990350445
zhao2026,feat__evoked_grating_down,function_only,4,M195,17.78279410038923,0.6561849927575769,0.8420555397110736,0.2377622377622378,0.24591687917495725,0.5863574057183755,1.2860057150325308,-0.08342564312007104,0.625,0.7095238095238094,0.23504057547300816
zhao2026,feat__evoked_grating_down,genes_only,4,M195,316.22776601683796,-0.15085707083145583,-0.06301196571788789,0.0,0.44992136774069325,1.0727800663817202,-0.7221199583277086,0.17916370347426097,0.625,0.7291666666666666,0.25180643132931746
zhao2026,feat__evoked_grating_down,joint,4,M195,31.622776601683793,0.6341159110212498,0.8204261692816024,0.22377622377622378,0.2536866923604542,0.6048835333987904,1.19919624416252,-0.07983819846548326,0.5625,0.6845238095238095,0.2278185902076025
zhao2026,feat__evoked_grating_left,function_only,4,M195,31.622776601683793,0.5843606617068138,0.7866096218481379,0.34965034965034975,0.30447615255004035,0.6447009681173327,0.9684294965514865,0.09272386399957148,0.75,0.875,0.2094387981988696
zhao2026,feat__evoked_grating_left,genes_only,4,M195,3162.2776601683795,-0.0413716826678685,0.10242565976815372,0.32867132867132864,0.4819454036657215,1.0204762038692812,2.797457696582364,-0.20828482970842563,0.625,0.6220238095238095,0.25128003067741655
zhao2026,feat__evoked_grating_left,joint,4,M195,56.23413251903491,0.6586674656448461,0.8245462266556958,0.5384615384615385,0.27592039520322453,0.584236710891834,1.0945735462326645,-0.09177460957639431,0.75,0.875,0.2085783700858339
zhao2026,feat__evoked_grating_right,function_only,4,M195,5.623413251903491,0.40810469747349265,0.7227315343730298,0.23076923076923078,0.5484793922289412,0.7693473224265143,1.7455441377394825,-0.06442409501403698,0.75,0.875,0.22005579661370156
zhao2026,feat__evoked_grating_right,genes_only,4,M195,10000.0,-0.035320562830906566,-0.0034859848880994804,0.02097902097902098,0.7253962195596989,1.0175070333064054,-0.6251411591765935,0.4301508831473299,0.5625,0.6041666666666666,0.251912001322821
zhao2026,feat__evoked_grating_right,joint,4,M195,56.23413251903491,0.34751198811236395,0.6811511646873217,0.17482517482517487,0.575869578238093,0.8077673005796938,1.976285390303238,-0.22859960605910118,0.75,0.8303571428571428,0.2256448684769179
zhao2026,feat__evoked_checkerboard,function_only,5,M196,56.23413251903491,-0.32893691739181286,-0.06903654301561059,0.006923076923076924,0.48681465564612036,1.152795262562056,-0.19325262282017996,0.28192175540375486,0.5185185185185186,0.5705519244734931,0.2606659802046905
zhao2026,feat__evoked_checkerboard,genes_only,5,M196,10000.0,-0.23510395145175567,-0.1526368261425697,-0.16538461538461538,0.4693136834097841,1.1113523075271434,-7.461135454831967,3.2793732197600094,0.43209876543209874,0.47943322109988773,0.26041404917217903
zhao2026,feat__evoked_checkerboard,joint,5,M196,316.22776601683796,-0.22246013600621972,-0.20727970722024383,-0.13615384615384615,0.46690531111597994,1.1056491921040914,-0.6747368629812037,0.3587480030300087,0.4444444444444445,0.4832858499525166,0.25965750941997745
zhao2026,feat__evoked_grating_up,function_only,5,M196,17.78279410038923,0.5953993460270848,0.7946870772651505,0.7069230769230769,0.20018566824393383,0.6360822698129103,1.036717384379426,-0.06038355504558908,0.9135802469135803,0.9297008547008547,0.20913108986558368
zhao2026,feat__evoked_grating_up,genes_only,5,M196,10000.0,-0.4350508261767636,0.14420148486204748,0.11153846153846154,0.3770104024751665,1.1979360693157395,24.53629409279334,-4.494867312118497,0.6049382716049383,0.6935185185185184,0.2519721468286202
zhao2026,feat__evoked_grating_up,joint,5,M196,56.23413251903491,0.3882500526553321,0.7541827814821728,0.5961538461538461,0.2461538666795402,0.7821444542671004,1.0632210509349442,-0.1397502351917552,0.8641975308641976,0.898589065255732,0.2157622971083678
zhao2026,feat__evoked_grating_down,function_only,5,M196,17.78279410038923,0.49316808596629114,0.8167599306759871,0.7446153846153846,0.24095461288526104,0.7119212835916019,1.154965456805923,-0.1404920901728758,0.9382716049382716,0.9603174603174602,0.20908284789646395
zhao2026,feat__evoked_grating_down,genes_only,5,M196,10000.0,-0.48954871910275677,-0.018915325063221012,-0.10153846153846155,0.4130766291179029,1.2204706957129101,-2.6373736440752644,0.2298949334354672,0.37037037037037035,0.5061980684529703,0.25112234751883167
zhao2026,feat__evoked_grating_down,joint,5,M196,17.78279410038923,-0.09530354808494801,0.7073780865602484,0.6923076923076923,0.3542179093073466,1.0465675076546548,0.7507534231499579,-0.213844956797698,0.9135802469135803,0.9355089355089357,0.2059543252320482
zhao2026,feat__evoked_grating_left,function_only,5,M196,17.78279410038923,0.45141599073941363,0.7850633280006954,0.5253846153846153,0.4345391291116805,0.7406645727039441,1.8495954605252474,0.08198751971036808,0.8518518518518517,0.8808862433862434,0.21668362263804608
zhao2026,feat__evoked_grating_left,genes_only,5,M196,1000.0,-0.021760243067628027,-0.08754156119259429,-0.02923076923076923,0.5930370375343171,1.0108215683611748,-1.1717796593923389,0.27011198996269936,0.5061728395061729,0.5044518752852086,0.2512169043680557
zhao2026,feat__evoked_grating_left,joint,5,M196,56.23413251903491,0.13396935510627062,0.5759445205676892,0.3707692307692308,0.5459764967444161,0.9306076750654796,1.5376619266043263,0.2813192918608829,0.7283950617283951,0.7416666666666667,0.2298101676655395
zhao2026,feat__evoked_grating_right,function_only,5,M196,10.0,0.5048407293159107,0.7471641378528707,0.5546153846153846,0.33280359242587787,0.7036755436150921,0.9975161736128819,-0.10891329341874316,0.8641975308641975,0.9044753086419755,0.2006850276286481
zhao2026,feat__evoked_grating_right,genes_only,5,M196,10000.0,-0.12601612555172004,0.18507707868422596,0.26153846153846155,0.5018660911431772,1.0611390698428544,23.85825784452299,-5.126392580919801,0.7160493827160495,0.7297289130622464,0.25259417692874947
zhao2026,feat__evoked_grating_right,joint,5,M196,56.23413251903491,0.4640782679345914,0.7052702744613869,0.5130769230769231,0.3462312251446247,0.7320667538299649,1.0775142898805312,-0.0930192168487912,0.8024691358024691,0.8682498057498058,0.2069909243381016
zhao2026,feat__evoked_checkerboard,function_only,6,M199,177.82794100389228,-0.2218858082434665,0.3674222926988667,0.467032967032967,0.5565069484670994,1.1053894373652267,3.657790464411258,-1.3827110321443454,0.8024691358024691,0.8433641975308643,0.2545381066324236
zhao2026,feat__evoked_checkerboard,genes_only,6,M199,1000.0,-0.3660940543517228,0.02732115056366961,0.053113553113553105,0.588431050304491,1.168800262810672,0.2823969799408721,0.022069062182198756,0.5679012345679013,0.6858672192005526,0.26214992028905454
zhao2026,feat__evoked_checkerboard,joint,6,M199,562.341325190349,-0.34917804424130816,0.1477673370743164,0.14102564102564102,0.5847765024958488,1.1615412365628475,1.0531331117843268,-0.33089211801634555,0.617283950617284,0.6890944930160616,0.25967587513966284
zhao2026,feat__evoked_grating_up,function_only,6,M199,10.0,0.2881478849240121,0.6153951794778835,0.5653235653235653,0.33343543563054584,0.8437132896146567,1.449498582240505,0.07091409753536376,0.9012345679012346,0.9094356261022929,0.2211660509848166
zhao2026,feat__evoked_grating_up,genes_only,6,M199,10000.0,-0.00014723982887399067,0.02642817794889047,0.0927960927960928,0.3952290266361892,1.00007361720216,4.295679064746036,-0.49275375876487265,0.5432098765432098,0.6858193277310924,0.25125498815099595
zhao2026,feat__evoked_grating_up,joint,6,M199,17.78279410038923,-0.11821818505316828,0.3919830492860967,0.3571428571428571,0.41790747350975066,1.0574583609048203,0.7371973995720835,0.18282189486434003,0.7407407407407407,0.8329383035265387,0.22718996521825266
zhao2026,feat__evoked_grating_down,function_only,6,M199,17.78279410038923,0.13447051547367084,0.47824201167647,0.40964590964590963,0.2726694360315922,0.9303383709814524,0.6637741189496851,-0.029700844500817444,0.7160493827160495,0.7437127687127687,0.23050918142599214
zhao2026,feat__evoked_grating_down,genes_only,6,M199,562.341325190349,-0.09410237960004975,-0.040395209510171975,0.0006105006105006105,0.30656636736453535,1.0459934892687353,-0.3690608627661286,0.05772477884293656,0.5555555555555556,0.5552928008810362,0.25037091482170476
zhao2026,feat__evoked_grating_down,joint,6,M199,31.622776601683793,-0.1282865265686879,0.3593230668578622,0.3052503052503053,0.3113187137824541,1.0622083254056092,0.4291395621483594,-0.009531631361866615,0.6419753086419753,0.675939800939801,0.23552995984816003
zhao2026,feat__evoked_grating_left,function_only,6,M199,31.622776601683793,-0.15270188072669466,0.31784810742939185,0.37606837606837606,0.2400926835690305,1.0736395487855248,0.42380635539640676,-0.004791681939549148,0.7654320987654322,0.8212842712842714,0.23482444781495554
zhao2026,feat__evoked_grating_left,genes_only,6,M199,3162.2776601683795,-0.42643980225730105,0.33253480123878737,0.15567765567765565,0.2670835556124919,1.194336553172741,4.565808214127059,-0.8218119115958759,0.5925925925925926,0.7065748521630875,0.2515565278591852
zhao2026,feat__evoked_grating_left,joint,6,M199,56.23413251903491,-0.3123336760816673,0.3974314905194487,0.2588522588522589,0.2561784311733844,1.1455713317248866,0.41292397239506734,-0.015772330085189707,0.654320987654321,0.7338235294117648,0.23600363132203384
zhao2026,feat__evoked_grating_right,function_only,6,M199,10.0,0.12886716081358784,0.5118576139571535,0.48168498168498164,0.24821010814291594,0.9333449732975804,0.8881959513428275,-0.08009571901500147,0.7654320987654321,0.7782287157287158,0.23551358199105574
zhao2026,feat__evoked_grating_right,genes_only,6,M199,5623.413251903491,-0.4666313939043829,0.003043944927193942,-0.018925518925518924,0.32206071996516616,1.2110455787844459,0.1355574298254826,0.011984144529656507,0.49382716049382713,0.656837606837607,0.2531083963620076
zhao2026,feat__evoked_grating_right,joint,6,M199,56.23413251903491,0.05267968464257655,0.4883187423863316,0.45848595848595847,0.25883660593708946,0.9733038145154365,0.9979289701320165,-0.11429753877424785,0.7160493827160495,0.7624296999297,0.23978070122442607
zhao2026,feat__evoked_checkerboard,function_only,7,M220,177.82794100389228,-0.05617734659781526,0.6563271995120931,0.7230769230769231,0.8581199656865226,1.027704892756323,11.378665182587591,-3.209892035508421,0.9600000000000001,0.9666666666666666,0.24850559781720594
zhao2026,feat__evoked_checkerboard,genes_only,7,M220,10000.0,-0.11569215652642661,0.13021415954697702,0.16043956043956045,0.8819658563119062,1.0562632988624352,28.58104453706572,-9.425334157447995,0.72,0.7295238095238095,0.2572579400562259
zhao2026,feat__evoked_checkerboard,joint,7,M220,3162.2776601683795,-0.10518885599312511,0.4243941718110633,0.3186813186813187,0.8778045570861872,1.0512796278776062,28.12964976260254,-9.235236290391988,0.8400000000000001,0.8528571428571428,0.2555674827756307
zhao2026,feat__evoked_grating_up,function_only,7,M220,10.0,0.38939903232976336,0.6621877580622122,0.432967032967033,0.30141502745377,0.7814096030041292,1.4956449109385883,-0.0741318815930794,0.6399999999999999,0.7087301587301587,0.23821027521199678
zhao2026,feat__evoked_grating_up,genes_only,7,M220,10000.0,-0.004301118251849534,0.49958565488918016,0.5296703296703297,0.3865610834788333,1.0021482516307865,111.47804899422944,-16.609735456342616,0.76,0.7683333333333333,0.251223981661554
zhao2026,feat__evoked_grating_up,joint,7,M220,56.23413251903491,0.301991540271879,0.578719165779426,0.44175824175824174,0.32226749244550706,0.8354690058431263,1.4524685663842385,-0.04001895711708004,0.6000000000000001,0.6726190476190477,0.2441879618618969
zhao2026,feat__evoked_grating_down,function_only,7,M220,17.78279410038923,0.023722074888766875,0.4311502662479372,0.18681318681318684,0.23181297095998782,0.9880677735372765,0.5201785389146596,0.0064969997032907675,0.64,0.7392857142857143,0.23256831104791412
zhao2026,feat__evoked_grating_down,genes_only,7,M220,1000.0,-0.06939023255513876,0.3877224049523214,0.3802197802197802,0.2426158137226095,1.0341132590514555,6.50281776155525,-0.6738002491416921,0.8400000000000001,0.885,0.24909597321741028
zhao2026,feat__evoked_grating_down,joint,7,M220,31.622776601683793,-0.13408627450073585,0.5231474134452204,0.46373626373626364,0.24984694612549405,1.0649348686614915,0.5408798699746059,-0.04462591938707653,0.8400000000000001,0.911111111111111,0.22462188809200284
zhao2026,feat__evoked_grating_left,function_only,7,M220,17.78279410038923,-0.4806888267974847,0.4329600252007547,0.17362637362637365,0.30831191410380754,1.216835579191288,0.4406887450007569,-0.0535318927961973,0.52,0.6968253968253968,0.23760944275822413
zhao2026,feat__evoked_grating_left,genes_only,7,M220,1000.0,-0.36110418572290803,0.07364862116222454,0.01098901098901099,0.2955997705791682,1.1666636986347712,0.6718907308483131,-0.09464860601411983,0.52,0.6192857142857142,0.25006599015788733
zhao2026,feat__evoked_grating_left,joint,7,M220,56.23413251903491,-0.473728155115561,0.3600054316549774,0.15164835164835166,0.3075863781051671,1.2139720569699815,0.47269834606659206,-0.0663976278756963,0.52,0.7,0.24338249806385873
zhao2026,feat__evoked_grating_right,function_only,7,M220,10.0,0.3884872260285439,0.7966182977058517,0.5516483516483517,0.3020406053670963,0.7819928221974225,2.215849290119344,-0.03537128895185821,0.8,0.835,0.23115844659641413
zhao2026,feat__evoked_grating_right,genes_only,7,M220,3162.2776601683795,0.007300571583314652,0.14371961178041867,0.06813186813186813,0.384832242229847,0.996343027481773,5.07226542036849,-0.7784890517858369,0.64,0.6116666666666666,0.2514351307094208
zhao2026,feat__evoked_grating_right,joint,7,M220,56.23413251903491,0.4026148140920156,0.6957860121137575,0.5032967032967033,0.2985312432584732,0.7729069710546613,1.574837102606034,-0.032348327966543404,0.8,0.8583333333333332,0.22326593900918817
zhao2026,feat__evoked_checkerboard,function_only,8,M224,56.23413251903491,-0.003973105450844505,0.08536559512955845,0.08921023359288098,0.7051262555549599,1.001984583438284,0.5814593795038434,0.2153061207339775,0.54,0.6239032239690134,0.25337157442930947
zhao2026,feat__evoked_checkerboard,genes_only,8,M224,10000.0,-0.0075744061691285225,-0.047725814747314736,0.11368186874304784,0.7063897846969619,1.0037800586613908,-12.699323132854818,5.130114314240556,0.5700000000000001,0.6078732378732379,0.25830672912339553
zhao2026,feat__evoked_checkerboard,joint,8,M224,1000.0,0.0027101887322884544,0.07056465832158403,0.24360400444938823,0.7027753782774082,0.9986439862457879,1.4468009307481298,-0.14892461203499507,0.68,0.6675658113816009,0.2573442744138783
zhao2026,feat__evoked_grating_up,function_only,8,M224,10.0,-0.21818436975362454,0.3411182509230115,0.2836484983314794,0.40820839845482804,1.103713898502251,0.407913090593287,0.04425051901403279,0.7,0.751584249084249,0.23118732370727443
zhao2026,feat__evoked_grating_up,genes_only,8,M224,10000.0,0.0015235425138545589,0.1737142857343601,0.0389321468298109,0.36956798229270976,0.9992379383714102,32.38704740604372,-4.525558178545973,0.44999999999999996,0.5306545741839859,0.2513152514394915
zhao2026,feat__evoked_grating_up,joint,8,M224,31.622776601683793,-0.31123602008163953,0.26152536634525986,0.23203559510567295,0.4235121358396234,1.1450921447964566,0.3301635962339964,0.06284137433100369,0.6499999999999999,0.6529077784960138,0.23700825506568943
zhao2026,feat__evoked_grating_down,function_only,8,M224,17.78279410038923,0.031721553780947986,0.3583654710759151,0.5448275862068965,0.4502074852103636,0.9840114055308604,0.7050443423121973,0.14784936561159817,0.81,0.76502886002886,0.2236127136934536
zhao2026,feat__evoked_grating_down,genes_only,8,M224,10000.0,-0.10191954620651456,0.09646191216831296,0.18264738598442715,0.4802722815244733,1.049723557038565,15.08879307686063,-0.6475013422848465,0.61,0.5814736652236653,0.25007248257571746
zhao2026,feat__evoked_grating_down,joint,8,M224,31.622776601683793,0.03620610036421834,0.39051163313938925,0.5359288097886541,0.449163715424538,0.9817300543589202,0.7166063655314131,0.1572997116781242,0.79,0.7459262959262959,0.21936967637878105
zhao2026,feat__evoked_grating_left,function_only,8,M224,17.78279410038923,0.22768425336854026,0.4851550630506344,0.39221357063403783,0.45934618796970067,0.878814967230591,1.2081877417348368,-0.03243874249682793,0.76,0.8597744360902254,0.23219217160858494
zhao2026,feat__evoked_grating_left,genes_only,8,M224,562.341325190349,-0.06095468591939435,-0.03230632591832735,0.028253615127919914,0.538382691642341,1.030026546218754,-0.3075846681363761,0.2754684279578975,0.6000000000000001,0.6874333561175665,0.24984225576237745
zhao2026,feat__evoked_grating_left,joint,8,M224,56.23413251903491,0.14480481184937888,0.4452126673676405,0.44827586206896547,0.48336510650149767,0.9247676400844425,1.378911227239677,0.051812582614325475,0.86,0.8778860028860028,0.22755459031028322
zhao2026,feat__evoked_grating_right,function_only,8,M224,5.623413251903491,-0.14534016991602505,0.4100602363081008,0.3619577308120133,0.4104567258502697,1.0702056671079876,0.4320824866953119,0.1916756429653231,0.7500000000000001,0.8119064707222601,0.2312239550977382
zhao2026,feat__evoked_grating_right,genes_only,8,M224,562.341325190349,-0.1437989473242387,-0.15181686004920486,-0.13592880978865407,0.41018046812595255,1.06948536564007,-1.501595201048597,0.5488825224920967,0.44999999999999996,0.6041132018995795,0.25169750863978546
zhao2026,feat__evoked_grating_right,joint,8,M224,56.23413251903491,0.020914097707951607,0.34841949484987184,0.26273637374860953,0.379498906439255,0.9894876968850814,0.5391462202141238,0.15759321820148398,0.66,0.7593943994601888,0.23990060442065858
allen_vc2p,feat__osi_dg,function_only,0,donor495727015;donor496001358;donor497258322;donor501753157;donor576372685;donor576746148;donor593058284;donor617884009;donor659422762;donor664877009;donor685001097,5.623413251903491,0.27030438362037257,0.5550452142666121,0.5665322580645162,0.30364380576367844,0.8542222289167625,0.7420704467493708,0.23441422186663097,0.8016528925619835,0.8551109177903438,0.26725765044120653
allen_vc2p,feat__osi_dg,genes_only,0,donor495727015;donor496001358;donor497258322;donor501753157;donor576372685;donor576746148;donor593058284;donor617884009;donor659422762;donor664877009;donor685001097,31.622776601683793,-0.15016269243369584,0.04051161372265165,0.010899568142528617,0.3812178218771097,1.0724563825290168,0.13315335767526235,0.8222085536269654,0.49586776859504134,0.5454545454545454,0.28691256439597795
allen_vc2p,feat__osi_dg,joint,0,donor495727015;donor496001358;donor497258322;donor501753157;donor576372685;donor576746148;donor593058284;donor617884009;donor659422762;donor664877009;donor685001097,17.78279410038923,0.3037217547668416,0.5631462196155931,0.6036290322580645,0.296609441089875,0.8344328883914157,0.829607397446203,0.16066155052346523,0.8264462809917356,0.881166932482722,0.2677515295696072
allen_vc2p,feat__dsi_dg,function_only,0,donor495727015;donor496001358;donor497258322;donor501753157;donor576372685;donor576746148;donor593058284;donor617884009;donor659422762;donor664877009;donor685001097,10.0,0.631839720189918,0.811549842844717,0.8657258064516129,0.275552581742238,0.6067621278626911,1.2455388513737582,-0.17053112562013836,0.9917355371900827,0.9924242424242424,0.22531201416496752
allen_vc2p,feat__dsi_dg,genes_only,0,donor495727015;donor496001358;donor497258322;donor501753157;donor576372685;donor576746148;donor593058284;donor617884009;donor659422762;donor664877009;donor685001097,177.82794100389228,-0.10732095587024681,-0.05649197473636904,-0.12463419223847941,0.4778843169279314,1.052293189118589,-0.41186257493695105,1.0416732633559678,0.42148760330578505,0.4645021645021645,0.27722186897849127
allen_vc2p,feat__dsi_dg,joint,0,donor495727015;donor496001358;donor497258322;donor501753157;donor576372685;donor576746148;donor593058284;donor617884009;donor659422762;donor664877009;donor685001097,17.78279410038923,0.5841458839552713,0.8028119023563374,0.8556451612903226,0.29285761481278455,0.644867518210444,1.4176351700423429,-0.2802559041507442,0.9834710743801652,0.986013986013986,0.2294701003238229
allen_vc2p,feat__g_osi_dg,function_only,0,donor495727015;donor496001358;donor497258322;donor501753157;donor576372685;donor576746148;donor593058284;donor617884009;donor659422762;donor664877009;donor685001097,5.623413251903491,0.3762788185644689,0.6860031802313484,0.7535033811858887,0.19274079616009251,0.7897602050182192,0.711015191232583,0.20147283401255686,0.9008264462809916,0.8023887728433181,0.23280583888589657
allen_vc2p,feat__g_osi_dg,genes_only,0,donor495727015;donor496001358;donor497258322;donor501753157;donor576372685;donor576746148;donor593058284;donor617884009;donor659422762;donor664877009;donor685001097,100.0,-0.09278179711359336,0.20395919319368785,0.19336835472340816,0.2551203654084635,1.0453620411630784,0.8303539046878292,0.17896095553070054,0.6859504132231404,0.6818181818181819,0.26224971658062207
allen_vc2p,feat__g_osi_dg,joint,0,donor495727015;donor496001358;donor497258322;donor501753157;donor576372685;donor576746148;donor593058284;donor617884009;donor659422762;donor664877009;donor685001097,10.0,0.4363096876900726,0.7015934045581539,0.7490674501219096,0.18323088856597403,0.7507931221750156,0.7567916054396013,0.16392688575977046,0.9008264462809916,0.8023887728433181,0.23475804007555226
allen_vc2p,feat__g_dsi_dg,function_only,0,donor495727015;donor496001358;donor497258322;donor501753157;donor576372685;donor576746148;donor593058284;donor617884009;donor659422762;donor664877009;donor685001097,17.78279410038923,0.7716721243598732,0.8811334890702445,0.8822580645161291,0.1259300946402083,0.47783666209113146,1.0557381110414805,-0.015085597743059844,1.0,1.0,0.2199161235444917
allen_vc2p,feat__g_dsi_dg,genes_only,0,donor495727015;donor496001358;donor497258322;donor501753157;donor576372685;donor576746148;donor593058284;donor617884009;donor659422762;donor664877009;donor685001097,100.0,-0.31062373978543834,-0.24255920158025485,-0.2376579749338305,0.3017095637220278,1.1448247637850486,-1.221297255860582,1.0276415533586467,0.31404958677685946,0.4378787878787879,0.2661116724600241
allen_vc2p,feat__g_dsi_dg,joint,0,donor495727015;donor496001358;donor497258322;donor501753157;donor576372685;donor576746148;donor593058284;donor617884009;donor659422762;donor664877009;donor685001097,31.622776601683793,0.5742266910832108,0.7805749884949493,0.7399193548387097,0.17196468879211116,0.6525130718334755,1.0294048133403726,0.03505868004018768,0.9421487603305785,0.9515151515151516,0.2277042647891322
allen_vc2p,feat__osi_sg,function_only,0,donor495727015;donor496001358;donor497258322;donor501753157;donor576372685;donor576746148;donor593058284;donor617884009;donor659422762;donor664877009;donor685001097,31.622776601683793,-0.02458497478807886,0.28404954649552616,0.26290322580645165,0.3210690946704999,1.012217849467998,0.6455075867153232,0.44706400109483685,0.6446280991735538,0.635440317258499,0.2981381309690685
allen_vc2p,feat__osi_sg,genes_only,0,donor495727015;donor496001358;donor497258322;donor501753157;donor576372685;donor576746148;donor593058284;donor617884009;donor659422762;donor664877009;donor685001097,562.341325190349,-0.1609054892941424,-0.1912898103185692,-0.08743349227376218,0.34176134833873534,1.0774532422740315,-2.0256181664204624,3.0998561562262634,0.4421487603305785,0.4805194805194805,0.30254592905219985
allen_vc2p,feat__osi_sg,joint,0,donor495727015;donor496001358;donor497258322;donor501753157;donor576372685;donor576746148;donor593058284;donor617884009;donor659422762;donor664877009;donor685001097,56.23413251903491,-0.12819727235646994,0.20513396738366493,0.22056451612903227,0.33691243052131253,1.0621663110593165,0.5411133076392614,0.5675397790927332,0.6198347107438016,0.688785583103765,0.29615036089928276
allen_vc2p,feat__g_osi_sg,function_only,0,donor495727015;donor496001358;donor497258322;donor501753157;donor576372685;donor576746148;donor593058284;donor617884009;donor659422762;donor664877009;donor685001097,31.622776601683793,0.13038392800013443,0.456789150955648,0.3653225806451613,0.17883674332273428,0.9325320755828167,0.7739606291658894,0.11669392462456309,0.71900826446281,0.6487676761740933,0.26785120101459037
allen_vc2p,feat__g_osi_sg,genes_only,0,donor495727015;donor496001358;donor497258322;donor501753157;donor576372685;donor576746148;donor593058284;donor617884009;donor659422762;donor664877009;donor685001097,56.23413251903491,-0.16542220919341255,-0.21311723960857623,-0.11112820562708525,0.2070306372146587,1.079547224155228,-0.8683283520924552,1.2702112370011016,0.47107438016528935,0.5454545454545454,0.2777103891440045
allen_vc2p,feat__g_osi_sg,joint,0,donor495727015;donor496001358;donor497258322;donor501753157;donor576372685;donor576746148;donor593058284;donor617884009;donor659422762;donor664877009;donor685001097,31.622776601683793,0.1361684802109041,0.4849085914578479,0.43870967741935485,0.17824095365433537,0.9294253707426363,0.8167961633874151,0.07792401838565505,0.7520661157024794,0.7124887738524103,0.2678807378235255
allen_vc2p,feat__sfdi_sg,function_only,0,donor495727015;donor496001358;donor497258322;donor501753157;donor576372685;donor576746148;donor593058284;donor617884009;donor659422762;donor664877009;donor685001097,31.622776601683793,0.4477949687967969,0.673180427673128,0.6375000000000001,0.05325771411955838,0.7431049933810114,1.0497038848774822,-0.009519527559284034,0.9256198347107437,0.9404580565008374,0.24760028230535266
allen_vc2p,feat__sfdi_sg,genes_only,0,donor495727015;donor496001358;donor497258322;donor501753157;donor576372685;donor576746148;donor593058284;donor617884009;donor659422762;donor664877009;donor685001097,31.622776601683793,0.0510253634300083,0.2566943110282632,0.2670394194919511,0.06981675268278471,0.9741532921175748,1.1530727969865773,-0.03494269184693023,0.640495867768595,0.5961038961038961,0.25400892810079906
allen_vc2p,feat__sfdi_sg,joint,0,donor495727015;donor496001358;donor497258322;donor501753157;donor576372685;donor576746148;donor593058284;donor617884009;donor659422762;donor664877009;donor685001097,56.23413251903491,0.4505237120775355,0.6770171499537694,0.6233870967741936,0.05312596359155495,0.741266677995936,1.1397424288182005,-0.04323373907860229,0.8760330578512396,0.9032679738562093,0.24852334990262523
allen_vc2p,feat__tfdi_dg,function_only,0,donor495727015;donor496001358;donor497258322;donor501753157;donor576372685;donor576746148;donor593058284;donor617884009;donor659422762;donor664877009;donor685001097,100.0,0.1235539730747438,0.3647608842454217,0.2520161290322581,0.06436130820790464,0.9361869615091629,1.0619194835680232,-0.014798929725735668,0.7107438016528925,0.7808014354066986,0.2551037018910354
allen_vc2p,feat__tfdi_dg,genes_only,0,donor495727015;donor496001358;donor497258322;donor501753157;donor576372685;donor576746148;donor593058284;donor617884009;donor659422762;donor664877009;donor685001097,17.78279410038923,-0.2292340164847153,-0.16107656903040132,-0.4156052722172869,0.07622186302273831,1.1087082648059203,-0.8807010413955706,0.6379712214576944,0.25619834710743805,0.44385026737967914,0.2574249182326525
allen_vc2p,feat__tfdi_dg,joint,0,donor495727015;donor496001358;donor497258322;donor501753157;donor576372685;donor576746148;donor593058284;donor617884009;donor659422762;donor664877009;donor685001097,177.82794100389228,0.02070701975648659,0.2476039859754309,0.11733870967741936,0.0680328391551235,0.9895923303133589,1.0120235939250017,0.009795749540527409,0.5702479338842975,0.6542518486298391,0.2561438699403605
allen_vc2p,feat__pref_tf_dg,function_only,0,donor495727015;donor496001358;donor497258322;donor501753157;donor576372685;donor576746148;donor593058284;donor617884009;donor659422762;donor664877009;donor685001097,177.82794100389228,-0.044330287373360644,0.04810107892243765,0.010479250341244924,4.220332999231343,1.021924795360625,0.21549994594845895,2.3169098709964704,0.5041666666666667,0.6047809711904428,0.4514922952177803
allen_vc2p,feat__pref_tf_dg,genes_only,0,donor495727015;donor496001358;donor497258322;donor501753157;donor576372685;donor576746148;donor593058284;donor617884009;donor659422762;donor664877009;donor685001097,316.22776601683796,-0.06661078743489535,-0.017760360433884435,-0.005644751070052495,4.265115228775478,1.0327685062173317,-0.318771436791068,4.410481659465133,0.5104166666666667,0.5292818740399385,0.4679224410745617
allen_vc2p,feat__pref_tf_dg,joint,0,donor495727015;donor496001358;donor497258322;donor501753157;donor576372685;donor576746148;donor593058284;donor617884009;donor659422762;donor664877009;donor685001097,177.82794100389228,-0.05321283814638411,0.06043839033225821,0.03252933960094778,4.238243016637215,1.0262615836841373,0.26496735784962794,2.090669903675507,0.5166666666666666,0.604425675241953,0.4491376312595136
allen_vc2p,feat__pref_sf_sg,function_only,0,donor495727015;donor496001358;donor497258322;donor501753157;donor576372685;donor576746148;donor593058284;donor617884009;donor659422762;donor664877009;donor685001097,5623.413251903491,-0.14867670814063216,0.07309234127014473,0.08870777248800782,0.039781504725029074,1.0717633638442485,3.093520527518652,-0.14195130516570145,0.5336134453781513,0.575804834597426,0.24876237118697672
allen_vc2p,feat__pref_sf_sg,genes_only,0,donor495727015;donor496001358;donor497258322;donor501753157;donor576372685;donor576746148;donor593058284;donor617884009;donor659422762;donor664877009;donor685001097,177.82794100389228,-0.35867160189302005,-0.2112878512552359,-0.10994801028308482,0.043265282899538106,1.1656206938021525,-0.7535183530724414,0.09269558600132732,0.4453781512605043,0.5300750798853265,0.24924884409284354
allen_vc2p,feat__pref_sf_sg,joint,0,donor495727015;donor496001358;donor497258322;donor501753157;donor576372685;donor576746148;donor593058284;donor617884009;donor659422762;donor664877009;donor685001097,562.341325190349,-0.20967696293470484,-0.04233917779358696,-0.022607563376798107,0.04082413615172269,1.0998531551391417,-0.20443871290945867,0.05887970526326826,0.4579831932773109,0.5268548972903413,0.24897468025488265
allen_vc2p,feat__reliability_dg,function_only,0,donor495727015;donor496001358;donor497258322;donor501753157;donor576372685;donor576746148;donor593058284;donor617884009;donor659422762;donor664877009;donor685001097,31.622776601683793,0.26474663834947376,0.5333896628894308,0.6354838709677421,0.12559454499300646,0.8574691607518528,0.8143402019872192,0.0151474140768918,0.859504132231405,0.8847831461467826,0.2365938619832055
allen_vc2p,feat__reliability_dg,genes_only,0,donor495727015;donor496001358;donor497258322;donor501753157;donor576372685;donor576746148;donor593058284;donor617884009;donor659422762;donor664877009;donor685001097,17.78279410038923,-0.0436414642550631,0.1129721327587263,0.3916736117304306,0.14963318846189358,1.02158771735021,0.3604118848062286,0.0878708578748366,0.6776859504132231,0.6550802139037434,0.24789111326846047
allen_vc2p,feat__reliability_dg,joint,0,donor495727015;donor496001358;donor497258322;donor501753157;donor576372685;donor576746148;donor593058284;donor617884009;donor659422762;donor664877009;donor685001097,31.622776601683793,0.30069955601318765,0.554526102285747,0.6181451612903227,0.1224853561909675,0.836241857345866,0.9358827216525819,-0.0018974425349519482,0.8760330578512396,0.8907041191132101,0.23766480972454768
allen_vc2p,feat__reliability_sg,function_only,0,donor495727015;donor496001358;donor497258322;donor501753157;donor576372685;donor576746148;donor593058284;donor617884009;donor659422762;donor664877009;donor685001097,31.622776601683793,0.2827589090877023,0.5700687381444073,0.5798387096774194,0.0856550679898205,0.846900874304729,0.7399959589885035,0.022468112588284416,0.9090909090909091,0.9386724386724388,0.23785213403503727
allen_vc2p,feat__reliability_sg,genes_only,0,donor495727015;donor496001358;donor497258322;donor501753157;donor576372685;donor576746148;donor593058284;donor617884009;donor659422762;donor664877009;donor685001097,177.82794100389228,-0.014772016019390044,0.11766003149802125,0.27249978251493656,0.10188370368785571,1.0073589310664415,0.7408153531425187,0.03810974704342399,0.6900826446280992,0.6205128205128205,0.24940673536385563
allen_vc2p,feat__reliability_sg,joint,0,donor495727015;donor496001358;donor497258322;donor501753157;donor576372685;donor576746148;donor593058284;donor617884009;donor659422762;donor664877009;donor685001097,100.0,0.2994813162126887,0.5510644681404908,0.5455645161290323,0.08465065919828642,0.8369699419772845,0.8960489490320297,0.009430826789818096,0.8760330578512397,0.9196969696969699,0.24047654319623746
allen_vc2p,feat__reliability_ns,function_only,0,donor495727015;donor496001358;donor497258322;donor501753157;donor576372685;donor576746148;donor593058284;donor617884009;donor659422762;donor664877009;donor685001097,31.622776601683793,0.49557503661721647,0.7497723950402301,0.6201612903225807,0.16100235486706677,0.7102288105803178,1.3245436663556283,-0.025482149118242124,0.8181818181818181,0.8641395154553051,0.23279889382430827
allen_vc2p,feat__reliability_ns,genes_only,0,donor495727015;donor496001358;donor497258322;donor501753157;donor576372685;donor576746148;donor593058284;donor617884009;donor659422762;donor664877009;donor685001097,56.23413251903491,-0.1431308069990156,-0.24803530172418928,-0.4871633065443226,0.24237169894689406,1.0691729546658624,-5.857988721128425,1.2275103286949012,0.18595041322314051,0.4590909090909091,0.252672236959647
allen_vc2p,feat__reliability_ns,joint,0,donor495727015;donor496001358;donor497258322;donor501753157;donor576372685;donor576746148;donor593058284;donor617884009;donor659422762;donor664877009;donor685001097,56.23413251903491,0.36267089131469554,0.7401237890678973,0.585483870967742,0.18097384760774105,0.7983289476648592,1.7663993078834932,-0.07399757620173264,0.7933884297520661,0.8505031518189414,0.23839818535365923
allen_vc2p,feat__reliability_nm1_a,function_only,0,donor495727015;donor496001358;donor497258322;donor501753157;donor576372685;donor576746148;donor593058284;donor617884009;donor659422762;donor664877009;donor685001097,177.82794100389228,0.16912385892258053,0.5736305050874881,0.5822580645161292,0.14690204013437563,0.9115240759667889,1.972101157760449,-0.09539098101876399,0.8512396694214875,0.8884133543224453,0.24353842780049756
allen_vc2p,feat__reliability_nm1_a,genes_only,0,donor495727015;donor496001358;donor497258322;donor501753157;donor576372685;donor576746148;donor593058284;donor617884009;donor659422762;donor664877009;donor685001097,10.0,-0.25297905683813915,0.027051560132538774,0.278175934768013,0.18039794628140485,1.119365470622794,0.11691800253670324,0.17698117488072862,0.6363636363636365,0.5868686868686869,0.24872256915700303
allen_vc2p,feat__reliability_nm1_a,joint,0,donor495727015;donor496001358;donor497258322;donor501753157;donor576372685;donor576746148;donor593058284;donor617884009;donor659422762;donor664877009;donor685001097,177.82794100389228,0.10798515987997703,0.526657681481068,0.6080645161290323,0.15221088914122688,0.9444653726362617,1.9371779198606411,-0.07771048549923154,0.8512396694214877,0.8697264856355766,0.24409932902627016
allen_vc2p,feat__reliability_nm3,function_only,0,donor495727015;donor496001358;donor497258322;donor501753157;donor576372685;donor576746148;donor593058284;donor617884009;donor659422762;donor664877009;donor685001097,56.23413251903491,0.2136337640459155,0.47038589320234525,0.3842741935483871,0.15144336177564116,0.8867729337011112,1.180486677325243,-0.044688341113343064,0.7190082644628099,0.8033008658008658,0.2457446645773616
allen_vc2p,feat__reliability_nm3,genes_only,0,donor495727015;donor496001358;donor497258322;donor501753157;donor576372685;donor576746148;donor593058284;donor617884009;donor659422762;donor664877009;donor685001097,31.622776601683793,0.09600629065482713,0.4132238319334557,0.5466370370611636,0.1623755057588691,0.9507858377860843,1.7091516321537477,-0.07416138500661476,0.7851239669421488,0.7019822282980178,0.24708119563715722
allen_vc2p,feat__reliability_nm3,joint,0,donor495727015;donor496001358;donor497258322;donor501753157;donor576372685;donor576746148;donor593058284;donor617884009;donor659422762;donor664877009;donor685001097,56.23413251903491,0.3208875129974672,0.5816250928507677,0.5411290322580646,0.1407371236034795,0.8240828156165979,1.2901269569176355,-0.05953874451031683,0.8016528925619835,0.8378639334521687,0.24264956288922204
allen_vc2p,feat__run_mod_dg,function_only,0,donor495727015;donor496001358;donor497258322;donor501753157;donor576372685;donor576746148;donor593058284;donor617884009;donor659422762;donor664877009;donor685001097,177.82794100389228,-0.14976257805559623,0.06452900529100102,0.015725806451612905,0.5468506329552703,1.0722698252077634,0.19535868156367145,0.4398486639668498,0.47107438016528924,0.5126481705429073,0.2633245610654823
allen_vc2p,feat__run_mod_dg,genes_only,0,donor495727015;donor496001358;donor497258322;donor501753157;donor576372685;donor576746148;donor593058284;donor617884009;donor659422762;donor664877009;donor685001097,100.0,-0.17779442763124953,0.030870510922144156,-0.038622382765916626,0.5534767499822958,1.0852623773201717,0.13646741321677042,0.4672791157947329,0.4256198347107437,0.4621848739495798,0.26169455737916225
allen_vc2p,feat__run_mod_dg,joint,0,donor495727015;donor496001358;donor497258322;donor501753157;donor576372685;donor576746148;donor593058284;donor617884009;donor659422762;donor664877009;donor685001097,177.82794100389228,-0.1898989206337922,0.08404195268904864,-0.044758064516129036,0.5563135905717491,1.0908248808260317,0.2229738280914302,0.434904956651956,0.4049586776859505,0.45113896798388775,0.26523577534142273
allen_vc2p,feat__run_mod_sg,function_only,0,donor495727015;donor496001358;donor497258322;donor501753157;donor576372685;donor576746148;donor593058284;donor617884009;donor659422762;donor664877009;donor685001097,1000.0,0.024221903974645742,0.31254918248580404,0.18830645161290324,0.547448294006601,0.987814808565772,4.530038743995091,-1.4348287264073984,0.6611570247933884,0.6912567230749048,0.2559388063929711
allen_vc2p,feat__run_mod_sg,genes_only,0,donor495727015;donor496001358;donor497258322;donor501753157;donor576372685;donor576746148;donor593058284;donor617884009;donor659422762;donor664877009;donor685001097,177.82794100389228,-0.0811540755386162,-0.2499132398207446,-0.07179498146056894,0.5762505715283823,1.039785591136324,-1.9621587741573716,0.9146777463220321,0.48760330578512395,0.5,0.2586799141007433
allen_vc2p,feat__run_mod_sg,joint,0,donor495727015;donor496001358;donor497258322;donor501753157;donor576372685;donor576746148;donor593058284;donor617884009;donor659422762;donor664877009;donor685001097,316.22776601683796,-0.0010544844884667892,0.10114556282890534,0.11895161290322583,0.5544934648399026,1.0005271033234702,0.5557311300886977,0.12177929998012989,0.6280991735537189,0.6395378537089768,0.2537253889586822
allen_vc2p,feat__run_mod_ns,function_only,0,donor495727015;donor496001358;donor497258322;donor501753157;donor576372685;donor576746148;donor593058284;donor617884009;donor659422762;donor664877009;donor685001097,10000.0,-0.042352057980658886,0.21821186241207588,0.1463709677419355,0.5197998729425015,1.0209564427420812,40.93398007866887,-11.122219350980506,0.578512396694215,0.5482861768746936,0.2547805795041874
allen_vc2p,feat__run_mod_ns,genes_only,0,donor495727015;donor496001358;donor497258322;donor501753157;donor576372685;donor576746148;donor593058284;donor617884009;donor659422762;donor664877009;donor685001097,100.0,-0.10277539873047292,-0.02151222941325593,0.02085134775092431,0.5346535926569789,1.0501311340619042,-0.10132686161525038,0.41681725337400677,0.47107438016528924,0.517982017982018,0.2611984674087833
allen_vc2p,feat__run_mod_ns,joint,0,donor495727015;donor496001358;donor497258322;donor501753157;donor576372685;donor576746148;donor593058284;donor617884009;donor659422762;donor664877009;donor685001097,562.341325190349,-0.025964049234515008,0.11808046876159735,0.18225806451612905,0.5156975004137794,1.012898834647609,1.0969819653441826,0.07371329680041822,0.5702479338842975,0.5402219391453841,0.25592079098590986
allen_vc2p,feat__peak_dff_dg,function_only,0,donor495727015;donor496001358;donor497258322;donor501753157;donor576372685;donor576746148;donor593058284;donor617884009;donor659422762;donor664877009;donor685001097,56.23413251903491,0.37401986641547946,0.6154395378802009,0.5951612903225807,16.483759510587213,0.7911890631097351,1.031115643605438,-1.9681608526771968,0.9173553719008264,0.9340829624920535,0.4628942305506168
allen_vc2p,feat__peak_dff_dg,genes_only,0,donor495727015;donor496001358;donor497258322;donor501753157;donor576372685;donor576746148;donor593058284;donor617884009;donor659422762;donor664877009;donor685001097,316.22776601683796,0.18023271106454508,0.5048811404491276,0.4682075358616641,18.86345702186945,0.9054100115060449,2.0673871457185844,-15.095399522617965,0.7520661157024794,0.6951871657754012,0.49999883187921124
allen_vc2p,feat__peak_dff_dg,joint,0,donor495727015;donor496001358;donor497258322;donor501753157;donor576372685;donor576746148;donor593058284;donor617884009;donor659422762;donor664877009;donor685001097,100.0,0.5701564531273298,0.7752721543562787,0.7536290322580645,13.659386699017098,0.6556245471858334,1.2680972714586842,-6.354876346740381,0.9752066115702479,0.9777495232040687,0.4537420498322986
allen_vc2p,feat__image_sel_ns,function_only,0,donor495727015;donor496001358;donor497258322;donor501753157;donor576372685;donor576746148;donor593058284;donor617884009;donor659422762;donor664877009;donor685001097,56.23413251903491,0.34441494226514,0.5973334406437816,0.46532258064516135,0.1549723025556497,0.8096820720060495,1.2032367717658057,-0.11931519925668026,0.7355371900826446,0.8106007554536967,0.2576373517119984
allen_vc2p,feat__image_sel_ns,genes_only,0,donor495727015;donor496001358;donor497258322;donor501753157;donor576372685;donor576746148;donor593058284;donor617884009;donor659422762;donor664877009;donor685001097,100.0,-0.014530717098575563,0.0980025192954717,0.07274276999470186,0.19278452197954685,1.007239155855239,0.627165232959789,0.21629702535095838,0.5950413223140496,0.5909090909090909,0.26355721470021437
allen_vc2p,feat__image_sel_ns,joint,0,donor495727015;donor496001358;donor497258322;donor501753157;donor576372685;donor576746148;donor593058284;donor617884009;donor659422762;donor664877009;donor685001097,56.23413251903491,0.43768261901317906,0.6849494213844373,0.6185483870967743,0.14352591238349952,0.749878244104298,1.3257667626120018,-0.18811920987969463,0.8347107438016529,0.8766233766233766,0.25416539650916875
allen_vc2p,feat__time_to_peak_ns,function_only,0,donor495727015;donor496001358;donor497258322;donor501753157;donor576372685;donor576746148;donor593058284;donor617884009;donor659422762;donor664877009;donor685001097,3162.2776601683795,-0.02220681826182469,0.3750654468547017,0.18731103047533987,0.09956965002918412,1.0110424413648844,25.80330937703817,-7.206311534993045,0.5476190476190477,0.6796609439801661,0.26071366925305417
allen_vc2p,feat__time_to_peak_ns,genes_only,0,donor495727015;donor496001358;donor497258322;donor501753157;donor576372685;donor576746148;donor593058284;donor617884009;donor659422762;donor664877009;donor685001097,100.0,-0.05039463600357852,0.13210637326780617,0.2558786398254974,0.10093315332952747,1.0248876211479223,0.7377131405591649,0.09969209957596413,0.6517857142857143,0.5761562998405103,0.2591625582839333
allen_vc2p,feat__time_to_peak_ns,joint,0,donor495727015;donor496001358;donor497258322;donor501753157;donor576372685;donor576746148;donor593058284;donor617884009;donor659422762;donor664877009;donor685001097,316.22776601683796,0.020426697359534396,0.29777436539520663,0.2946056984175249,0.09747114417435165,0.9897339554751935,2.3507734055751754,-0.3718530736423087,0.6726190476190477,0.630664164052322,0.25986519711708517
allen_vc2p,feat__time_to_peak_sg,function_only,0,donor495727015;donor496001358;donor497258322;donor501753157;donor576372685;donor576746148;donor593058284;donor617884009;donor659422762;donor664877009;donor685001097,316.22776601683796,-0.001881315141462503,0.45671751608637645,0.5247422380944309,0.07390869639015014,1.0009402155545184,2.2871257567810552,-0.3404204033187102,0.8137254901960784,0.8663691700456406,0.2409200799099765
allen_vc2p,feat__time_to_peak_sg,genes_only,0,donor495727015;donor496001358;donor497258322;donor501753157;donor576372685;donor576746148;donor593058284;donor617884009;donor659422762;donor664877009;donor685001097,562.341325190349,-0.20435409226185208,-0.14968613628615335,-0.17217112342195376,0.08103348182301406,1.0974306776417502,-2.4643951183518307,1.0112692101450944,0.3627450980392156,0.5607432628223703,0.24303671697166254
allen_vc2p,feat__time_to_peak_sg,joint,0,donor495727015;donor496001358;donor497258322;donor501753157;donor576372685;donor576746148;donor593058284;donor617884009;donor659422762;donor664877009;donor685001097,562.341325190349,-0.06633545861932943,0.3719661873967273,0.3967612889818303,0.07624903103630173,1.0326352011191788,2.5604423751975105,-0.4164860928238106,0.7401960784313725,0.8290834818775996,0.24170951735197263
allen_vc2p,feat__rf_area_on_lsn,function_only,0,donor495727015;donor496001358;donor497258322;donor501753157;donor576372685;donor576746148;donor593058284;donor617884009;donor659422762;donor664877009;donor685001097,56.23413251903491,-0.06448544972443337,0.2499153523853147,0.325,74.67742208120964,1.0317390414850085,0.472218310808752,32.63942194576591,0.6859504132231404,0.6692360966425138,0.4362426400277176
allen_vc2p,feat__rf_area_on_lsn,genes_only,0,donor495727015;donor496001358;donor497258322;donor501753157;donor576372685;donor576746148;donor593058284;donor617884009;donor659422762;donor664877009;donor685001097,10000.0,-0.1890051860954154,-0.1444307800061226,-0.1698910947433265,78.92440692099348,1.0904151439224343,-57.785709786797334,6292.348579242064,0.39669421487603307,0.5367965367965368,0.4999999999999066
allen_vc2p,feat__rf_area_on_lsn,joint,0,donor495727015;donor496001358;donor497258322;donor501753157;donor576372685;donor576746148;donor593058284;donor617884009;donor659422762;donor664877009;donor685001097,100.0,0.00807913213334055,0.28489261650394,0.3411290322580645,72.087168305256,0.9959522417599309,0.6446973018071771,16.792786830123962,0.6942148760330579,0.6897182288893519,0.49999730553652344
allen_vc2p,feat__rf_area_off_lsn,function_only,0,donor495727015;donor496001358;donor497258322;donor501753157;donor576372685;donor576746148;donor593058284;donor617884009;donor659422762;donor664877009;donor685001097,316.22776601683796,-0.31131709820479236,0.2387910217702358,0.29475806451612907,76.72217719675352,1.1451275466972024,0.5179913334199974,27.22746310876479,0.768595041322314,0.7966924786443503,0.4999999999999066
allen_vc2p,feat__rf_area_off_lsn,genes_only,0,donor495727015;donor496001358;donor497258322;donor501753157;donor576372685;donor576746148;donor593058284;donor617884009;donor659422762;donor664877009;donor685001097,562.341325190349,-0.7159728481002834,-0.1991066417013185,-0.1357707075145413,87.76518294818548,1.30995146784155,-0.7824059455002218,212.03414977530272,0.3760330578512397,0.46969696969696967,0.4999999999999066
allen_vc2p,feat__rf_area_off_lsn,joint,0,donor495727015;donor496001358;donor497258322;donor501753157;donor576372685;donor576746148;donor593058284;donor617884009;donor659422762;donor664877009;donor685001097,316.22776601683796,-0.596231380669165,0.06892307810270668,0.10362903225806452,84.64766426029725,1.2634205082509613,0.11289504967582656,81.98768650539883,0.5867768595041323,0.5264788538852709,0.4999999999999066
allen_vc2p,feat__rf_chi2_lsn,function_only,0,donor495727015;donor496001358;donor497258322;donor501753157;donor576372685;donor576746148;donor593058284;donor617884009;donor659422762;donor664877009;donor685001097,100.0,0.08976190546008156,0.4480972959582266,0.4398433980717969,0.32945693413007904,0.9540639887002582,2.295525148186304,-0.056241410494767746,0.8016528925619836,0.8675733755877297,0.2430543524370636
allen_vc2p,feat__rf_chi2_lsn,genes_only,0,donor495727015;donor496001358;donor497258322;donor501753157;donor576372685;donor576746148;donor593058284;donor617884009;donor659422762;donor664877009;donor685001097,56.23413251903491,-0.12013881814988947,-0.13316439699350027,-0.11908134237892498,0.3654744935280159,1.0583661078017388,-1.3082217644892067,0.27674401278559496,0.39256198347107446,0.4602984734563681,0.2525313756986472
allen_vc2p,feat__rf_chi2_lsn,joint,0,donor495727015;donor496001358;donor497258322;donor501753157;donor576372685;donor576746148;donor593058284;donor617884009;donor659422762;donor664877009;donor685001097,100.0,0.014019755386916688,0.2901412434798884,0.2980105705814885,0.34289034431212123,0.9929653793599115,1.3774201353567348,0.05369331963478973,0.7107438016528925,0.775488566457466,0.24402946363801395
allen_vc2p,feat__osi_dg,function_only,1,donor491618855;donor495727000;donor503292470;donor546734491;donor575188344;donor603221684;donor612135386;donor638236907;donor645355944;donor654638707;donor657193842;donor680974785,10.0,0.3624138253968162,0.6604459584106347,0.5818548387096775,0.2018391156664634,0.7984899339366397,0.7295499621639598,0.22127755723707895,0.859504132231405,0.8373723498723499,0.26408418857055604
allen_vc2p,feat__osi_dg,genes_only,1,donor491618855;donor495727000;donor503292470;donor546734491;donor575188344;donor603221684;donor612135386;donor638236907;donor645355944;donor654638707;donor657193842;donor680974785,31.622776601683793,0.010180185584092505,0.19572778990337775,0.13775749790538708,0.2514860853962423,0.9948968863194196,0.6316580435565631,0.3505319551895234,0.5619834710743802,0.5963924963924965,0.29010881668332167
allen_vc2p,feat__osi_dg,joint,1,donor491618855;donor495727000;donor503292470;donor546734491;donor575188344;donor603221684;donor612135386;donor638236907;donor645355944;donor654638707;donor657193842;donor680974785,17.78279410038923,0.3194135901198156,0.6476182616436212,0.5697580645161291,0.20853431292853805,0.8249766117138106,0.7129638537678608,0.22561974440819477,0.8347107438016528,0.8234561190443543,0.26740301691204754
allen_vc2p,feat__dsi_dg,function_only,1,donor491618855;donor495727000;donor503292470;donor546734491;donor575188344;donor603221684;donor612135386;donor638236907;donor645355944;donor654638707;donor657193842;donor680974785,10.0,0.5397920826595324,0.7716678232702626,0.7923387096774195,0.21374613278190516,0.6783862596910012,0.8412718835134629,0.052153778514230906,1.0,1.0,0.21920827988638197
allen_vc2p,feat__dsi_dg,genes_only,1,donor491618855;donor495727000;donor503292470;donor546734491;donor575188344;donor603221684;donor612135386;donor638236907;donor645355944;donor654638707;donor657193842;donor680974785,316.22776601683796,-0.04545294004406375,0.07844063907821065,0.13495491970073914,0.322161372739901,1.022473931226331,0.9554718159714233,-0.03994181213062426,0.6487603305785123,0.6353269537480064,0.2772359457811123
allen_vc2p,feat__dsi_dg,joint,1,donor491618855;donor495727000;donor503292470;donor546734491;donor575188344;donor603221684;donor612135386;donor638236907;donor645355944;donor654638707;donor657193842;donor680974785,17.78279410038923,0.47298011517484284,0.7367983091527227,0.720967741935484,0.22873610624543037,0.7259613521543774,0.8388161186002141,0.04393564257848878,0.9834710743801652,0.986013986013986,0.2240191548470052
allen_vc2p,feat__g_osi_dg,function_only,1,donor491618855;donor495727000;donor503292470;donor546734491;donor575188344;donor603221684;donor612135386;donor638236907;donor645355944;donor654638707;donor657193842;donor680974785,17.78279410038923,0.5460660085038338,0.7484905666123589,0.7701612903225807,0.15557390354744158,0.673746236718421,1.0852391170072222,-0.02516029150930713,0.9669421487603306,0.9649678604224059,0.2374491698619605
allen_vc2p,feat__g_osi_dg,genes_only,1,donor491618855;donor495727000;donor503292470;donor546734491;donor575188344;donor603221684;donor612135386;donor638236907;donor645355944;donor654638707;donor657193842;donor680974785,100.0,-0.05533444214706407,0.10737929292086319,0.06553721340099791,0.23721134309060307,1.0272947201937346,0.5277250281411898,0.31238239671699375,0.5495867768595042,0.6015151515151516,0.265365810220902
allen_vc2p,feat__g_osi_dg,joint,1,donor491618855;donor495727000;donor503292470;donor546734491;donor575188344;donor603221684;donor612135386;donor638236907;donor645355944;donor654638707;donor657193842;donor680974785,17.78279410038923,0.43075095138342423,0.6712246024219267,0.7463709677419356,0.1742174100606655,0.7544859499100333,0.8633278554817493,0.10031443880700379,0.9752066115702479,0.9777495232040687,0.23715411076821183
allen_vc2p,feat__g_dsi_dg,function_only,1,donor491618855;donor495727000;donor503292470;donor546734491;donor575188344;donor603221684;donor612135386;donor638236907;donor645355944;donor654638707;donor657193842;donor680974785,17.78279410038923,0.35432088320416333,0.5979889777111055,0.6411290322580645,0.17692243176772596,0.8035416086239541,0.9412154718960483,0.035432336601064464,0.8760330578512396,0.8165990575081484,0.24096221364970427
allen_vc2p,feat__g_dsi_dg,genes_only,1,donor491618855;donor495727000;donor503292470;donor546734491;donor575188344;donor603221684;donor612135386;donor638236907;donor645355944;donor654638707;donor657193842;donor680974785,10000.0,-0.0013339834597689837,-0.0542533200570763,0.0316906920064036,0.2203251161326926,1.0006667694345972,-18.17503165551428,8.75721196771347,0.49586776859504134,0.5110047846889951,0.2626350892448033
allen_vc2p,feat__g_dsi_dg,joint,1,donor491618855;donor495727000;donor503292470;donor546734491;donor575188344;donor603221684;donor612135386;donor638236907;donor645355944;donor654638707;donor657193842;donor680974785,31.622776601683793,0.17346014486631856,0.45373103021636735,0.5600806451612904,0.20017342947790437,0.9091423734081333,0.757750886948313,0.1268258694694191,0.8016528925619835,0.7262902435151237,0.24635667362226765
allen_vc2p,feat__osi_sg,function_only,1,donor491618855;donor495727000;donor503292470;donor546734491;donor575188344;donor603221684;donor612135386;donor638236907;donor645355944;donor654638707;donor657193842;donor680974785,56.23413251903491,0.1475126434253724,0.5628667703198301,0.46491935483870966,0.3414925239890319,0.9233024188043796,1.301142720205258,-0.1474161351621381,0.8099173553719008,0.83725567361931,0.282214962020709
allen_vc2p,feat__osi_sg,genes_only,1,donor491618855;donor495727000;donor503292470;donor546734491;donor575188344;donor603221684;donor612135386;donor638236907;donor645355944;donor654638707;donor657193842;donor680974785,10000.0,-0.10341746140751074,0.31491073931246044,0.4663058966656529,0.38851442960662336,1.0504367955291476,144.6419910246275,-142.59123006123127,0.8471074380165291,0.8409090909090909,0.30271487320222995
allen_vc2p,feat__osi_sg,joint,1,donor491618855;donor495727000;donor503292470;donor546734491;donor575188344;donor603221684;donor612135386;donor638236907;donor645355944;donor654638707;donor657193842;donor680974785,56.23413251903491,0.15381892820013554,0.5844591656227134,0.5044354838709678,0.34022708197772783,0.9198810095850923,1.3055736667752476,-0.14163229895368196,0.8264462809917356,0.8488622488622488,0.2794464761654938
allen_vc2p,feat__g_osi_sg,function_only,1,donor491618855;donor495727000;donor503292470;donor546734491;donor575188344;donor603221684;donor612135386;donor638236907;donor645355944;donor654638707;donor657193842;donor680974785,31.622776601683793,0.30930310000915073,0.5603451174790578,0.39919354838709686,0.1836350591931529,0.8310817649212364,1.0676638080996979,-0.03641754771583678,0.7520661157024793,0.78802543345887,0.2686643508014319
allen_vc2p,feat__g_osi_sg,genes_only,1,donor491618855;donor495727000;donor503292470;donor546734491;donor575188344;donor603221684;donor612135386;donor638236907;donor645355944;donor654638707;donor657193842;donor680974785,177.82794100389228,-0.0792298990933944,0.20302161694337018,0.03686468253806133,0.2295455247887019,1.038859903492105,1.7036176894574968,-0.3954384873845581,0.5082644628099173,0.6634199134199134,0.2739272395989335
allen_vc2p,feat__g_osi_sg,joint,1,donor491618855;donor495727000;donor503292470;donor546734491;donor575188344;donor603221684;donor612135386;donor638236907;donor645355944;donor654638707;donor657193842;donor680974785,31.622776601683793,0.36232147050372,0.6084104597928562,0.43669354838709684,0.17644637613515882,0.7985477628110345,1.1534904432418738,-0.10477207884583362,0.7768595041322314,0.8319425457583354,0.26640541878345425
allen_vc2p,feat__sfdi_sg,function_only,1,donor491618855;donor495727000;donor503292470;donor546734491;donor575188344;donor603221684;donor612135386;donor638236907;donor645355944;donor654638707;donor657193842;donor680974785,31.622776601683793,0.4388646586757424,0.6926733453945767,0.6290322580645162,0.05807388410264507,0.7490896750788796,0.9618561027560708,0.026159247098454953,0.8512396694214875,0.8840890104048,0.24588871415735855
allen_vc2p,feat__sfdi_sg,genes_only,1,donor491618855;donor495727000;donor503292470;donor546734491;donor575188344;donor603221684;donor612135386;donor638236907;donor645355944;donor654638707;donor657193842;donor680974785,17.78279410038923,-0.04087945730149989,0.11030137926397021,0.1677235264012381,0.0790946814205632,1.0202350010044976,0.5236445774711377,0.14844189646378103,0.5867768595041323,0.5700133200133201,0.25448490868131396
allen_vc2p,feat__sfdi_sg,joint,1,donor491618855;donor495727000;donor503292470;donor546734491;donor575188344;donor603221684;donor612135386;donor638236907;donor645355944;donor654638707;donor657193842;donor680974785,56.23413251903491,0.40371432751943914,0.6503690698492017,0.5012096774193548,0.059865174057560123,0.7721953590026153,1.0625492480068506,-0.007396352232544035,0.8016528925619835,0.8087596746687655,0.24803406064669825
allen_vc2p,feat__tfdi_dg,function_only,1,donor491618855;donor495727000;donor503292470;donor546734491;donor575188344;donor603221684;donor612135386;donor638236907;donor645355944;donor654638707;donor657193842;donor680974785,56.23413251903491,-0.25828063163635173,0.4824507032668468,0.4588709677419355,0.07619905923509511,1.1217310870254533,1.0298800156017036,-0.0580803002745699,0.8429752066115702,0.8565337440337439,0.2534746434304209
allen_vc2p,feat__tfdi_dg,genes_only,1,donor491618855;donor495727000;donor503292470;donor546734491;donor575188344;donor603221684;donor612135386;donor638236907;donor645355944;donor654638707;donor657193842;donor680974785,31.622776601683793,-0.5314872439182199,-0.1289785737905189,-0.037511431354518544,0.08406545067702376,1.2375327243645435,-0.6385813579985187,0.5259196449252047,0.4834710743801653,0.48484848484848486,0.25828525572449035
allen_vc2p,feat__tfdi_dg,joint,1,donor491618855;donor495727000;donor503292470;donor546734491;donor575188344;donor603221684;donor612135386;donor638236907;donor645355944;donor654638707;donor657193842;donor680974785,177.82794100389228,-0.34932211336600116,0.39526575733822317,0.39637096774193553,0.07890757060569298,1.1616032512550376,1.1747203021188326,-0.10955960196816276,0.7933884297520661,0.7881426950945669,0.2553384956318887
allen_vc2p,feat__pref_tf_dg,function_only,1,donor491618855;donor495727000;donor503292470;donor546734491;donor575188344;donor603221684;donor612135386;donor638236907;donor645355944;donor654638707;donor657193842;donor680974785,177.82794100389228,0.0650225458657051,0.30465279331572503,0.256066356004822,4.849279323225003,0.9669423220305964,1.4206240534481274,-0.9143488715226524,0.6319444444444444,0.6006868131868132,0.46313124014490814
allen_vc2p,feat__pref_tf_dg,genes_only,1,donor491618855;donor495727000;donor503292470;donor546734491;donor575188344;donor603221684;donor612135386;donor638236907;donor645355944;donor654638707;donor657193842;donor680974785,316.22776601683796,-0.03511260800817895,-0.0007411887140240829,-0.0107640116481039,5.1023521677418975,1.0174048397799993,-0.011242087401474277,4.589647049779245,0.46875,0.48412698412698413,0.47440665831577666
allen_vc2p,feat__pref_tf_dg,joint,1,donor491618855;donor495727000;donor503292470;donor546734491;donor575188344;donor603221684;donor612135386;donor638236907;donor645355944;donor654638707;donor657193842;donor680974785,177.82794100389228,0.05882293122182425,0.2739743621706514,0.2365625303631771,4.865329973031765,0.970142808445128,1.1569802289599844,-0.0067604339943864444,0.625,0.5902040089540089,0.463781862440549
allen_vc2p,feat__pref_sf_sg,function_only,1,donor491618855;donor495727000;donor503292470;donor546734491;donor575188344;donor603221684;donor612135386;donor638236907;donor645355944;donor654638707;donor657193842;donor680974785,10000.0,-0.008139691372920588,0.2506126555250817,0.04079721603329238,0.057605239816072684,1.0040615973822409,26.861385679998897,-1.5420217506647396,0.41666666666666663,0.5463880966262098,0.24688754910723812
allen_vc2p,feat__pref_sf_sg,genes_only,1,donor491618855;donor495727000;donor503292470;donor546734491;donor575188344;donor603221684;donor612135386;donor638236907;donor645355944;donor654638707;donor657193842;donor680974785,316.22776601683796,-0.009137594935314741,0.005339117282830543,0.03951293849949045,0.0576337429373917,1.0045584079087369,0.09149098886835438,0.047644605381651925,0.5745614035087718,0.6453240330177286,0.24682280708202184
allen_vc2p,feat__pref_sf_sg,joint,1,donor491618855;donor495727000;donor503292470;donor546734491;donor575188344;donor603221684;donor612135386;donor638236907;donor645355944;donor654638707;donor657193842;donor680974785,10000.0,-0.007846870544969464,0.24694840104366933,-0.02135979897031015,0.05759687329742648,1.0039157686329245,26.23787993803467,-1.502837124123466,0.4166666666666667,0.5555503105838562,0.2468850798968952
allen_vc2p,feat__reliability_dg,function_only,1,donor491618855;donor495727000;donor503292470;donor546734491;donor575188344;donor603221684;donor612135386;donor638236907;donor645355944;donor654638707;donor657193842;donor680974785,56.23413251903491,0.6583540697112216,0.8312370897921296,0.5266129032258065,0.09009583500905267,0.584504859076762,1.214686037015955,-0.0066327837393245406,0.859504132231405,0.887012987012987,0.23469566704462963
allen_vc2p,feat__reliability_dg,genes_only,1,donor491618855;donor495727000;donor503292470;donor546734491;donor575188344;donor603221684;donor612135386;donor638236907;donor645355944;donor654638707;donor657193842;donor680974785,3.1622776601683795,0.007625629726283667,0.13997536273478522,0.026947867352384015,0.15355160437126678,0.9961798885045009,1.2474206995831476,-0.009947305644333203,0.5785123966942148,0.5542790542790543,0.24994095068492606
allen_vc2p,feat__reliability_dg,joint,1,donor491618855;donor495727000;donor503292470;donor546734491;donor575188344;donor603221684;donor612135386;donor638236907;donor645355944;donor654638707;donor657193842;donor680974785,31.622776601683793,0.6509695701329425,0.841039134041964,0.6137096774193549,0.09106431704848872,0.5907879736949023,1.3566249959420094,-0.025558021752308153,0.9173553719008264,0.9365259740259742,0.23438092299978816
allen_vc2p,feat__reliability_sg,function_only,1,donor491618855;donor495727000;donor503292470;donor546734491;donor575188344;donor603221684;donor612135386;donor638236907;donor645355944;donor654638707;donor657193842;donor680974785,56.23413251903491,0.5645061812720427,0.8260660184502588,0.8447580645161291,0.08929242969746834,0.6599195547349087,1.4524359674253982,-0.008241948395220546,1.0,1.0,0.23410762449996111
allen_vc2p,feat__reliability_sg,genes_only,1,donor491618855;donor495727000;donor503292470;donor546734491;donor575188344;donor603221684;donor612135386;donor638236907;donor645355944;donor654638707;donor657193842;donor680974785,56.23413251903491,-0.06651584406644662,0.319896927576855,0.48829535642519833,0.13973567552820282,1.0327225397223991,4.571053895908144,-0.21589119089804207,0.768595041322314,0.7286397812713603,0.24909981029360065
allen_vc2p,feat__reliability_sg,joint,1,donor491618855;donor495727000;donor503292470;donor546734491;donor575188344;donor603221684;donor612135386;donor638236907;donor645355944;donor654638707;donor657193842;donor680974785,100.0,0.49395047120878965,0.8251780164789387,0.8895161290322581,0.09625430340441385,0.7113715827777564,1.6934864937216918,-0.01928393369433809,1.0,1.0,0.23556244121322445
allen_vc2p,feat__reliability_ns,function_only,1,donor491618855;donor495727000;donor503292470;donor546734491;donor575188344;donor603221684;donor612135386;donor638236907;donor645355944;donor654638707;donor657193842;donor680974785,56.23413251903491,0.403748861573734,0.6932821880999895,0.6923387096774195,0.12530000287978213,0.7721729977271395,1.3506795582298818,-0.03212342010612562,0.9090909090909091,0.8884920634920634,0.23688029992949075
allen_vc2p,feat__reliability_ns,genes_only,1,donor491618855;donor495727000;donor503292470;donor546734491;donor575188344;donor603221684;donor612135386;donor638236907;donor645355944;donor654638707;donor657193842;donor680974785,31.622776601683793,-0.07537935707784271,0.11809083352447099,0.16944818991179067,0.16827411614472013,1.037004993751037,0.5102563107132757,0.13232358011185283,0.5578512396694215,0.5333333333333333,0.2517999138217018
allen_vc2p,feat__reliability_ns,joint,1,donor491618855;donor495727000;donor503292470;donor546734491;donor575188344;donor603221684;donor612135386;donor638236907;donor645355944;donor654638707;donor657193842;donor680974785,56.23413251903491,0.3902763531739466,0.694896004371288,0.710483870967742,0.12670769473285803,0.7808480305530253,1.379737157775851,-0.03185207714627333,0.9090909090909091,0.8712592962592962,0.23750772888658817
allen_vc2p,feat__reliability_nm1_a,function_only,1,donor491618855;donor495727000;donor503292470;donor546734491;donor575188344;donor603221684;donor612135386;donor638236907;donor645355944;donor654638707;donor657193842;donor680974785,56.23413251903491,-0.4822671755810022,0.04940329722308388,-0.07580645161290324,0.18103601104473996,1.2174839528967376,0.0892094281964293,0.0757437767635886,0.38842975206611563,0.47876253003961977,0.2558897568730342
allen_vc2p,feat__reliability_nm1_a,genes_only,1,donor491618855;donor495727000;donor503292470;donor546734491;donor575188344;donor603221684;donor612135386;donor638236907;donor645355944;donor654638707;donor657193842;donor680974785,31.622776601683793,-0.15742544357189647,0.1639121837214342,0.10908496704245049,0.1599735707303311,1.0758370896917102,1.406545272693581,-0.12588864169548436,0.5909090909090909,0.5735984955095565,0.2503657991507986
allen_vc2p,feat__reliability_nm1_a,joint,1,donor491618855;donor495727000;donor503292470;donor546734491;donor575188344;donor603221684;donor612135386;donor638236907;donor645355944;donor654638707;donor657193842;donor680974785,56.23413251903491,-0.4420509864142306,0.05076977105237985,-0.0125,0.17856323035648233,1.2008542735881131,0.1016786311254048,0.07352584780167501,0.4214876033057851,0.4651570233719121,0.256024861737239
allen_vc2p,feat__reliability_nm3,function_only,1,donor491618855;donor495727000;donor503292470;donor546734491;donor575188344;donor603221684;donor612135386;donor638236907;donor645355944;donor654638707;donor657193842;donor680974785,31.622776601683793,-0.005601337284195651,0.22628947329106577,0.29717741935483877,0.16617465032866835,1.0027967577091874,0.5501634874230465,0.08663344208207065,0.768595041322314,0.7941460055096419,0.2436613100508547
allen_vc2p,feat__reliability_nm3,genes_only,1,donor491618855;donor495727000;donor503292470;donor546734491;donor575188344;donor603221684;donor612135386;donor638236907;donor645355944;donor654638707;donor657193842;donor680974785,31.622776601683793,0.04862676150956469,0.2450842261038553,0.43590870229216383,0.16163198923057798,0.9753836365650967,0.7949991216553557,0.021870908362311123,0.768595041322314,0.7223776223776224,0.2461538789799488
allen_vc2p,feat__reliability_nm3,joint,1,donor491618855;donor495727000;donor503292470;donor546734491;donor575188344;donor603221684;donor612135386;donor638236907;donor645355944;donor654638707;donor657193842;donor680974785,31.622776601683793,0.055965408097493174,0.32168598734225545,0.48991935483870974,0.16100738876039772,0.9716144255264602,0.638953749014074,0.07127844264345802,0.8512396694214874,0.8498598623598623,0.2386420553563822
allen_vc2p,feat__run_mod_dg,function_only,1,donor491618855;donor495727000;donor503292470;donor546734491;donor575188344;donor603221684;donor612135386;donor638236907;donor645355944;donor654638707;donor657193842;donor680974785,177.82794100389228,-0.08755032848510336,0.059956518914454304,-0.05161290322580646,0.6006844801134732,1.0428568111113465,0.2968779181314491,0.17714610886345428,0.5123966942148761,0.5519219342748755,0.26086753019484177
allen_vc2p,feat__run_mod_dg,genes_only,1,donor491618855;donor495727000;donor503292470;donor546734491;donor575188344;donor603221684;donor612135386;donor638236907;donor645355944;donor654638707;donor657193842;donor680974785,56.23413251903491,-0.11003040553868026,0.059245460652123216,0.046012386194374866,0.6068609138764509,1.053579805014706,0.16501547743759631,0.2498472074342255,0.5371900826446281,0.5636363636363636,0.2557642811614237
allen_vc2p,feat__run_mod_dg,joint,1,donor491618855;donor495727000;donor503292470;donor546734491;donor575188344;donor603221684;donor612135386;donor638236907;donor645355944;donor654638707;donor657193842;donor680974785,177.82794100389228,-0.120309741849707,0.062106248489507514,-0.038306451612903226,0.6096643289798751,1.0584468535764169,0.21711594897735995,0.2139451090038899,0.5041322314049587,0.49195160157727,0.259449233025367
allen_vc2p,feat__run_mod_sg,function_only,1,donor491618855;donor495727000;donor503292470;donor546734491;donor575188344;donor603221684;donor612135386;donor638236907;donor645355944;donor654638707;donor657193842;donor680974785,316.22776601683796,-0.04859246230181902,0.020623810120151354,-0.07862903225806453,0.5752566943340374,1.024008038199938,0.09455340093605417,0.3855457995675519,0.47107438016528924,0.5006882006882006,0.2579550127319868
allen_vc2p,feat__run_mod_sg,genes_only,1,donor491618855;donor495727000;donor503292470;donor546734491;donor575188344;donor603221684;donor612135386;donor638236907;donor645355944;donor654638707;donor657193842;donor680974785,100.0,-0.22166386846136055,-0.1967886781743599,-0.008623317552762882,0.6209179004557187,1.1052890429462383,-0.7848586877671103,0.6414236815626032,0.5454545454545455,0.5316804407713498,0.25965824418862216
allen_vc2p,feat__run_mod_sg,joint,1,donor491618855;donor495727000;donor503292470;donor546734491;donor575188344;donor603221684;donor612135386;donor638236907;donor645355944;donor654638707;donor657193842;donor680974785,177.82794100389228,-0.24057211090297526,-0.07407134447863904,-0.06572580645161291,0.6257045633707329,1.1138097283192308,-0.1887439568926755,0.48132172537200846,0.487603305785124,0.5061480186480186,0.26051710707715375
allen_vc2p,feat__run_mod_ns,function_only,1,donor491618855;donor495727000;donor503292470;donor546734491;donor575188344;donor603221684;donor612135386;donor638236907;donor645355944;donor654638707;donor657193842;donor680974785,562.341325190349,-0.14288805181015873,-0.24472396132479649,-0.2540322580645161,0.5233759714742231,1.0690594238888171,-3.039033586562431,1.2664893567640763,0.3553719008264463,0.42397446581938564,0.25685338961152193
allen_vc2p,feat__run_mod_ns,genes_only,1,donor491618855;donor495727000;donor503292470;donor546734491;donor575188344;donor603221684;donor612135386;donor638236907;donor645355944;donor654638707;donor657193842;donor680974785,100.0,-0.29867196235596705,-0.2666737301911333,-0.19898305253000353,0.5579068144045107,1.1395928932520867,-1.0477622792613537,0.7163185808144389,0.3471074380165289,0.4536796536796537,0.26424062120900027
allen_vc2p,feat__run_mod_ns,joint,1,donor491618855;donor495727000;donor503292470;donor546734491;donor575188344;donor603221684;donor612135386;donor638236907;donor645355944;donor654638707;donor657193842;donor680974785,316.22776601683796,-0.2570937801643751,-0.3274317600139533,-0.19717741935483873,0.548903212577503,1.1212019354956715,-1.6460889955631672,0.8952105384723004,0.35537190082644626,0.4236029965906127,0.2627869097914119
allen_vc2p,feat__peak_dff_dg,function_only,1,donor491618855;donor495727000;donor503292470;donor546734491;donor575188344;donor603221684;donor612135386;donor638236907;donor645355944;donor654638707;donor657193842;donor680974785,56.23413251903491,0.473656515516252,0.7354902671350062,0.7201612903225807,23.624905900902572,0.7254953373273434,1.5183492969658543,-11.931620760540072,0.9504132231404958,0.9543335452426362,0.4458985670039034
allen_vc2p,feat__peak_dff_dg,genes_only,1,donor491618855;donor495727000;donor503292470;donor546734491;donor575188344;donor603221684;donor612135386;donor638236907;donor645355944;donor654638707;donor657193842;donor680974785,100.0,0.1125304870000624,0.6467177498803284,0.09464091014157265,30.676950328718775,0.9420560031122795,6.376015973530898,-71.34196495556652,0.5867768595041323,0.5846153846153846,0.49998896489377914
allen_vc2p,feat__peak_dff_dg,joint,1,donor491618855;donor495727000;donor503292470;donor546734491;donor575188344;donor603221684;donor612135386;donor638236907;donor645355944;donor654638707;donor657193842;donor680974785,100.0,0.502256277100622,0.8101062511797018,0.7572580645161292,22.974092093829658,0.7055095484111802,1.9388949904715584,-15.068546507389241,0.9586776859504131,0.9617715617715619,0.49477789209406675
allen_vc2p,feat__image_sel_ns,function_only,1,donor491618855;donor495727000;donor503292470;donor546734491;donor575188344;donor603221684;donor612135386;donor638236907;donor645355944;donor654638707;donor657193842;donor680974785,56.23413251903491,0.2584746304515031,0.5170570916090252,0.5487903225806452,0.16341445195873308,0.8611186733201655,1.2201154267777767,-0.1182963656859654,0.8512396694214877,0.8924825174825175,0.25648753752310577
allen_vc2p,feat__image_sel_ns,genes_only,1,donor491618855;donor495727000;donor503292470;donor546734491;donor575188344;donor603221684;donor612135386;donor638236907;donor645355944;donor654638707;donor657193842;donor680974785,100.0,-0.017775860076556516,0.1732058012943123,0.10520447414370718,0.19144918758889193,1.008848779582862,1.154377128360263,-0.037484803995510935,0.5041322314049587,0.5409356725146198,0.2648184877607916
allen_vc2p,feat__image_sel_ns,joint,1,donor491618855;donor495727000;donor503292470;donor546734491;donor575188344;donor603221684;donor612135386;donor638236907;donor645355944;donor654638707;donor657193842;donor680974785,56.23413251903491,0.30807447177927516,0.5836815611689625,0.5689516129032259,0.15785455991162267,0.8318206105966794,1.4255581272198847,-0.2217507987789167,0.8264462809917354,0.8788862652499017,0.2563518686245005
allen_vc2p,feat__time_to_peak_ns,function_only,1,donor491618855;donor495727000;donor503292470;donor546734491;donor575188344;donor603221684;donor612135386;donor638236907;donor645355944;donor654638707;donor657193842;donor680974785,100.0,-0.3244883707651234,-0.2816971810363133,-0.3169299144494377,0.0739975551876883,1.1508641843084373,-0.8130262658265085,0.5305074041085476,0.2644628099173554,0.4021105157468794,0.2573109211850726
allen_vc2p,feat__time_to_peak_ns,genes_only,1,donor491618855;donor495727000;donor503292470;donor546734491;donor575188344;donor603221684;donor612135386;donor638236907;donor645355944;donor654638707;donor657193842;donor680974785,56.23413251903491,-0.094669365394636,0.0377642108138278,-0.022795320032903604,0.06727206804267885,1.0462644815535822,0.11550720745240343,0.26209058934271423,0.4297520661157025,0.5233100233100233,0.25578345365656513
allen_vc2p,feat__time_to_peak_ns,joint,1,donor491618855;donor495727000;donor503292470;donor546734491;donor575188344;donor603221684;donor612135386;donor638236907;donor645355944;donor654638707;donor657193842;donor680974785,100.0,-0.36551768131817264,-0.1810358938410709,-0.25642695832776413,0.07513494286763822,1.1685536706868442,-0.41732269850235126,0.41482857240005144,0.2892561983471074,0.4877525252525252,0.2573842706878964
allen_vc2p,feat__time_to_peak_sg,function_only,1,donor491618855;donor495727000;donor503292470;donor546734491;donor575188344;donor603221684;donor612135386;donor638236907;donor645355944;donor654638707;donor657193842;donor680974785,177.82794100389228,0.06275264175651352,0.37229901629792095,0.3004654825424276,0.0865586645247497,0.9681153641082869,1.4938579973082045,-0.16927722984206386,0.7272727272727273,0.7304302879626549,0.2534646415290629
allen_vc2p,feat__time_to_peak_sg,genes_only,1,donor491618855;donor495727000;donor503292470;donor546734491;donor575188344;donor603221684;donor612135386;donor638236907;donor645355944;donor654638707;donor657193842;donor680974785,177.82794100389228,-0.10964699694993763,-0.17822799619596646,0.15200006901475413,0.0941837234641228,1.0533978341182955,-1.3654764681853153,0.6793868380872657,0.5991735537190083,0.5562770562770563,0.25521305139264666
allen_vc2p,feat__time_to_peak_sg,joint,1,donor491618855;donor495727000;donor503292470;donor546734491;donor575188344;donor603221684;donor612135386;donor638236907;donor645355944;donor654638707;donor657193842;donor680974785,177.82794100389228,-0.031283710960902766,0.22434147397510817,0.2499501021553349,0.09079721210376589,1.0155213985622529,0.877894875092507,0.01142741958348676,0.7024793388429752,0.6929777293413658,0.2537851687126673
allen_vc2p,feat__rf_area_on_lsn,function_only,1,donor491618855;donor495727000;donor503292470;donor546734491;donor575188344;donor603221684;donor612135386;donor638236907;donor645355944;donor654638707;donor657193842;donor680974785,56.23413251903491,-0.00922210860490269,0.189004771688858,0.11048387096774194,83.36465936262364,1.0046004721305275,0.4770109242364488,56.39816769458351,0.5123966942148761,0.5327520917022747,0.4999999999999066
allen_vc2p,feat__rf_area_on_lsn,genes_only,1,donor491618855;donor495727000;donor503292470;donor546734491;donor575188344;donor603221684;donor612135386;donor638236907;donor645355944;donor654638707;donor657193842;donor680974785,10000.0,-0.004051321110075667,-0.12700314311283012,0.03341535551695618,83.15082412620711,1.0020236130501377,-20.148279894469706,2126.8531442953936,0.48347107438016523,0.5,0.4999999999999066
allen_vc2p,feat__rf_area_on_lsn,joint,1,donor491618855;donor495727000;donor503292470;donor546734491;donor575188344;donor603221684;donor612135386;donor638236907;donor645355944;donor654638707;donor657193842;donor680974785,56.23413251903491,-0.20735539509119527,-0.004082124551593524,-0.08185483870967743,91.18138099522236,1.0987972493099747,-0.009051071667678958,105.3833454170409,0.3305785123966942,0.43025115579295137,0.4999999999999066
allen_vc2p,feat__rf_area_off_lsn,function_only,1,donor491618855;donor495727000;donor503292470;donor546734491;donor575188344;donor603221684;donor612135386;donor638236907;donor645355944;donor654638707;donor657193842;donor680974785,177.82794100389228,-0.05261751206018861,-0.020128601841789856,0.056854838709677426,176.2188378716283,1.0259714967094244,-0.09580977038832368,174.50819994726365,0.5123966942148761,0.5270605211781682,0.4999999999999066
allen_vc2p,feat__rf_area_off_lsn,genes_only,1,donor491618855;donor495727000;donor503292470;donor546734491;donor575188344;donor603221684;donor612135386;donor638236907;donor645355944;donor654638707;donor657193842;donor680974785,316.22776601683796,-0.04907403811212774,-0.0400479028590388,0.04699708066255772,175.9219811076657,1.0242431538029022,-0.473717877550027,219.32963119733998,0.4462809917355371,0.474025974025974,0.4999999999999066
allen_vc2p,feat__rf_area_off_lsn,joint,1,donor491618855;donor495727000;donor503292470;donor546734491;donor575188344;donor603221684;donor612135386;donor638236907;donor645355944;donor654638707;donor657193842;donor680974785,316.22776601683796,-0.05539824623047496,-0.04735710244408726,0.04395161290322581,176.4514458897756,1.0273257741488153,-0.2639982146358768,197.62359954285617,0.4628099173553719,0.4932387057387058,0.4999999999999066
allen_vc2p,feat__rf_chi2_lsn,function_only,1,donor491618855;donor495727000;donor503292470;donor546734491;donor575188344;donor603221684;donor612135386;donor638236907;donor645355944;donor654638707;donor657193842;donor680974785,100.0,-18.093706024210135,0.22058091881706854,0.27335086708692596,0.15191550201864687,4.3696345411386215,0.07236425421794605,0.0020847636216133067,0.6694214876033059,0.7124014874014875,0.24363386714769053
allen_vc2p,feat__rf_chi2_lsn,genes_only,1,donor491618855;donor495727000;donor503292470;donor546734491;donor575188344;donor603221684;donor612135386;donor638236907;donor645355944;donor654638707;donor657193842;donor680974785,100.0,-14.352426797832745,0.007741660849497267,-0.10602316074627355,0.1362214487940164,3.9182172983321846,0.006948644963193526,0.009935578235449567,0.43388429752066116,0.4806595365418895,0.25291777691538564
allen_vc2p,feat__rf_chi2_lsn,joint,1,donor491618855;donor495727000;donor503292470;donor546734491;donor575188344;donor603221684;donor612135386;donor638236907;donor645355944;donor654638707;donor657193842;donor680974785,100.0,-19.498058928792563,0.21126542449468835,0.16865042426912924,0.1574031234039153,4.527478208408447,0.07000266600490945,0.0018122388933198249,0.5867768595041323,0.6827044214815113,0.2463227033761999
allen_vc2p,feat__osi_dg,function_only,2,donor519772020;donor529204468;donor557841072;donor559180932;donor568753123;donor594667326;donor617941978;donor651725139;donor652809884;donor654662700;donor661977224;donor699502603,17.78279410038923,0.6395462135227179,0.8057420708901125,0.800222469410456,0.18866484592698748,0.6003780363029514,0.9528007707720962,0.0679188215853034,0.99,0.9909090909090909,0.2375266236097065
allen_vc2p,feat__osi_dg,genes_only,2,donor519772020;donor529204468;donor557841072;donor559180932;donor568753123;donor594667326;donor617941978;donor651725139;donor652809884;donor654662700;donor661977224;donor699502603,562.341325190349,0.03444783842022603,0.23284589918219556,-0.24936416562742342,0.308783481457411,0.9826251378697924,2.2971717098322055,-1.0909379952748417,0.32000000000000006,0.41955905807299,0.2905446816250446
allen_vc2p,feat__osi_dg,joint,2,donor519772020;donor529204468;donor557841072;donor559180932;donor568753123;donor594667326;donor617941978;donor651725139;donor652809884;donor654662700;donor661977224;donor699502603,31.622776601683793,0.5691380157991069,0.7669228461388359,0.7704115684093437,0.20626962441586266,0.6564007801626616,0.9791545037838739,0.06025980101863043,0.9800000000000001,0.9833333333333333,0.24453192952391856
allen_vc2p,feat__dsi_dg,function_only,2,donor519772020;donor529204468;donor557841072;donor559180932;donor568753123;donor594667326;donor617941978;donor651725139;donor652809884;donor654662700;donor661977224;donor699502603,10.0,0.6354177576313303,0.8093791068369808,0.8545050055617353,0.2867276154491474,0.6038064610180436,1.1627847152792488,-0.06699438203996422,1.0,0.9999999999999999,0.2090952909447695
allen_vc2p,feat__dsi_dg,genes_only,2,donor519772020;donor529204468;donor557841072;donor559180932;donor568753123;donor594667326;donor617941978;donor651725139;donor652809884;donor654662700;donor661977224;donor699502603,177.82794100389228,0.012029548272590174,0.14552988950091006,0.02788344761106644,0.47200189800012865,0.9939670274829286,0.6097132256611643,0.26380783509295086,0.51,0.536374269005848,0.2760450710094202
allen_vc2p,feat__dsi_dg,joint,2,donor519772020;donor529204468;donor557841072;donor559180932;donor568753123;donor594667326;donor617941978;donor651725139;donor652809884;donor654662700;donor661977224;donor699502603,17.78279410038923,0.4386501732798386,0.6743887842972501,0.7334816462736374,0.355785761372316,0.7492328254406618,0.8470082172045256,0.12044440805182106,0.9400000000000001,0.9354365079365078,0.21939069135423664
allen_vc2p,feat__g_osi_dg,function_only,2,donor519772020;donor529204468;donor557841072;donor559180932;donor568753123;donor594667326;donor617941978;donor651725139;donor652809884;donor654662700;donor661977224;donor699502603,17.78279410038923,0.6481111162739739,0.8065965973939357,0.8064516129032258,0.14315573930451886,0.5932022283531222,1.0082444970449933,-0.016515392881109356,1.0,0.9999999999999999,0.22509782345554039
allen_vc2p,feat__g_osi_dg,genes_only,2,donor519772020;donor529204468;donor557841072;donor559180932;donor568753123;donor594667326;donor617941978;donor651725139;donor652809884;donor654662700;donor661977224;donor699502603,5623.413251903491,0.0026710210361113873,0.21007216991787186,0.06664824063132954,0.2410045320784322,0.9986635964906416,17.747518542902526,-9.315746692005465,0.48499999999999993,0.5443882433356116,0.2682479774469696
allen_vc2p,feat__g_osi_dg,joint,2,donor519772020;donor529204468;donor557841072;donor559180932;donor568753123;donor594667326;donor617941978;donor651725139;donor652809884;donor654662700;donor661977224;donor699502603,17.78279410038923,0.6224089717388743,0.7901286838117209,0.7437152391546161,0.1482916931067312,0.6144843596528687,0.9605985548830633,0.014713631753022238,0.99,0.9909090909090909,0.22483084133014306
allen_vc2p,feat__g_dsi_dg,function_only,2,donor519772020;donor529204468;donor557841072;donor559180932;donor568753123;donor594667326;donor617941978;donor651725139;donor652809884;donor654662700;donor661977224;donor699502603,17.78279410038923,0.624094529227861,0.793993933705542,0.8135706340378197,0.16752591239676792,0.6131113037364321,1.0474250215246954,-0.04089266791004953,0.98,0.9809090909090908,0.2215485034318685
allen_vc2p,feat__g_dsi_dg,genes_only,2,donor519772020;donor529204468;donor557841072;donor559180932;donor568753123;donor594667326;donor617941978;donor651725139;donor652809884;donor654662700;donor661977224;donor699502603,10000.0,-0.008385524202494388,0.2162896721858877,0.16888754853857316,0.27438222280157515,1.0041840091313512,53.47466672972754,-24.236478156892943,0.5549999999999999,0.5549999999999999,0.26281275080981725
allen_vc2p,feat__g_dsi_dg,joint,2,donor519772020;donor529204468;donor557841072;donor559180932;donor568753123;donor594667326;donor617941978;donor651725139;donor652809884;donor654662700;donor661977224;donor699502603,31.622776601683793,0.6008528928831951,0.7875335196281646,0.8153503893214683,0.1726271743196021,0.6317809011943011,1.1257800219901715,-0.08772144639066061,0.99,0.9909090909090909,0.22520245117716722
allen_vc2p,feat__osi_sg,function_only,2,donor519772020;donor529204468;donor557841072;donor559180932;donor568753123;donor594667326;donor617941978;donor651725139;donor652809884;donor654662700;donor661977224;donor699502603,31.622776601683793,0.08366261408912701,0.3784598765651128,0.4331479421579533,0.350404232031159,0.9572551310418067,0.8698069434415211,0.049960813034140614,0.8200000000000001,0.8609920634920635,0.28740883008529244
allen_vc2p,feat__osi_sg,genes_only,2,donor519772020;donor529204468;donor557841072;donor559180932;donor568753123;donor594667326;donor617941978;donor651725139;donor652809884;donor654662700;donor661977224;donor699502603,10000.0,-0.036478110812356856,-0.2670047578593797,0.019495743858144017,0.37266766066503487,1.0180756901167487,-52.91907123734174,55.554671405669566,0.5700000000000001,0.5314285714285715,0.30632857715184986
allen_vc2p,feat__osi_sg,joint,2,donor519772020;donor529204468;donor557841072;donor559180932;donor568753123;donor594667326;donor617941978;donor651725139;donor652809884;donor654662700;donor661977224;donor699502603,100.0,-0.001949226325278941,0.27899923961603834,0.2827586206896551,0.3664076200540991,1.0009741386868118,0.7740554259208595,0.14124632605634382,0.7100000000000001,0.7244064707222602,0.29511582596446895
allen_vc2p,feat__g_osi_sg,function_only,2,donor519772020;donor529204468;donor557841072;donor559180932;donor568753123;donor594667326;donor617941978;donor651725139;donor652809884;donor654662700;donor661977224;donor699502603,56.23413251903491,0.4811854431468008,0.7192941152110482,0.7187986651835372,0.13986148489567413,0.7202878291682121,1.3539291535459743,-0.24021835815708734,0.97,0.9769230769230769,0.2562547154431999
allen_vc2p,feat__g_osi_sg,genes_only,2,donor519772020;donor529204468;donor557841072;donor559180932;donor568753123;donor594667326;donor617941978;donor651725139;donor652809884;donor654662700;donor661977224;donor699502603,562.341325190349,0.015839858589504652,0.18576803053909677,0.23054850585735423,0.1926304522879255,0.9920484571835988,1.7170536529799472,-0.5087115428723629,0.675,0.6556077694235589,0.2752788855782683
allen_vc2p,feat__g_osi_sg,joint,2,donor519772020;donor529204468;donor557841072;donor559180932;donor568753123;donor594667326;donor617941978;donor651725139;donor652809884;donor654662700;donor661977224;donor699502603,56.23413251903491,0.4055821288229251,0.63732859665421,0.6680756395995551,0.14970557970223575,0.7709850006134701,1.0045379880419694,0.001785064000992906,0.9,0.9309523809523809,0.25347305719027247
allen_vc2p,feat__sfdi_sg,function_only,2,donor519772020;donor529204468;donor557841072;donor559180932;donor568753123;donor594667326;donor617941978;donor651725139;donor652809884;donor654662700;donor661977224;donor699502603,31.622776601683793,0.5789086308658653,0.763737297932414,0.6529477196885429,0.05244212479926329,0.6489155331194605,1.0949417342033194,-0.026927566726333785,0.92,0.9443181818181817,0.24560596667918522
allen_vc2p,feat__sfdi_sg,genes_only,2,donor519772020;donor529204468;donor557841072;donor559180932;donor568753123;donor594667326;donor617941978;donor651725139;donor652809884;donor654662700;donor661977224;donor699502603,177.82794100389228,0.04397170744617951,0.22711284870761103,0.12558886159781144,0.07901826362998604,0.9777669929641523,1.1720130559367359,-0.04126722749373279,0.62,0.6766666666666666,0.2533553534673828
allen_vc2p,feat__sfdi_sg,joint,2,donor519772020;donor529204468;donor557841072;donor559180932;donor568753123;donor594667326;donor617941978;donor651725139;donor652809884;donor654662700;donor661977224;donor699502603,31.622776601683793,0.49311614625680944,0.7058427626332595,0.6387096774193549,0.05753688401491463,0.7119577611984058,1.0315315416240305,-0.003290370384183469,0.9,0.9180555555555555,0.2457457663935621
allen_vc2p,feat__tfdi_dg,function_only,2,donor519772020;donor529204468;donor557841072;donor559180932;donor568753123;donor594667326;donor617941978;donor651725139;donor652809884;donor654662700;donor661977224;donor699502603,100.0,0.37072085395597065,0.6989949627936672,0.6720800889877642,0.05385794091252638,0.7932711680286206,1.9032993757070173,-0.30378876819076195,0.9400000000000001,0.9532467532467531,0.25293311552271774
allen_vc2p,feat__tfdi_dg,genes_only,2,donor519772020;donor529204468;donor557841072;donor559180932;donor568753123;donor594667326;donor617941978;donor651725139;donor652809884;donor654662700;donor661977224;donor699502603,562.341325190349,0.05963749346628977,0.4656414968876975,0.3071713131137807,0.06583786334106033,0.9697229019188981,4.806489926533704,-1.2808073463372551,0.655,0.7285714285714285,0.2564718717340789
allen_vc2p,feat__tfdi_dg,joint,2,donor519772020;donor529204468;donor557841072;donor559180932;donor568753123;donor594667326;donor617941978;donor651725139;donor652809884;donor654662700;donor661977224;donor699502603,177.82794100389228,0.3541543240081573,0.665032556003893,0.5274749721913237,0.054562272947332985,0.8036452426119484,1.7397113712306878,-0.24746317904474824,0.81,0.8678619909502262,0.2531364081277258
allen_vc2p,feat__pref_tf_dg,function_only,2,donor519772020;donor529204468;donor557841072;donor559180932;donor568753123;donor594667326;donor617941978;donor651725139;donor652809884;donor654662700;donor661977224;donor699502603,177.82794100389228,0.032141979264751486,0.2188318685208326,0.30959240684368705,4.122570417119755,0.9837977539793361,0.6616426019047437,1.443135575275509,0.6804733727810651,0.6331094684601473,0.4103265326964282
allen_vc2p,feat__pref_tf_dg,genes_only,2,donor519772020;donor529204468;donor557841072;donor559180932;donor568753123;donor594667326;donor617941978;donor651725139;donor652809884;donor654662700;donor661977224;donor699502603,10000.0,0.0020619349133133014,0.2211667550973492,0.24270789317020863,4.186142905219817,0.9989685005475448,46.45526595054456,-171.83189615954333,0.6479289940828403,0.614116652578191,0.4780888436677958
allen_vc2p,feat__pref_tf_dg,joint,2,donor519772020;donor529204468;donor557841072;donor559180932;donor568753123;donor594667326;donor617941978;donor651725139;donor652809884;donor654662700;donor661977224;donor699502603,316.22776601683796,0.05968457817749695,0.25631147507390134,0.311471571680371,4.063488502162046,0.96969862422407,0.9014314161975114,0.6476208837769745,0.680473372781065,0.654748557784995,0.42299353662550404
allen_vc2p,feat__pref_sf_sg,function_only,2,donor519772020;donor529204468;donor557841072;donor559180932;donor568753123;donor594667326;donor617941978;donor651725139;donor652809884;donor654662700;donor661977224;donor699502603,10000.0,-0.02174337520685876,0.16856136013443976,0.1312003148061616,0.05972833295895334,1.010813224672232,22.485707558491946,-1.1969794735954122,0.5601851851851852,0.43366325259707617,0.2529801231391353
allen_vc2p,feat__pref_sf_sg,genes_only,2,donor519772020;donor529204468;donor557841072;donor559180932;donor568753123;donor594667326;donor617941978;donor651725139;donor652809884;donor654662700;donor661977224;donor699502603,10000.0,-0.02020910725732672,0.37452790764286736,-0.1834686127032642,0.05968347155010918,1.0100540120324237,85.57627590714532,-4.751004558114728,0.3125,0.3478219696969697,0.25302130761514746
allen_vc2p,feat__pref_sf_sg,joint,2,donor519772020;donor529204468;donor557841072;donor559180932;donor568753123;donor594667326;donor617941978;donor651725139;donor652809884;donor654662700;donor661977224;donor699502603,10000.0,-0.01822809968917749,0.3385568465762891,0.15111464830352542,0.05962549771945324,1.009072891150443,39.63825913160091,-2.1619794393067244,0.5416666666666666,0.42720962215384417,0.2529931799608092
allen_vc2p,feat__reliability_dg,function_only,2,donor519772020;donor529204468;donor557841072;donor559180932;donor568753123;donor594667326;donor617941978;donor651725139;donor652809884;donor654662700;donor661977224;donor699502603,31.622776601683793,0.45908547846961,0.7227618532753275,0.5626251390433815,0.12459177834438495,0.7354689126836048,0.7557239682458303,0.01820371804437066,0.85,0.8488566988566989,0.23093357712409932
allen_vc2p,feat__reliability_dg,genes_only,2,donor519772020;donor529204468;donor557841072;donor559180932;donor568753123;donor594667326;donor617941978;donor651725139;donor652809884;donor654662700;donor661977224;donor699502603,177.82794100389228,0.32593203200645116,0.6430653562029591,-0.12853589264613555,0.1390839157368571,0.8210164237002758,1.8493420865539516,-0.09878635768106545,0.385,0.55,0.24958417870528776
allen_vc2p,feat__reliability_dg,joint,2,donor519772020;donor529204468;donor557841072;donor559180932;donor568753123;donor594667326;donor617941978;donor651725139;donor652809884;donor654662700;donor661977224;donor699502603,17.78279410038923,0.5156148398258001,0.8389519412192652,0.4994438264738598,0.11790181182519954,0.6959778445959909,0.6697017282009818,0.025979450317560836,0.81,0.8226619132501485,0.22920952056316563
allen_vc2p,feat__reliability_sg,function_only,2,donor519772020;donor529204468;donor557841072;donor559180932;donor568753123;donor594667326;donor617941978;donor651725139;donor652809884;donor654662700;donor661977224;donor699502603,31.622776601683793,0.5231846090469796,0.7246951853673428,0.6725250278086763,0.09857450688911892,0.6905182046451347,1.0654104254270822,-0.005588514977650042,0.9700000000000001,0.9733333333333333,0.231803516953024
allen_vc2p,feat__reliability_sg,genes_only,2,donor519772020;donor529204468;donor557841072;donor559180932;donor568753123;donor594667326;donor617941978;donor651725139;donor652809884;donor654662700;donor661977224;donor699502603,177.82794100389228,-0.05660001452597818,0.034816772448367325,-0.013148292369445964,0.14673874036792486,1.0279105089992877,0.1297881805739782,0.08422025016829918,0.545,0.615,0.2479667370877868
allen_vc2p,feat__reliability_sg,joint,2,donor519772020;donor529204468;donor557841072;donor559180932;donor568753123;donor594667326;donor617941978;donor651725139;donor652809884;donor654662700;donor661977224;donor699502603,31.622776601683793,0.32410491938868347,0.6001340694422528,0.6809788654060066,0.11736243817548486,0.8221283845007706,0.7613479255394728,0.019996184237018932,0.9800000000000001,0.9833333333333333,0.23104999021335487
allen_vc2p,feat__reliability_ns,function_only,2,donor519772020;donor529204468;donor557841072;donor559180932;donor568753123;donor594667326;donor617941978;donor651725139;donor652809884;donor654662700;donor661977224;donor699502603,56.23413251903491,0.4129734934209197,0.6490125520624702,0.6484983314794216,0.14381909520343653,0.7661765505239806,1.1444959782969446,-0.03947116145873085,0.9400000000000001,0.9625,0.2311763993238068
allen_vc2p,feat__reliability_ns,genes_only,2,donor519772020;donor529204468;donor557841072;donor559180932;donor568753123;donor594667326;donor617941978;donor651725139;donor652809884;donor654662700;donor661977224;donor699502603,316.22776601683796,0.06143826584366541,0.3091039985313706,0.1525655304247782,0.1818524339640296,0.9687939585620539,1.822093867623483,-0.13535414318195932,0.6900000000000001,0.6940106951871658,0.24908749402216573
allen_vc2p,feat__reliability_ns,joint,2,donor519772020;donor529204468;donor557841072;donor559180932;donor568753123;donor594667326;donor617941978;donor651725139;donor652809884;donor654662700;donor661977224;donor699502603,56.23413251903491,0.4238110803664199,0.6587166221917745,0.6618464961067854,0.14248532832261201,0.7590710899694711,0.9163020281957402,0.004154743247679574,0.91,0.9406417112299464,0.2256507523117839
allen_vc2p,feat__reliability_nm1_a,function_only,2,donor519772020;donor529204468;donor557841072;donor559180932;donor568753123;donor594667326;donor617941978;donor651725139;donor652809884;donor654662700;donor661977224;donor699502603,177.82794100389228,0.3675896946932239,0.6610136932572797,0.6876529477196887,0.09943024055309437,0.7952422934531715,1.6464470304922156,-0.09868930381147228,0.91,0.9284848484848484,0.2416982585713781
allen_vc2p,feat__reliability_nm1_a,genes_only,2,donor519772020;donor529204468;donor557841072;donor559180932;donor568753123;donor594667326;donor617941978;donor651725139;donor652809884;donor654662700;donor661977224;donor699502603,1000.0,0.07969163835696169,0.44953981985255087,0.0283368370031163,0.11994598215480091,0.9593270358059951,4.4095630901090415,-0.4939388409546585,0.6,0.7090909090909091,0.25048344295346536
allen_vc2p,feat__reliability_nm1_a,joint,2,donor519772020;donor529204468;donor557841072;donor559180932;donor568753123;donor594667326;donor617941978;donor651725139;donor652809884;donor654662700;donor661977224;donor699502603,177.82794100389228,0.4358523960673969,0.6731368617491921,0.5959955506117909,0.09391076859036952,0.7510975994659942,1.2086280566248047,-0.03815158278296615,0.8800000000000001,0.9276315789473685,0.2403273813222983
allen_vc2p,feat__reliability_nm3,function_only,2,donor519772020;donor529204468;donor557841072;donor559180932;donor568753123;donor594667326;donor617941978;donor651725139;donor652809884;donor654662700;donor661977224;donor699502603,56.23413251903491,0.27098154796457985,0.5667649537576857,0.589321468298109,0.10708013418352892,0.853825773810907,1.2850506860703799,-0.07284109939092746,0.9,0.908531746031746,0.2425441542899062
allen_vc2p,feat__reliability_nm3,genes_only,2,donor519772020;donor529204468;donor557841072;donor559180932;donor568753123;donor594667326;donor617941978;donor651725139;donor652809884;donor654662700;donor661977224;donor699502603,56.23413251903491,0.028234941763908727,0.28289407630254493,0.25117772319562287,0.1236289799319978,0.9857814454637468,0.5911231905096708,0.05297055042989284,0.675,0.6843162393162394,0.24637390128921927
allen_vc2p,feat__reliability_nm3,joint,2,donor519772020;donor529204468;donor557841072;donor559180932;donor568753123;donor594667326;donor617941978;donor651725139;donor652809884;donor654662700;donor661977224;donor699502603,56.23413251903491,0.377562977453598,0.6223274032558284,0.7139043381535038,0.09894351952815758,0.7889467805476335,1.0931792478067475,-0.025435082508396264,0.9500000000000001,0.9614285714285714,0.2380314634032313
allen_vc2p,feat__run_mod_dg,function_only,2,donor519772020;donor529204468;donor557841072;donor559180932;donor568753123;donor594667326;donor617941978;donor651725139;donor652809884;donor654662700;donor661977224;donor699502603,562.341325190349,0.010395432773007696,0.10642744787309125,0.071412680756396,0.568998862970108,0.9947887048130031,0.833268755183014,0.05199964683233438,0.58,0.6065467813919826,0.25561809366313737
allen_vc2p,feat__run_mod_dg,genes_only,2,donor519772020;donor529204468;donor557841072;donor559180932;donor568753123;donor594667326;donor617941978;donor651725139;donor652809884;donor654662700;donor661977224;donor699502603,177.82794100389228,0.09275635275876937,0.37644805957556765,0.3690589651285867,0.5448068017477439,0.9524933843539588,2.4250927007172667,-0.527377326666149,0.79,0.7388708951866847,0.24813825650876414
allen_vc2p,feat__run_mod_dg,joint,2,donor519772020;donor529204468;donor557841072;donor559180932;donor568753123;donor594667326;donor617941978;donor651725139;donor652809884;donor654662700;donor661977224;donor699502603,562.341325190349,0.05434980455617722,0.2585519124753906,0.25917686318131256,0.5562189890413627,0.9724454717054917,1.759020299623025,-0.2914351060043854,0.72,0.7541558441558441,0.2508804098905364
allen_vc2p,feat__run_mod_sg,function_only,2,donor519772020;donor529204468;donor557841072;donor559180932;donor568753123;donor594667326;donor617941978;donor651725139;donor652809884;donor654662700;donor661977224;donor699502603,1000.0,0.018589235627317735,0.17714824071341811,0.16395995550611792,0.6569872238174747,0.9906617810179832,2.753216197309083,-0.649738235808598,0.6100000000000001,0.707340021090021,0.25702301391134014
allen_vc2p,feat__run_mod_sg,genes_only,2,donor519772020;donor529204468;donor557841072;donor559180932;donor568753123;donor594667326;donor617941978;donor651725139;donor652809884;donor654662700;donor661977224;donor699502603,316.22776601683796,-0.008649363639796182,0.02988717619607586,0.06574146184722982,0.6660420133439039,1.0043153706066408,0.23683361988090215,0.2788867870136509,0.51,0.5749633699633699,0.2556942724102079
allen_vc2p,feat__run_mod_sg,joint,2,donor519772020;donor529204468;donor557841072;donor559180932;donor568753123;donor594667326;donor617941978;donor651725139;donor652809884;donor654662700;donor661977224;donor699502603,1000.0,0.02377498673502665,0.23721665738018513,0.32547274749721916,0.6552491723983087,0.9880409977637716,4.160946144206939,-1.1575418180313266,0.69,0.6521336996336996,0.25577839032568467
allen_vc2p,feat__run_mod_ns,function_only,2,donor519772020;donor529204468;donor557841072;donor559180932;donor568753123;donor594667326;donor617941978;donor651725139;donor652809884;donor654662700;donor661977224;donor699502603,10000.0,-0.059034144747546646,0.017355025403778514,-0.009121245828698554,0.5431838394749076,1.0290938464219548,2.1132060838360736,-0.4944281209851838,0.51,0.616031746031746,0.2566067680764317
allen_vc2p,feat__run_mod_ns,genes_only,2,donor519772020;donor529204468;donor557841072;donor559180932;donor568753123;donor594667326;donor617941978;donor651725139;donor652809884;donor654662700;donor661977224;donor699502603,1778.2794100389228,-0.03829061437177317,0.25915726573517267,0.3180526585229774,0.5378378019627705,1.0189654627944162,6.3079122956214215,-1.8640444157560025,0.685,0.6565079365079365,0.25514813692516325
allen_vc2p,feat__run_mod_ns,joint,2,donor519772020;donor529204468;donor557841072;donor559180932;donor568753123;donor594667326;donor617941978;donor651725139;donor652809884;donor654662700;donor661977224;donor699502603,10000.0,-0.05487632274074539,0.26726660175850964,0.22981090100111232,0.5421165071307014,1.0270717222943822,33.24597195454372,-10.723598849346672,0.68,0.6786488949646844,0.2563258415936623
allen_vc2p,feat__peak_dff_dg,function_only,2,donor519772020;donor529204468;donor557841072;donor559180932;donor568753123;donor594667326;donor617941978;donor651725139;donor652809884;donor654662700;donor661977224;donor699502603,56.23413251903491,0.5085936926679449,0.8721834140023429,0.6907675194660734,23.80571123755824,0.7010037855333066,2.172737171361554,-12.741426753563879,0.9600000000000001,0.9622222222222222,0.48926127625237487
allen_vc2p,feat__peak_dff_dg,genes_only,2,donor519772020;donor529204468;donor557841072;donor559180932;donor568753123;donor594667326;donor617941978;donor651725139;donor652809884;donor654662700;donor661977224;donor699502603,56.23413251903491,-0.09461412447995854,0.08892351787669886,0.31170520703427934,35.52968212540714,1.0462380821208401,0.23699316169746015,17.826783751514313,0.825,0.7917224880382776,0.49979711263040166
allen_vc2p,feat__peak_dff_dg,joint,2,donor519772020;donor529204468;donor557841072;donor559180932;donor568753123;donor594667326;donor617941978;donor651725139;donor652809884;donor654662700;donor661977224;donor699502603,31.622776601683793,0.33116189358038506,0.5981381044896074,0.5559510567296997,27.772904603452353,0.8178252297524059,1.2391290801776014,-0.3754500290321631,0.94,0.9433119658119659,0.4602195289395025
allen_vc2p,feat__image_sel_ns,function_only,2,donor519772020;donor529204468;donor557841072;donor559180932;donor568753123;donor594667326;donor617941978;donor651725139;donor652809884;donor654662700;donor661977224;donor699502603,56.23413251903491,0.2037089817083365,0.4714312358779423,0.47452725250278077,0.1705423491890163,0.8923513984318792,1.0362710500318897,0.006856684255596766,0.75,0.7773809523809523,0.2572076473258108
allen_vc2p,feat__image_sel_ns,genes_only,2,donor519772020;donor529204468;donor557841072;donor559180932;donor568753123;donor594667326;donor617941978;donor651725139;donor652809884;donor654662700;donor661977224;donor699502603,100.0,-0.21245105143882137,-0.15065834896368707,-0.1430443531917311,0.21044007100990622,1.1011135506504917,-0.624657723866539,0.8577038266135469,0.47000000000000003,0.6303571428571428,0.2660640465743528
allen_vc2p,feat__image_sel_ns,joint,2,donor519772020;donor529204468;donor557841072;donor559180932;donor568753123;donor594667326;donor617941978;donor651725139;donor652809884;donor654662700;donor661977224;donor699502603,56.23413251903491,0.04611111829724368,0.33099476438264536,0.37486095661846497,0.18665740588577218,0.9766723512482443,0.7013705640575605,0.19190790640771577,0.74,0.7747126403008755,0.25665922642386696
allen_vc2p,feat__time_to_peak_ns,function_only,2,donor519772020;donor529204468;donor557841072;donor559180932;donor568753123;donor594667326;donor617941978;donor651725139;donor652809884;donor654662700;donor661977224;donor699502603,316.22776601683796,-0.1691455795150394,0.15267190530902566,0.14655417215323402,0.06161055065325078,1.081270354478473,0.6077411479757057,0.13831354149326555,0.6333333333333334,0.7515422077922079,0.24747124272825038
allen_vc2p,feat__time_to_peak_ns,genes_only,2,donor519772020;donor529204468;donor557841072;donor559180932;donor568753123;donor594667326;donor617941978;donor651725139;donor652809884;donor654662700;donor661977224;donor699502603,177.82794100389228,-0.15547008623921998,0.1564073928440567,0.352318599010456,0.06124916151489238,1.0749279446542743,0.44987422991366294,0.1829229689891163,0.8500000000000001,0.815934065934066,0.24642782516118086
allen_vc2p,feat__time_to_peak_ns,joint,2,donor519772020;donor529204468;donor557841072;donor559180932;donor568753123;donor594667326;donor617941978;donor651725139;donor652809884;donor654662700;donor661977224;donor699502603,177.82794100389228,-0.18971309184129748,0.16445012604024795,0.2839626501538309,0.062150111875084235,1.0907396993781506,0.3557013475608335,0.2101216508891629,0.8,0.8606672932330829,0.24560807724211686
allen_vc2p,feat__time_to_peak_sg,function_only,2,donor519772020;donor529204468;donor557841072;donor559180932;donor568753123;donor594667326;donor617941978;donor651725139;donor652809884;donor654662700;donor661977224;donor699502603,316.22776601683796,0.026905625744718442,0.28802672246335365,0.30179481333644753,0.08086056385998443,0.9864554598315824,1.0541767886945907,0.003831303415620262,0.6749999999999999,0.6979291541791541,0.25931997800372636
allen_vc2p,feat__time_to_peak_sg,genes_only,2,donor519772020;donor529204468;donor557841072;donor559180932;donor568753123;donor594667326;donor617941978;donor651725139;donor652809884;donor654662700;donor661977224;donor699502603,10000.0,-0.06458844788563822,0.21443172022226076,0.5112574593102797,0.08457658768280558,1.0317889550967596,53.26102915927163,-14.876545769627912,0.8541666666666667,0.7686720142602497,0.2614077180190173
allen_vc2p,feat__time_to_peak_sg,joint,2,donor519772020;donor529204468;donor557841072;donor559180932;donor568753123;donor594667326;donor617941978;donor651725139;donor652809884;donor654662700;donor661977224;donor699502603,562.341325190349,0.02495809391829329,0.28396131339158276,0.3171743126866801,0.08094143978062196,0.9874421026358541,1.3341118058621935,-0.07769050600741718,0.6833333333333333,0.712036297036297,0.25972654341202267
allen_vc2p,feat__rf_area_on_lsn,function_only,2,donor519772020;donor529204468;donor557841072;donor559180932;donor568753123;donor594667326;donor617941978;donor651725139;donor652809884;donor654662700;donor661977224;donor699502603,31.622776601683793,-0.015674931147251048,0.3348248872119085,0.3819799777530589,80.28907604067315,1.0078069910192258,0.5947808158127088,22.537014917945687,0.74,0.7148260073260072,0.4500004468940171
allen_vc2p,feat__rf_area_on_lsn,genes_only,2,donor519772020;donor529204468;donor557841072;donor559180932;donor568753123;donor594667326;donor617941978;donor651725139;donor652809884;donor654662700;donor661977224;donor699502603,562.341325190349,-0.09617804715100542,-0.011066236400270636,-0.044205465724861434,83.41029239471517,1.0469852182103518,-0.07774419103774662,96.29669480499511,0.48,0.524025974025974,0.4999999999999066
allen_vc2p,feat__rf_area_on_lsn,joint,2,donor519772020;donor529204468;donor557841072;donor559180932;donor568753123;donor594667326;donor617941978;donor651725139;donor652809884;donor654662700;donor661977224;donor699502603,56.23413251903491,-0.2665733188234056,0.24898576861430086,0.260511679644049,89.65907644551665,1.12542139611053,0.48825891381076303,25.07880887085757,0.7,0.6515179265179265,0.4996986621477988
allen_vc2p,feat__rf_area_off_lsn,function_only,2,donor519772020;donor529204468;donor557841072;donor559180932;donor568753123;donor594667326;donor617941978;donor651725139;donor652809884;donor654662700;donor661977224;donor699502603,316.22776601683796,0.043730991891784865,0.28954482001602805,0.2547274749721913,181.08916623151268,0.9778900797677647,2.435304878966439,-218.85795512648315,0.6699999999999999,0.7753030303030302,0.4999999999999066
allen_vc2p,feat__rf_area_off_lsn,genes_only,2,donor519772020;donor529204468;donor557841072;donor559180932;donor568753123;donor594667326;donor617941978;donor651725139;donor652809884;donor654662700;donor661977224;donor699502603,177.82794100389228,-0.06632352956952392,-0.05466333402848199,0.04012496119641268,191.22599306945472,1.032629425093781,-0.26953207295386833,154.51832386649525,0.54,0.5206944444444445,0.4999999999999066
allen_vc2p,feat__rf_area_off_lsn,joint,2,donor519772020;donor529204468;donor557841072;donor559180932;donor568753123;donor594667326;donor617941978;donor651725139;donor652809884;donor654662700;donor661977224;donor699502603,316.22776601683796,0.010943843444517487,0.13493183417038132,0.1835372636262514,184.16746237523904,0.9945130248294751,0.7401161226614525,21.360944030904285,0.6400000000000001,0.6870509607351712,0.4999999999999066
allen_vc2p,feat__rf_chi2_lsn,function_only,2,donor519772020;donor529204468;donor557841072;donor559180932;donor568753123;donor594667326;donor617941978;donor651725139;donor652809884;donor654662700;donor661977224;donor699502603,100.0,-0.05731630260089027,0.2707063983928023,0.25543371742006266,0.23065741879606522,1.0282588694445887,0.5217553856498004,0.0010275465942492362,0.6900000000000001,0.6767387218045113,0.246152326406615
allen_vc2p,feat__rf_chi2_lsn,genes_only,2,donor519772020;donor529204468;donor557841072;donor559180932;donor568753123;donor594667326;donor617941978;donor651725139;donor652809884;donor654662700;donor661977224;donor699502603,316.22776601683796,0.035566979660412,0.3401873971260189,0.10288218435668832,0.22029315308295758,0.9820555077647033,1.892141907234579,-0.15830598321995393,0.5650000000000001,0.5282051282051282,0.24989651722224973
allen_vc2p,feat__rf_chi2_lsn,joint,2,donor519772020;donor529204468;donor557841072;donor559180932;donor568753123;donor594667326;donor617941978;donor651725139;donor652809884;donor654662700;donor661977224;donor699502603,100.0,-0.05529900521269315,0.33710873658736396,0.17752755294838712,0.23043727333779274,1.027277472352667,0.5432098449764323,-0.0059142263895589145,0.63,0.6408982683982684,0.24615944519842858
allen_vc2p,feat__osi_dg,function_only,3,donor492413952;donor523504560;donor545472217;donor558792472;donor562220816;donor575296278;donor601710463;donor606651548;donor644548932;donor644549836;donor656643818;donor666839638,17.78279410038923,0.793541706625519,0.9086005070395858,0.9127919911012237,0.13883931360992516,0.45437681870131724,1.1132173288370861,-0.132927633106148,1.0,0.9999999999999999,0.23528020536782904
allen_vc2p,feat__osi_dg,genes_only,3,donor492413952;donor523504560;donor545472217;donor558792472;donor562220816;donor575296278;donor601710463;donor606651548;donor644548932;donor644549836;donor656643818;donor666839638,17.78279410038923,-0.4239355473788544,0.05018290135381708,0.0390292710440754,0.3646208149481798,1.1932877051949937,0.20508230976618078,0.5283275155650909,0.5249999999999999,0.5166666666666666,0.2958588057097268
allen_vc2p,feat__osi_dg,joint,3,donor492413952;donor523504560;donor545472217;donor558792472;donor562220816;donor575296278;donor601710463;donor606651548;donor644548932;donor644549836;donor656643818;donor666839638,31.622776601683793,0.7246274923655541,0.8697497454161955,0.8669632925472748,0.16034542797286264,0.5247594759817525,1.1180102357590143,-0.1365003526551701,1.0,0.9999999999999999,0.24045854599756394
allen_vc2p,feat__dsi_dg,function_only,3,donor492413952;donor523504560;donor545472217;donor558792472;donor562220816;donor575296278;donor601710463;donor606651548;donor644548932;donor644549836;donor656643818;donor666839638,10.0,0.5063078523994051,0.7219328034782878,0.7953281423804226,0.287497159723336,0.7026322990001113,1.1786010883583475,-0.08766755416624025,0.96,0.9714285714285714,0.22295448501282533
allen_vc2p,feat__dsi_dg,genes_only,3,donor492413952;donor523504560;donor545472217;donor558792472;donor562220816;donor575296278;donor601710463;donor606651548;donor644548932;donor644549836;donor656643818;donor666839638,10000.0,-0.023434958237270598,0.4414412587275142,0.34708173178481333,0.413938262517595,1.0116496222666562,137.01072254787982,-95.66227354582576,0.73,0.7354166666666666,0.2783928647927261
allen_vc2p,feat__dsi_dg,joint,3,donor492413952;donor523504560;donor545472217;donor558792472;donor562220816;donor575296278;donor601710463;donor606651548;donor644548932;donor644549836;donor656643818;donor666839638,17.78279410038923,0.44174458310280484,0.6712946248017136,0.7548387096774194,0.3057186418838643,0.7471649194752564,1.128025586123637,-0.05584812960661004,0.95,0.9666666666666667,0.22587382409334628
allen_vc2p,feat__g_osi_dg,function_only,3,donor492413952;donor523504560;donor545472217;donor558792472;donor562220816;donor575296278;donor601710463;donor606651548;donor644548932;donor644549836;donor656643818;donor666839638,17.78279410038923,0.8628288767126931,0.9469893110635319,0.9492769744160177,0.09774046742662112,0.3703662015981848,1.2038520719357935,-0.12131646176645454,1.0,0.9999999999999999,0.21222118230967113
allen_vc2p,feat__g_osi_dg,genes_only,3,donor492413952;donor523504560;donor545472217;donor558792472;donor562220816;donor575296278;donor601710463;donor606651548;donor644548932;donor644549836;donor656643818;donor666839638,17.78279410038923,-0.4318257656310167,-0.0394991921108759,-0.05366524768560367,0.31578256694943735,1.1965892217549703,-0.13000487053071366,0.5318435551567624,0.48000000000000004,0.49285714285714277,0.27148753753376587
allen_vc2p,feat__g_osi_dg,joint,3,donor492413952;donor523504560;donor545472217;donor558792472;donor562220816;donor575296278;donor601710463;donor606651548;donor644548932;donor644549836;donor656643818;donor666839638,31.622776601683793,0.7412531165955619,0.892793330270011,0.9038932146829811,0.13423959332983154,0.508671685276935,1.2484392255842036,-0.16401064440802762,1.0,0.9999999999999999,0.22021320146353757
allen_vc2p,feat__g_dsi_dg,function_only,3,donor492413952;donor523504560;donor545472217;donor558792472;donor562220816;donor575296278;donor601710463;donor606651548;donor644548932;donor644549836;donor656643818;donor666839638,17.78279410038923,0.7334003862320588,0.879901395578356,0.8860956618464961,0.128277355446108,0.5163328517204719,1.1391374183844576,-0.10141964570329999,1.0,0.9999999999999999,0.2143850368543161
allen_vc2p,feat__g_dsi_dg,genes_only,3,donor492413952;donor523504560;donor545472217;donor558792472;donor562220816;donor575296278;donor601710463;donor606651548;donor644548932;donor644549836;donor656643818;donor666839638,10000.0,-0.13945279903427577,0.23004205494536314,0.1212695207440914,0.26519687966622396,1.0674515441110677,51.10866122346179,-23.862600879778125,0.5850000000000001,0.625,0.26348857415844973
allen_vc2p,feat__g_dsi_dg,joint,3,donor492413952;donor523504560;donor545472217;donor558792472;donor562220816;donor575296278;donor601710463;donor606651548;donor644548932;donor644549836;donor656643818;donor666839638,31.622776601683793,0.6876579559653275,0.8770242235303193,0.8763070077864292,0.13884666861512243,0.5588756964049859,1.206521904072412,-0.1514578009482045,1.0,0.9999999999999999,0.2182783045365321
allen_vc2p,feat__osi_sg,function_only,3,donor492413952;donor523504560;donor545472217;donor558792472;donor562220816;donor575296278;donor601710463;donor606651548;donor644548932;donor644549836;donor656643818;donor666839638,56.23413251903491,0.285035552089845,0.5658466345160893,0.5768631813125694,0.356434480477929,0.845555703609622,1.4335756777407789,-0.46953024478494537,0.9,0.9191558441558442,0.27761405169027203
allen_vc2p,feat__osi_sg,genes_only,3,donor492413952;donor523504560;donor545472217;donor558792472;donor562220816;donor575296278;donor601710463;donor606651548;donor644548932;donor644549836;donor656643818;donor666839638,10000.0,-0.015372811685768317,0.0290412110998906,0.16053110887771488,0.42476649374655934,1.0076570903243578,6.5660202690309735,-5.77958232005434,0.6600000000000001,0.675438596491228,0.3059524208398464
allen_vc2p,feat__osi_sg,joint,3,donor492413952;donor523504560;donor545472217;donor558792472;donor562220816;donor575296278;donor601710463;donor606651548;donor644548932;donor644549836;donor656643818;donor666839638,56.23413251903491,0.24056007364634824,0.5008059436852222,0.5359288097886541,0.3673535146723562,0.8714585052370815,1.065862360324726,-0.10760060827088506,0.86,0.8976190476190475,0.27492739911479236
allen_vc2p,feat__g_osi_sg,function_only,3,donor492413952;donor523504560;donor545472217;donor558792472;donor562220816;donor575296278;donor601710463;donor606651548;donor644548932;donor644549836;donor656643818;donor666839638,31.622776601683793,0.3615185649262189,0.6190567897775514,0.6020476892930431,0.18689562252394545,0.7990503332508669,1.070532201956298,-0.011529950116431952,0.8499999999999999,0.7572333222333223,0.25362380647691807
allen_vc2p,feat__g_osi_sg,genes_only,3,donor492413952;donor523504560;donor545472217;donor558792472;donor562220816;donor575296278;donor601710463;donor606651548;donor644548932;donor644549836;donor656643818;donor666839638,100.0,0.03129300543635416,0.23674247628134582,0.3377070235211068,0.230208423240125,0.9842291372212888,1.318351437811759,-0.25726723241296706,0.78,0.7552631578947369,0.2749666476577065
allen_vc2p,feat__g_osi_sg,joint,3,donor492413952;donor523504560;donor545472217;donor558792472;donor562220816;donor575296278;donor601710463;donor606651548;donor644548932;donor644549836;donor656643818;donor666839638,31.622776601683793,0.3904248687569395,0.6306134023943499,0.5958157723613591,0.1826159104673726,0.7807529258592939,1.1216923552681781,-0.06777002117039557,0.8700000000000001,0.778531746031746,0.2548104162615048
allen_vc2p,feat__sfdi_sg,function_only,3,donor492413952;donor523504560;donor545472217;donor558792472;donor562220816;donor575296278;donor601710463;donor606651548;donor644548932;donor644549836;donor656643818;donor666839638,31.622776601683793,0.09890122811992152,0.3888316234619797,0.2609566184649611,0.05535837186215695,0.9492622250196072,0.643454472931115,0.09188044934428913,0.6699999999999999,0.7665617664069675,0.25180469517534
allen_vc2p,feat__sfdi_sg,genes_only,3,donor492413952;donor523504560;donor545472217;donor558792472;donor562220816;donor575296278;donor601710463;donor606651548;donor644548932;donor644549836;donor656643818;donor666839638,17.78279410038923,-0.8078080029596668,0.014549451449746896,0.00973255744402661,0.07841032646821167,1.3445475086056529,0.01765408316825927,0.2606640791067168,0.49999999999999994,0.5139553429027113,0.2557907208744045
allen_vc2p,feat__sfdi_sg,joint,3,donor492413952;donor523504560;donor545472217;donor558792472;donor562220816;donor575296278;donor601710463;donor606651548;donor644548932;donor644549836;donor656643818;donor666839638,56.23413251903491,-0.08135784978049787,0.3027411789456123,0.24315906562847608,0.0606431606841103,1.0398835750906985,0.42932390518650104,0.1490273695594168,0.66,0.7314411027568922,0.2521519853336342
allen_vc2p,feat__tfdi_dg,function_only,3,donor492413952;donor523504560;donor545472217;donor558792472;donor562220816;donor575296278;donor601710463;donor606651548;donor644548932;donor644549836;donor656643818;donor666839638,56.23413251903491,0.021905300297143215,0.26375257191490703,0.3067853170189099,0.06664130201001231,0.9889867034868699,0.7169339130153094,0.10670213203272089,0.6799999999999999,0.7570292207792206,0.2557035437032321
allen_vc2p,feat__tfdi_dg,genes_only,3,donor492413952;donor523504560;donor545472217;donor558792472;donor562220816;donor575296278;donor601710463;donor606651548;donor644548932;donor644549836;donor656643818;donor666839638,56.23413251903491,0.0051876854774880465,0.12415868533351736,0.12312805746047593,0.06720840629298976,0.9974027844822696,0.5762616665272423,0.1441636391099609,0.6299999999999999,0.611764705882353,0.2565497760715386
allen_vc2p,feat__tfdi_dg,joint,3,donor492413952;donor523504560;donor545472217;donor558792472;donor562220816;donor575296278;donor601710463;donor606651548;donor644548932;donor644549836;donor656643818;donor666839638,100.0,0.015933699707351257,0.21961307098177565,0.2556173526140155,0.0668444263458747,0.9920011594062985,0.6366795997100485,0.1305826866309,0.6799999999999999,0.7554761904761904,0.25578947153011494
allen_vc2p,feat__pref_tf_dg,function_only,3,donor492413952;donor523504560;donor545472217;donor558792472;donor562220816;donor575296278;donor601710463;donor606651548;donor644548932;donor644549836;donor656643818;donor666839638,100.0,-0.018426827639340004,0.13335463384009288,0.336222247874994,4.735823256345865,1.0091713569255254,0.4122520162387434,2.139692546470356,0.7232142857142857,0.6210485314020205,0.45946657018868997
allen_vc2p,feat__pref_tf_dg,genes_only,3,donor492413952;donor523504560;donor545472217;donor558792472;donor562220816;donor575296278;donor601710463;donor606651548;donor644548932;donor644549836;donor656643818;donor666839638,10000.0,0.00024886368742693676,0.27615872908802336,0.11775334329645243,4.692200090660528,0.9998755604134681,133.23687890723895,-503.5386140909962,0.4821428571428571,0.47344253490870036,0.5106453358164124
allen_vc2p,feat__pref_tf_dg,joint,3,donor492413952;donor523504560;donor545472217;donor558792472;donor562220816;donor575296278;donor601710463;donor606651548;donor644548932;donor644549836;donor656643818;donor666839638,100.0,-0.011206104949993856,0.1640093929631332,0.2675212398254465,4.7190047208788135,1.005587442716725,0.4622481008081402,2.0612234749369986,0.6473214285714286,0.5785101227579307,0.4559945782643222
allen_vc2p,feat__pref_sf_sg,function_only,3,donor492413952;donor523504560;donor545472217;donor558792472;donor562220816;donor575296278;donor601710463;donor606651548;donor644548932;donor644549836;donor656643818;donor666839638,10000.0,-0.015626324353554155,0.3673250786932707,0.47671059498052754,0.059945905867720604,1.0077828755835285,70.11326100685096,-3.8877205333891327,0.7361111111111112,0.6115026069640673,0.25298920378901213
allen_vc2p,feat__pref_sf_sg,genes_only,3,donor492413952;donor523504560;donor545472217;donor558792472;donor562220816;donor575296278;donor601710463;donor606651548;donor644548932;donor644549836;donor656643818;donor666839638,316.22776601683796,-0.022782204439003806,0.013173671712016128,0.0529199335928238,0.06015671803081942,1.0113269522783492,0.12564138855194223,0.05744336770758265,0.46064814814814814,0.3732295482295482,0.2531888027435851
allen_vc2p,feat__pref_sf_sg,joint,3,donor492413952;donor523504560;donor545472217;donor558792472;donor562220816;donor575296278;donor601710463;donor606651548;donor644548932;donor644549836;donor656643818;donor666839638,10000.0,-0.01534384579879644,0.23598456464961118,0.3194380379854854,0.05993756883960071,1.0076427173183249,28.38279330784646,-1.536824393719478,0.6157407407407408,0.5045343137254902,0.2529970546344626
allen_vc2p,feat__reliability_dg,function_only,3,donor492413952;donor523504560;donor545472217;donor558792472;donor562220816;donor575296278;donor601710463;donor606651548;donor644548932;donor644549836;donor656643818;donor666839638,31.622776601683793,0.32160802539470423,0.6058829027674358,0.46696329254727476,0.11294510219031689,0.8236455394132853,1.0554217730073385,-0.035904974784852134,0.7000000000000001,0.7294096099978452,0.2439267284567447
allen_vc2p,feat__reliability_dg,genes_only,3,donor492413952;donor523504560;donor545472217;donor558792472;donor562220816;donor575296278;donor601710463;donor606651548;donor644548932;donor644549836;donor656643818;donor666839638,5.623413251903491,-0.13426011482558864,0.15036907637223706,0.3798384414110909,0.14604388666664406,1.0650164856982476,0.4078792346157116,0.039032368795463256,0.7150000000000001,0.6658730158730158,0.24610217531778966
allen_vc2p,feat__reliability_dg,joint,3,donor492413952;donor523504560;donor545472217;donor558792472;donor562220816;donor575296278;donor601710463;donor606651548;donor644548932;donor644549836;donor656643818;donor666839638,31.622776601683793,0.4107713751792883,0.6631128317147553,0.4642936596218019,0.10526135840127153,0.7676122880804592,1.1602624415458749,-0.03837995413240747,0.72,0.7514194139194139,0.24249130693358292
allen_vc2p,feat__reliability_sg,function_only,3,donor492413952;donor523504560;donor545472217;donor558792472;donor562220816;donor575296278;donor601710463;donor606651548;donor644548932;donor644549836;donor656643818;donor666839638,31.622776601683793,0.3091672893104509,0.7247076253199575,0.6355951056729701,0.04870799359806069,0.8311634680771118,0.6531168152025153,0.007900046416738018,0.8800000000000001,0.9102124183006536,0.23875460615110242
allen_vc2p,feat__reliability_sg,genes_only,3,donor492413952;donor523504560;donor545472217;donor558792472;donor562220816;donor575296278;donor601710463;donor606651548;donor644548932;donor644549836;donor656643818;donor666839638,56.23413251903491,-1.5820550914686509,0.18952798621223516,0.15077379111669603,0.09416652539119293,1.6068774350835004,0.1939723561825309,0.030173515209861935,0.61,0.5457027183342973,0.24820137661437713
allen_vc2p,feat__reliability_sg,joint,3,donor492413952;donor523504560;donor545472217;donor558792472;donor562220816;donor575296278;donor601710463;donor606651548;donor644548932;donor644549836;donor656643818;donor666839638,100.0,0.11019425849063935,0.6601953981208486,0.5951056729699666,0.05527915497948058,0.9432951507767826,0.6482878490268003,0.0012424325679284505,0.8799999999999999,0.8811979686979686,0.24074850757514935
allen_vc2p,feat__reliability_ns,function_only,3,donor492413952;donor523504560;donor545472217;donor558792472;donor562220816;donor575296278;donor601710463;donor606651548;donor644548932;donor644549836;donor656643818;donor666839638,31.622776601683793,0.11721913321641486,0.5074620738200377,0.4981090100111235,0.14002121260283876,0.9395641898091572,0.7050012836771783,0.010516188737073233,0.8500000000000001,0.8952124183006535,0.23526145946682112
allen_vc2p,feat__reliability_ns,genes_only,3,donor492413952;donor523504560;donor545472217;donor558792472;donor562220816;donor575296278;donor601710463;donor606651548;donor644548932;donor644549836;donor656643818;donor666839638,31.622776601683793,-0.2511836297461325,0.32027276254823706,0.3941685764830777,0.16669704653380754,1.118563198808785,0.5151719776381501,0.0311972319356868,0.75,0.746218487394958,0.24450251430991168
allen_vc2p,feat__reliability_ns,joint,3,donor492413952;donor523504560;donor545472217;donor558792472;donor562220816;donor575296278;donor601710463;donor606651548;donor644548932;donor644549836;donor656643818;donor666839638,31.622776601683793,0.09216668173638898,0.5398199956018589,0.578642936596218,0.14199414510449745,0.9528028748127431,0.6818510157230607,0.00885883756953686,0.9,0.9317307692307691,0.2329087882990649
allen_vc2p,feat__reliability_nm1_a,function_only,3,donor492413952;donor523504560;donor545472217;donor558792472;donor562220816;donor575296278;donor601710463;donor606651548;donor644548932;donor644549836;donor656643818;donor666839638,100.0,0.005286532272785194,0.1666641054709968,0.531924360400445,0.18514001974960648,0.9973532311656175,0.5804367834053716,0.06850364079670566,0.8600000000000001,0.8709920634920634,0.2423381770228899
allen_vc2p,feat__reliability_nm1_a,genes_only,3,donor492413952;donor523504560;donor545472217;donor558792472;donor562220816;donor575296278;donor601710463;donor606651548;donor644548932;donor644549836;donor656643818;donor666839638,17.78279410038923,0.012678261127932688,0.15756726877595592,0.06534717140989295,0.18445084809101076,0.9936406487565964,0.5884155879928886,0.05761265587513455,0.52,0.5316367842683631,0.25116887719658104
allen_vc2p,feat__reliability_nm1_a,joint,3,donor492413952;donor523504560;donor545472217;donor558792472;donor562220816;donor575296278;donor601710463;donor606651548;donor644548932;donor644549836;donor656643818;donor666839638,100.0,0.0036805940360414846,0.17064975738836946,0.3913236929922136,0.18528941127696819,0.9981580065065971,0.6230622760473995,0.06696064959328794,0.79,0.8148260073260073,0.24402347048562936
allen_vc2p,feat__reliability_nm3,function_only,3,donor492413952;donor523504560;donor545472217;donor558792472;donor562220816;donor575296278;donor601710463;donor606651548;donor644548932;donor644549836;donor656643818;donor666839638,56.23413251903491,0.021283835410742524,0.3668196733367308,0.38242491657397104,0.15804205499286494,0.9893008463440252,0.9934234699219587,0.05472454523080723,0.78,0.8459663865546218,0.24469319436960904
allen_vc2p,feat__reliability_nm3,genes_only,3,donor492413952;donor523504560;donor545472217;donor558792472;donor562220816;donor575296278;donor601710463;donor606651548;donor644548932;donor644549836;donor656643818;donor666839638,31.622776601683793,0.009259280000037506,0.1790811271877273,0.1522450057315591,0.15900994744357086,0.9953595933066396,0.8250257561534847,0.05421560193348787,0.64,0.6045454545454545,0.24896230400747746
allen_vc2p,feat__reliability_nm3,joint,3,donor492413952;donor523504560;donor545472217;donor558792472;donor562220816;donor575296278;donor601710463;donor606651548;donor644548932;donor644549836;donor656643818;donor666839638,56.23413251903491,0.07095021689481373,0.40536502472260366,0.44293659621801995,0.1539798104305601,0.9638722856756258,1.014703055015452,0.04658633538308037,0.8400000000000001,0.8685457516339868,0.2433406489350877
allen_vc2p,feat__run_mod_dg,function_only,3,donor492413952;donor523504560;donor545472217;donor558792472;donor562220816;donor575296278;donor601710463;donor606651548;donor644548932;donor644549836;donor656643818;donor666839638,562.341325190349,-0.08361166361273487,0.33772882799347337,0.3410456062291435,0.4875462116260054,1.0409666966853972,2.5101637526339604,-0.34219319410276733,0.7200000000000001,0.7784649122807017,0.25170103029320434
allen_vc2p,feat__run_mod_dg,genes_only,3,donor492413952;donor523504560;donor545472217;donor558792472;donor562220816;donor575296278;donor601710463;donor606651548;donor644548932;donor644549836;donor656643818;donor666839638,177.82794100389228,-0.012723353557634542,0.30206898194302834,0.2555487985028746,0.4713292184500594,1.006341569027788,4.683815575614524,-1.4906045831239072,0.71,0.7583333333333333,0.25840675172192684
allen_vc2p,feat__run_mod_dg,joint,3,donor492413952;donor523504560;donor545472217;donor558792472;donor562220816;donor575296278;donor601710463;donor606651548;donor644548932;donor644549836;donor656643818;donor666839638,562.341325190349,-0.024987004630539822,0.3365986693377974,0.349944382647386,0.47417442944347177,1.0124164185878075,2.3363342329154935,-0.36608171339117324,0.7300000000000001,0.7905536568694462,0.2527300477659312
allen_vc2p,feat__run_mod_sg,function_only,3,donor492413952;donor523504560;donor545472217;donor558792472;donor562220816;donor575296278;donor601710463;donor606651548;donor644548932;donor644549836;donor656643818;donor666839638,177.82794100389228,-0.11723178721158578,-0.10602836091163045,-0.029588431590656286,0.7727555730464015,1.0569918576831752,-0.45670104829370356,0.48969988102298717,0.5,0.5104310017467911,0.25654307069227145
allen_vc2p,feat__run_mod_sg,genes_only,3,donor492413952;donor523504560;donor545472217;donor558792472;donor562220816;donor575296278;donor601710463;donor606651548;donor644548932;donor644549836;donor656643818;donor666839638,10000.0,5.650312597393903e-05,0.011489345905613263,0.07062439522261263,0.7310687736781256,0.9999717480365586,2.6257460950659786,-0.5811996883829922,0.6000000000000001,0.6405555555555555,0.25788919570826546
allen_vc2p,feat__run_mod_sg,joint,3,donor492413952;donor523504560;donor545472217;donor558792472;donor562220816;donor575296278;donor601710463;donor606651548;donor644548932;donor644549836;donor656643818;donor666839638,316.22776601683796,-0.0575545633552339,-0.06607627940702437,-0.11546162402669634,0.751833885723947,1.0283747193277073,-0.3847621909379695,0.4825987248957007,0.44000000000000006,0.4598357636515531,0.255144496347311
allen_vc2p,feat__run_mod_ns,function_only,3,donor492413952;donor523504560;donor545472217;donor558792472;donor562220816;donor575296278;donor601710463;donor606651548;donor644548932;donor644549836;donor656643818;donor666839638,1000.0,-0.03112546607024891,-0.09602746747358681,0.030033370411568408,0.6479819004176637,1.015443482458289,-1.9070608564047082,0.8597711287635847,0.52,0.5639040616246499,0.2575580339243059
allen_vc2p,feat__run_mod_ns,genes_only,3,donor492413952;donor523504560;donor545472217;donor558792472;donor562220816;donor575296278;donor601710463;donor606651548;donor644548932;donor644549836;donor656643818;donor666839638,177.82794100389228,-0.04330908870529426,0.02772298910033085,-0.2216305034288567,0.6517988863875972,1.0214250284294117,0.30146482973976535,0.12792108765211663,0.42000000000000004,0.45492424242424245,0.25673879194324595
allen_vc2p,feat__run_mod_ns,joint,3,donor492413952;donor523504560;donor545472217;donor558792472;donor562220816;donor575296278;donor601710463;donor606651548;donor644548932;donor644549836;donor656643818;donor666839638,562.341325190349,-0.05070496767764454,-0.059276146530386216,0.0046718576195773085,0.6541050642424141,1.025039007879384,-0.6215330718001483,0.45524729263256813,0.49,0.5478615880163867,0.25841119901784193
allen_vc2p,feat__peak_dff_dg,function_only,3,donor492413952;donor523504560;donor545472217;donor558792472;donor562220816;donor575296278;donor601710463;donor606651548;donor644548932;donor644549836;donor656643818;donor666839638,56.23413251903491,0.4257823675854864,0.672954531581122,0.6017797552836485,14.70161056767682,0.7577714908958073,0.9335532831317953,3.7482017353706074,0.9400000000000001,0.941540404040404,0.2834180570326817
allen_vc2p,feat__peak_dff_dg,genes_only,3,donor492413952;donor523504560;donor545472217;donor558792472;donor562220816;donor575296278;donor601710463;donor606651548;donor644548932;donor644549836;donor656643818;donor666839638,100.0,-0.16281075831537506,0.07159618655338712,0.09288313420406243,20.920938991611173,1.0783370337307607,0.2323154795081098,8.848689557120348,0.5700000000000001,0.5826923076923076,0.49999988547080243
allen_vc2p,feat__peak_dff_dg,joint,3,donor492413952;donor523504560;donor545472217;donor558792472;donor562220816;donor575296278;donor601710463;donor606651548;donor644548932;donor644549836;donor656643818;donor666839638,100.0,0.42946114745893127,0.6557762512227856,0.5119021134593993,14.654441264473942,0.7553402230392673,1.0306686032768937,-0.13055556144835617,0.88,0.8923701298701298,0.3906053886697783
allen_vc2p,feat__image_sel_ns,function_only,3,donor492413952;donor523504560;donor545472217;donor558792472;donor562220816;donor575296278;donor601710463;donor606651548;donor644548932;donor644549836;donor656643818;donor666839638,56.23413251903491,0.18087213415334524,0.5397150454290367,0.5519466073414906,0.1818987554069126,0.9050568301706271,1.5473623021011733,-0.334868240034025,0.8600000000000001,0.836024531024531,0.2558560544535553
allen_vc2p,feat__image_sel_ns,genes_only,3,donor492413952;donor523504560;donor545472217;donor558792472;donor562220816;donor575296278;donor601710463;donor606651548;donor644548932;donor644549836;donor656643818;donor666839638,100.0,-0.18963165305708762,0.14436030068799272,0.006504878507345899,0.21920988432450894,1.0907023668468174,0.5183958344250921,0.17450801755680992,0.495,0.5233333333333333,0.2662707526949438
allen_vc2p,feat__image_sel_ns,joint,3,donor492413952;donor523504560;donor545472217;donor558792472;donor562220816;donor575296278;donor601710463;donor606651548;donor644548932;donor644549836;donor656643818;donor666839638,56.23413251903491,0.19843333684932796,0.5260568548017123,0.5506117908787541,0.1799383363018386,0.8953025539685987,1.1665235448828686,-0.13934269334172258,0.8400000000000001,0.8249342324342323,0.25303831399480947
allen_vc2p,feat__time_to_peak_ns,function_only,3,donor492413952;donor523504560;donor545472217;donor558792472;donor562220816;donor575296278;donor601710463;donor606651548;donor644548932;donor644549836;donor656643818;donor666839638,177.82794100389228,0.03921181955136854,0.20696556752993778,0.3252034960690274,0.07576421186845603,0.9801980312282672,0.8532641740099782,0.03899511648443332,0.7333333333333333,0.8329409288968114,0.24692380231023245
allen_vc2p,feat__time_to_peak_ns,genes_only,3,donor492413952;donor523504560;donor545472217;donor558792472;donor562220816;donor575296278;donor601710463;donor606651548;donor644548932;donor644549836;donor656643818;donor666839638,100.0,-0.049851420419208425,0.1953091874218122,0.2841231857784512,0.07919799811306369,1.0246225746059099,1.2986035433216794,-0.11530115405201548,0.7291666666666666,0.7934704184704184,0.2476408156959671
allen_vc2p,feat__time_to_peak_ns,joint,3,donor492413952;donor523504560;donor545472217;donor558792472;donor562220816;donor575296278;donor601710463;donor606651548;donor644548932;donor644549836;donor656643818;donor666839638,177.82794100389228,0.00874679791437416,0.21030959753286543,0.2897874988943867,0.07695601765797205,0.9956169956664948,0.7583685066184244,0.059165793018231376,0.7166666666666668,0.8256581653640478,0.24658128319350459
allen_vc2p,feat__time_to_peak_sg,function_only,3,donor492413952;donor523504560;donor545472217;donor558792472;donor562220816;donor575296278;donor601710463;donor606651548;donor644548932;donor644549836;donor656643818;donor666839638,316.22776601683796,-0.07424757992384645,0.4098563104908563,0.3446127215553197,0.08642548773527618,1.0364591549588822,2.39394005585599,-0.449615040697022,0.79,0.8261363636363636,0.25347452583106655
allen_vc2p,feat__time_to_peak_sg,genes_only,3,donor492413952;donor523504560;donor545472217;donor558792472;donor562220816;donor575296278;donor601710463;donor606651548;donor644548932;donor644549836;donor656643818;donor666839638,1000.0,-0.17237846509726262,0.07396938358403891,0.2579280116149251,0.09028665501821108,1.0827642703142464,1.7340696734422898,-0.25233644672632355,0.7100000000000001,0.67,0.2551925836566968
allen_vc2p,feat__time_to_peak_sg,joint,3,donor492413952;donor523504560;donor545472217;donor558792472;donor562220816;donor575296278;donor601710463;donor606651548;donor644548932;donor644549836;donor656643818;donor666839638,562.341325190349,-0.09318028697131675,0.36378817619946285,0.3613090743438526,0.08718374953992862,1.0455526227527223,2.6336032382244947,-0.5179841474335833,0.76,0.8108241758241758,0.25382951398716497
allen_vc2p,feat__rf_area_on_lsn,function_only,3,donor492413952;donor523504560;donor545472217;donor558792472;donor562220816;donor575296278;donor601710463;donor606651548;donor644548932;donor644549836;donor656643818;donor666839638,177.82794100389228,-0.18224822659505024,0.4886315764839802,0.44293659621801995,125.51826255554097,1.0873123868488899,2.9435514188055185,-106.11082807554885,0.79,0.7954212454212453,0.4999999999999066
allen_vc2p,feat__rf_area_on_lsn,genes_only,3,donor492413952;donor523504560;donor545472217;donor558792472;donor562220816;donor575296278;donor601710463;donor606651548;donor644548932;donor644549836;donor656643818;donor666839638,1000.0,-0.3230011917681792,0.01896543383524775,0.021837806417518375,132.7800112567046,1.1502178888228771,0.5585777599687294,104.20132413343688,0.42999999999999994,0.48333333333333334,0.4999999999999066
allen_vc2p,feat__rf_area_on_lsn,joint,3,donor492413952;donor523504560;donor545472217;donor558792472;donor562220816;donor575296278;donor601710463;donor606651548;donor644548932;donor644549836;donor656643818;donor666839638,316.22776601683796,-0.24027960720995623,0.40579681004369844,0.32146829810900995,128.56193042140063,1.1136784128328676,2.9326964783606435,-100.25239127295424,0.69,0.6642224442224441,0.4999999999999066
allen_vc2p,feat__rf_area_off_lsn,function_only,3,donor492413952;donor523504560;donor545472217;donor558792472;donor562220816;donor575296278;donor601710463;donor606651548;donor644548932;donor644549836;donor656643818;donor666839638,316.22776601683796,0.009368442884422956,0.12050601075375522,0.061179087875417135,141.49306081153034,0.9953047558991985,0.6575807439645247,45.73784428212428,0.52,0.5661278998778999,0.4999999999999066
allen_vc2p,feat__rf_area_off_lsn,genes_only,3,donor492413952;donor523504560;donor545472217;donor558792472;donor562220816;donor575296278;donor601710463;donor606651548;donor644548932;donor644549836;donor656643818;donor666839638,10000.0,0.0006473947541852931,0.42438406036073273,0.35126343939667853,142.11451480090366,0.9996762502159389,98.35585213554819,-13165.39767841412,0.8,0.7635964912280702,0.4999999999999066
allen_vc2p,feat__rf_area_off_lsn,joint,3,donor492413952;donor523504560;donor545472217;donor558792472;donor562220816;donor575296278;donor601710463;donor606651548;donor644548932;donor644549836;donor656643818;donor666839638,562.341325190349,0.049418132272314064,0.24297088315653678,0.1408231368186874,138.60338126282176,0.9749778806350801,1.6573574128867605,-89.78430032534642,0.61,0.6525359362859363,0.4999999999999066
allen_vc2p,feat__rf_chi2_lsn,function_only,3,donor492413952;donor523504560;donor545472217;donor558792472;donor562220816;donor575296278;donor601710463;donor606651548;donor644548932;donor644549836;donor656643818;donor666839638,100.0,0.0007283797387351854,0.22465564172135852,0.27734486792123636,0.22809916933100582,0.999635743784958,0.5465925852075965,0.014258567772949737,0.7500000000000001,0.7328985342143236,0.24167555803148214
allen_vc2p,feat__rf_chi2_lsn,genes_only,3,donor492413952;donor523504560;donor545472217;donor558792472;donor562220816;donor575296278;donor601710463;donor606651548;donor644548932;donor644549836;donor656643818;donor666839638,562.341325190349,0.005750899847540292,0.4062827559178209,0.4513129231990268,0.22752521335651846,0.9971204040354129,6.73774598528295,-0.6798156235143746,0.74,0.746031746031746,0.24905306094617513
allen_vc2p,feat__rf_chi2_lsn,joint,3,donor492413952;donor523504560;donor545472217;donor558792472;donor562220816;donor575296278;donor601710463;donor606651548;donor644548932;donor644549836;donor656643818;donor666839638,177.82794100389228,0.07035609368256757,0.28410933184530307,0.36667441975771486,0.22000889533333992,0.9641804324447184,0.8253265702430413,-0.004087977854578407,0.81,0.8322606478488831,0.24151451549214525
allen_vc2p,feat__osi_dg,function_only,4,donor495726993;donor496001363;donor501228870;donor501279658;donor549890582;donor558793503;donor559019102;donor567425505;donor573625485;donor605676776;donor647086913;donor657880054,17.78279410038923,0.7088352086019871,0.8914701791151179,0.892769744160178,0.2304712792869073,0.5395968786016554,1.4298749939548532,-0.30906376142875847,1.0,0.9999999999999999,0.2313605297009627
allen_vc2p,feat__osi_dg,genes_only,4,donor495726993;donor496001363;donor501228870;donor501279658;donor549890582;donor558793503;donor559019102;donor567425505;donor573625485;donor605676776;donor647086913;donor657880054,10000.0,-0.00288498844920837,0.3779753878852916,0.25024740912827803,0.42773318840897523,1.0014414553255284,86.08950199364818,-72.61574963275342,0.5999999999999999,0.6019298245614035,0.29043659609879613
allen_vc2p,feat__osi_dg,joint,4,donor495726993;donor496001363;donor501228870;donor501279658;donor549890582;donor558793503;donor559019102;donor567425505;donor573625485;donor605676776;donor647086913;donor657880054,31.622776601683793,0.6690134611788463,0.8778645150403058,0.8860956618464961,0.24572681380625117,0.5753142956850663,1.4738462595550619,-0.3271674433633125,1.0,0.9999999999999999,0.23444336222174034
allen_vc2p,feat__dsi_dg,function_only,4,donor495726993;donor496001363;donor501228870;donor501279658;donor549890582;donor558793503;donor559019102;donor567425505;donor573625485;donor605676776;donor647086913;donor657880054,10.0,0.5155722985576754,0.763245077847791,0.7904338153503893,0.2635065593515091,0.6960084061559642,0.7854991022643728,0.1062848780735244,0.98,0.9809090909090908,0.21747056010509108
allen_vc2p,feat__dsi_dg,genes_only,4,donor495726993;donor496001363;donor501228870;donor501279658;donor549890582;donor558793503;donor559019102;donor567425505;donor573625485;donor605676776;donor647086913;donor657880054,10000.0,-0.0007979086617686537,0.30365053787194274,0.10819589968933117,0.3787478184749409,1.0003988747776968,60.27369311139831,-40.56317926558896,0.585,0.572155388471178,0.27698972293126034
allen_vc2p,feat__dsi_dg,joint,4,donor495726993;donor496001363;donor501228870;donor501279658;donor549890582;donor558793503;donor559019102;donor567425505;donor573625485;donor605676776;donor647086913;donor657880054,17.78279410038923,0.5808903363672296,0.7752938257220986,0.8028921023359289,0.24509857305429827,0.6473867959964554,0.8953022382584145,0.03705869067672317,0.98,0.9809090909090908,0.22102986993992743
allen_vc2p,feat__g_osi_dg,function_only,4,donor495726993;donor496001363;donor501228870;donor501279658;donor549890582;donor558793503;donor559019102;donor567425505;donor573625485;donor605676776;donor647086913;donor657880054,10.0,0.7734407174284788,0.8940627517509437,0.8901001112347052,0.14072932878087752,0.47598243935043305,0.9654897478376904,-0.026159749141047087,1.0,0.9999999999999999,0.2109141029298595
allen_vc2p,feat__g_osi_dg,genes_only,4,donor495726993;donor496001363;donor501228870;donor501279658;donor549890582;donor558793503;donor559019102;donor567425505;donor573625485;donor605676776;donor647086913;donor657880054,562.341325190349,0.024624410144694076,0.25380807388382565,0.11482497012981537,0.29199783214924996,0.9876110519069276,4.6558560382421685,-2.0112266660274876,0.5349999999999999,0.5606203007518797,0.2669358108640772
allen_vc2p,feat__g_osi_dg,joint,4,donor495726993;donor496001363;donor501228870;donor501279658;donor549890582;donor558793503;donor559019102;donor567425505;donor573625485;donor605676776;donor647086913;donor657880054,17.78279410038923,0.7587968086884982,0.8772214208739986,0.8923248053392657,0.14520621686855828,0.4911244153062136,1.001463093906174,-0.031455376179519864,1.0,0.9999999999999999,0.213806474793661
allen_vc2p,feat__g_dsi_dg,function_only,4,donor495726993;donor496001363;donor501228870;donor501279658;donor549890582;donor558793503;donor559019102;donor567425505;donor573625485;donor605676776;donor647086913;donor657880054,10.0,0.6403561365057395,0.8091583246087292,0.8082313681868742,0.1607601316880658,0.5997031461411366,0.9702829116760741,0.04503782506117767,1.0,0.9999999999999999,0.2167010116884754
allen_vc2p,feat__g_dsi_dg,genes_only,4,donor495726993;donor496001363;donor501228870;donor501279658;donor549890582;donor558793503;donor559019102;donor567425505;donor573625485;donor605676776;donor647086913;donor657880054,10000.0,-0.02193593988104392,0.20228282793136393,0.1962678355414782,0.2709903728493637,1.0109084725500226,42.590223547022724,-18.558210795104078,0.62,0.5844298245614035,0.2620131852123547
allen_vc2p,feat__g_dsi_dg,joint,4,donor495726993;donor496001363;donor501228870;donor501279658;donor549890582;donor558793503;donor559019102;donor567425505;donor573625485;donor605676776;donor647086913;donor657880054,17.78279410038923,0.633671328385274,0.8032439796695883,0.8273637374860956,0.16224730122812395,0.6052509162421755,0.941176355281454,0.05268834072318645,1.0,0.9999999999999999,0.2163848547158817
allen_vc2p,feat__osi_sg,function_only,4,donor495726993;donor496001363;donor501228870;donor501279658;donor549890582;donor558793503;donor559019102;donor567425505;donor573625485;donor605676776;donor647086913;donor657880054,31.622776601683793,0.20224522617177687,0.6206358295638632,0.6476084538375974,0.271567921084224,0.8931711895392593,0.7639324060504056,0.13165357962475052,0.93,0.9455555555555556,0.2679219841622112
allen_vc2p,feat__osi_sg,genes_only,4,donor495726993;donor496001363;donor501228870;donor501279658;donor549890582;donor558793503;donor559019102;donor567425505;donor573625485;donor605676776;donor647086913;donor657880054,10000.0,-0.12245269050712215,-0.18300216593452162,-0.1856139723335572,0.3221274869173122,1.0594586780520223,-37.319628553519244,39.72624498777297,0.4,0.46203208556149733,0.3070708897093378
allen_vc2p,feat__osi_sg,joint,4,donor495726993;donor496001363;donor501228870;donor501279658;donor549890582;donor558793503;donor559019102;donor567425505;donor573625485;donor605676776;donor647086913;donor657880054,56.23413251903491,0.1487398004150009,0.605882689061537,0.6347052280311457,0.280527167144999,0.9226376317815134,1.0006556118006473,-0.1427825393282369,0.93,0.9455555555555556,0.2811587277654273
allen_vc2p,feat__g_osi_sg,function_only,4,donor495726993;donor496001363;donor501228870;donor501279658;donor549890582;donor558793503;donor559019102;donor567425505;donor573625485;donor605676776;donor647086913;donor657880054,31.622776601683793,0.3921381526235814,0.6705814183757609,0.6458286985539488,0.17775657817195423,0.7796549540476776,1.5472754371994069,-0.3409481082729739,0.84,0.7504151404151405,0.2589363973223401
allen_vc2p,feat__g_osi_sg,genes_only,4,donor495726993;donor496001363;donor501228870;donor501279658;donor549890582;donor558793503;donor559019102;donor567425505;donor573625485;donor605676776;donor647086913;donor657880054,316.22776601683796,0.010676055686363428,0.4124873559947509,0.10038306667018909,0.22677360226331023,0.9946476483182163,8.155770265633057,-4.937119060931703,0.475,0.5590977443609022,0.27644568165274463
allen_vc2p,feat__g_osi_sg,joint,4,donor495726993;donor496001363;donor501228870;donor501279658;donor549890582;donor558793503;donor559019102;donor567425505;donor573625485;donor605676776;donor647086913;donor657880054,56.23413251903491,0.4589981066872394,0.7495858150582462,0.6872080088987764,0.1676959720114024,0.7355283089779854,1.7468260540345428,-0.4772024128117962,0.8700000000000001,0.8136435786435786,0.2586423660749607
allen_vc2p,feat__sfdi_sg,function_only,4,donor495726993;donor496001363;donor501228870;donor501279658;donor549890582;donor558793503;donor559019102;donor567425505;donor573625485;donor605676776;donor647086913;donor657880054,17.78279410038923,0.36474050737566466,0.6600359818760215,0.582202447163515,0.06084894161719789,0.7970316760378432,0.8446114863289904,0.026522490148844072,0.8300000000000001,0.8566766566766565,0.2465162629143293
allen_vc2p,feat__sfdi_sg,genes_only,4,donor495726993;donor496001363;donor501228870;donor501279658;donor549890582;donor558793503;donor559019102;donor567425505;donor573625485;donor605676776;donor647086913;donor657880054,56.23413251903491,0.16489639491726193,0.41890830294361886,0.37004418208845646,0.06976661086233923,0.9138400325335178,1.2678883750156198,-0.0771484726551209,0.68,0.6738815789473684,0.25240287459417343
allen_vc2p,feat__sfdi_sg,joint,4,donor495726993;donor496001363;donor501228870;donor501279658;donor549890582;donor558793503;donor559019102;donor567425505;donor573625485;donor605676776;donor647086913;donor657880054,31.622776601683793,0.394868220167765,0.6600075354686191,0.7116796440489432,0.05938850977182417,0.7779021659671493,0.8631845412548561,0.025431294943771516,0.9199999999999999,0.9296356421356421,0.24665397028094854
allen_vc2p,feat__tfdi_dg,function_only,4,donor495726993;donor496001363;donor501228870;donor501279658;donor549890582;donor558793503;donor559019102;donor567425505;donor573625485;donor605676776;donor647086913;donor657880054,100.0,0.18449852925325916,0.6197489185963297,0.6240266963292548,0.057986907067494146,0.9030512004982556,1.2077122588159532,-0.04002774056359335,0.89,0.9143939393939394,0.25142884686664957
allen_vc2p,feat__tfdi_dg,genes_only,4,donor495726993;donor496001363;donor501228870;donor501279658;donor549890582;donor558793503;donor559019102;donor567425505;donor573625485;donor605676776;donor647086913;donor657880054,177.82794100389228,-0.0010830489354407558,0.36435652939835833,0.27392266070143584,0.06424696613643918,1.0005413779071108,1.416151424211514,-0.11579317635642165,0.635,0.6173245614035088,0.25549645772902796
allen_vc2p,feat__tfdi_dg,joint,4,donor495726993;donor496001363;donor501228870;donor501279658;donor549890582;donor558793503;donor559019102;donor567425505;donor573625485;donor605676776;donor647086913;donor657880054,177.82794100389228,0.11308651020098415,0.5591437980964056,0.5399332591768632,0.06047253864127109,0.9417608453165758,1.0850111649906462,0.000820681413130081,0.84,0.864508547008547,0.2520870383053467
allen_vc2p,feat__pref_tf_dg,function_only,4,donor495726993;donor496001363;donor501228870;donor501279658;donor549890582;donor558793503;donor559019102;donor567425505;donor573625485;donor605676776;donor647086913;donor657880054,1000.0,0.07098207432674575,0.4947729527179618,0.5752731490250972,4.569146230332018,0.9638557597861114,6.352196803434034,-20.672786212809694,0.76,0.8187451918566468,0.4762882610451632
allen_vc2p,feat__pref_tf_dg,genes_only,4,donor495726993;donor496001363;donor501228870;donor501279658;donor549890582;donor558793503;donor559019102;donor567425505;donor573625485;donor605676776;donor647086913;donor657880054,562.341325190349,-0.01590826739901785,-0.20223993972233373,-0.31361610385941363,4.778045242814627,1.00792274872561,-5.614031019914209,25.521149504205198,0.29333333333333333,0.4600088417329797,0.48109763530642413
allen_vc2p,feat__pref_tf_dg,joint,4,donor495726993;donor496001363;donor501228870;donor501279658;donor549890582;donor558793503;donor559019102;donor567425505;donor573625485;donor605676776;donor647086913;donor657880054,562.341325190349,0.08601238021322977,0.436647922236663,0.5405748933642656,4.5320340797712735,0.9560269974150231,3.828990702140875,-11.278367840959069,0.7422222222222222,0.7936925647451962,0.4773286458064824
allen_vc2p,feat__pref_sf_sg,function_only,4,donor495726993;donor496001363;donor501228870;donor501279658;donor549890582;donor558793503;donor559019102;donor567425505;donor573625485;donor605676776;donor647086913;donor657880054,316.22776601683796,-0.02976849492282807,-0.07623717801649696,-0.08585596591611548,0.07592675992047407,1.0147750957208703,-0.6903847923614713,0.10227455100858278,0.43999999999999995,0.6290685627218682,0.2456486028230656
allen_vc2p,feat__pref_sf_sg,genes_only,4,donor495726993;donor496001363;donor501228870;donor501279658;donor549890582;donor558793503;donor559019102;donor567425505;donor573625485;donor605676776;donor647086913;donor657880054,10000.0,-0.0008713562632001182,0.2587508632170903,-0.08594157784989076,0.07485385940763738,1.0004355832518386,67.72351688928903,-3.8226250274270024,0.4800000000000001,0.7038888888888889,0.24541775219717096
allen_vc2p,feat__pref_sf_sg,joint,4,donor495726993;donor496001363;donor501228870;donor501279658;donor549890582;donor558793503;donor559019102;donor567425505;donor573625485;donor605676776;donor647086913;donor657880054,1000.0,0.004423285478675432,0.07263534333631252,-0.020871063537619233,0.07465560720508721,0.9977859061415492,1.1920238841611506,-0.009391441611052641,0.455,0.6768498937097207,0.24535193759895563
allen_vc2p,feat__reliability_dg,function_only,4,donor495726993;donor496001363;donor501228870;donor501279658;donor549890582;donor558793503;donor559019102;donor567425505;donor573625485;donor605676776;donor647086913;donor657880054,17.78279410038923,0.37573257840286467,0.6247868298586621,0.3192436040044494,0.14877885361628523,0.790105955926485,1.129939705866379,0.005303119860450936,0.6900000000000001,0.7836205899363793,0.2408785840745568
allen_vc2p,feat__reliability_dg,genes_only,4,donor495726993;donor496001363;donor501228870;donor501279658;donor549890582;donor558793503;donor559019102;donor567425505;donor573625485;donor605676776;donor647086913;donor657880054,316.22776601683796,0.22447627222288558,0.6598504162717315,0.0485342657249735,0.1658263025827923,0.8806382502304095,3.2824268755852675,-0.25797851546703493,0.58,0.6242591773551526,0.24831002616165138
allen_vc2p,feat__reliability_dg,joint,4,donor495726993;donor496001363;donor501228870;donor501279658;donor549890582;donor558793503;donor559019102;donor567425505;donor573625485;donor605676776;donor647086913;donor657880054,17.78279410038923,0.5995325312228016,0.7908982210221741,0.2961067853170189,0.1191624692109788,0.6328249906355983,1.2475837457232186,-0.020693691193141777,0.7000000000000001,0.7881077694235588,0.23860617035761478
allen_vc2p,feat__reliability_sg,function_only,4,donor495726993;donor496001363;donor501228870;donor501279658;donor549890582;donor558793503;donor559019102;donor567425505;donor573625485;donor605676776;donor647086913;donor657880054,31.622776601683793,0.47999219599033094,0.7047591525433863,0.7859844271412681,0.08538125413956943,0.721115666173524,1.1625273876373223,-0.0006945333978775261,0.9800000000000001,0.9833333333333333,0.23665743334840172
allen_vc2p,feat__reliability_sg,genes_only,4,donor495726993;donor496001363;donor501228870;donor501279658;donor549890582;donor558793503;donor559019102;donor567425505;donor573625485;donor605676776;donor647086913;donor657880054,100.0,0.14382088525728065,0.6376164568642937,0.23107045535402015,0.10955694511307892,0.9252994729968547,5.012335212166896,-0.3291030857428466,0.5950000000000001,0.5900250626566416,0.2494125309243961
allen_vc2p,feat__reliability_sg,joint,4,donor495726993;donor496001363;donor501228870;donor501279658;donor549890582;donor558793503;donor559019102;donor567425505;donor573625485;donor605676776;donor647086913;donor657880054,31.622776601683793,0.29709634789919404,0.5489342552927483,0.7735261401557285,0.09926713758222917,0.8383934947797083,0.9330152319140764,0.01074578983658819,0.96,0.9669230769230769,0.23809448826537624
allen_vc2p,feat__reliability_ns,function_only,4,donor495726993;donor496001363;donor501228870;donor501279658;donor549890582;donor558793503;donor559019102;donor567425505;donor573625485;donor605676776;donor647086913;donor657880054,31.622776601683793,0.3678597609476617,0.6361491713285645,0.49632925472747497,0.13988299839343563,0.7950724740834337,0.9269627308941476,-0.018506640574464273,0.9,0.9344444444444443,0.23045257716857376
allen_vc2p,feat__reliability_ns,genes_only,4,donor495726993;donor496001363;donor501228870;donor501279658;donor549890582;donor558793503;donor559019102;donor567425505;donor573625485;donor605676776;donor647086913;donor657880054,56.23413251903491,0.130549674795169,0.3841610393750506,0.08262662799032074,0.16405164962555444,0.9324432021281228,1.299457022503854,-0.06990533494734018,0.555,0.5775,0.24985848740360234
allen_vc2p,feat__reliability_ns,joint,4,donor495726993;donor496001363;donor501228870;donor501279658;donor549890582;donor558793503;donor559019102;donor567425505;donor573625485;donor605676776;donor647086913;donor657880054,31.622776601683793,0.3509632537467059,0.6092379978094873,0.4909899888765294,0.1417401400565602,0.8056281687266875,0.83028480371206,0.017181299039238162,0.9,0.9170482295482295,0.23197098045774384
allen_vc2p,feat__reliability_nm1_a,function_only,4,donor495726993;donor496001363;donor501228870;donor501279658;donor549890582;donor558793503;donor559019102;donor567425505;donor573625485;donor605676776;donor647086913;donor657880054,177.82794100389228,0.2036098490736159,0.5725931512828075,0.4825361512791991,0.16533492464062077,0.8924069424415,2.4766055355545173,-0.18356563468576276,0.7900000000000001,0.7632467532467532,0.24649498190605607
allen_vc2p,feat__reliability_nm1_a,genes_only,4,donor495726993;donor496001363;donor501228870;donor501279658;donor549890582;donor558793503;donor559019102;donor567425505;donor573625485;donor605676776;donor647086913;donor657880054,177.82794100389228,0.11059225573830378,0.43816395691440363,0.23154396038548336,0.1747238194907635,0.9430841660488712,2.278417321131389,-0.13269596013194143,0.625,0.6179166666666667,0.24837355883416676
allen_vc2p,feat__reliability_nm1_a,joint,4,donor495726993;donor496001363;donor501228870;donor501279658;donor549890582;donor558793503;donor559019102;donor567425505;donor573625485;donor605676776;donor647086913;donor657880054,177.82794100389228,0.23499424273623704,0.5766809353951088,0.4829810901001112,0.1620443948720248,0.874646075424514,1.9326085147264005,-0.09058237853829185,0.7799999999999999,0.7639971139971139,0.24520830249784967
allen_vc2p,feat__reliability_nm3,function_only,4,donor495726993;donor496001363;donor501228870;donor501279658;donor549890582;donor558793503;donor559019102;donor567425505;donor573625485;donor605676776;donor647086913;donor657880054,56.23413251903491,0.32958779467373833,0.5967670074865911,0.5434927697441602,0.11068810166070046,0.818787032943453,1.0156945869610265,-0.02478323003837677,0.7600000000000001,0.8254365079365079,0.24206984210365667
allen_vc2p,feat__reliability_nm3,genes_only,4,donor495726993;donor496001363;donor501228870;donor501279658;donor549890582;donor558793503;donor559019102;donor567425505;donor573625485;donor605676776;donor647086913;donor657880054,31.622776601683793,-0.002400725287076577,0.178097402550473,-0.06676420943630501,0.135347634263061,1.0011996430643824,0.4914688135373411,0.08019095665069477,0.42000000000000004,0.5074770258980785,0.25288557364317016
allen_vc2p,feat__reliability_nm3,joint,4,donor495726993;donor496001363;donor501228870;donor501279658;donor549890582;donor558793503;donor559019102;donor567425505;donor573625485;donor605676776;donor647086913;donor657880054,56.23413251903491,0.29792268936939414,0.5627242510580334,0.4545050055617353,0.1132719695558062,0.8379005374268588,1.0104900870191482,-0.02031799212293112,0.73,0.7983776844070961,0.24366167982479214
allen_vc2p,feat__run_mod_dg,function_only,4,donor495726993;donor496001363;donor501228870;donor501279658;donor549890582;donor558793503;donor559019102;donor567425505;donor573625485;donor605676776;donor647086913;donor657880054,1778.2794100389228,-0.10538977283145501,0.28556918680810117,0.09499443826473859,0.7099740559768848,1.0513751817634756,9.260777962958265,-3.767303103499028,0.6,0.5803482546864901,0.2596326276144418
allen_vc2p,feat__run_mod_dg,genes_only,4,donor495726993;donor496001363;donor501228870;donor501279658;donor549890582;donor558793503;donor559019102;donor567425505;donor573625485;donor605676776;donor647086913;donor657880054,316.22776601683796,-0.06775844993116342,0.29566270410175033,0.5180145044206927,0.6977844167609365,1.0333239811056363,5.987903298853782,-2.1986833459559083,0.805,0.7603947368421052,0.25708972276747644
allen_vc2p,feat__run_mod_dg,joint,4,donor495726993;donor496001363;donor501228870;donor501279658;donor549890582;donor558793503;donor559019102;donor567425505;donor573625485;donor605676776;donor647086913;donor657880054,1778.2794100389228,-0.09081884578611832,0.40746756749904717,0.296551724137931,0.705279197150539,1.044422733275606,13.71116277277193,-5.563398386406951,0.75,0.6990716146598499,0.25866243037817493
allen_vc2p,feat__run_mod_sg,function_only,4,donor495726993;donor496001363;donor501228870;donor501279658;donor549890582;donor558793503;donor559019102;donor567425505;donor573625485;donor605676776;donor647086913;donor657880054,3162.2776601683795,0.014658659898841964,0.3758200596412486,0.18531701890989988,0.5563561169115198,0.9926436118253329,15.516140363998538,-5.263431365552881,0.7,0.6692857142857143,0.25680069285059043
allen_vc2p,feat__run_mod_sg,genes_only,4,donor495726993;donor496001363;donor501228870;donor501279658;donor549890582;donor558793503;donor559019102;donor567425505;donor573625485;donor605676776;donor647086913;donor657880054,10000.0,-0.0017308962632411884,0.3025239884663629,0.1562566603828415,0.56096407558913,1.000865073953361,69.90753871406898,-25.317617804150824,0.5549999999999999,0.6499999999999999,0.25805812649137305
allen_vc2p,feat__run_mod_sg,joint,4,donor495726993;donor496001363;donor501228870;donor501279658;donor549890582;donor558793503;donor559019102;donor567425505;donor573625485;donor605676776;donor647086913;donor657880054,5623.413251903491,0.01147847345646047,0.43342266957060377,0.2800889877641824,0.5572532125633508,0.9942441986453894,24.561297515950827,-8.590354707892285,0.75,0.7100532800532801,0.2571017386196968
allen_vc2p,feat__run_mod_ns,function_only,4,donor495726993;donor496001363;donor501228870;donor501279658;donor549890582;donor558793503;donor559019102;donor567425505;donor573625485;donor605676776;donor647086913;donor657880054,10000.0,-0.0162883122265971,-0.15165630228909635,-0.24093437152391545,0.5353593835594956,1.0081112598432624,-19.648254124155308,6.425193388430552,0.32,0.41673169451807224,0.2562977033147016
allen_vc2p,feat__run_mod_ns,genes_only,4,donor495726993;donor496001363;donor501228870;donor501279658;donor549890582;donor558793503;donor559019102;donor567425505;donor573625485;donor605676776;donor647086913;donor657880054,316.22776601683796,-0.004299739892895449,0.06355153317324913,-0.10393435440616276,0.5321923516102479,1.0021475639291415,0.7117012176843944,0.03942959015326403,0.43499999999999994,0.54,0.25375453800592196
allen_vc2p,feat__run_mod_ns,joint,4,donor495726993;donor496001363;donor501228870;donor501279658;donor549890582;donor558793503;donor559019102;donor567425505;donor573625485;donor605676776;donor647086913;donor657880054,1000.0,-0.022728038169973708,-0.07156659973446992,-0.12124582869855395,0.5370528614406389,1.011300172137888,-1.0170595061453838,0.5549470133829749,0.42000000000000004,0.4561452874610769,0.256328453968013
allen_vc2p,feat__peak_dff_dg,function_only,4,donor495726993;donor496001363;donor501228870;donor501279658;donor549890582;donor558793503;donor559019102;donor567425505;donor573625485;donor605676776;donor647086913;donor657880054,17.78279410038923,-0.19887623629780227,0.5237958076148393,0.6271412680756396,23.962362676140817,1.0949320692616933,0.4483915238099184,4.301163507531741,0.8300000000000001,0.8642736348618701,0.32847403350569504
allen_vc2p,feat__peak_dff_dg,genes_only,4,donor495726993;donor496001363;donor501228870;donor501279658;donor549890582;donor558793503;donor559019102;donor567425505;donor573625485;donor605676776;donor647086913;donor657880054,100.0,-0.014982973167968483,0.2736507622213837,0.4429639569337826,22.048133989997442,1.0074636336701568,0.5245823740665974,3.810945231883041,0.73,0.7155555555555555,0.49999139009480287
allen_vc2p,feat__peak_dff_dg,joint,4,donor495726993;donor496001363;donor501228870;donor501279658;donor549890582;donor558793503;donor559019102;donor567425505;donor573625485;donor605676776;donor647086913;donor657880054,17.78279410038923,-0.36677532612179764,0.5320624615707974,0.6093437152391545,25.58533019130032,1.1690916671166864,0.4012504215014089,6.007939760777673,0.8200000000000001,0.8563888888888888,0.23841510693229506
allen_vc2p,feat__image_sel_ns,function_only,4,donor495726993;donor496001363;donor501228870;donor501279658;donor549890582;donor558793503;donor559019102;donor567425505;donor573625485;donor605676776;donor647086913;donor657880054,31.622776601683793,0.05049749425604899,0.3861108855628229,0.3397107897664071,0.16860427631192296,0.9744241918861497,0.58730242712039,0.22764624455534138,0.76,0.7786953242835595,0.25317491182364493
allen_vc2p,feat__image_sel_ns,genes_only,4,donor495726993;donor496001363;donor501228870;donor501279658;donor549890582;donor558793503;donor559019102;donor567425505;donor573625485;donor605676776;donor647086913;donor657880054,177.82794100389228,0.010990212882116546,0.1225878398052902,-0.038117155032784074,0.17207620620816236,0.9944897119158407,1.0498965029261749,-0.03707633321351022,0.5349999999999999,0.6176470588235294,0.26496535766970186
allen_vc2p,feat__image_sel_ns,joint,4,donor495726993;donor496001363;donor501228870;donor501279658;donor549890582;donor558793503;donor559019102;donor567425505;donor573625485;donor605676776;donor647086913;donor657880054,31.622776601683793,0.06796288938067452,0.433808956756444,0.34060066740823136,0.16704640370979557,0.965420690998775,0.5575924229147756,0.23086508978154863,0.78,0.833641636141636,0.25151408384387686
allen_vc2p,feat__time_to_peak_ns,function_only,4,donor495726993;donor496001363;donor501228870;donor501279658;donor549890582;donor558793503;donor559019102;donor567425505;donor573625485;donor605676776;donor647086913;donor657880054,316.22776601683796,-0.14519736291568308,0.2669457408916061,0.1280338962529514,0.08547002184580398,1.0701389455986572,1.6240941345074094,-0.22462588712695958,0.63,0.7132341269841269,0.25457704324836394
allen_vc2p,feat__time_to_peak_ns,genes_only,4,donor495726993;donor496001363;donor501228870;donor501279658;donor549890582;donor558793503;donor559019102;donor567425505;donor573625485;donor605676776;donor647086913;donor657880054,100.0,-0.1297057843014502,-0.013312639676811124,0.09976162429688544,0.08488995855183938,1.0628761848273582,-0.07819089451679755,0.28830860628064936,0.63,0.7433333333333333,0.25452135703310697
allen_vc2p,feat__time_to_peak_ns,joint,4,donor495726993;donor496001363;donor501228870;donor501279658;donor549890582;donor558793503;donor559019102;donor567425505;donor573625485;donor605676776;donor647086913;donor657880054,316.22776601683796,-0.10572428992190885,0.22290408547793622,0.19861953992631765,0.08398409957382509,1.051534255216738,1.294175992825867,-0.11854444439680965,0.6599999999999999,0.7528870639164756,0.2542012556464347
allen_vc2p,feat__time_to_peak_sg,function_only,4,donor495726993;donor496001363;donor501228870;donor501279658;donor549890582;donor558793503;donor559019102;donor567425505;donor573625485;donor605676776;donor647086913;donor657880054,100.0,-0.17580302176540408,0.08507299597359946,0.03274309172749796,0.07801189147389279,1.0843445124741107,0.18660645331257608,0.23692734297554016,0.47,0.5762745098039216,0.2549449190466829
allen_vc2p,feat__time_to_peak_sg,genes_only,4,donor495726993;donor496001363;donor501228870;donor501279658;donor549890582;donor558793503;donor559019102;donor567425505;donor573625485;donor605676776;donor647086913;donor657880054,562.341325190349,0.007951270155983847,0.09339926834647747,0.27034723876491007,0.07165723143165928,0.996016430495219,1.3293831465973025,-0.09331233307959116,0.6400000000000001,0.6285714285714284,0.25474513136285715
allen_vc2p,feat__time_to_peak_sg,joint,4,donor495726993;donor496001363;donor501228870;donor501279658;donor549890582;donor558793503;donor559019102;donor567425505;donor573625485;donor605676776;donor647086913;donor657880054,177.82794100389228,-0.11130032858082006,0.07879716120807259,0.0781824843289237,0.0758419067843861,1.054182303280569,0.21993606006020847,0.22761260519993798,0.45,0.6668815468157573,0.25451438974338625
allen_vc2p,feat__rf_area_on_lsn,function_only,4,donor495726993;donor496001363;donor501228870;donor501279658;donor549890582;donor558793503;donor559019102;donor567425505;donor573625485;donor605676776;donor647086913;donor657880054,100.0,-0.047175330908034274,0.15719075602352073,0.21334816462736375,86.73486066173218,1.023315851000076,0.4894395276943013,34.6065416498428,0.56,0.532299688615478,0.4999999999999066
allen_vc2p,feat__rf_area_on_lsn,genes_only,4,donor495726993;donor496001363;donor501228870;donor501279658;donor549890582;donor558793503;donor559019102;donor567425505;donor573625485;donor605676776;donor647086913;donor657880054,5623.413251903491,-0.06152746418926136,-0.353131182137773,-0.11529847516127852,87.32721322584794,1.030304549242231,-50.212726603750426,5365.686262840681,0.45999999999999996,0.5040951308753165,0.4999999999999066
allen_vc2p,feat__rf_area_on_lsn,joint,4,donor495726993;donor496001363;donor501228870;donor501279658;donor549890582;donor558793503;donor559019102;donor567425505;donor573625485;donor605676776;donor647086913;donor657880054,100.0,-0.12412925905885075,0.04286581657472896,0.12658509454949946,89.86531681645553,1.060249621107607,0.1297996071262071,71.69050750302192,0.51,0.5931271995977878,0.4999999999999066
allen_vc2p,feat__rf_area_off_lsn,function_only,4,donor495726993;donor496001363;donor501228870;donor501279658;donor549890582;donor558793503;donor559019102;donor567425505;donor573625485;donor605676776;donor647086913;donor657880054,316.22776601683796,0.04237605096888508,0.4482546140413612,0.42380422691879865,214.7469866813693,0.9785826224857593,4.1760382156094815,-342.00423335380145,0.8,0.7939177489177489,0.4999999999999066
allen_vc2p,feat__rf_area_off_lsn,genes_only,4,donor495726993;donor496001363;donor501228870;donor501279658;donor549890582;donor558793503;donor559019102;donor567425505;donor573625485;donor605676776;donor647086913;donor657880054,562.341325190349,-0.028427015277386003,-0.07043126196913346,0.06771121949923133,222.54421911862465,1.0141139064608948,-1.6063042740267046,385.1254214963036,0.565,0.6136752136752137,0.4999999999999066
allen_vc2p,feat__rf_area_off_lsn,joint,4,donor495726993;donor496001363;donor501228870;donor501279658;donor549890582;donor558793503;donor559019102;donor567425505;donor573625485;donor605676776;donor647086913;donor657880054,562.341325190349,0.018334099952430738,0.35592395384537345,0.3837597330367074,217.42597778375352,0.9907905429744273,4.919727274798483,-474.3573859825457,0.8200000000000001,0.7841197691197691,0.4999999999999066
allen_vc2p,feat__rf_chi2_lsn,function_only,4,donor495726993;donor496001363;donor501228870;donor501279658;donor549890582;donor558793503;donor559019102;donor567425505;donor573625485;donor605676776;donor647086913;donor657880054,177.82794100389228,0.012928099175263719,0.43948113245993436,0.7284458828032861,0.36497370889981534,0.9935149222932499,2.311319285233221,0.01449899965275922,1.0,0.9999999999999999,0.23680467626702217
allen_vc2p,feat__rf_chi2_lsn,genes_only,4,donor495726993;donor496001363;donor501228870;donor501279658;donor549890582;donor558793503;donor559019102;donor567425505;donor573625485;donor605676776;donor647086913;donor657880054,56.23413251903491,-0.2315208658034582,-0.15070228514874534,0.057300482963907266,0.4076693620270475,1.1097390980751978,-1.4125043053126143,0.2850520355147096,0.52,0.5170833333333333,0.25130119392201244
allen_vc2p,feat__rf_chi2_lsn,joint,4,donor495726993;donor496001363;donor501228870;donor501279658;donor549890582;donor558793503;donor559019102;donor567425505;donor573625485;donor605676776;donor647086913;donor657880054,177.82794100389228,-0.05126678051817146,0.3575887783259394,0.672377354255202,0.3766549306794181,1.0253130158700066,1.9464601171045681,0.07583051017313412,0.98,0.9809090909090908,0.23842445027788367
sorensen2026,resp__ephys_latent__b00,function_only,0,666414145;703285815;732239966;819254252;864489769;894287222;907862449;907862708;911032005;918438574;922885337;942633698;948346165;992385510,10000.0,-0.02696991754367306,-0.259711707546126,-0.20129870129870128,0.9767127516981523,1.0133952425098225,-1864.421542076111,4842.76579302743,0.42857142857142855,0.588042909471481,0.4354207287788398
sorensen2026,resp__ephys_latent__b00,genes_only,0,666414145;703285815;732239966;819254252;864489769;894287222;907862449;907862708;911032005;918438574;922885337;942633698;948346165;992385510,17.78279410038923,-0.0767540441688801,0.17559921724090577,0.17272727272727273,1.0001065059152998,1.037667598109648,0.48110903075406,1.5532344265991402,0.5306122448979592,0.5205215419501132,0.42090388378160093
sorensen2026,resp__ephys_latent__b00,joint,0,666414145;703285815;732239966;819254252;864489769;894287222;907862449;907862708;911032005;918438574;922885337;942633698;948346165;992385510,31.622776601683793,-0.03508680674494191,0.2109553099377317,0.2311688311688312,0.9805649900773922,1.017392159760824,0.6384435970351297,1.1530075717153745,0.5510204081632654,0.5237322201607917,0.4222574881460549
sorensen2026,resp__ephys_latent__b01,function_only,0,666414145;703285815;732239966;819254252;864489769;894287222;907862449;907862708;911032005;918438574;922885337;942633698;948346165;992385510,10000.0,-0.00855685760801772,-0.2597117075473575,-0.20129870129870128,0.41126677746234785,1.004269315275087,-1232.3721419348947,5093.6972076203765,0.40816326530612246,0.483982683982684,0.48442159239887495
sorensen2026,resp__ephys_latent__b01,genes_only,0,666414145;703285815;732239966;819254252;864489769;894287222;907862449;907862708;911032005;918438574;922885337;942633698;948346165;992385510,1778.2794100389228,-0.009226487677481021,-0.037743660711370676,-0.04025974025974026,0.4114032848399659,1.0046026516352384,-3.355091352379444,17.947085123014922,0.4693877551020408,0.5340136054421768,0.4844176942382699
sorensen2026,resp__ephys_latent__b01,joint,0,666414145;703285815;732239966;819254252;864489769;894287222;907862449;907862708;911032005;918438574;922885337;942633698;948346165;992385510,10000.0,-0.008676046063136322,-0.05904642742590583,-0.0974025974025974,0.41129107792857983,1.0043286544046277,-26.82094214724355,114.85861368779105,0.42857142857142855,0.4863945578231292,0.48442099272357725
sorensen2026,resp__ephys_latent__b00,function_only,1,660204283;689595099;714724552;812386122;864489796;899526769;907862552;911725038;918438586;922886419;942633728;948346177;948346213;959090099;985736238,10000.0,-0.23909643608998876,-0.4397084162045956,-0.4831168831168831,0.8075248148457496,1.11314708645649,-558.6864532307476,1509.8307539660386,0.10204081632653064,0.3631820560391989,0.4409115342880204
sorensen2026,resp__ephys_latent__b00,genes_only,1,660204283;689595099;714724552;812386122;864489796;899526769;907862552;911725038;918438586;922886419;942633728;948346177;948346213;959090099;985736238,31.622776601683793,-0.018451426943289828,0.3899534071147689,0.3246753246753247,0.7321051862897661,1.0091835447233977,1.2603978975453392,-0.980698325665308,0.7551020408163265,0.8087662337662336,0.4293277698737116
sorensen2026,resp__ephys_latent__b00,joint,1,660204283;689595099;714724552;812386122;864489796;899526769;907862552;911725038;918438586;922886419;942633728;948346177;948346213;959090099;985736238,31.622776601683793,-0.048184724414963576,0.2788147854448348,0.11688311688311687,0.7427150700967691,1.0238089296407185,1.0007950036845745,-0.25949558041451587,0.6326530612244898,0.6922077922077923,0.428162117230539
sorensen2026,resp__ephys_latent__b01,function_only,1,660204283;689595099;714724552;812386122;864489796;899526769;907862552;911725038;918438586;922886419;942633728;948346177;948346213;959090099;985736238,10000.0,-0.15817249217892893,-0.4397084162048844,-0.4831168831168831,0.3881645031340554,1.0761842278032638,-547.3616882960436,2245.066851364595,0.18367346938775508,0.4107392607392608,0.48386917670413443
sorensen2026,resp__ephys_latent__b01,genes_only,1,660204283;689595099;714724552;812386122;864489796;899526769;907862552;911725038;918438586;922886419;942633728;948346177;948346213;959090099;985736238,10000.0,-0.15776438760178801,0.20975232873964075,0.0961038961038961,0.3880961084567502,1.0759946038876627,108.40762147718617,-439.5157138654197,0.5714285714285714,0.6905594405594406,0.48385881195784197
sorensen2026,resp__ephys_latent__b01,joint,1,660204283;689595099;714724552;812386122;864489796;899526769;907862552;911725038;918438586;922886419;942633728;948346177;948346213;959090099;985736238,10000.0,-0.15815935182474727,0.02693707484579884,-0.04025974025974026,0.38816230111598204,1.0761781227186906,14.146713842398393,-53.67277301545405,0.4693877551020408,0.6437118437118436,0.48386224816131135
sorensen2026,resp__ephys_latent__b00,function_only,2,648087046;679874327;705968896;737379272;885375416;889551932;907862629;911031965;914420054;918438599;922886434;942633636;948346238;959090120;998968831,10000.0,-0.016395862766078517,-0.11716957244200923,-0.12857142857142856,1.0628482631275942,1.0081646010271093,-7361.620745078059,19147.457563147633,0.4081632653061224,0.6175213675213675,0.43567601291381214
sorensen2026,resp__ephys_latent__b00,genes_only,2,648087046;679874327;705968896;737379272;885375416;889551932;907862629;911031965;914420054;918438599;922886434;942633636;948346238;959090120;998968831,56.23413251903491,0.16732251673564336,0.5805420630413063,0.509090909090909,0.962007002547008,0.9125116345903633,2.440438899479079,-3.352111173750874,0.7755102040816326,0.8517316017316017,0.41873427735532803
sorensen2026,resp__ephys_latent__b00,joint,2,648087046;679874327;705968896;737379272;885375416;889551932;907862629;911031965;914420054;918438599;922886434;942633636;948346238;959090120;998968831,56.23413251903491,0.17463339271847167,0.6013035978810486,0.5623376623376624,0.9577744996910572,0.9084968944800872,2.5769081938855796,-3.6970336625838947,0.8163265306122449,0.8670995670995671,0.41837750011660424
sorensen2026,resp__ephys_latent__b01,function_only,2,648087046;679874327;705968896;737379272;885375416;889551932;907862629;911031965;914420054;918438599;922886434;942633636;948346238;959090120;998968831,10000.0,-0.014244228444392437,-0.11716957243599468,-0.12857142857142856,0.5826611184330329,1.0070969310055942,-9748.165093424594,40324.3851593858,0.3877551020408163,0.4839303553589268,0.48451543731324614
sorensen2026,resp__ephys_latent__b01,genes_only,2,648087046;679874327;705968896;737379272;885375416;889551932;907862629;911031965;914420054;918438599;922886434;942633636;948346238;959090120;998968831,10000.0,-0.013800228686353888,0.2369836152155455,0.1909090909090909,0.5825335703991894,1.0068764714118854,287.6960049005554,-1185.8639037431292,0.673469387755102,0.769047619047619,0.48451280164214466
sorensen2026,resp__ephys_latent__b01,joint,2,648087046;679874327;705968896;737379272;885375416;889551932;907862629;911031965;914420054;918438599;922886434;942633636;948346238;959090120;998968831,10000.0,-0.013802735525536347,0.23461461435085074,0.20519480519480518,0.5825342906185361,1.0068777162704674,283.57991577381546,-1168.8396661234622,0.673469387755102,0.769047619047619,0.48451283334073836
sorensen2026,resp__ephys_latent__b00,function_only,3,643830448;677346941;703285835;844941326;885375430;889551957;889552276;894287271;911031953;922885296;942633653;942633666;965099598;982382891;992385520,10000.0,-0.024752252010701747,-0.22072324467842197,-0.34675324675324676,0.6320959352378026,1.0123004751591396,-277.8926617855429,727.44660799545,0.26530612244897955,0.4145992895992896,0.4360907461389658
sorensen2026,resp__ephys_latent__b00,genes_only,3,643830448;677346941;703285835;844941326;885375430;889551957;889552276;894287271;911031953;922885296;942633653;942633666;965099598;982382891;992385520,17.78279410038923,-0.2596653232909456,0.10700545651693523,-0.032467532467532464,0.7008113774962927,1.1223481292749191,0.2210254163124599,2.0579894482900545,0.5102040816326531,0.506235827664399,0.4483819259637129
sorensen2026,resp__ephys_latent__b00,joint,3,643830448;677346941;703285835;844941326;885375430;889551957;889552276;894287271;911031953;922885296;942633653;942633666;965099598;982382891;992385520,17.78279410038923,-0.5503065277642272,0.025885346914836873,-0.1935064935064935,0.7774676811161294,1.2451130582237346,0.03817842381231955,2.5937829085424893,0.40816326530612246,0.4779744065458351,0.44751260759986594
sorensen2026,resp__ephys_latent__b01,function_only,3,643830448;677346941;703285835;844941326;885375430;889551957;889552276;894287271;911031953;922885296;942633653;942633666;965099598;982382891;992385520,10000.0,-0.0802879309344624,-0.22072324467840615,-0.34675324675324676,0.37210487910087264,1.039369006141913,-383.4857254535109,1577.3017913754452,0.2653061224489796,0.5297868797868799,0.48399655768025596
sorensen2026,resp__ephys_latent__b01,genes_only,3,643830448;677346941;703285835;844941326;885375430;889551957;889552276;894287271;911031953;922885296;942633653;942633666;965099598;982382891;992385520,100.0,-0.2744081780212775,-0.5600375527922625,-0.548051948051948,0.4041567880139491,1.1288968854657002,-2.875858862033254,16.152204399358894,0.12244897959183673,0.36788211788211794,0.48550177044920295
sorensen2026,resp__ephys_latent__b01,joint,3,643830448;677346941;703285835;844941326;885375430;889551957;889552276;894287271;911031953;922885296;942633653;942633666;965099598;982382891;992385520,31.622776601683793,-0.5927601207626239,-0.6430383050823171,-0.6766233766233766,0.4518255534199876,1.2620460057992047,-1.7861682013487343,11.70344101246559,0.08163265306122448,0.3591519591519592,0.4867975076481278
sorensen2026,resp__ephys_latent__b00,function_only,4,639391267;666414155;703285825;714724521;737379189;822442500;844941269;894285831;899526804;914420066;914420134;922885324;948346189;959090058;972004945,10000.0,-0.001784284079159315,0.10707816188967685,0.031168831168831172,0.8432098107661802,1.0008917444343224,478.1048514040967,-1257.1481142180319,0.36734693877551017,0.44628942486085343,0.4375570195492996
sorensen2026,resp__ephys_latent__b00,genes_only,4,639391267;666414155;703285825;714724521;737379189;822442500;844941269;894285831;899526804;914420066;914420134;922885324;948346189;959090058;972004945,56.23413251903491,0.2539286317527223,0.5969342309730267,0.5077922077922078,0.7276771380092879,0.8637542290753235,2.1041337667859397,-2.9854581136724336,0.8775510204081632,0.8917233560090703,0.424585811367027
sorensen2026,resp__ephys_latent__b00,joint,4,639391267;666414155;703285825;714724521;737379189;822442500;844941269;894285831;899526804;914420066;914420134;922885324;948346189;959090058;972004945,56.23413251903491,0.2708927253777853,0.6401923739862831,0.49610389610389616,0.7193566446569776,0.8538777867004643,2.319174931606598,-3.583971195990262,0.836734693877551,0.8687074829931971,0.42596084030852077
sorensen2026,resp__ephys_latent__b01,function_only,4,639391267;666414155;703285825;714724521;737379189;822442500;844941269;894285831;899526804;914420066;914420134;922885324;948346189;959090058;972004945,10000.0,-0.13018457337857092,0.10707816188880237,0.031168831168831172,0.4060894864657441,1.0631013937403402,386.2717948545037,-1599.0008181021049,0.5102040816326531,0.6446410732125016,0.4847209029165408
sorensen2026,resp__ephys_latent__b01,genes_only,4,639391267;666414155;703285825;714724521;737379189;822442500;844941269;894285831;899526804;914420066;914420134;922885324;948346189;959090058;972004945,10000.0,-0.13115917212364914,-0.1742686652944044,-0.32597402597402597,0.4062645415086942,1.0635596702196481,-80.51511743179336,338.1533660924041,0.20408163265306123,0.39048055119483693,0.48472295786699654
sorensen2026,resp__ephys_latent__b01,joint,4,639391267;666414155;703285825;714724521;737379189;822442500;844941269;894285831;899526804;914420066;914420134;922885324;948346189;959090058;972004945,10000.0,-0.13110592387830255,-0.1726944223471446,-0.3103896103896104,0.4062549791371431,1.06353463689359,-86.07472021192984,361.2263628468952,0.24489795918367346,0.4014695621838479,0.4847234049478874
warp2026,feat__r_omr_backward,function_only,0,MF59,31.622776601683793,0.06620963066305308,0.3329414011464358,0.3234280354654221,0.07998438607276886,0.9663282927216733,0.6175324160147514,0.008620013711454044,0.677586468837286,0.6423781214029212,0.24766143654770525
warp2026,feat__r_omr_backward,genes_only,0,MF59,1778.2794100389228,0.009408907120669108,0.13421700516805907,0.12974870327013846,0.0823811271494904,0.9952844281186134,0.6595177328994456,0.006401541295938929,0.5742659441337404,0.5107882004509097,0.2505157477159388
warp2026,feat__r_omr_backward,joint,0,MF59,100.0,0.07287691227486315,0.34672952929821566,0.3371592629137697,0.07969832950043616,0.9628723112140752,0.6197737973325643,0.008559850552208242,0.6886759869534894,0.6470105090260972,0.2473394794998213
warp2026,feat__r_omr_forward,function_only,0,MF59,31.622776601683793,0.056093456363599525,0.33475071874888046,0.32881779398443706,0.07991755032121518,0.9715485286970744,0.6107423183649733,0.003326748686505709,0.703477131416701,0.6718263821612448,0.24595411999087127
warp2026,feat__r_omr_forward,genes_only,0,MF59,3162.2776601683795,-0.006563760070944058,0.054372601457292266,0.04206116012469527,0.08252742790101815,1.0032765122569502,0.570368703686037,0.005183690183945745,0.5247885760519151,0.5234746814152484,0.2499743036195431
warp2026,feat__r_omr_forward,joint,0,MF59,100.0,0.05561416065779867,0.3376887298728786,0.3293888970918448,0.0799378379639232,0.9717951632516183,0.6099346762562247,0.0030328591509120877,0.7034710038816389,0.6728684541443968,0.24592452698907274
warp2026,feat__r_omr_right,function_only,0,MF59,31.622776601683793,0.13591969009951455,0.37799111912284217,0.36406078901264993,0.07421342329485049,0.9295592019225238,0.8225691154172429,0.001000471367246847,0.7199281798433415,0.6934253307744873,0.24633916873417963
warp2026,feat__r_omr_right,genes_only,0,MF59,5623.413251903491,0.0005357002314713144,0.05513276730955047,0.04059194538296968,0.07981583357312708,0.9997321139902883,0.861110771652227,0.0050733519655525704,0.5259990179977021,0.5178987621157273,0.249946940996232
warp2026,feat__r_omr_right,joint,0,MF59,100.0,0.1439283814525112,0.38749786989779045,0.37194587159396,0.07386870070574159,0.9252413839242403,0.8344263160259435,0.0008316752592205646,0.7254073953386215,0.7023864482793902,0.2462223765165248
warp2026,feat__r_omr_left,function_only,0,MF59,56.23413251903491,-0.08588736500816174,0.16136753478520277,0.12716362284564142,0.08389729766010226,1.0420591945667896,0.49917798265418245,0.024961477204884376,0.5912360863335099,0.5778413497054672,0.24887369039929214
warp2026,feat__r_omr_left,genes_only,0,MF59,10000.0,-0.06669324481860572,0.04000146249249567,0.03383388526275109,0.08315250841101357,1.032808425988144,0.7701199771209222,0.022243014625187723,0.515483635238616,0.5088071666496545,0.2499777584500422
warp2026,feat__r_omr_left,joint,0,MF59,177.82794100389228,-0.08229619761708862,0.16881654161033177,0.1340894821909535,0.08375845326312695,1.0403346565361564,0.5122805595385681,0.024872015593597085,0.5934334796563512,0.5835387241503833,0.24882556255822016
warp2026,feat__r_looming_left,function_only,0,MF59,31.622776601683793,0.2512823417356024,0.5396390314367572,0.5264999497631416,0.055299009313451476,0.8652847266888318,0.7297946770635197,0.00027323255272825286,0.8148455070281003,0.8078333156083441,0.2432725210821913
warp2026,feat__r_looming_left,genes_only,0,MF59,1000.0,0.0011255620503888286,0.11438534747657228,0.08945924507200932,0.06387247759332805,0.9994370605087403,0.5130008813837688,0.0006830212664521262,0.5580743234736498,0.5594902120685413,0.24963928860838927
warp2026,feat__r_looming_left,joint,0,MF59,100.0,0.24557861544589354,0.5403658648619815,0.5230793327081661,0.05550924343063888,0.8685743402441133,0.7149530767872887,0.0002190857998513423,0.813407227732131,0.8078282918938723,0.24314303485384484
warp2026,feat__r_looming_right,function_only,0,MF59,56.23413251903491,0.24014132300580282,0.495463578565784,0.551012555267279,0.07817863605865098,0.8716987306273034,0.948624102687961,-0.005892704641234357,0.8287433479553972,0.825089244847015,0.24314217260069929
warp2026,feat__r_looming_right,genes_only,0,MF59,3162.2776601683795,-0.015172872626322276,0.08559444069358502,0.06002291133692114,0.09036321574631057,1.007557875560349,0.7824730465335432,-0.010850996010871366,0.5398844579093185,0.5313680303856986,0.24983857539942989
warp2026,feat__r_looming_right,joint,0,MF59,177.82794100389228,0.2449550713505132,0.5013595114068782,0.5492446334283827,0.07793060954503397,0.8689332129874247,0.941477495153082,-0.0063481345136675756,0.8285257376855978,0.8253861496204518,0.24298777566704838
warp2026,feat__r_dark_flash,function_only,0,MF59,31.622776601683793,-0.04365538968146465,0.4585275499837169,0.4230774198893088,0.05708393162464637,1.0215945328965446,0.5609367204418912,-0.013688818295598494,0.7594212520697353,0.7399455204643616,0.24471858260219947
warp2026,feat__r_dark_flash,genes_only,0,MF59,1778.2794100389228,-0.06992960104376911,0.10359863561091108,0.09629689026525645,0.057798014371397054,1.0343740140807258,0.6422716708889914,-0.012101056811417552,0.5659443134209744,0.559998893070375,0.24976348582082372
warp2026,feat__r_dark_flash,joint,0,MF59,100.0,-0.043617213536490285,0.4595284111982239,0.42416134505172165,0.05708288757102479,1.0215758481381283,0.562104193995129,-0.01377308856913846,0.7604767553814409,0.7408055653293496,0.2447011157877781
warp2026,feat__r_light_flash,function_only,0,MF59,31.622776601683793,0.19241677546268632,0.5087400986862488,0.4996213105904275,0.0875791965424485,0.8986563439495324,1.204678061763941,0.02461533089265236,0.8062107275144069,0.7902214650021218,0.2443574425946694
warp2026,feat__r_light_flash,genes_only,0,MF59,3162.2776601683795,-0.0039425376626340825,0.1156229036665984,0.10668744282334514,0.09764763743710655,1.001969329691299,1.1277481304346542,0.01196423924750806,0.5658804878351323,0.5547024881272538,0.24972762564934672
warp2026,feat__r_light_flash,joint,0,MF59,100.0,0.19898581916842017,0.5154715490696197,0.506610660971231,0.08722227588108467,0.8949939557422393,1.2093129521655412,0.024597283210272772,0.8099334381419199,0.7948912473681357,0.24423958469069185
warp2026,feat__r_omr_backward,function_only,1,MF63,56.23413251903491,0.2906141965224198,0.5478774467136619,0.597253780103167,0.08447461987640953,0.8422504398713214,1.192839828532318,-0.0012395000055384848,0.8254698236740117,0.8056777344697374,0.24585393046094103
warp2026,feat__r_omr_backward,genes_only,1,MF63,1778.2794100389228,0.019943571398817417,0.1431894749835425,0.13781406360288806,0.09929114995887897,0.9899779939885731,0.9390461177774737,0.004004669742980947,0.5755206771343151,0.4747529728512798,0.25096458458004745
warp2026,feat__r_omr_backward,joint,1,MF63,177.82794100389228,0.299432251472331,0.5560854472084956,0.593566526177573,0.08394794509564898,0.8369992523973357,1.1695897734239955,0.0012944680363602972,0.826630842210165,0.79873380949738,0.24543789037604352
warp2026,feat__r_omr_forward,function_only,1,MF63,56.23413251903491,0.1733355926984126,0.44249956357581993,0.4106281513182512,0.08015069560164081,0.9092108706360875,0.928447643438454,-0.010822095342890763,0.7398234327039999,0.7241815749802377,0.245359166599152
warp2026,feat__r_omr_forward,genes_only,1,MF63,3162.2776601683795,-0.03555170297548216,0.023244894843036278,0.024042591702938144,0.08970746200717382,1.0176206085531032,0.2279292087925847,0.008665803993031462,0.5098943805439999,0.5098529818673896,0.2500491843367818
warp2026,feat__r_omr_forward,joint,1,MF63,177.82794100389228,0.17001293382876825,0.4386465529582604,0.403734243620203,0.08031161117488292,0.911036259515724,0.9068938464128056,-0.009946225909651068,0.736771934208,0.7226585725476519,0.2453677055504722
warp2026,feat__r_omr_right,function_only,1,MF63,56.23413251903491,0.23053989268739927,0.48225983815880946,0.42945896558022784,0.06036334287341578,0.8771887523733062,1.0879693410714408,-0.0019113147602149343,0.747121963008,0.7499531684249845,0.24649007616897758
warp2026,feat__r_omr_right,genes_only,1,MF63,5623.413251903491,-0.022649580395742497,0.03346699184527085,0.011288150486031687,0.06958948949215488,1.0112613808338675,0.4072844002717213,-0.0026598842212713827,0.508278646272,0.5075852591374616,0.2499851296598622
warp2026,feat__r_omr_right,joint,1,MF63,177.82794100389228,0.23538752699964083,0.48706738263605864,0.4284127392539198,0.06017289651640992,0.8744212217107592,1.078470683789888,-0.0019950438551409777,0.7490816010239999,0.7538396318467266,0.2463986199215588
warp2026,feat__r_omr_left,function_only,1,MF63,56.23413251903491,0.04180444137278572,0.2342670233914098,0.16684877534419126,0.0646852338721801,0.9788746388574042,0.681800670357134,0.004035900914509432,0.597789246464,0.5970632638163534,0.2489447112481806
warp2026,feat__r_omr_left,genes_only,1,MF63,5623.413251903491,-0.005203649216157347,0.05315338262646205,0.05497881361476022,0.06625293224974016,1.0025984486252382,0.6320482825669438,-0.0005910138471751988,0.537493010432,0.5363872538752843,0.24991936611608517
warp2026,feat__r_omr_left,joint,1,MF63,177.82794100389228,0.044893037417492065,0.24127280347823246,0.17367275045959724,0.06458089827440161,0.9772957395556378,0.6817329034720901,0.003659426850510583,0.603180188672,0.6022329747201712,0.24885652613282236
warp2026,feat__r_looming_left,function_only,1,MF63,56.23413251903491,0.3207394912023577,0.5974510710123958,0.5909699284299672,0.06527390721690467,0.8241726207418497,1.226832619716747,-0.01482514366422777,0.842692916224,0.8359404715197923,0.24386050371931592
warp2026,feat__r_looming_left,genes_only,1,MF63,1778.2794100389228,0.033236917251288856,0.1931725052978594,0.16992049089125635,0.0778720227390787,0.9832411111849919,1.3761447718466888,-0.0035355029581238774,0.614919530496,0.6046252280572427,0.2494532098592746
warp2026,feat__r_looming_left,joint,1,MF63,177.82794100389228,0.33172320218505524,0.6072709877546063,0.5966599551284371,0.06474401354432217,0.8174819862223686,1.2283565290844611,-0.014937398890887708,0.84858805248,0.8424561074487769,0.2436636989465204
warp2026,feat__r_looming_right,function_only,1,MF63,56.23413251903491,0.08221158067719392,0.4153745159157657,0.3673432053135605,0.08782837312623457,0.9580127448540462,0.9347459177588727,0.027477707990769012,0.674137977556676,0.6485227662195917,0.2469140243966141
warp2026,feat__r_looming_right,genes_only,1,MF63,5623.413251903491,-0.0994811639749873,0.08299847879607249,0.07333662347507715,0.09612966930261375,1.0485614736156394,1.0208094180308458,0.029934193099725327,0.5651707004679478,0.46371590319941497,0.24973539738530373
warp2026,feat__r_looming_right,joint,1,MF63,177.82794100389228,0.09314996991589097,0.4243549758094538,0.3764218498078568,0.08730342611541059,0.9522867373140957,0.9364183583266158,0.026985696767110618,0.68605430593794,0.6539959714900097,0.24670070263343263
warp2026,feat__r_dark_flash,function_only,1,MF63,31.622776601683793,0.23679281265203744,0.5160632661118919,0.47479743094886534,0.05644434325090844,0.8736173002661619,0.8796889083558189,0.010374251539372797,0.7783395911680001,0.7716723357683257,0.24510841555003776
warp2026,feat__r_dark_flash,genes_only,1,MF63,1778.2794100389228,-0.01645413297352394,0.09229017268220785,0.08353262337674348,0.06513930063655496,1.0081934997519373,0.6752035762917001,0.010582942474971109,0.545460914176,0.536532059342772,0.24983453859234162
warp2026,feat__r_dark_flash,joint,1,MF63,100.0,0.23720689976891318,0.5168784184645169,0.47519630073748415,0.05642902889923809,0.8733802723942615,0.879885472550076,0.01045164204636332,0.778384984064,0.7718478141390399,0.24510522785026506
warp2026,feat__r_light_flash,function_only,1,MF63,31.622776601683793,0.30684974115433894,0.6042319323779545,0.5596762540748755,0.05577875189680179,0.8325564598421953,0.7391379156683187,0.008768156544136547,0.829340315648,0.8240023462705891,0.24165930525836488
warp2026,feat__r_light_flash,genes_only,1,MF63,1778.2794100389228,-0.0059558724296628895,0.07890786709725701,0.07506108184597281,0.06719617655691901,1.0029735153031871,0.4242867618554445,0.007762336149365836,0.5425546895360001,0.5365042746532533,0.24979835516886018
warp2026,feat__r_light_flash,joint,1,MF63,177.82794100389228,0.2985683664631603,0.5998421657935842,0.5534930051510144,0.05611096934474535,0.8375151542007465,0.7264076545346339,0.00824216243181966,0.827070798848,0.8225656762300743,0.24163879487162448
warp2026,feat__r_omr_backward,function_only,2,MF71,31.622776601683793,0.08204350116487935,0.3686826723733657,0.3812655830448506,0.08659484427531544,0.9581004638422881,0.677728103973922,0.02085212352728713,0.7018781593719475,0.6677311771413239,0.24761325334786588
warp2026,feat__r_omr_backward,genes_only,2,MF71,1778.2794100389228,0.02357189423808237,0.15737927679708,0.14357613800336633,0.08931021215317446,0.9881437677485552,0.9688334416348803,0.004111397099634611,0.5654954421789367,0.45776428608444675,0.2512252354949692
warp2026,feat__r_omr_backward,joint,2,MF71,100.0,0.10680406284832633,0.38951452137316345,0.4006504478446425,0.08541897477890348,0.9450904385993483,0.7078409234425136,0.019289773059123255,0.7131350660998583,0.6679002486308045,0.24742672068749955
warp2026,feat__r_omr_forward,function_only,2,MF71,56.23413251903491,0.15338333772397317,0.45771159128923466,0.38448728654069425,0.07801841022553056,0.9201177436915655,1.049415522813883,0.019080711397560603,0.7043896869642086,0.7072859045801638,0.24746676291796918
warp2026,feat__r_omr_forward,genes_only,2,MF71,5623.413251903491,-0.05334761163271495,0.04556727682270004,0.03924948392544128,0.08702410152461627,1.0263272439177815,0.6105356152438939,0.02715325788574491,0.5298048925172503,0.43975155789744913,0.25069468738611816
warp2026,feat__r_omr_forward,joint,2,MF71,177.82794100389228,0.15480699035069612,0.45936998580446686,0.3857970562658474,0.07795278557354211,0.9193437929465604,1.0382984090479666,0.01933937797967338,0.7093712317390722,0.6990656160320183,0.24738565802024012
warp2026,feat__r_omr_right,function_only,2,MF71,56.23413251903491,0.13138814992351244,0.3766699720320595,0.3350315939330625,0.0648614474754586,0.9319934817645052,0.7951539555947221,0.004440266744571923,0.6867649556073628,0.6746972318787572,0.24700752771912393
warp2026,feat__r_omr_right,genes_only,2,MF71,5623.413251903491,-0.0037000638897184412,0.05182864402358415,0.04755101540012673,0.06972294731955501,1.001848323780039,0.7111351464752841,0.007517102771860762,0.5330191080875397,0.5250328582883725,0.24993513671758177
warp2026,feat__r_omr_right,joint,2,MF71,177.82794100389228,0.1358730020196931,0.38372068265809645,0.3391435697961632,0.06469378313833725,0.9295843146027549,0.7898129511273064,0.004379433234338028,0.6915678525064607,0.6796074141080954,0.24687998919071907
warp2026,feat__r_omr_left,function_only,2,MF71,31.622776601683793,-0.1855108765425333,0.08115286261996968,-0.010664702439369492,0.0781207629886878,1.0888116809207582,0.20882863121239134,-0.002029552598300554,0.4921635360633056,0.49247931857327926,0.2500387322481716
warp2026,feat__r_omr_left,genes_only,2,MF71,3162.2776601683795,-0.05888165085369024,-0.009093530565564294,-0.025543385334543728,0.07383077312298995,1.0290197523974811,-0.07157993034556902,0.0046226403502761275,0.478780322368895,0.47901748728445354,0.25011773926822567
warp2026,feat__r_omr_left,joint,2,MF71,100.0,-0.18970988079293893,0.08889220212865541,-0.0022170797804094595,0.07825899009007792,1.0907382274220407,0.22013708133101284,-0.0023429588555766304,0.49588101015076846,0.4952735138544834,0.2500007891511778
warp2026,feat__r_looming_left,function_only,2,MF71,17.78279410038923,0.36267391565828344,0.620766799831243,0.6558507098713913,0.057475174485961074,0.7983270534837283,0.893969199522363,0.008453757795191062,0.8882790666789177,0.9137377907907115,0.2428086528508495
warp2026,feat__r_looming_left,genes_only,2,MF71,1778.2794100389228,0.03174661807947532,0.180015985583551,0.14744787783502572,0.07084251371151025,0.9839986696604964,1.0616068191906036,0.0017930035570950867,0.5478760607333898,0.6701515742105668,0.24988128758481
warp2026,feat__r_looming_left,joint,2,MF71,100.0,0.3715044552289919,0.6275171047688186,0.6538528992440599,0.05707560889566993,0.7927771091256032,0.9004105056758652,0.008563813935834089,0.8865896912062609,0.9029561830891611,0.2428457304326932
warp2026,feat__r_looming_right,function_only,2,MF71,56.23413251903491,0.15205835236666743,0.46176079069344605,0.5018036858674725,0.0699429360773292,0.9208374707900441,0.883615139079782,-0.016441097835048688,0.8185727100320666,0.8544382237282112,0.24424659060139683
warp2026,feat__r_looming_right,genes_only,2,MF71,3162.2776601683795,-0.03593538885541925,0.07165016636805784,0.04615800087051485,0.07730849355072379,1.0178091121758253,0.5239709395058563,-0.00907832648501883,0.49995017535230407,0.6255865296427975,0.24928748474355586
warp2026,feat__r_looming_right,joint,2,MF71,177.82794100389228,0.16027300831067182,0.464238712073447,0.49278328275297245,0.06960331631584948,0.9163661886316066,0.8708938924264423,-0.015257079810177447,0.8054889102801428,0.8312428808076864,0.2443525633473215
warp2026,feat__r_dark_flash,function_only,2,MF71,31.622776601683793,0.38407736904850176,0.6498553445294306,0.6102379961263514,0.05152936017642316,0.7848073846063993,1.3016138232930015,0.0084850698064323,0.844505475716814,0.8344577041194474,0.2447297279009179
warp2026,feat__r_dark_flash,genes_only,2,MF71,3162.2776601683795,0.016056380474739007,0.14977550558570601,0.14110851745454847,0.06512935482533348,0.9919393224866576,1.364287388550967,0.0035643386435741946,0.5918244545845723,0.5762420930154543,0.24972554194551225
warp2026,feat__r_dark_flash,joint,2,MF71,177.82794100389228,0.3831902406472294,0.6483925211769748,0.6039126040497675,0.05156645632130758,0.7853723698564791,1.2910350253073568,0.008576131942041603,0.8439398396740398,0.8342200043011305,0.24470409591815118
warp2026,feat__r_light_flash,function_only,2,MF71,31.622776601683793,0.20105165783091672,0.5611962686371154,0.4736811841745764,0.07251811546480447,0.8938391030545643,0.9382026402039476,-0.025430617879253572,0.7870397651961782,0.801812957937172,0.24355245108615795
warp2026,feat__r_light_flash,genes_only,2,MF71,3162.2776601683795,-0.007427306682784129,0.14366584525845955,0.1253424708285047,0.08143179700770946,1.0037067832080988,1.2552735765877743,-0.017224010995137744,0.5837414336700822,0.5718004496049653,0.2496929333865252
warp2026,feat__r_light_flash,joint,2,MF71,100.0,0.20648617690258642,0.5626820327719231,0.47030322396379676,0.07227105722113368,0.8907939285142509,0.9298358361960326,-0.02471214200271329,0.788849994042419,0.8028260915379886,0.24346993019109292
